Date,close,high,low,open,volume,vix_level,vix_open,vix_high,vix_low,vix_roc_5,iv_rank,iv_percentile,term_slope
2021-12-31,39.782310485839844,40.7557589692126,39.63402191504604,40.33241831074294,120497200,17.219999313354492,17.6299991607666,18.270000457763672,16.989999771118164,-0.041202661962156384,9.954951344135285,29.365079365079367,0.0
2022-01-03,40.93037033081055,41.00451463346266,39.49291390364998,40.14108532439834,153010400,16.600000381469727,17.600000381469727,18.540000915527344,16.559999465942383,-0.061085967481000925,7.1621632187042525,19.841269841269842,0.0
2022-01-04,39.33983612060547,41.112138754923095,38.361602962495326,41.09778871732567,213296400,16.90999984741211,16.56999969482422,17.809999465942383,16.34000015258789,-0.03591796095959854,8.558557281419768,24.404761904761905,0.0
2022-01-05,35.72108459472656,39.158056742227394,35.63737118915973,38.83756045440509,266490400,19.729999542236328,17.06999969482422,20.170000076293945,16.579999923706055,0.16401172000978548,21.261259264280607,62.5,0.0
2022-01-06,35.62303161621094,36.54864566317181,34.54195029175864,35.1662025593619,308453200,19.610000610351562,20.290000915527344,21.059999465942383,19.079999923706055,0.13156380246295618,20.720723507205356,61.30952380952381,0.0
2022-01-07,34.4582405090332,36.10138573016998,33.963142247027356,35.613462487942286,285426800,18.760000228881836,19.850000381469727,20.799999237060547,18.56999969482422,0.08943095104150434,16.89189276266834,52.976190476190474,0.0
2022-01-10,34.58500289916992,34.66632222029939,31.595289773361742,33.09014633626583,358434800,19.399999618530273,19.579999923706055,23.329999923706055,19.290000915527344,0.1686746489588118,19.77477304483223,59.72222222222222,0.0
2022-01-11,36.10617446899414,36.12291496722848,33.733534566854814,34.30516765578942,308653600,18.40999984741211,19.6200008392334,21.0,18.200000762939453,0.08870490913869289,15.315314386487106,48.01587301587302,0.0
2022-01-12,36.517547607421875,37.294872963836745,35.84785483538289,36.826088023409454,276742400,17.6200008392334,18.170000076293945,18.690000534057617,17.360000610351562,-0.10694367724064169,11.756760112148669,36.507936507936506,0.0
2022-01-13,33.86748123168945,37.09637231163452,33.49436186349336,36.895460759666406,173531800,20.309999465942383,18.059999465942383,20.610000610351562,17.450000762939453,0.03569601396245292,23.873871667906872,68.84920634920636,0.0
2022-01-14,34.37930679321289,34.47497614313025,33.006429359632996,33.04947947223028,178451600,19.190000534057617,20.110000610351562,22.06999969482422,19.049999237060547,0.0229211247297203,18.82883117412006,58.333333333333336,0.0
2022-01-18,31.901437759399414,33.350850174007164,31.60007232498038,32.76247299454095,155320000,22.790000915527344,21.18000030517578,23.200000762939453,21.18000030517578,0.17474233833278263,35.04504994461386,86.5079365079365,0.0
2022-01-19,30.791654586791992,32.86770961929494,30.691200664208186,32.22193231722639,183284400,23.850000381469727,23.1200008392334,23.989999771118164,21.850000381469727,0.2954916121209157,39.81982255986304,91.26984126984127,0.0
2022-01-20,29.600553512573242,32.61418410932303,29.418778435691806,31.58093745638191,172197000,25.59000015258789,23.459999084472656,25.889999389648438,21.68000030517578,0.4523268407347729,47.65765977074184,93.65079365079364,0.0
2022-01-21,27.10832405090332,29.672302137249424,27.027004735556048,28.997822977016853,342054600,28.850000381469727,25.3799991607666,29.790000915527344,25.309999465942383,0.4204825770600329,62.342346243420835,97.22222222222221,0.0
2022-01-24,27.500577926635742,27.624949189348655,23.042316049664624,25.759367475222472,510169200,29.899999618530273,28.200000762939453,38.939998626708984,28.020000457763672,0.5581031154983551,67.07207278030359,97.61904761904762,0.0
2022-01-25,25.47235679626465,26.936121054997578,24.75482561890508,25.902876232590845,347498000,31.15999984741211,32.290000915527344,35.849998474121094,29.1299991607666,0.36726628326645194,72.74774977955946,99.20634920634922,0.0
2022-01-26,25.424518585205078,28.151135220872227,24.573047132082312,27.261398217261622,415676200,31.959999084472656,29.350000381469727,33.040000915527344,26.899999618530273,0.340041868900933,93.74999406590923,99.60317460317461,0.0
2022-01-27,24.6639347076416,26.902631737979377,24.415190390406757,26.5008142754886,323528200,30.489999771118164,32.189998626708984,33.0,28.420000076293945,0.1914810312353492,85.61946685596679,98.01587301587301,0.0
2022-01-28,26.964818954467773,27.007870894620186,23.965538656585842,25.065754499419445,334032400,27.65999984741211,30.270000457763672,32.81999969482422,27.280000686645508,-0.041247851588312345,74.63127122488137,94.84126984126983,0.0
2022-01-31,29.576635360717773,29.686656586536973,26.893068524036313,27.290101484620713,227502200,24.829999923706055,28.360000610351562,29.40999984741211,24.709999084472656,-0.1695652093481007,57.935105355981605,91.66666666666666,0.0
2022-02-01,30.141090393066406,30.303730856576873,28.572089562572035,29.858861407115185,203691600,21.959999084472656,24.56999969482422,25.329999923706055,21.959999084472656,-0.295250346854656,41.002945869217086,82.53968253968253,0.0
2022-02-02,30.853839874267578,31.270009260829053,29.825377815214885,31.198255414931943,201630400,22.09000015258789,21.559999465942383,22.729999542236328,20.459999084472656,-0.30882350483795773,41.7699138744825,83.73015873015873,0.0
2022-02-03,27.141813278198242,29.213085646516536,26.845232413166546,28.375965945568893,211150000,24.350000381469727,22.6299991607666,25.809999465942383,22.299999237060547,-0.20137748231354824,55.10324945837483,90.87301587301587,0.0
2022-02-04,28.079383850097656,28.897368859503963,26.735208276768603,27.203995039319164,193068800,23.219999313354492,23.770000457763672,26.260000228881836,22.06999969482422,-0.16052062756873176,48.43657604003114,88.09523809523809,0.0
2022-02-07,27.443174362182617,28.830401989984768,27.132245290279435,28.25637670176401,153912200,22.860000610351562,24.09000015258789,24.81999969482422,22.020000457763672,-0.07933948124879642,46.31268974322359,85.31746031746032,0.0
2022-02-08,28.37596321105957,28.61992480798622,26.897849065693975,27.17051073888779,158593200,21.440000534057617,23.09000015258789,23.479999542236328,21.31999969482422,-0.02367935209900429,37.93510760654062,76.5873015873016,0.0
2022-02-09,30.13630485534668,30.174574054864934,29.06479099092186,29.447475687000924,151075400,19.959999084472656,21.270000457763672,21.299999237060547,19.93000030517578,-0.09642376882762038,29.20353504306051,67.06349206349206,0.0
2022-02-10,28.13678550720215,30.09325367474476,27.648864149734514,28.371179798203862,254286600,23.90999984741211,20.3700008392334,24.770000457763672,20.18000030517578,-0.01806983684453889,52.50737592583777,89.68253968253968,0.0
2022-02-11,25.48670768737793,28.48598832791809,25.142293951586478,28.11765542559461,268511200,27.360000610351562,24.389999389648438,30.989999771118164,23.329999923706055,0.17829463477270813,72.86136410207591,94.44444444444444,0.0
2022-02-14,25.55845832824707,26.295124040396715,24.73090599892675,25.304931252871615,190125000,28.329999923706055,29.170000076293945,32.040000915527344,28.329999923706055,0.23928255325056913,78.58407430175562,96.03174603174604,0.0
2022-02-15,27.409687042236328,27.47665631810825,26.476896268135885,26.70650782080521,163444600,25.700000762939453,28.09000015258789,28.09000015258789,25.329999923706055,0.19869403557685517,63.06785401658954,92.06349206349206,0.0
2022-02-16,27.404905319213867,27.648865093890485,26.16596819538528,26.91698394508465,186181000,24.290000915527344,25.190000534057617,27.09000015258789,23.8799991607666,0.21693396942202736,54.74927028437276,89.28571428571429,0.0
2022-02-17,24.974863052368164,26.811742569963815,24.860059108954815,26.61561749392154,157671200,28.110000610351562,24.829999923706055,28.3700008392334,24.760000228881836,0.17565875323056668,77.28614316188462,95.63492063492063,0.0
2022-02-18,24.128177642822266,25.25231075601438,23.587638879763443,25.156639580988855,226165400,27.75,26.65999984741211,29.709999084472656,26.3799991607666,0.014254363338752407,75.16224561228202,94.44444444444444,0.0
2022-02-22,23.38194465637207,24.63523165895858,22.58309250612051,23.45848122542829,262876200,28.809999465942383,31.799999237060547,32.040000915527344,28.399999618530273,0.016943153672043243,81.41593019936239,96.82539682539682,0.0
2022-02-23,21.59290313720703,24.219067870683357,21.51158381852799,24.032510069218706,260920400,31.020000457763672,28.040000915527344,31.06999969482422,27.200000762939453,0.2070038730308481,94.45428501371885,98.80952380952381,0.0
2022-02-24,23.707229614257812,23.84595091503148,19.4259600974023,19.497712116814323,389734800,30.31999969482422,37.5,37.790000915527344,29.450000762939453,0.24825024915673044,90.32448672344601,97.61904761904762,0.0
2022-02-25,24.831357955932617,24.879192629661127,23.08058225574198,23.91770181942174,238372200,27.59000015258789,31.68000030517578,32.0,26.93000030517578,-0.0184987707745613,74.2182936464131,93.05555555555556,0.0
2022-02-28,25.094457626342773,25.44365592789824,23.879437678611993,24.13774935092192,243401000,30.149999618530273,32.439998626708984,33.5099983215332,28.43000030517578,0.08648647273982957,89.32153635311091,97.22222222222221,0.0
2022-03-01,23.936838150024414,25.338415723991886,23.367595637695914,24.836142489637098,248145000,33.31999969482422,29.450000762939453,35.189998626708984,29.440000534057617,0.1565428779064475,100.0,100.0,0.0
2022-03-02,25.08010482788086,25.376683849706822,23.640258009849216,24.238200616226738,219495800,30.739999771118164,34.20000076293945,34.40999984741211,30.1200008392334,-0.009026456560719653,85.90933916461879,98.01587301587301,0.0
2022-03-03,24.03251075744629,25.725882882541008,23.616341377117585,25.71153284348694,223888600,30.479999542236328,30.520000457763672,32.0099983215332,29.309999465942383,0.005277039875413392,84.48934879615672,96.82539682539682,0.0
2022-03-04,23.00404930114746,23.82203439408386,22.48264324648267,23.520670792821353,231391000,31.979999542236328,31.899999618530273,34.650001525878906,31.469999313354492,0.1591155985998305,92.6815937101453,99.60317460317461,0.0
2022-03-07,20.43528938293457,23.219310323333932,20.392237437473707,22.984915992541172,249752600,36.45000076293945,35.880001068115234,36.54999923706055,32.59000015258789,0.20895526448156843,100.0,100.0,0.0
2022-03-08,20.15305519104004,22.004284720738905,19.502493437767114,20.277426432212447,355936000,35.130001068115234,36.189998626708984,37.52000045776367,32.779998779296875,0.054321770404222924,93.84328515884415,99.60317460317461,0.0
2022-03-09,22.310436248779297,22.57831521750868,21.215004857181587,21.7172781516462,219074200,32.45000076293945,33.7400016784668,34.119998931884766,31.389999389648438,0.05562787913316525,81.34328404681722,98.80952380952381,0.0
2022-03-10,21.59290313720703,21.82251287937707,20.660112305107745,21.478099178510025,225574800,30.229999542236328,33.029998779296875,34.029998779296875,30.229999542236328,-0.008202099860715961,70.98880099922292,94.44444444444444,0.0
2022-03-11,20.253515243530273,22.229118438792792,20.133926703316888,22.166931886944464,197814800,30.75,30.43000030517578,31.040000915527344,28.84000015258789,-0.038461524698018,73.41417620822838,96.42857142857143,0.0
2022-03-14,19.06719398498535,20.631412050826995,18.9236881254572,19.99998480908233,246265200,31.770000457763672,31.030000686645508,33.18000030517578,30.059999465942383,-0.12839506741339146,78.17164091138167,97.61904761904762,0.0
2022-03-15,20.83231544494629,20.99495587098821,19.248964940454265,19.550326633739537,211407200,29.829999923706055,33.130001068115234,33.83000183105469,29.56999969482422,-0.15086823180371545,69.12313118314772,92.46031746031747,0.0
2022-03-16,23.171472549438477,23.19060715188215,20.899290515371593,21.602471644579598,326175000,26.670000076293945,29.020000457763672,29.799999237060547,26.290000915527344,-0.17812020187212874,54.38432629183056,86.90476190476191,0.0
2022-03-17,23.94640350341797,24.00858821375127,22.50177410752865,22.76486846022379,192061600,25.670000076293945,26.510000228881836,27.469999313354492,25.25,-0.1508435175320233,49.720147303534866,85.71428571428571,0.0
2022-03-18,25.43408966064453,25.548895461266035,23.405869056133746,23.65939617550352,201569600,23.8700008392334,26.360000610351562,26.81999969482422,23.850000381469727,-0.2237398101062309,41.32462868308878,82.93650793650794,0.0
2022-03-21,25.25231170654297,25.797635052506457,24.28603626948754,25.285796345345922,221094600,23.530000686645508,25.139999389648438,25.360000610351562,22.989999771118164,-0.2593641691026336,39.73880711537102,82.14285714285714,0.0
2022-03-22,26.74477767944336,26.950470088590297,25.290580776331645,25.386251961363538,186689200,22.940000534057617,24.020000457763672,24.020000457763672,22.700000762939453,-0.2309755081217053,36.98694080057932,79.36507936507937,0.0
2022-03-23,25.61586570739746,26.916989647381907,25.591948363601702,26.099004446043022,205499400,23.56999969482422,23.040000915527344,24.030000686645508,22.639999389648438,-0.11623548453699528,39.92536964887082,82.14285714285714,0.0
2022-03-24,27.27574920654297,27.30923384535798,25.548890727186198,26.03681209605972,171150600,21.670000076293945,23.610000610351562,23.790000915527344,21.489999771118164,-0.15582391850843702,31.06343135035209,74.0079365079365,0.0
2022-03-25,27.232698440551758,27.534062027645362,26.23772105925429,27.285317682320994,198789400,20.809999465942383,21.8700008392334,22.860000610351562,20.799999237060547,-0.1281944392838693,27.05223457362886,68.84920634920636,0.0
2022-03-28,28.471633911132812,28.514685849585785,26.945685114456897,27.227912258478025,183407400,19.6299991607666,22.139999389648438,23.329999923706055,19.540000915527344,-0.16574591636507507,21.548501944045473,62.698412698412696,0.0
2022-03-29,29.930618286132812,30.117176108097414,28.768217584132827,29.428346805895142,204013400,18.899999618530273,19.700000762939453,19.729999542236328,18.670000076293945,-0.17611163127609353,18.143653417681314,56.34920634920635,0.0
2022-03-30,29.03130531311035,29.916261360102293,28.605570519997425,29.504876603906403,167818800,19.329999923706055,19.3799991607666,20.510000228881836,18.719999313354492,-0.17988968290267882,20.14925180604293,58.730158730158735,0.0
2022-03-31,27.830638885498047,29.09827785294222,27.69670033489446,29.007389415224733,168098800,20.559999465942383,19.68000030517578,21.479999542236328,19.540000915527344,-0.05122291677173807,25.886189826554933,67.06349206349206,0.0
2022-04-01,27.71105194091797,28.13678677924024,26.979170784016805,27.950228980404727,176162600,19.6299991607666,20.6200008392334,20.860000610351562,19.40999984741211,-0.056703524048953846,21.548501944045473,62.10317460317461,0.0
2022-04-04,29.442689895629883,29.442689895629883,27.854554677434166,27.926308511147695,137515000,18.56999969482422,20.75,20.780000686645508,18.450000762939453,-0.05399895625369899,16.604474707392356,48.41269841269841,0.0
2022-04-05,27.49579620361328,29.256139613950253,27.19921714283867,29.093499130665545,172097600,21.030000686645508,18.790000915527344,21.56999969482422,18.549999237060547,0.11269847148710532,28.078359644631778,70.63492063492063,0.0
2022-04-06,25.6876163482666,26.48646684466698,25.065756363532728,26.223372446292203,296859800,22.100000381469727,21.270000457763672,24.780000686645508,21.239999771118164,0.14330059331074185,33.06902973871371,76.19047619047619,0.0
2022-04-07,25.855039596557617,26.352528314984433,24.6735061712641,25.462789367545433,229654000,21.549999237060547,21.969999313354492,23.81999969482422,21.1200008392334,0.04815174109114628,30.503725957421825,71.82539682539682,0.0
2022-04-08,24.797876358032227,25.63499602429037,24.6352358927396,25.458005520075943,204182400,21.15999984741211,21.25,22.34000015258789,20.280000686645508,0.07794196393566,28.68469899877544,70.23809523809523,0.0
2022-04-11,23.037532806396484,24.046860224097937,22.93707888585703,23.83638508228536,185914600,24.3700008392334,23.09000015258789,24.420000076293945,22.09000015258789,0.3123317845840212,43.656718177236634,84.52380952380952,0.0
2022-04-12,22.74095344543457,24.386490826919918,22.430022562918627,23.994240626538083,247928200,24.260000228881836,24.940000534057617,25.3799991607666,22.270000457763672,0.15359008258556295,43.14365564173517,82.93650793650794,0.0
2022-04-13,24.10426139831543,24.319521095690266,22.64049910571848,22.798355000609376,190084600,21.81999969482422,23.520000457763672,24.450000762939453,21.3700008392334,-0.012669714109158181,31.763056419353358,73.01587301587301,0.0
2022-04-14,22.482643127441406,24.22863635554677,22.401323804787875,24.118613304652055,167843600,22.700000762939453,21.719999313354492,22.700000762939453,20.850000381469727,0.0533643418372467,35.86753891093421,76.5873015873016,0.0
2022-04-18,22.544828414916992,22.965778693599,21.91818391004063,22.229114793517482,175525400,22.170000076293945,24.520000457763672,24.600000381469727,21.979999542236328,0.047731580159031006,33.395520844499934,75.0,0.0
2022-04-19,23.99424171447754,24.118612978257516,22.152579149297182,22.353486996505474,172372600,21.3700008392334,22.549999237060547,22.920000076293945,20.360000610351562,-0.12310217056580008,29.66418121234955,69.04761904761905,0.0
2022-04-20,22.91316032409668,24.271685934613586,22.69311606851278,24.19036479510355,215629400,20.31999969482422,21.1299991607666,21.31999969482422,19.75,-0.1624072752219926,24.76678793690982,62.698412698412696,0.0
2022-04-21,21.568984985351562,24.286036235840353,21.32980795150414,23.745495628407912,268626400,22.68000030517578,20.239999771118164,23.280000686645508,19.809999465942383,0.039413410741502286,35.774253196076586,76.19047619047619,0.0
2022-04-22,19.85647964477539,21.798598119511468,19.746458411015084,21.54985374653225,248824800,28.209999084472656,22.709999084472656,28.270000457763672,22.6200008392334,0.24273119543365618,61.56715730777391,90.47619047619048,0.0
2022-04-25,20.5931453704834,20.64576461786916,19.282456048220993,19.521633118319006,332878800,27.020000457763672,30.040000915527344,31.600000381469727,26.799999237060547,0.21876411207845514,56.01679071697714,86.5079365079365,0.0
2022-04-26,18.277910232543945,20.229595890839,18.22529098811303,20.196111248887718,332263200,33.52000045776367,27.3799991607666,33.810001373291016,27.059999465942383,0.5685540075517437,86.33395414089915,99.20634920634922,0.0
2022-04-27,18.19658851623535,19.23940049215092,17.876090353564987,18.25877322895238,316698600,31.600000381469727,31.110000610351562,32.77000045776367,29.81999969482422,0.5551181523648683,77.3787301275228,96.82539682539682,0.0
2022-04-28,20.11957359313965,20.440069956126553,18.311393900106673,19.052844196141034,344698400,29.989999771118164,29.90999984741211,32.0,28.0,0.32231037775930615,69.8693991095778,92.06349206349206,0.0
2022-04-29,17.474273681640625,19.98084982403237,17.316417786624932,19.32072069315299,320116800,33.400001525878906,28.969999313354492,34.34000015258789,28.540000915527344,0.18397740552437414,85.7742576441843,98.80952380952381,0.0
2022-05-02,18.297042846679688,18.31139288459192,16.804578686201506,17.34033472397748,311905600,32.34000015258789,33.349998474121094,36.63999938964844,31.739999771118164,0.19689117707974058,80.83022151131576,97.61904761904762,0.0
2022-05-03,18.3400936126709,18.737126509325666,17.842604982725042,18.268339778145236,285565600,29.25,31.760000228881836,32.81999969482422,29.059999465942383,-0.12738664676165556,66.41790772578483,90.07936507936508,0.0
2022-05-04,20.157838821411133,20.306129229757733,17.474272382649772,18.41184768172942,438806800,25.420000076293945,29.1200008392334,29.420000076293945,24.940000534057617,-0.19556962754974327,48.55410255646094,81.74603174603175,0.0
2022-05-05,17.153778076171875,19.37812351495281,16.51278351821602,19.3733407769217,455552600,31.200000762939453,25.969999313354492,33.20000076293945,25.780000686645508,0.04034681564041165,75.51306031144762,95.63492063492063,0.0
2022-05-06,16.55583381652832,17.47427270854007,15.833518185520868,16.785443539531258,466794400,30.190000534057617,32.22999954223633,35.34000015258789,29.829999923706055,-0.09610780973570088,70.8022384657231,91.26984126984127,0.0
2022-05-09,14.599366188049316,15.986591872683135,14.355405506995629,15.575208912264069,420419800,34.75,31.899999618530273,35.47999954223633,31.899999618530273,0.07452071230801338,92.07089216141115,99.20634920634922,0.0
2022-05-10,15.101637840270996,15.823953507671103,14.484561564561766,15.651745750548535,463579600,32.9900016784668,33.65999984741211,34.84000015258789,32.2400016784668,0.12786330524672818,83.8619449706803,97.61904761904762,0.0
2022-05-11,13.757462501525879,15.594341202651611,13.618739389946448,14.757222532770118,529531800,32.560001373291016,32.869998931884766,34.38999938964844,30.690000534057617,0.2808812460884158,81.85634658231868,97.22222222222221,0.0
2022-05-12,13.647443771362305,14.298004773172797,12.76727209181883,13.12125404148921,590993000,31.770000457763672,33.7400016784668,34.7599983215332,31.700000762939453,0.01826922054121516,78.17164091138167,95.03968253968253,0.0
2022-05-13,15.130338668823242,15.307330074257553,14.05404202297701,14.278869017370969,395948000,28.8700008392334,31.09000015258789,31.200000762939453,28.780000686645508,-0.043723076232977,64.64552362456726,87.3015873015873,0.0
2022-05-16,14.661554336547852,15.202095030405225,14.43672821724438,14.891164106779668,318388000,27.469999313354492,30.010000228881836,30.229999542236328,27.360000610351562,-0.20949642263728085,58.115665923980956,82.93650793650794,0.0
2022-05-17,15.766550064086914,15.823953867617504,14.943781373629816,15.513022985209483,307981400,26.100000381469727,27.06999969482422,27.170000076293945,25.510000228881836,-0.20885119570922317,51.725745691896485,80.55555555555556,0.0
2022-05-18,13.465666770935059,15.15904060195698,13.245624338594613,15.049018473398784,328105200,30.959999084472656,26.739999771118164,31.489999771118164,26.209999084472656,-0.049140117362858615,74.39364952558707,92.46031746031747,0.0
2022-05-19,13.19300651550293,13.881836699719877,12.934695766664118,13.173872825257275,392015600,29.350000381469727,31.239999771118164,33.11000061035156,29.059999465942383,-0.07617249107412483,66.8843274038575,87.3015873015873,0.0
2022-05-20,13.078202247619629,13.795733456907955,11.925368844354098,13.704845914929429,458111200,29.43000030517578,28.780000686645508,32.90999984741211,28.059999465942383,0.01939727917088807,67.25746136707252,87.3015873015873,0.0
2022-05-23,13.723978996276855,13.790948276418412,12.896425733269835,13.226490308402392,341040600,28.479999542236328,28.979999542236328,30.389999389648438,28.290000915527344,0.03676739185030953,62.82648776970545,84.52380952380952,0.0
2022-05-24,12.867725372314453,13.087768737284286,12.164545159304105,12.987313899775346,366488600,29.450000762939453,29.43000030517578,31.06999969482422,29.040000915527344,0.12835250316119273,67.35074708193014,87.3015873015873,0.0
2022-05-25,13.38434886932373,13.680928843138485,12.623765699463773,12.647683954345359,361283800,28.3700008392334,29.329999923706055,30.229999542236328,28.15999984741211,-0.08365627654486008,62.31343413041941,83.73015873015873,0.0
2022-05-26,14.503695487976074,14.723738838130918,13.240841014978177,13.279109304693629,337131600,27.5,28.420000076293945,28.459999084472656,27.110000610351562,-0.06303238015075918,58.25559449626737,80.55555555555556,0.0
2022-05-27,15.924407005310059,15.948324343219646,14.958131590600242,14.972481628390812,315035800,25.719999313354492,27.5,27.540000915527344,25.56999969482422,-0.12606187405199654,49.95335269446349,77.38095238095238,0.0
2022-05-31,15.809603691101074,16.26404048126822,15.178176383104521,15.929192224051576,369158600,26.190000534057617,27.469999313354492,28.350000381469727,25.940000534057617,-0.08040726983799995,52.14552251254033,77.77777777777779,0.0
2022-06-01,15.441268920898438,16.46973090964952,15.0920706659396,16.125315392528044,398894200,25.690000534057617,26.049999237060547,27.729999542236328,25.3799991607666,-0.1276740282334221,49.81343301839248,75.79365079365078,0.0
2022-06-02,16.694557189941406,16.73282456532162,15.044235341114963,15.26906141770443,336861400,24.719999313354492,25.729999542236328,26.5,24.329999923706055,-0.12865708205518456,45.28917370616779,73.80952380952381,0.0
2022-06-03,15.374299049377441,16.087047394861262,15.192524909766853,15.852653104801885,324723800,24.790000915527344,24.90999984741211,25.959999084472656,24.760000228881836,-0.09854542125355115,45.61567370816944,73.80952380952381,0.0
2022-06-06,15.565643310546875,16.326226424946494,15.307331650990145,16.082264804884204,300958600,25.06999969482422,25.3700008392334,25.809999465942383,24.81999969482422,-0.025272147584886495,46.92163813131437,74.20634920634922,0.0
2022-06-07,15.943546295166016,16.0727003228222,14.852897482882591,15.02988893759267,274886600,24.020000457763672,25.540000915527344,26.239999771118164,23.8799991607666,-0.08285605315173883,42.024253752090054,70.63492063492063,0.0
2022-06-08,15.618261337280273,16.23533670951659,15.465188178687825,15.823953736284375,225706000,23.959999084472656,24.3700008392334,24.780000686645508,23.739999771118164,-0.0673414329941906,41.74439660751722,70.23809523809523,0.0
2022-06-09,14.345837593078613,15.814385266682706,14.317136606061274,15.340813962763008,275959400,26.09000015258789,24.290000915527344,26.239999771118164,23.81999969482422,0.055420747463098996,51.67910283446767,76.98412698412699,0.0
2022-06-10,12.815104484558105,13.690492294471692,12.757701601375697,13.51828455731234,343352200,27.75,26.260000228881836,29.6299991607666,26.049999237060547,0.11940294373360216,59.421639243341296,81.54761904761905,0.0
2022-06-13,11.040410995483398,11.9492834716176,10.91603883797629,11.609652547661497,426731400,34.02000045776367,31.3700008392334,35.04999923706055,31.290000915527344,0.357000433661242,88.666043635047,98.80952380952381,0.0
2022-06-14,11.112165451049805,11.418312693463108,10.772534480226527,11.308290557770746,393201000,32.689998626708984,33.0099983215332,34.0,32.060001373291016,0.36094912588326045,82.46267704024692,96.82539682539682,0.0
2022-06-15,11.911016464233398,12.398937847047694,11.164784351474363,11.509198962196686,549823000,29.6200008392334,32.38999938964844,32.77000045776367,27.760000228881836,0.23622712733861162,68.14365786578902,86.5079365079365,0.0
2022-06-16,10.456820487976074,11.059546738678327,10.19850884665168,10.997360197298157,424284400,32.95000076293945,30.350000381469727,34.81999969482422,30.350000381469727,0.2629360126573672,83.67537354096507,96.82539682539682,0.0
2022-06-17,10.844286918640137,11.136083196405274,10.356365543081774,10.557274291112394,441181000,31.1299991607666,32.84000015258789,33.310001373291016,30.469999313354492,0.12180177155915684,75.18656030944597,92.06349206349206,0.0
2022-06-21,11.662271499633789,11.949284116100335,11.3752597955552,11.394393483379394,318408200,30.190000534057617,30.6299991607666,30.649999618530273,29.329999923706055,-0.11258083104558025,70.8022384657231,87.5,0.0
2022-06-22,11.619221687316895,12.174112377984555,11.265238845529684,11.341775429595014,388973600,28.950000762939453,31.450000762939453,31.56999969482422,28.780000686645508,-0.11440801532227074,65.01865758778229,83.33333333333334,0.0
2022-06-23,12.116708755493164,12.231513624691061,11.561818098175998,11.930150957095082,365372800,29.049999237060547,29.290000915527344,29.770000457763672,28.739999771118164,-0.019243807765793597,65.48506836963954,83.33333333333334,0.0
2022-06-24,13.38434886932373,13.413050775181635,12.46112521582151,12.489827121679413,303635000,27.229999542236328,29.06999969482422,29.719999313354492,26.829999923706055,-0.17359639114596626,56.99626403433583,75.79365079365078,0.0
2022-06-27,13.068632125854492,13.633090034675767,12.915558980219148,13.561337111707688,338262000,26.950000762939453,28.299999237060547,28.65999984741211,26.93000030517578,-0.13427557052732708,55.69029961119091,74.20634920634922,0.0
2022-06-28,11.877532005310059,13.494368426304069,11.844047365028493,13.135602859193549,373741600,28.360000610351562,26.899999618530273,28.68000030517578,26.469999313354492,-0.06061609444629246,62.266791272990595,80.15873015873017,0.0
2022-06-29,11.901450157165527,12.097576186636221,11.528334525831813,11.853615474862904,380182200,28.15999984741211,28.799999237060547,29.360000610351562,27.850000381469727,-0.027288459229979356,61.333951916845294,78.96825396825396,0.0
2022-06-30,11.480498313903809,11.906233167746905,10.882555693387985,11.50919930421992,512407800,28.709999084472656,29.420000076293945,30.219999313354492,28.280000686645508,-0.011703964251886578,63.89924680192176,81.34920634920636,0.0
2022-07-01,11.6670560836792,11.719675326087025,11.049979775645372,11.289156823116537,417200800,26.700000762939453,29.530000686645508,29.59000015258789,26.690000534057617,-0.01946378215962863,54.52425486411698,72.61904761904762,0.0
2022-07-05,12.269783020019531,12.284133972107892,11.002144781966253,11.198269898566778,441108000,27.540000915527344,27.3700008392334,29.81999969482422,27.299999237060547,0.021892398363091425,58.4421659259826,75.79365079365078,0.0
2022-07-06,12.504176139831543,12.781621487056048,12.092792225774001,12.327185630119873,412245800,26.729999542236328,27.84000015258789,28.06999969482422,26.43000030517578,-0.05747535377415591,54.66417454018798,72.22222222222221,0.0
2022-07-07,13.2791109085083,13.393915791520476,12.614198952250586,12.618981690703167,275732600,26.079999923706055,26.729999542236328,26.790000915527344,25.65999984741211,-0.07386363405457208,51.63245997703887,69.84126984126983,0.0
2022-07-08,13.34129524230957,13.542203996065577,12.776837271643263,12.910776744943274,319458400,24.639999389648438,26.40999984741211,26.610000610351562,24.43000030517578,-0.14176244599831467,44.91603974295275,65.07936507936508,0.0
2022-07-11,12.489824295043945,13.044714909282806,12.370235784865088,13.011230272414794,258448200,26.170000076293945,26.420000076293945,26.739999771118164,25.790000915527344,-0.019850212415767676,52.05223679768272,70.63492063492063,0.0
2022-07-12,12.126276969909668,12.90599377412023,11.915800904323845,12.647683027054596,319233000,27.290000915527344,27.139999389648438,27.75,25.81999969482422,-0.009077704854361435,57.27612117890868,74.20634920634922,0.0
2022-07-13,12.049739837646484,12.355886164681674,11.33220869936674,11.403961630717111,361151000,26.81999969482422,27.350000381469727,29.059999465942383,26.229999542236328,0.0033670091331532426,55.083951360831826,71.82539682539682,0.0
2022-07-14,12.174111366271973,12.284132582674216,11.298723460433122,11.705323687344716,351647000,26.399999618530273,27.469999313354492,28.450000762939453,26.200000762939453,0.01226992698467555,53.12499582989902,70.23809523809523,0.0
2022-07-15,12.815104484558105,12.843805469955372,12.346316857000742,12.56636017808079,308760400,24.229999542236328,26.719999313354492,26.719999313354492,24.1299991607666,-0.01663960460909575,43.00372706944875,61.111111111111114,0.0
2022-07-18,12.518526077270508,13.393913990894141,12.351101969906734,13.207356195127986,319900400,25.299999237060547,24.829999923706055,25.90999984741211,24.3799991607666,-0.033244204688462675,47.99439716353068,65.07936507936508,0.0
2022-07-19,13.6139554977417,13.690492983298462,12.767269543012894,12.987311962776335,298643400,24.5,25.1200008392334,25.40999984741211,24.229999542236328,-0.10223528112598568,44.26305753138029,62.698412698412696,0.0
2022-07-20,14.298005104064941,14.470212888252979,13.604392141151806,13.709629724606648,377126200,23.8799991607666,24.229999542236328,24.729999542236328,23.399999618530273,-0.1096197079608836,41.37126264430218,58.730158730158735,0.0
2022-07-21,14.90551471710205,14.915082018738927,13.977507443251463,14.35540764641513,319381800,23.110000610351562,24.06999969482422,24.670000076293945,22.920000076293945,-0.12462117635295145,37.779851584438205,55.55555555555556,0.0
2022-07-22,14.125795364379883,15.082503460276952,13.84835005306525,14.771572599200054,298800800,23.030000686645508,23.299999237060547,23.809999465942383,22.40999984741211,-0.04952533546272053,37.406717621223166,55.158730158730165,0.0
2022-07-25,13.915319442749023,14.192764756355247,13.590038541475257,14.125795481053453,220897600,23.360000610351562,24.329999923706055,24.56999969482422,23.190000534057617,-0.07667978992928937,38.94589633151213,56.74603174603175,0.0
2022-07-26,13.073415756225586,13.666574650872741,12.939476297800262,13.628306364520922,231755600,24.690000534057617,23.950000762939453,25.309999465942383,23.81999969482422,0.007755123839086497,45.149254030096785,63.095238095238095,0.0
2022-07-27,14.704604148864746,14.948564836482701,13.599606491620582,13.680926720826566,341919000,23.239999771118164,24.270000457763672,24.40999984741211,23.020000457763672,-0.026800645399515655,38.38619093858186,55.55555555555556,0.0
2022-07-28,15.125556945800781,15.221227217750315,14.121013159808465,14.67590383923507,324071800,22.329999923706055,23.329999923706055,23.540000915527344,22.219999313354492,-0.033751651494813295,34.14178877093001,50.0,0.0
2022-07-29,15.957892417907715,16.096615539202986,15.14947376637059,15.369517117848742,292146400,21.329999923706055,22.1299991607666,22.15999984741211,21.209999084472656,-0.07381679167405497,29.477609782634325,43.65079365079365,0.0
2022-08-01,15.933976173400879,16.464947706433854,15.517806780926856,15.680447252464994,285283000,22.84000015258789,22.40999984741211,23.270000457763672,22.260000228881836,-0.022260292987032027,36.520521122506665,51.587301587301596,0.0
2022-08-02,15.785682678222656,16.43145987605782,15.407782564040232,15.56564026671483,325375000,23.93000030517578,24.079999923706055,24.68000030517578,22.670000076293945,-0.030781701597514477,41.60447693144621,58.730158730158735,0.0
2022-08-03,17.04853630065918,17.196826697862193,15.933972427409765,16.048776365755057,294213800,21.950000762939453,23.860000610351562,23.920000076293945,21.68000030517578,-0.05550770313611941,32.36940466971243,47.22222222222222,0.0
2022-08-04,17.29250144958496,17.349903430663176,16.723258902574393,17.07245717669566,253567200,21.440000534057617,22.059999465942383,22.65999984741211,21.440000534057617,-0.039856667832031345,29.99067231813578,43.05555555555556,0.0
2022-08-05,16.881114959716797,17.211178599199336,16.335791631538733,16.469730182382218,283898600,21.149999618530273,21.5,22.579999923706055,20.760000228881836,-0.008438832902935456,28.63805614134663,40.87301587301587,0.0
2022-08-08,16.708906173706055,17.617779547552114,16.474511899473914,17.029402493306808,267787800,21.290000915527344,21.739999771118164,22.010000228881836,20.829999923706055,-0.06786336369113044,29.29104724913451,41.269841269841265,0.0
2022-08-09,16.1348819732666,16.4410282749293,15.876570346947739,16.397976337209492,218406000,21.770000457763672,21.40999984741211,22.229999542236328,21.40999984741211,-0.09026326033706433,31.529851028424744,45.63492063492063,0.0
2022-08-10,17.45992088317871,17.52689015076652,16.89068028390665,17.287713152366813,271554400,19.739999771118164,22.280000686645508,22.34000015258789,19.540000915527344,-0.10068341298432537,22.061564479546934,32.93650793650794,0.0
2022-08-11,17.19683074951172,18.18702361871828,17.062890356850993,17.85695993724147,273361000,20.200000762939453,19.84000015258789,20.850000381469727,19.709999084472656,-0.05783580877940808,24.20709144019497,34.523809523809526,0.0
2022-08-12,18.16788673400879,18.201371371773654,17.3355517027451,17.507757629203315,211187000,19.530000686645508,20.34000015258789,20.350000381469727,19.1200008392334,-0.07659569556045887,21.082091162188238,30.158730158730158,0.0
2022-08-15,18.603191375732422,18.694079826100403,18.005248727632118,18.010033290691563,196308400,19.950000762939453,20.739999771118164,21.15999984741211,19.809999465942383,-0.06294035204153492,23.041046693121046,33.33333333333333,0.0
2022-08-16,18.483600616455078,18.837583424331388,17.952627317028576,18.44533324047641,220755800,19.690000534057617,20.229999542236328,20.389999389648438,19.5,-0.09554432154199977,21.828359088618317,31.349206349206348,0.0
2022-08-17,17.842607498168945,18.335313460169967,17.483841924513634,17.943061420846174,262838400,19.899999618530273,19.739999771118164,20.6299991607666,19.40999984741211,0.008105362171594743,22.80783240597701,32.73809523809524,0.0
2022-08-18,17.962194442749023,18.158319532771536,17.550809662512556,17.823471328524928,192140800,19.559999465942383,20.510000228881836,20.610000610351562,19.43000030517578,-0.031683231327954586,21.22201083825924,29.761904761904763,0.0
2022-08-19,16.909812927246094,17.55559191283741,16.775874393097823,17.45035345042053,224256600,20.600000381469727,20.15999984741211,21.270000457763672,20.079999923706055,0.054787488848163646,26.072761256270166,37.301587301587304,0.0
2022-08-22,15.579994201660156,16.249690727907744,15.431703761266071,16.21142152079589,224975400,23.799999237060547,22.40999984741211,24.6200008392334,22.389999389648438,0.192982372275049,40.99812868108714,56.74603174603175,0.0
2022-08-23,15.527373313903809,15.953108161777799,15.403002053481758,15.513023275140966,219509800,24.110000610351562,24.1299991607666,24.209999084472656,23.06999969482422,0.2244794289694767,42.4440305727339,59.523809523809526,0.0
2022-08-24,15.646960258483887,15.929189215941253,15.355164001224049,15.450835174472893,187005600,22.81999969482422,24.3700008392334,24.860000610351562,22.729999542236328,0.14673367498836187,36.42723540764906,50.0,0.0
2022-08-25,16.469730377197266,16.474513114880008,15.756982027258084,15.91962248011009,222052600,21.780000686645508,22.40999984741211,23.1299991607666,21.770000457763672,0.11349699802234459,31.57649388585355,44.44444444444444,0.0
2022-08-26,14.465428352355957,16.618022785851544,14.446294662165686,16.431463147876936,366276600,25.559999465942383,22.06999969482422,25.899999618530273,21.670000076293945,0.24077665012736182,49.207084768033404,65.47619047619048,0.0
2022-08-29,14.02055835723877,14.408025833547203,13.853134240457253,14.039692959105473,248441000,26.209999084472656,26.860000610351562,27.670000076293945,25.469999313354492,0.10126050103645978,52.23879933118253,69.84126984126983,0.0
2022-08-30,13.551772117614746,14.326706189720586,13.183439228021598,14.2501696038815,327014800,26.209999084472656,25.75,27.690000534057617,25.1299991607666,0.08710072256155255,52.23879933118253,69.64285714285714,0.0
2022-08-31,13.303028106689453,14.063611246772606,13.283894415921399,13.948806364999992,341030600,25.8700008392334,25.860000610351562,26.6200008392334,25.309999465942383,0.133654740806195,50.652986659680174,67.06349206349206,0.0
2022-09-01,13.317377090454102,13.360429028803317,12.44677284808191,12.95382789572071,397320400,25.559999465942383,26.8799991607666,27.450000762939453,25.25,0.17355365748976292,49.207084768033404,64.0873015873016,0.0
2022-09-02,12.762487411499023,13.89140336862886,12.518526713353777,13.700061000554763,454463000,25.469999313354492,25.510000228881836,26.280000686645508,23.190000534057617,-0.003521132803927185,48.787307947389564,63.49206349206349,0.0
2022-09-06,12.470690727233887,12.925127468466615,12.178894446291524,12.8007552981041,361083400,26.90999984741211,25.459999084472656,27.799999237060547,25.329999923706055,0.02670739364329644,55.50372818147567,71.82539682539682,0.0
2022-09-07,13.207356452941895,13.346078661828042,12.4898253322803,12.523309971929095,331569600,24.639999389648438,26.93000030517578,27.149999618530273,24.540000915527344,-0.05990079166978368,44.91603974295275,59.72222222222222,0.0
2022-09-08,13.422615051269531,13.594822809749218,12.743352230184982,12.92991093933397,410799800,23.610000610351562,24.700000762939453,25.899999618530273,23.559999465942383,-0.08735988231799396,40.11194107858606,52.77777777777778,0.0
2022-09-09,14.274086952209473,14.360190839420094,13.709628947062578,13.71919624839444,298735800,22.790000915527344,23.489999771118164,23.56999969482422,22.639999389648438,-0.10837240251534219,36.287315731578055,45.83333333333333,0.0
2022-09-12,14.795492172241211,14.843327763791752,14.441510254588048,14.494128584144422,273141200,23.8700008392334,23.579999923706055,24.229999542236328,23.15999984741211,-0.06281894453299719,41.32462868308878,53.769841269841265,0.0
2022-09-13,12.360669136047363,13.685710117584952,12.226729669133523,13.508718711748374,391296600,27.270000457763672,23.670000076293945,28.149999618530273,23.530000686645508,0.01337794917847912,57.18283546405106,73.80952380952381,0.0
2022-09-14,12.638113975524902,12.757702487438504,12.264997489894808,12.499390863758915,309291800,26.15999984741211,26.729999542236328,27.559999465942383,26.15999984741211,0.06168833179444966,52.0055939402539,67.46031746031747,0.0
2022-09-15,12.001904487609863,12.700301038318186,11.7914284273412,12.379803753604465,393730600,26.270000457763672,26.100000381469727,26.93000030517578,25.420000076293945,0.11266411599523041,52.518656475755364,69.04761904761905,0.0
2022-09-16,11.767511367797852,11.829697001066275,11.32264189651707,11.580952643216452,392143600,26.299999237060547,27.469999313354492,28.450000762939453,26.139999389648438,0.1540148389876439,52.658576151826374,69.04761904761905,0.0
2022-09-19,12.049739837646484,12.068873526892173,11.442229921596509,11.451797222413365,302692600,25.760000228881836,27.690000534057617,27.950000762939453,25.559999465942383,0.07917885727687035,50.13992412417871,64.68253968253968,0.0
2022-09-20,11.762726783752441,12.049739411388918,11.470930505876757,11.734025794705191,322118600,27.15999984741211,25.649999618530273,27.809999465942383,25.610000610351562,-0.00403375902108738,56.6697729285496,72.22222222222221,0.0
2022-09-21,11.116949081420898,12.398938204667699,11.112165430974391,11.86796486614986,591115200,27.989999771118164,28.030000686645508,30.18000030517578,25.549999237060547,0.06995412593196515,60.54104113298641,77.77777777777779,0.0
2022-09-22,10.70556354522705,11.054762705177867,10.557274040933837,10.930390539116859,431084000,27.350000381469727,28.15999984741211,28.3799991607666,26.709999084472656,0.04111153044867488,57.5559694272661,73.80952380952381,0.0
2022-09-23,10.1937255859375,10.45682088760652,9.782341681555673,10.428118984770459,561304000,29.920000076293945,27.68000030517578,32.310001373291016,27.579999923706055,0.13764262145423523,69.54290800379157,86.11111111111111,0.0
2022-09-26,10.055002212524414,10.624242867323755,9.964114688798194,10.121971486644822,490607800,32.2599983215332,31.739999771118164,32.880001068115234,29.829999923706055,0.25232911626156107,80.45707865188531,94.84126984126983,0.0
2022-09-27,10.06457233428955,10.691216051454395,9.80626064044848,10.437688008875735,543921200,32.599998474121094,31.200000762939453,34.13999938964844,30.299999237060547,0.20029450137229388,82.04290021960307,96.03174603174604,0.0
2022-09-28,10.652945518493652,10.806018677219546,9.89236246273487,10.059786572236813,512039000,30.18000030517578,34.5,34.880001068115234,30.030000686645508,0.07824224908774013,70.7555956082943,86.11111111111111,0.0
2022-09-29,9.753640174865723,10.231994292905442,9.385308197390072,10.193725999957788,540195600,31.84000015258789,31.670000076293945,33.459999084472656,31.15999984741211,0.16416817946957862,78.49813201716792,93.25396825396825,0.0
2022-09-30,9.241800308227539,10.088487214775753,9.222666620238204,9.643617792271167,513197600,31.6200008392334,31.610000610351562,33.25,29.389999389648438,0.056818207172612656,77.47201584238042,92.06349206349206,0.0
2022-10-03,9.882796287536621,10.05022041610256,9.260936281306673,9.423576759069231,447222600,30.100000381469727,33.0,33.060001373291016,29.6299991607666,-0.06695592227051361,70.38246164507926,84.52380952380952,0.0
2022-10-04,10.80123519897461,10.892122730561026,10.471170624973,10.475954275307865,463323600,29.06999969482422,29.520000457763672,29.6200008392334,28.559999465942383,-0.10828217621234248,65.57835408449715,80.55555555555556,0.0
2022-10-05,10.80123519897461,11.002143951098892,10.050219431772984,10.365933054769998,458399000,28.549999237060547,29.360000610351562,30.110000610351562,28.5,-0.05400931251268726,63.152978875491684,77.38095238095238,0.0
2022-10-06,10.528573036193848,11.030844437392346,10.485521097532494,10.667295240023122,475087200,30.520000457763672,28.600000381469727,30.739999771118164,28.559999465942383,-0.041457276648817265,72.34141717601207,87.6984126984127,0.0
2022-10-07,9.327905654907227,10.002384913886393,9.165265175625489,9.988033961342202,501945200,31.360000610351562,30.3700008392334,32.02000045776367,29.8799991607666,-0.008222650916543728,76.25932823787768,91.26984126984127,0.0
2022-10-10,9.036107063293457,9.380522538475562,8.753878121080513,9.337470604077799,412999600,32.45000076293945,32.93000030517578,33.9900016784668,32.04999923706055,0.07807310138495693,81.34328404681722,95.03968253968253,0.0
2022-10-11,8.67734146118164,9.155695471829146,8.486000039400212,8.8591164961649,529747000,33.630001068115234,33.560001373291016,34.43000030517578,32.45000076293945,0.15686279398561198,86.84701667640061,98.4126984126984,0.0
2022-10-12,8.658212661743164,8.916523498837302,8.576892397541819,8.720398316773187,401483800,33.56999969482422,33.540000915527344,34.529998779296875,33.11000061035156,0.17583189463792515,86.56715953182777,98.01587301587301,0.0
2022-10-13,9.237018585205078,9.385309031902326,7.806739754576972,7.902410951646929,829507200,31.940000534057617,33.599998474121094,33.869998931884766,31.6299991607666,0.04652686942973894,78.96455169524057,92.06349206349206,0.0
2022-10-14,8.404681205749512,9.557514488346014,8.352061963945252,9.49532885816754,670132600,32.02000045776367,31.889999389648438,32.97999954223633,31.139999389648438,0.021045913092050395,79.3376856584556,92.85714285714286,0.0
2022-10-17,9.232233047485352,9.32790422500469,8.993056016074975,8.997839666189739,460050800,31.3700008392334,32.27000045776367,32.59000015258789,30.700000762939453,-0.03328196913139991,76.30597109530649,89.28571428571429,0.0
2022-10-18,9.461844444274902,10.045436118914022,9.170048150761321,9.983250487247673,692553800,30.5,31.100000381469727,31.93000030517578,30.420000076293945,-0.09307169101111934,72.24813146115446,84.52380952380952,0.0
2022-10-19,9.347038269042969,9.681885545651559,9.093510302380594,9.284851733640918,519702200,30.760000228881836,30.940000534057617,31.899999618530273,30.760000228881836,-0.08370567445598232,73.46081906565718,86.11111111111111,0.0
2022-10-20,9.189181327819824,9.791907570823573,9.069592809264826,9.246584218176938,529703000,29.979999542236328,31.299999237060547,31.31999969482422,29.760000228881836,-0.061365089513111926,69.82275625214899,79.76190476190477,0.0
2022-10-21,9.839743614196777,9.897146507199356,8.959572004077435,9.079160528143781,627458000,29.690000534057617,30.209999084472656,30.440000534057617,29.239999771118164,-0.07276701718913048,68.33723602764414,78.17460317460318,0.0
2022-10-24,10.174592018127441,10.270262291561131,9.471410900830175,9.868444770930708,549244000,29.850000381469727,30.649999618530273,30.950000762939453,29.780000686645508,-0.04845395017849852,69.08664981946298,78.57142857142857,0.0
2022-10-25,10.786882400512695,10.829934333765014,10.270260113872721,10.275043763388295,476799600,28.459999084472656,29.799999237060547,30.0,28.219999313354492,-0.06688527591892934,62.576105219175794,71.42857142857143,0.0
2022-10-26,10.074136734008789,10.762966869099818,10.011951104660268,10.131539625428044,558931800,27.280000686645508,28.440000534057617,28.520000457763672,27.270000457763672,-0.1131339244584535,57.04918073794111,63.888888888888886,0.0
2022-10-27,9.519246101379395,10.102838668539155,9.457060471830049,9.944981857111419,513258800,27.389999389648438,27.510000228881836,27.670000076293945,26.940000534057617,-0.08639093369361317,57.564397136243386,65.07936507936508,0.0
2022-10-28,10.380284309387207,10.432902639833735,9.42835884983045,9.447493451729578,510777200,25.75,27.43000030517578,27.59000015258789,25.75,-0.13270462994899623,49.88290130324172,53.17460317460318,0.0
2022-10-31,10.021519660949707,10.222428437508128,9.801476280724712,10.131540894868143,419122200,25.8799991607666,26.90999984741211,27.06999969482422,25.84000015258789,-0.132998364153041,50.49179665895062,53.96825396825397,0.0
2022-11-01,9.710587501525879,10.461604176817286,9.667535561146499,10.399417635207955,430464800,25.809999465942383,25.959999084472656,26.350000381469727,25.65999984741211,-0.09311313084251194,50.16392924174451,53.17460317460318,0.0
2022-11-02,8.706043243408203,10.035866791463464,8.696475944348904,9.701019535878752,662952600,25.860000610351562,26.040000915527344,26.6200008392334,25.389999389648438,-0.05205278741026875,50.39812663526108,53.17460317460318,0.0
2022-11-03,8.20377254486084,8.586456368204487,8.15115421484696,8.442949592305109,424463600,25.299999237060547,25.979999542236328,26.8700008392334,25.100000381469727,-0.07630522815483409,46.930029041900525,47.817460317460316,0.0
2022-11-04,8.586456298828125,8.777797752759945,8.060266616224604,8.672559268806427,764740400,24.549999237060547,25.6299991607666,25.709999084472656,24.0,-0.04660197137628941,40.97221420660635,44.44444444444444,0.0
2022-11-07,8.859118461608887,8.916520444684327,8.471650970103356,8.686910687606428,401886800,24.350000381469727,25.670000076293945,25.670000076293945,24.34000015258789,-0.05911896556844998,39.980156383666966,43.05555555555556,0.0
2022-11-08,9.050460815429688,9.385309095038963,8.653426895978313,9.01697616994639,592112600,25.540000915527344,24.709999084472656,26.15999984741211,24.239999771118164,-0.010461005656792643,45.88293685521729,48.80952380952381,0.0
2022-11-09,8.419031143188477,8.94522076071049,8.385546506940441,8.863900538799015,431138200,26.09000015258789,25.34000015258789,26.350000381469727,25.020000457763672,0.00889402694539232,48.6111076946191,54.563492063492056,0.0
2022-11-10,10.26069450378418,10.303746440294775,9.423574935348245,9.638833705513305,656884800,23.530000686645508,26.510000228881836,26.59000015258789,22.84000015258789,-0.06996041912215822,35.912697549189446,35.51587301587302,0.0
2022-11-11,10.844286918640137,10.92082349766247,10.102838467215793,10.251127975023063,614268400,22.520000457763672,23.889999389648438,23.90999984741211,22.3700008392334,-0.08268834388525759,30.902775741022925,28.968253968253972,0.0
2022-11-14,10.557272911071777,10.983007690280196,10.437684407933423,10.605108494804693,428451800,23.729999542236328,23.989999771118164,24.329999923706055,22.860000610351562,-0.02546204638687466,36.653380134299,36.507936507936506,0.0
2022-11-15,10.983010292053223,11.456581679567089,10.609894657802172,11.313074894372917,636531400,24.540000915527344,23.770000457763672,26.219999313354492,23.18000030517578,-0.03915426641163655,40.68725153055704,43.25396825396825,0.0
2022-11-16,10.538141250610352,10.801235643130523,10.437686414223418,10.762967351265988,383358800,24.110000610351562,24.290000915527344,24.719999313354492,23.989999771118164,-0.07589112804355158,37.833753574597075,39.88095238095239,0.0
2022-11-17,10.456820487976074,10.624243686181144,10.002383746707455,10.021518347866893,426924400,23.93000030517578,24.049999237060547,25.18000030517578,23.809999465942383,0.01699955830249067,36.92695104705751,38.2936507936508,0.0
2022-11-18,10.44725227355957,10.801234152553821,10.179374267475149,10.79166685281097,389577000,23.1200008392334,24.030000686645508,24.1200008392334,22.979999542236328,0.026643000411790796,32.8463492819385,32.142857142857146,0.0
2022-11-21,10.131538391113281,10.428117375548172,10.031083571464892,10.29417883253418,288222600,22.360000610351562,24.049999237060547,24.1200008392334,22.299999237060547,-0.057732783746849425,29.017632837220912,26.58730158730159,0.0
2022-11-22,10.557272911071777,10.571623859908014,9.964114044992089,10.203291051268796,292477200,21.290000915527344,22.59000015258789,22.709999084472656,21.280000686645508,-0.1324368328749168,23.62720626663465,18.452380952380953,0.0
2022-11-23,10.872986793518066,10.939956977591144,10.528572223209842,10.547705909810794,357567000,20.350000381469727,21.489999771118164,21.780000686645508,20.31999969482422,-0.15595189272900678,18.89168729437749,14.682539682539684,0.0
2022-11-25,10.648161888122559,10.7629667573814,10.595542647566758,10.686430177875506,134753000,20.5,20.610000610351562,21.110000610351562,20.459999084472656,-0.1433347372099244,19.647352864390783,14.682539682539684,0.0
2022-11-28,10.179375648498535,10.652946101363401,10.074137161825425,10.42811908884397,262765200,22.209999084472656,22.09000015258789,22.5,21.649999618530273,-0.03935993606092425,28.261957658398572,26.190476190476193,0.0
2022-11-29,9.935417175292969,10.246347229772846,9.791910364648851,10.198511626224807,275805400,21.889999389648438,22.09000015258789,22.56999969482422,21.829999923706055,-0.021019732015818415,26.64986854668781,23.809523809523807,0.0
2022-11-30,11.270023345947266,11.31307529177904,9.878012863754938,9.973684057245126,545469800,20.579999923706055,21.700000762939453,22.6299991607666,20.309999465942383,-0.03334903528836708,20.050375142318472,15.873015873015872,0.0
2022-12-01,11.332208633422852,11.561818377363108,11.00692770664681,11.336992283803442,411007200,19.84000015258789,20.829999923706055,21.059999465942383,19.799999237060547,-0.02506143583890208,16.32241666928507,11.11111111111111,0.0
2022-12-02,11.198267936706543,11.303505496420044,10.710346599839742,10.739048498988085,363310000,19.059999465942383,20.420000076293945,20.959999084472656,18.950000762939453,-0.07024392849061545,12.392942252883293,6.349206349206349,0.0
2022-12-05,10.633810997009277,11.097815039304802,10.456820498053913,10.944740967045782,301980000,20.75,20.299999237060547,21.290000915527344,19.780000686645508,-0.0657361163735195,20.906798684015946,17.46031746031746,0.0
2022-12-06,9.959332466125488,10.624244389859173,9.806259296263466,10.609894350427147,339801000,22.170000076293945,20.690000534057617,22.600000381469727,20.3799991607666,0.01279126059628477,28.060451323839253,27.976190476190478,0.0
2022-12-07,9.839743614196777,10.059786972920628,9.65318580861745,9.83495996374756,347335800,22.68000030517578,22.31999969482422,23.010000228881836,22.18000030517578,0.10204083524075913,30.629721948931675,29.96031746031746,0.0
2022-12-08,10.188942909240723,10.284614103061662,9.753640710892883,9.983251393585512,377840200,22.290000915527344,22.809999465942383,23.280000686645508,22.059999465942383,0.12348794073067992,28.664989545135317,28.174603174603174,0.0
2022-12-09,9.992816925048828,10.37550075508627,9.935414943595442,10.069353508578708,354007800,22.829999923706055,22.549999237060547,23.209999084472656,22.18000030517578,0.197796461878194,31.385387518944967,31.746031746031743,0.0
2022-12-12,10.356364250183105,10.361147899823305,9.887577534098114,10.002382388299262,225655000,25.0,24.399999618530273,25.049999237060547,24.18000030517578,0.20481927710843384,42.31737761764377,48.41269841269841,0.0
2022-12-13,10.681647300720215,11.59051993242576,10.38985099999197,11.566602591744585,695385600,22.549999237060547,25.239999771118164,25.84000015258789,21.459999084472656,0.017140241743748508,29.974804741793527,28.57142857142857,0.0
2022-12-14,10.428117752075195,10.997359317601894,10.083703170247608,10.624242836331062,578911000,21.139999389648438,22.829999923706055,23.469999313354492,21.06999969482422,-0.06790127402140733,22.87153108781231,17.857142857142858,0.0
2022-12-15,9.394875526428223,10.059788437461416,9.256153292757348,9.97846819276188,428053200,22.829999923706055,21.520000457763672,23.670000076293945,21.25,0.024226064872098885,31.385387518944967,31.150793650793652,0.0
2022-12-16,9.11742877960205,9.476194350237048,8.950004664161447,9.31833753565317,351284200,22.6200008392334,23.260000228881836,23.829999923706055,22.09000015258789,-0.009198383056260973,30.32745764268817,28.174603174603174,0.0
2022-12-19,8.739529609680176,9.150913514489373,8.600806482992537,9.13656347544447,310533000,22.420000076293945,22.6299991607666,22.860000610351562,21.610000610351562,-0.10319999694824222,29.31989714346442,26.984126984126984,0.0
2022-12-20,8.70125961303711,8.878250084084534,8.45251531127482,8.610372096549376,345762400,21.479999542236328,23.170000076293945,23.389999389648438,21.350000381469727,-0.04745009893684127,24.58437817120726,20.634920634920633,0.0
2022-12-21,9.079160690307617,9.208316517579263,8.720395111700633,8.806498996548397,326374600,20.06999969482422,21.25,21.290000915527344,19.940000534057617,-0.05061493499134928,17.481104517226047,12.3015873015873,0.0
2022-12-22,8.433877944946289,8.775271634051803,7.972274138250894,8.765654677904866,460900400,21.969999313354492,20.079999923706055,24.299999237060547,20.010000228881836,-0.03766975966822328,27.0528908246155,23.809523809523807,0.0
2022-12-23,8.457919120788574,8.52042749929888,8.092483054165365,8.275200628915277,330134600,20.8700008392334,22.170000076293945,22.639999389648438,20.780000686645508,-0.0773651607017053,21.51133690531201,15.873015873015872,0.0
2022-12-27,8.097291946411133,8.405027211051967,8.039591125729261,8.395410254751084,263200600,21.649999618530273,21.670000076293945,22.799999237060547,21.59000015258789,-0.034344355715584585,25.440801712904737,20.634920634920633,0.0
2022-12-28,7.770322799682617,8.270393523811185,7.741472847790103,8.05401659180874,364869200,22.139999389648438,21.469999313354492,22.260000228881836,20.959999084472656,0.030726250534332866,27.909314366312977,24.6031746031746,0.0
2022-12-29,8.318475723266602,8.414643443758901,7.948232108754958,8.015548962825557,306109800,21.440000534057617,22.25,22.309999465942383,21.360000610351562,0.06826112905157156,24.38287183664794,18.650793650793652,0.0
2022-12-30,8.318475723266602,8.318475723266602,7.9338066755441075,8.058824345334756,301941200,21.670000076293945,21.829999923706055,22.399999618530273,21.59000015258789,-0.013654949769533742,25.541559684588922,20.436507936507937,0.0
2023-01-03,8.130949020385742,8.674295038170156,7.919380602665591,8.530043469083257,359851800,22.899999618530273,23.09000015258789,23.760000228881836,22.729999542236328,0.09726874449763767,31.738030811030566,32.53968253968254,0.0
2023-01-04,8.255969047546387,8.409836698329956,7.953042224706679,8.33290287293817,435272800,22.010000228881836,22.93000030517578,23.270000457763672,21.940000534057617,0.016628204004375036,26.100307791782352,23.015873015873016,0.0
2023-01-05,7.866488933563232,8.102098813339804,7.8280220331328385,8.082864904562982,362504000,22.459999084472656,22.200000762939453,22.920000076293945,21.969999313354492,0.014453464482651945,25.703655150555445,26.984126984126984,0.0
2023-01-06,8.481962203979492,8.606979901865348,7.741473891423034,8.005933806523863,466895200,21.1299991607666,22.690000534057617,22.899999618530273,21.0,-0.014459018916467614,18.64045850108733,13.492063492063492,0.0
2023-01-09,8.659870147705078,9.116664518906244,8.602169333037105,8.693528574126672,372042800,21.969999313354492,21.75,21.979999542236328,21.270000457763672,0.013843988740393831,23.10142587225748,22.023809523809522,0.0
2023-01-10,8.89067268371582,8.89067268371582,8.510812073163075,8.568511977921832,328723000,20.579999923706055,22.219999313354492,22.459999084472656,20.579999923706055,-0.10131003202929822,15.719591590365123,10.515873015873016,0.0
2023-01-11,9.333043098449707,9.34266005547003,8.905098599403754,8.982032421319351,302550000,21.09000015258789,20.799999237060547,21.25,20.6200008392334,-0.04179918522157522,18.428036789240405,12.698412698412698,0.0
2023-01-12,9.477293968200684,9.578270184616237,8.938757204396126,9.385935626114609,561852600,18.829999923706055,21.559999465942383,21.799999237060547,18.829999923706055,-0.16162062817162537,6.425911255311935,1.1904761904761905,0.0
2023-01-13,9.66481876373291,9.698477189163409,9.183982018443942,9.21764044387444,319566000,18.350000381469727,19.0,19.40999984741211,18.010000228881836,-0.13156644059213563,0.0,0.3968253968253968,0.0
2023-01-17,9.71771240234375,9.861964009162588,9.525377843708819,9.64558705749609,279515800,19.360000610351562,19.889999389648438,20.219999313354492,19.209999084472656,-0.11879830607989317,5.580111644173477,3.1746031746031744,0.0
2023-01-18,9.35708236694336,10.054295995374671,9.3234239424343,9.895619910458182,373300200,20.34000015258789,19.280000686645508,20.579999923706055,18.709999084472656,-0.01166179650184107,10.994473641865058,8.333333333333332,0.0
2023-01-19,9.063773155212402,9.284957625710565,8.933947009246955,9.169556912782392,332741400,20.520000457763672,20.43000030517578,21.709999084472656,20.170000076293945,-0.027027012361319325,11.988950445081374,9.523809523809524,0.0
2023-01-20,9.8042631149292,9.833113986366737,9.11666627010094,9.222450964458218,322650400,19.850000381469727,20.280000686645508,20.700000762939453,19.40999984741211,0.054168903977505733,8.287292643019267,5.952380952380952,0.0
2023-01-23,10.448583602905273,10.578409760990692,9.799453729601614,9.88119602353057,388084200,19.809999465942383,20.209999084472656,20.329999923706055,19.549999237060547,0.07956398115103025,8.066293114376741,5.555555555555555,0.0
2023-01-24,10.386075019836426,10.51590117540119,10.212973479083406,10.270674298375548,290013000,19.200000762939453,19.889999389648438,20.469999313354492,18.90999984741211,-0.00826445466776271,4.696134605278424,2.380952380952381,0.0
2023-01-25,10.3091402053833,10.381265534658652,9.607118071532364,9.886003350620822,436167200,19.079999923706055,19.559999465942383,20.899999618530273,18.989999771118164,-0.06194691344294434,4.0331465571883705,2.380952380952381,0.0
2023-01-26,10.905378341674805,10.92461133601392,10.386074654791404,10.684192945473024,406837800,18.729999542236328,19.049999237060547,19.479999542236328,18.670000076293945,-0.0872320114812718,2.099442832916369,1.1904761904761905,0.0
2023-01-27,11.217921257019043,11.453531152704278,10.737084510610815,10.751509943167454,376822200,18.510000228881836,18.899999618530273,19.0,17.969999313354492,-0.06750630361895615,0.883977038895053,0.7936507936507936,0.0
2023-01-30,10.544750213623047,11.011161537123801,10.506283309799514,10.842868488974595,347816000,19.940000534057617,19.760000228881836,20.25,19.540000915527344,0.006562396346286414,8.784531044627427,8.73015873015873,0.0
2023-01-31,11.015971183776855,11.020779661905499,10.530325898265117,10.549559810779687,316513800,19.399999618530273,20.1200008392334,20.700000762939453,19.1299991607666,0.010416606648103066,5.801100634978476,4.761904761904762,0.0
2023-02-01,11.727609634399414,11.996878911358559,10.751511486073703,10.991929893779297,543277600,17.8700008392334,19.6200008392334,20.040000915527344,17.700000762939453,-0.06341714304564994,0.0,0.3968253968253968,0.0
2023-02-02,12.939318656921387,13.19897097801605,12.381548023225566,12.482523314457861,535770200,18.729999542236328,17.739999771118164,19.25,17.059999465942383,0.0,4.628625977041394,2.1825396825396823,0.0
2023-02-03,12.270954132080078,13.049909156790084,12.073811137114996,12.121894078619984,534808400,18.329999923706055,18.56999969482422,19.299999237060547,17.93000030517578,-0.009724489624528432,2.4757754917197152,0.7936507936507936,0.0
2023-02-06,11.958410263061523,12.237295538741924,11.790117218726747,11.948793308042779,323632400,19.43000030517578,19.229999542236328,19.809999465942383,19.209999084472656,-0.025576740984071367,8.396122025554982,6.349206349206349,0.0
2023-02-07,12.698899269104004,12.833533897484726,11.799735005319896,11.939177194425488,519789200,18.65999984741211,19.540000915527344,19.989999771118164,18.43000030517578,-0.038144318848921,4.251878425310209,2.380952380952381,0.0
2023-02-08,12.01611328125,12.64600932467987,11.92956249783817,12.525800107079782,362514400,19.6299991607666,18.8799991607666,20.1200008392334,18.549999237060547,0.09848898930486594,9.47254213541539,8.333333333333332,0.0
2023-02-09,11.693950653076172,12.54503199636318,11.506424597380981,12.525798084433724,395196800,20.709999084472656,19.239999771118164,21.079999923706055,19.020000457763672,0.10571273842113071,15.285243578584353,17.063492063492063,0.0
2023-02-10,11.453532218933105,11.66510066384252,11.165029960806338,11.424682268257447,367863400,20.530000686645508,20.739999771118164,21.940000534057617,20.440000534057617,0.12002186427148898,14.316468559390247,15.079365079365079,0.0
2023-02-13,11.996877670288086,12.06900300171375,11.46795704462764,11.607399229767477,279739800,20.34000015258789,21.65999984741211,21.690000534057617,20.329999923706055,0.046834782970626154,13.293860729262125,13.690476190476192,0.0
2023-02-14,12.25653076171875,12.376739969955054,11.564125465483066,11.79973632069488,511474400,18.90999984741211,20.719999313354492,20.75,18.479999542236328,0.013397642124561626,5.597411261836366,4.365079365079365,0.0
2023-02-15,12.530606269836426,12.549840181316785,11.948794204406243,12.030536493951011,275527400,18.229999542236328,19.3700008392334,19.40999984741211,18.110000610351562,-0.07131939268384568,1.937560303989079,0.7936507936507936,0.0
2023-02-16,11.814160346984863,12.439248754069752,11.794927351371795,11.939178028401841,388993000,20.170000076293945,18.260000228881836,20.270000457763672,18.229999542236328,-0.026074313474189204,12.378897989800304,13.492063492063492,0.0
2023-02-17,11.559316635131836,11.650674963032348,11.203496610748983,11.554508157275487,389804800,20.020000457763672,20.940000534057617,21.299999237060547,19.81999969482422,-0.0248417053981681,11.571580341004783,13.095238095238097,0.0
2023-02-21,10.746703147888184,11.275623835156717,10.717853195382178,11.107330764145349,300937600,22.8700008392334,21.799999237060547,23.34000015258789,21.799999237060547,0.12438548021955698,26.91065673052315,38.88888888888889,0.0
2023-02-22,10.75632095336914,10.987122425879999,10.568793954470982,10.794787865454284,334677400,22.290000915527344,23.030000686645508,23.6299991607666,22.020000457763672,0.17874146458958307,23.7890209604065,32.73809523809524,0.0
2023-02-23,11.025588035583496,11.169838709582498,10.554368188921774,11.15060571437356,359540000,21.139999389648438,21.959999084472656,22.43000030517578,20.889999389648438,0.15962698411868037,17.599561699905482,22.023809523809522,0.0
2023-02-24,10.467816352844238,10.592834018917,10.265864879514908,10.458199397656337,345563600,21.670000076293945,21.350000381469727,22.899999618530273,21.31999969482422,0.0743678727975301,20.45209500895725,27.380952380952383,0.0
2023-02-27,10.693809509277344,10.963077840019949,10.626492655872529,10.809210222452746,277508800,20.950000762939453,21.989999771118164,22.020000457763672,20.68000030517578,0.04645356063491657,16.576964135378226,20.634920634920633,0.0
2023-02-28,10.640917778015137,10.924611557987546,10.578409398738701,10.616876305321906,254631600,20.700000762939453,21.299999237060547,21.3700008392334,20.100000381469727,-0.09488412753231379,15.231431298852069,19.047619047619047,0.0
2023-03-01,10.381268501281738,10.67938685871177,10.275484715923271,10.60726150882538,308773800,20.579999923706055,20.389999389648438,21.31999969482422,20.219999313354492,-0.07671605749599109,14.585571020455134,18.253968253968253,0.0
2023-03-02,10.631302833557129,10.722661172894194,10.073532172124203,10.102382125750461,315874600,19.59000015258789,21.40999984741211,21.420000076293945,19.549999237060547,-0.07332068504313816,9.257262219683653,8.73015873015873,0.0
2023-03-03,11.280431747436523,11.314091096385292,10.761128000546515,10.818828824478064,303353200,18.489999771118164,19.760000228881836,19.760000228881836,18.15999984741211,-0.14674666792708346,3.3369156858483864,1.984126984126984,0.0
2023-03-06,11.32851505279541,11.770884957257206,11.299665100821915,11.424682782204972,303699800,18.610000610351562,19.049999237060547,19.190000534057617,18.489999771118164,-0.11169451395569163,3.982775964245323,3.1746031746031744,0.0
2023-03-07,10.905378341674805,11.434298984289452,10.828444530071588,11.328514305492497,352663000,19.59000015258789,18.639999389648438,19.739999771118164,18.510000228881836,-0.053623215914990086,9.257262219683653,9.722222222222223,0.0
2023-03-08,11.054436683654785,11.126562012150803,10.737084504573657,10.939035974636495,290985600,19.110000610351562,19.709999084472656,20.010000228881836,19.0,-0.07142853832867135,7.184239598347303,6.746031746031746,0.0
2023-03-09,10.472625732421875,11.400639977022463,10.381266484514883,11.11213863352401,393667400,22.610000610351562,19.329999923706055,23.139999389648438,18.8799991607666,0.15416030802657854,28.080568760543102,39.682539682539684,0.0
2023-03-10,10.039871215820312,10.655342603109903,9.914854464410302,10.491858030191157,629715200,24.799999237060547,23.34000015258789,28.969999313354492,21.790000915527344,0.34126552428620127,41.05449491925463,57.53968253968254,0.0
2023-03-13,10.256248474121094,10.650534486727858,9.679243971642713,9.842728550107475,659081400,26.520000457763672,24.049999237060547,30.809999465942383,23.850000381469727,0.42504027877421335,51.24407611722557,69.84126984126983,0.0
2023-03-14,10.953462600708008,11.015970980982779,10.539942660491576,10.636110387047205,434325800,23.729999542236328,26.850000381469727,27.239999771118164,22.270000457763672,0.2113322796019239,34.715633852773244,48.61111111111111,0.0
2023-03-15,11.112137794494629,11.16502921434326,10.49666641278114,10.660150984218735,549118800,26.139999389648438,23.209999084472656,29.90999984741211,23.190000534057617,0.3678701493860155,48.99288484348158,67.06349206349206,0.0
2023-03-16,11.992069244384766,12.035344626851792,10.924611033029258,11.001544842498781,456714200,22.989999771118164,26.190000534057617,27.489999771118164,22.969999313354492,0.016806685117585873,30.33174873482779,44.84126984126984,0.0
2023-03-17,11.814160346984863,12.266147207934946,11.58816737507154,11.987261893119669,403540600,25.510000228881836,22.920000076293945,26.139999389648438,22.579999923706055,0.02862907313159435,45.26066214153454,61.111111111111114,0.0
2023-03-20,11.939175605773926,11.982450983526439,11.487188836538364,11.746841103053447,328356000,24.149999618530273,27.770000457763672,28.90999984741211,24.0,-0.08936654593984317,37.203786087224366,53.57142857142857,0.0
2023-03-21,12.444055557250977,12.501756374822909,11.987261163060323,12.169978737311908,270290200,21.3799991607666,24.15999984741211,24.15999984741211,21.290000915527344,-0.09903078073335103,20.793829952855265,28.174603174603174,0.0
2023-03-22,11.936232566833496,13.038930919559068,11.92172303812452,12.434381060399916,475836200,22.260000228881836,21.799999237060547,22.3799991607666,19.940000534057617,-0.14843149393121635,26.007106681923947,36.904761904761905,0.0
2023-03-23,12.361838340759277,12.869660902418316,12.032962987868496,12.381184383856432,392994400,22.610000610351562,21.540000915527344,24.90999984741211,20.15999984741211,-0.016528889280111536,28.080568760543102,40.67460317460318,0.0
2023-03-24,12.48758316040039,12.497256180637489,12.013616238422323,12.303800388245419,338830200,21.739999771118164,22.110000610351562,25.209999084472656,21.600000381469727,-0.14778519889997355,22.926535096516027,31.746031746031743,0.0
2023-03-27,12.231256484985352,12.70038696985671,12.12001857988647,12.569803943742887,273591200,20.600000381469727,22.049999237060547,22.93000030517578,20.56999969482422,-0.14699790033688598,16.172983874202668,21.23015873015873,0.0
2023-03-28,12.028125762939453,12.158707846196975,11.747614633489619,12.158707846196975,236041400,19.969999313354492,20.530000686645508,21.399999618530273,19.90999984741211,-0.0659494809522505,12.440749872796337,15.079365079365079,0.0
2023-03-29,12.68587589263916,12.753586114122523,12.36667359376192,12.45856544418719,238730600,19.1200008392334,19.389999389648438,19.450000762939453,19.09000015258789,-0.14106016879435435,7.405213638311765,7.142857142857142,0.0
2023-03-30,13.029261589050293,13.101807403057162,12.811623224559614,12.971224384362754,260300000,19.020000457763672,19.1200008392334,20.079999923706055,18.850000381469727,-0.15877930365664283,6.812794287354968,5.555555555555555,0.0
2023-03-31,13.667664527893066,13.696682665391704,13.014750438118979,13.058278105601914,254044200,18.700000762939453,19.209999084472656,19.43000030517578,18.520000457763672,-0.13983436247397685,4.917061403860641,3.968253968253968,0.0
2023-04-03,13.57093620300293,13.599955263035817,13.217879274832464,13.387153435144455,250232600,18.549999237060547,19.790000915527344,19.829999923706055,18.540000915527344,-0.09951461681783336,4.0284267276958,2.7777777777777777,0.0
2023-04-04,13.435516357421875,13.749882098646628,13.261405703371912,13.619299108109155,232180800,19.0,18.790000915527344,20.030000686645508,18.579999923706055,-0.04857282657520312,6.69430815727175,6.349206349206349,0.0
2023-04-05,13.005077362060547,13.309771033127474,12.77293041813238,13.2855884832579,258274000,19.079999923706055,19.420000076293945,20.079999923706055,19.0,-0.0020920980006059464,7.168241378145332,7.341269841269842,0.0
2023-04-06,13.266244888305664,13.329117680242108,12.627840258003031,12.797113514166561,241920600,18.399999618530273,19.299999237060547,19.8799991607666,18.350000381469727,-0.0325973093749492,3.1398033509902454,1.984126984126984,0.0
2023-04-10,13.237225532531738,13.242061120146776,12.656857236909698,12.884167676085509,237057600,18.969999313354492,19.389999389648438,20.049999237060547,18.93000030517578,0.014438424566812547,6.516578962146924,6.349206349206349,0.0
2023-04-11,12.98089599609375,13.237225495053915,12.913186700035205,13.232388984982595,208521600,19.100000381469727,19.079999923706055,19.280000686645508,18.559999465942383,0.029649658600003903,7.286727508228549,8.73015873015873,0.0
2023-04-12,12.637510299682617,13.295260865044222,12.57463751797948,13.222715063857553,348038600,19.09000015258789,19.3799991607666,19.979999542236328,18.25,0.00473685013620484,7.227484443186941,8.73015873015873,0.0
2023-04-13,13.362972259521484,13.416172952583596,12.811622976768888,12.830969018780586,247523000,17.799999237060547,18.829999923706055,19.059999465942383,17.770000457763672,-0.06708599013436911,0.0,0.3968253968253968,0.0
2023-04-14,13.285589218139648,13.508064076895957,12.913187154248662,13.15984271927217,285332200,17.06999969482422,17.940000534057617,18.1200008392334,17.06999969482422,-0.07228260604780878,0.0,0.3968253968253968,0.0
2023-04-17,13.30009937286377,13.358136576013996,12.966387530307573,13.227553560778523,228617800,16.950000762939453,17.579999923706055,17.790000915527344,16.899999618530273,-0.10648384942180789,0.0,0.3968253968253968,0.0
2023-04-18,13.309772491455078,13.62897480494821,13.155007845212353,13.575774111876003,212829800,16.829999923706055,16.940000534057617,17.34000015258789,16.579999923706055,-0.11884818913228723,0.0,0.3968253968253968,0.0
2023-04-19,13.280753135681152,13.416172659393478,12.980896870813192,12.995406402004882,191850600,16.459999084472656,17.299999237060547,17.719999313354492,16.170000076293945,-0.13776852001537065,0.0,0.3968253968253968,0.0
2023-04-20,12.971223831176758,13.338790318601971,12.801949657399746,12.898678020263763,273695200,17.170000076293945,16.850000381469727,17.690000534057617,16.329999923706055,-0.03539321279603824,3.8819079074978715,1.984126984126984,0.0
2023-04-21,12.995406150817871,13.101806610090213,12.695548969275787,12.913187320594236,228888000,16.770000457763672,17.510000228881836,17.709999084472656,16.579999923706055,-0.017574648062325893,1.6949226778214053,0.7936507936507936,0.0
2023-04-24,12.918022155761719,13.140497004421455,12.642347541800493,12.966386333511224,215290800,16.889999389648438,18.219999313354492,18.239999771118164,16.739999771118164,-0.0035399038696332097,2.351013032540263,1.5873015873015872,0.0
2023-04-25,12.187726974487305,12.792276905315644,12.17321744405823,12.71005807782419,276576000,18.760000228881836,17.6200008392334,19.860000610351562,17.329999923706055,0.11467619215239933,12.57518332028397,8.73015873015873,0.0
2023-04-26,12.390857696533203,12.763259810202106,12.337656999236161,12.584313519699542,249724600,18.84000015258789,18.65999984741211,19.610000610351562,17.8700008392334,0.14459302554642184,13.012580366219261,9.523809523809524,0.0
2023-04-27,13.391990661621094,13.459699960380352,12.763258164320803,12.845476993872763,255631200,17.030000686645508,18.43000030517578,18.43000030517578,16.719999313354492,-0.008153720968337663,3.1164656842031495,2.380952380952381,0.0
2023-04-28,13.662829399108887,13.677338930559992,13.217880581778928,13.367808716893464,261072200,15.779999732971191,17.209999084472656,17.649999618530273,15.720000267028809,-0.0590340308747076,0.0,0.3968253968253968,0.0
2023-05-01,13.624137878417969,13.798248561359422,13.479046257613444,13.609628347349505,178002600,16.079999923706055,16.40999984741211,16.6200008392334,15.529999732971191,-0.047957341338852655,1.5814453690666765,0.7936507936507936,0.0
2023-05-02,13.261406898498535,13.648318472956204,13.038932051332907,13.609627315510437,249312000,17.780000686645508,16.270000457763672,19.809999465942383,16.260000228881836,-0.052238780931760154,10.54296745135243,4.365079365079365,0.0
2023-05-03,13.00024127960205,13.638646780103523,12.976059651407216,13.300098450555923,340267600,18.34000015258789,17.81999969482422,18.829999923706055,17.190000534057617,-0.026539277916689308,13.494994114819066,6.349206349206349,0.0
2023-05-04,12.855149269104004,13.096969233475765,12.71005765946893,12.95187762384069,242621600,20.09000015258789,19.170000076293945,21.329999923706055,18.670000076293945,0.1796828739027565,22.720086235885734,24.206349206349206,0.0
2023-05-05,13.643481254577637,13.764391230626584,13.072786942501331,13.116314607676545,195603200,17.190000534057617,19.5,19.6299991607666,16.690000534057617,0.08935366444527437,7.432792731885756,4.365079365079365,0.0
2023-05-08,13.754721641540527,13.803085825272408,13.454864440378929,13.590283970334179,151477000,16.979999542236328,17.729999542236328,17.8799991607666,16.829999923706055,0.0559701257960481,6.3257764489904655,3.1746031746031744,0.0
2023-05-09,13.488718032836914,13.648319180887881,13.450026873384255,13.537082212770239,129681400,17.709999084472656,17.290000915527344,17.860000610351562,17.219999313354492,-0.00393709783292806,10.173955320685678,5.158730158730158,0.0
2023-05-10,13.923994064331055,14.03523102713262,13.47904529065484,13.793411061492717,303102000,16.940000534057617,17.579999923706055,18.309999465942383,16.360000610351562,-0.07633585642760887,6.359653262018296,2.7777777777777777,0.0
2023-05-11,14.040067672729492,14.117449988683958,13.778901664530686,13.982030474528656,194683000,16.93000030517578,16.799999237060547,18.190000534057617,16.6299991607666,-0.15729217637686554,6.3048274479587425,2.7777777777777777,0.0
2023-05-12,13.894974708557129,14.170649315924397,13.624136611096121,14.112613041989153,210763400,17.030000686645508,16.829999923706055,17.920000076293945,16.3799991607666,-0.009307727890706552,6.853075131599469,4.563492063492063,0.0
2023-05-15,14.107778549194336,14.14646971150649,13.749885067189384,13.953013899945717,172935200,17.1200008392334,17.440000534057617,18.15999984741211,17.079999923706055,0.008245070716805802,7.3464970011806425,5.555555555555555,0.0
2023-05-16,14.160977363586426,14.383451286732841,14.00621181241115,14.01588483232272,159327000,17.989999771118164,17.540000915527344,18.299999237060547,17.260000228881836,0.015810316268790814,12.116227797858906,8.333333333333332,0.0
2023-05-17,14.668798446655273,14.741344248726838,14.136794360680595,14.291558984425246,202209200,16.8700008392334,17.959999084472656,18.260000228881836,16.68000030517578,-0.004132213259585571,5.975883020556229,2.380952380952381,0.0
2023-05-18,15.457131385803223,15.49582346493779,14.702653369607992,14.702653369607992,271867600,16.049999237060547,16.920000076293945,17.149999618530273,16.049999237060547,-0.05197879812478223,1.4802603802661158,0.7936507936507936,0.0
2023-05-19,15.350730895996094,15.592551777613675,15.210475799374827,15.49098599261736,198058400,16.809999465942383,16.1299991607666,17.360000610351562,15.850000381469727,-0.012918450489297073,5.646928136198909,2.380952380952381,0.0
2023-05-22,15.510332107543945,15.650588127317056,15.31687632377926,15.32171283368212,166624800,17.209999084472656,17.450000762939453,18.1299991607666,16.81999969482422,0.005256906590390464,7.839908413807008,7.936507936507936,0.0
2023-05-23,14.910619735717773,15.428114338583155,14.862255555853624,15.263676680527052,212630000,18.530000686645508,17.350000381469727,19.309999465942383,17.299999237060547,0.030016727203870275,15.076759015345948,13.095238095238097,0.0
2023-05-24,14.668798446655273,14.847745619403728,14.397960355102134,14.639780310320631,235945000,20.030000686645508,18.799999237060547,20.809999465942383,18.799999237060547,0.18731474156557937,23.300442899092424,28.968253968253972,0.0
2023-05-25,15.727972030639648,15.897245282000533,15.321714382433456,15.650589709311804,261747000,19.139999389648438,19.540000915527344,19.950000762939453,18.700000762939453,0.19252338314464645,18.421050017340246,21.428571428571427,0.0
2023-05-26,16.917724609375,17.048307612480407,15.85855382188438,15.86822684192255,252784400,17.950000762939453,19.06999969482422,19.559999465942383,17.270000457763672,0.06781685503957036,11.896934998575501,9.920634920634921,0.0
2023-05-30,17.15471076965332,17.73507727270114,16.946745429583142,17.560968428750865,270612800,17.459999084472656,17.559999465942383,18.34000015258789,16.979999542236328,0.01452643889014249,9.210522394431422,8.333333333333332,0.0
2023-05-31,16.806489944458008,17.212747616913017,16.637216682993493,16.91289133448723,210289000,17.940000534057617,18.040000915527344,18.399999618530273,17.1200008392334,-0.031840266094167013,11.842109184515948,10.317460317460316,0.0
2023-06-01,17.415874481201172,17.619004227658298,16.642051268364657,16.801653343790974,216759200,15.649999618530273,17.239999771118164,17.59000015258789,15.579999923706055,-0.2186720378414908,0.0,0.3968253968253968,0.0
2023-06-02,17.8076229095459,17.986569175448906,17.4158738837085,17.68187733362649,216505600,14.600000381469727,15.649999618530273,15.649999618530273,14.420000076293945,-0.23719953777188185,0.0,0.3968253968253968,0.0
2023-06-05,17.8463134765625,18.23322503686638,17.68187583281587,17.778602339186953,206261800,14.729999542236328,15.279999732971191,15.289999961853027,14.65999984741211,-0.17938724701066944,0.6694086521930139,0.7936507936507936,0.0
2023-06-06,17.82697105407715,17.97206268801005,17.536785941271127,17.74475129305303,159509000,13.960000038146973,14.90999984741211,14.970000267028809,13.949999809265137,-0.20045814603955314,0.0,0.3968253968253968,0.0
2023-06-07,16.917724609375,18.16551652020005,16.816160666384103,17.865658433836558,228485400,13.9399995803833,14.140000343322754,14.289999961853027,13.770000457763672,-0.22296548687836681,0.0,0.3968253968253968,0.0
2023-06-08,17.498092651367188,17.594821005450648,16.903215764422786,16.93707041161101,188153800,13.649999618530273,14.140000343322754,14.210000038146973,13.529999732971191,-0.12779553027157353,0.0,0.3968253968253968,0.0
2023-06-09,17.710893630981445,18.194533558550113,17.50776574697376,17.73991269081393,207944000,13.829999923706055,13.779999732971191,14.140000343322754,13.5,-0.05273975600308567,0.8836538918009949,0.7936507936507936,0.0
2023-06-12,18.61530303955078,18.62497421529051,17.81729636039959,17.96722541352607,154857400,15.010000228881836,14.4399995803833,15.020000457763672,14.319999694824219,0.019008872732320325,6.676487748258456,2.7777777777777777,0.0
2023-06-13,19.031230926513672,19.166651364454218,18.53308237802726,19.04090394671942,266534200,14.609999656677246,14.989999771118164,15.0600004196167,14.470000267028809,0.04656157713138187,4.712812953340562,2.380952380952381,0.0
2023-06-14,19.437488555908203,19.490689244584775,18.581445639328713,19.031230931852512,305313000,13.880000114440918,14.479999542236328,14.729999542236328,13.829999923706055,-0.004304122507063468,1.151153549668147,1.1904761904761905,0.0
2023-06-15,20.11941909790039,20.35640346062533,19.108611633309973,19.2198504338342,255874000,14.5,14.09000015258789,14.520000457763672,13.789999961853027,0.062271091957821545,4.254255854858226,2.380952380952381,0.0
2023-06-16,19.732507705688477,20.525676852715492,19.659962827083703,20.511168245982503,224810400,13.539999961853027,14.489999771118164,14.539999961853027,13.479999542236328,-0.020968905528042536,0.0,0.3968253968253968,0.0
2023-06-20,19.63578224182129,19.867931053307057,19.152142266949433,19.485855030372672,168249800,13.880000114440918,14.359999656677246,14.670000076293945,13.859999656677246,-0.07528315104663375,1.6923849371113773,1.7857142857142856,0.0
2023-06-21,18.848834991455078,19.513518562173008,18.67902640084821,19.44559512593026,199266600,13.199999809265137,13.880000114440918,13.890000343322754,13.100000381469727,-0.09650923207022077,0.0,0.3968253968253968,0.0
2023-06-22,19.47471046447754,19.498968578080053,18.552889192153984,18.615959917365434,210199200,12.90999984741211,13.880000114440918,13.979999542236328,12.729999542236328,-0.06988474488696927,0.0,0.3968253968253968,0.0
2023-06-23,18.89735221862793,19.26608022084261,18.62080575427323,18.839132397388717,225152400,13.4399995803833,13.239999771118164,13.800000190734863,12.880000114440918,-0.07310347721494481,2.557913618468436,1.1904761904761905,0.0
2023-06-26,18.150192260742188,19.246674597339148,18.116230541297252,18.8051703937801,216900000,14.25,14.430000305175781,14.710000038146973,13.779999732971191,0.05243722600792422,6.467181822600386,4.365079365079365,0.0
2023-06-27,19.047754287719727,19.16419578531318,18.242372969254014,18.36366534764207,195354000,13.739999771118164,14.109999656677246,14.34000015258789,13.59000015258789,-0.010086479983317576,4.005790901579343,2.380952380952381,0.0
2023-06-28,19.164196014404297,19.474704210665607,18.742099050785004,18.76150442497021,217352600,13.430000305175781,13.899999618530273,13.960000038146973,13.359999656677246,0.017424280245004642,2.50965457108224,1.1904761904761905,0.0
2023-06-29,19.033203125,19.193309980859723,18.761507483590385,19.096275691015208,198266400,13.539999961853027,13.640000343322754,13.850000381469727,13.40999984741211,0.0487993897666239,3.0405409137304056,2.1825396825396823,0.0
2023-06-30,19.891952514648438,20.06176112507322,19.54748256162956,19.60085151084165,184308800,13.59000015258789,13.510000228881836,13.59000015258789,12.960000038146973,0.01116075720891585,3.28185456136139,2.7777777777777777,0.0
2023-07-03,20.027795791625977,20.129682790283884,19.814321884045754,19.98898319514535,79868000,13.569999694824219,13.850000381469727,13.850000381469727,13.470000267028809,-0.04771931966145837,3.185327261238996,2.7777777777777777,0.0
2023-07-05,20.01324462890625,20.299494747326456,19.75125261866911,19.756105350770735,139007400,14.180000305175781,14.1899995803833,14.739999771118164,14.050000190734863,0.032023329067480066,6.129345477522008,6.349206349206349,0.0
2023-07-06,19.542631149291992,19.610554598049188,19.062314275494593,19.392229755836826,170473400,15.4399995803833,14.850000381469727,17.079999923706055,14.789999961853027,0.14966487189377697,12.210422702307817,9.126984126984127,0.0
2023-07-07,19.343708038330078,20.018093367829394,19.300042707963765,19.4989621350159,168624800,14.829999923706055,15.970000267028809,16.059999465942383,14.329999923706055,0.09527326185283713,9.266409088699806,8.73015873015873,0.0
2023-07-10,19.358266830444336,19.46015199725903,18.887651749288292,19.29034153512615,172013600,15.069999694824219,16.079999923706055,16.209999084472656,15.039999961853027,0.10890357068572198,10.424709074118532,9.523809523809524,0.0
2023-07-11,19.634815216064453,19.707589548978913,19.067165795300443,19.416488515770602,162478600,14.84000015258789,15.020000457763672,15.25,14.630000114440918,0.0935888346591538,9.314672738761004,9.126984126984127,0.0
2023-07-12,20.362567901611328,20.59059634609597,19.964728993355063,20.29464445641271,230335400,13.539999961853027,14.819999694824219,14.819999694824219,13.510000228881836,-0.045134014777781784,3.0405409137304056,2.380952380952381,0.0
2023-07-13,21.376571655273438,21.52212215431268,20.779813313670044,20.871994864547396,164773200,13.609999656677246,13.4399995803833,13.609999656677246,13.119999885559082,-0.11852331434199592,3.3783772588087833,3.968253968253968,0.0
2023-07-14,21.35716438293457,22.00729167131195,21.211613884206052,21.454198665678582,186056400,13.34000015258789,13.720000267028809,13.760000228881836,13.220000267028809,-0.10047200126659273,2.0752909258814674,1.1904761904761905,0.0
2023-07-17,21.949073791503906,22.109178799093385,21.400831618463826,21.48330956311822,145525200,13.479999542236328,13.779999732971191,14.0,13.430000305175781,-0.10550764331693885,2.7509636160382236,2.380952380952381,0.0
2023-07-18,22.473054885864258,22.72534329054884,21.497864840572483,21.842334799540343,196113200,13.300000190734863,13.609999656677246,13.670000076293945,13.289999961853027,-0.10377358126808867,1.8822409283116799,1.1904761904761905,0.0
2023-07-19,22.473054885864258,22.870893794965887,22.23047009491082,22.671974340415073,200573800,13.760000228881836,13.319999694824219,13.84000015258789,13.119999885559082,0.01624817338616147,4.102318201701738,6.349206349206349,0.0
2023-07-20,20.896251678466797,22.172248070929662,20.711886737354984,21.910256078419437,233862800,13.989999771118164,13.960000038146973,14.229999542236328,13.579999923706055,0.027920655696305197,5.212354537059266,8.73015873015873,0.0
2023-07-21,20.711889266967773,21.43479277516073,20.62455859213171,21.289242267358997,205108600,13.600000381469727,13.869999885559082,13.890000343322754,13.369999885559082,0.019490271807185655,3.3301182114225876,5.158730158730158,0.0
2023-07-24,20.79436492919922,21.012691572916555,20.47415313533871,20.852584750598925,126429200,13.90999984741211,14.289999961853027,14.300000190734863,13.729999542236328,0.03189913351469187,4.826254541919691,8.333333333333332,0.0
2023-07-25,21.21161460876465,21.48330838879855,20.90110637399729,20.90110637399729,138199200,13.859999656677246,14.020000457763672,14.09000015258789,13.819999694824219,0.04210522239935699,4.584940894288706,7.5396825396825395,0.0
2023-07-26,20.993288040161133,21.27468543538415,20.590596398634563,21.017546149111812,205764600,13.1899995803833,13.859999656677246,14.15999984741211,13.149999618530273,-0.04142446504485664,1.3513499829885132,0.7936507936507936,0.0
2023-07-27,20.81377410888672,22.167395725568852,20.595447444655754,21.885998353384995,261103200,14.40999984741211,13.140000343322754,15.020000457763672,12.739999771118164,0.030021449833117275,7.239381812879536,11.507936507936508,0.0
2023-07-28,21.939367294311523,22.11887950673947,21.410532419191423,21.49301035300767,204487600,13.329999923706055,14.029999732971191,14.180000305175781,13.270000457763672,-0.01985297427870314,2.0270272758202705,1.984126984126984,0.0
2023-07-31,21.9830322265625,22.1770989294746,21.74529834083468,21.99273583932434,159009200,13.630000114440918,13.979999542236328,14.09000015258789,13.569999694824219,-0.020129384330890843,3.474904558931178,6.746031746031746,0.0
2023-08-01,21.813220977783203,21.944216969091745,21.449343841073308,21.730743048500877,153056600,13.930000305175781,13.75,14.300000190734863,13.75,0.005050551964827177,4.9227818420420855,10.317460317460316,0.0
2023-08-02,20.38682746887207,21.201912571112782,20.149093542895525,21.19705983852284,258044000,16.09000015258789,15.699999809265137,16.479999542236328,14.949999809265137,0.21986358335580136,15.347490916160616,18.253968253968253,0.0
2023-08-03,20.24127197265625,20.600296363391664,19.916207447816333,19.945318283865724,201340200,15.920000076293945,16.770000457763672,17.420000076293945,15.720000267028809,0.10478835842271139,14.52702727582027,17.46031746031746,0.0
2023-08-04,19.959875106811523,20.944768706784224,19.877397171204436,20.566337047834114,247452800,17.100000381469727,16.010000228881836,17.389999389648438,14.569999694824219,0.2828207411358725,20.222009108141506,24.206349206349206,0.0
2023-08-07,20.454750061035156,20.474157289030547,19.862842562601614,20.246126987022517,149792200,15.770000457763672,16.899999618530273,17.360000610351562,15.770000457763672,0.15700662695192746,13.803090935602317,17.063492063492063,0.0
2023-08-08,19.93076515197754,20.032650308944373,19.406781171962606,20.032650308944373,188780000,15.989999771118164,16.280000686645508,18.139999389648438,15.960000038146973,0.14788222690684205,14.86486362089865,18.253968253968253,0.0
2023-08-09,19.266084671020508,19.993839082322694,19.13994138740254,19.96958097210099,199430600,15.960000038146973,15.8100004196167,16.8700008392334,15.380000114440918,-0.008079559553018978,14.720077273390059,18.253968253968253,0.0
2023-08-10,19.35341453552246,20.25583026375634,19.10112612810841,19.72699533972547,260554200,15.850000381469727,15.579999923706055,16.860000610351562,14.600000381469727,-0.004396965734218439,14.189190930741894,17.857142857142858,0.0
2023-08-11,18.965282440185547,19.2466798858757,18.72754848797239,18.93617159375881,201573800,14.84000015258789,15.529999732971191,16.510000228881836,14.84000015258789,-0.13216375312662954,9.314672738761004,15.277777777777779,0.0
2023-08-14,19.595996856689453,19.620254962831602,18.727542961066597,18.839133580715227,142553600,14.819999694824219,15.880000114440918,16.059999465942383,14.770000457763672,-0.060241010485942104,9.21814543863861,14.682539682539684,0.0
2023-08-15,18.994388580322266,19.57173967725183,18.86339258002229,19.440743676951854,162553600,16.459999084472656,14.949999809265137,16.56999969482422,14.90999984741211,0.029393328335340252,17.133199941674903,21.626984126984127,0.0
2023-08-16,18.363664627075195,19.125380585401448,18.34911013448767,18.882795838144048,190222000,16.780000686645508,16.540000915527344,16.93000030517578,15.800000190734863,0.051378486625225595,18.677609127583207,22.61904761904762,0.0
2023-08-17,17.74264907836914,18.611102957482956,17.67472564215239,18.55773401451984,210232800,17.889999389648438,16.959999084472656,18.1299991607666,16.399999618530273,0.12870655893255867,24.03474540947606,31.349206349206348,0.0
2023-08-18,17.66016960144043,17.859089011834264,17.160443784480567,17.23807082632268,247002000,17.299999237060547,17.799999237060547,18.8799991607666,17.139999389648438,0.16576813067240215,21.187254493315443,29.365079365079367,0.0
2023-08-21,18.514068603515625,18.620806488977934,17.810572437175058,17.88819948548179,191487200,17.1299991607666,18.030000686645508,18.110000610351562,16.8799991607666,0.15587041251756117,20.366790852975093,28.174603174603174,0.0
2023-08-22,18.43159294128418,18.911909783388552,18.3248550426943,18.907058901986762,180368000,16.969999313354492,16.959999084472656,17.579999923706055,16.610000610351562,0.030984219759947473,19.594590862695945,25.793650793650798,0.0
2023-08-23,19.3000431060791,19.465000818557336,18.572288818811867,18.606250537489018,175454000,15.979999542236328,16.639999389648438,17.100000381469727,15.90999984741211,-0.047675870779067764,14.816599970837451,19.841269841269842,0.0
2023-08-24,18.028902053833008,19.84828803282897,17.999791211890027,19.833733537245045,232397200,17.200000762939453,15.569999694824219,17.31999969482422,15.479999542236328,-0.038568957532118975,20.704636403403477,30.158730158730158,0.0
2023-08-25,18.455852508544922,18.708140929204365,17.63591467870793,18.159898748717975,278289400,15.680000305175781,17.209999084472656,17.360000610351562,15.449999809265137,-0.09364156088598885,13.368727290401544,17.857142857142858,0.0
2023-08-28,18.868242263793945,19.004089136621264,18.475256138607826,18.89735310116044,182641000,15.079999923706055,16.239999771118164,16.280000686645508,15.0,-0.11967304947426538,10.47297272417973,17.063492063492063,0.0
2023-08-29,20.071460723876953,20.144236885659243,18.771206378841047,18.824575317378105,187495600,14.449999809265137,15.079999923706055,15.300000190734863,14.34000015258789,-0.14849732504739988,7.432431810449325,13.095238095238097,0.0
2023-08-30,20.406232833862305,20.51296888101451,19.930766876111473,20.100575485745686,185958200,13.880000114440918,14.529999732971191,14.699999809265137,13.829999923706055,-0.13141423579174427,4.681468194411101,9.523809523809524,0.0
2023-08-31,20.590595245361328,20.852587249214753,20.386824920658647,20.396528533850436,162242800,13.569999694824219,13.979999542236328,14.0,13.4399995803833,-0.21104656436624902,3.185327261238996,5.357142857142857,0.0
2023-09-01,20.517818450927734,21.0369496641146,20.255826478634898,20.964173499330563,165058400,13.09000015258789,13.5600004196167,13.5600004196167,13.020000457763672,-0.16517857794511415,0.8687272904015447,0.7936507936507936,0.0
2023-09-05,20.571191787719727,20.774962131421052,20.212165469249342,20.36256871158257,123778600,14.010000228881836,14.149999618530273,14.470000267028809,13.699999809265137,-0.07095488728366361,5.30888183718166,13.095238095238097,0.0
2023-09-06,20.027795791625977,20.493559904816475,19.688178632015326,20.4450418457473,148058200,14.449999809265137,14.270000457763672,15.300000190734863,14.130000114440918,0.0,7.432431810449325,14.880952380952381,0.0
2023-09-07,19.59114646911621,19.697882508984463,19.10597693095625,19.28063826081782,168623000,14.399999618530273,14.8100004196167,15.6899995803833,14.399999618530273,0.03746394090792138,7.19111816281834,14.285714285714285,0.0
2023-09-08,19.649368286132812,20.008394595084678,19.48926143394783,19.557186730822583,149541600,13.84000015258789,14.220000267028809,14.869999885559082,13.579999923706055,0.01989686542636049,4.488418196841313,9.523809523809524,0.0
2023-09-11,20.31890106201172,20.420786222271698,19.814324291045732,20.129685235593207,141712800,13.800000190734863,14.170000076293945,14.329999923706055,13.739999771118164,0.054239880051231815,4.295368199271525,9.126984126984127,0.0
2023-09-12,19.668773651123047,20.284939190749586,19.600850211455935,20.05690891406006,155524200,14.229999542236328,14.020000457763672,14.420000076293945,13.710000038146973,0.015703019968619225,6.370654522477992,14.682539682539684,0.0
2023-09-13,19.862842559814453,20.129687317775822,19.49896536344,19.688183060205823,170849400,13.479999542236328,14.420000076293945,14.680000305175781,13.40999984741211,-0.06712804704722963,2.7509636160382236,4.166666666666666,0.0
2023-09-14,20.32860565185547,20.49356337910665,19.794918016266347,20.134537084227603,152379800,12.819999694824219,13.390000343322754,13.460000038146973,12.789999961853027,-0.10972221983067776,0.0,0.3968253968253968,0.0
2023-09-15,19.285491943359375,20.17820409728425,19.13023781665724,20.110280648198962,179839600,13.789999961853027,12.699999809265137,14.170000076293945,12.680000305175781,-0.0036127305045956515,4.661221542607746,9.920634920634921,0.0
2023-09-18,19.32915496826172,19.513519915690747,19.08171931181812,19.130235526563936,124798200,14.0,14.399999618530273,14.75,13.859999656677246,0.014492739601511984,5.67035188517707,15.079365079365079,0.0
2023-09-19,19.21271324157715,19.32430386560844,18.72754369658,19.120531694306667,148741400,14.109999656677246,14.109999656677246,14.880000114440918,13.859999656677246,-0.008432880493278172,6.198942223563242,15.873015873015872,0.0
2023-09-20,18.379663467407227,19.42645299058779,18.355319913743653,19.363158265227224,196038400,15.140000343322754,14.180000305175781,15.149999618530273,13.569999694824219,0.12314546420311179,11.148488685234703,23.41269841269841,0.0
2023-09-21,17.33287811279297,17.907395032436607,17.318272348540948,17.79541317281719,216821200,17.540000915527344,15.489999771118164,17.540000915527344,15.100000381469727,0.36817483097200987,22.68140754070828,38.88888888888889,0.0
2023-09-22,17.347484588623047,17.90739384974086,17.293927646843425,17.590923882316293,188181200,17.200000762939453,17.309999465942383,17.40999984741211,15.930000305175781,0.24728069691946608,21.047577025808508,37.5,0.0
2023-09-25,17.576318740844727,17.595794332837848,17.045620931447644,17.191686014101357,162538400,16.899999618530273,17.25,18.40999984741211,16.790000915527344,0.20714282989501953,19.60595701325905,32.142857142857146,0.0
2023-09-26,16.792442321777344,17.27445105523623,16.636639474143365,17.19168259168454,210679400,18.940000534057617,18.030000686645508,19.5,17.170000076293945,0.34231048865367475,29.408940102657695,50.39682539682539,0.0
2023-09-27,16.89468765258789,17.172208303723167,16.373727703453635,16.948244595314776,256871600,18.219999313354492,18.290000915527344,19.709999084472656,18.030000686645508,0.20343453766103248,25.949059404969592,43.25396825396825,0.0
2023-09-28,17.30366325378418,17.610395387805895,16.617164606654242,16.743752206160863,268145800,17.34000015258789,18.219999313354492,18.770000457763672,17.059999465942383,-0.011402551453825849,21.720327532341976,39.285714285714285,0.0
2023-09-29,17.34261131286621,18.014504149848854,17.15272899872404,17.810016075324683,286858200,17.520000457763672,16.8700008392334,17.739999771118164,15.829999923706055,0.018604632594767967,22.585297706764003,40.07936507936508,0.0
2023-10-02,17.756460189819336,17.96581810166195,17.274449638594817,17.366955888618282,236463200,17.610000610351562,17.309999465942383,18.549999237060547,16.93000030517578,0.042011893955476554,23.017782793975012,40.87301587301587,0.0
2023-10-03,16.81678581237793,17.717510400330518,16.573346533764333,17.386432832832483,266539000,19.780000686645508,17.809999465942383,20.479999542236328,17.520000457763672,0.04435058758722921,33.44546147293499,59.523809523809526,0.0
2023-10-04,17.498416900634766,17.620136555401466,16.865475067306832,16.933637776809057,252759200,18.579999923706055,20.719999313354492,20.8799991607666,18.299999237060547,0.01975854137863209,27.678999753813642,48.41269841269841,0.0
2023-10-05,17.313404083251953,17.52763000355831,16.797312086743382,17.474073059158094,218006200,18.489999771118164,18.670000076293945,19.579999923706055,18.260000228881836,0.06632062332240762,27.24651466660263,47.023809523809526,0.0
2023-10-06,18.184913635253906,18.35045242142194,16.753491324714545,16.870342997366116,294897400,17.450000762939453,18.729999542236328,19.93000030517578,17.190000534057617,-0.003995416266852847,22.248922453497265,39.682539682539684,0.0
2023-10-09,18.452695846557617,18.545202092699338,17.5957886486258,17.824622137384992,210966000,17.700000762939453,19.540000915527344,19.600000381469727,17.559999465942383,0.005110741026038701,23.45026788118603,41.66666666666667,0.0
2023-10-10,18.754562377929688,19.168408411538344,18.42835277652173,18.506253271929044,216109600,17.030000686645508,17.700000762939453,17.860000610351562,16.510000228881836,-0.13902931772174643,20.23066176835862,34.92063492063492,0.0
2023-10-11,19.153799057006836,19.187880401275123,18.696133964479838,18.959046926364643,191710800,16.09000015258789,16.950000762939453,17.780000686645508,16.09000015258789,-0.13401505819928428,15.713600393898172,28.76984126984127,0.0
2023-10-12,18.929838180541992,19.49948518160209,18.559809449562678,19.21709659381768,236509200,16.690000534057617,16.079999923706055,18.079999923706055,15.4399995803833,-0.0973498788178565,18.65060645413686,30.158730158730158,0.0
2023-10-13,18.214126586914062,19.12458896065554,17.999900692296738,19.03208270424462,259511000,19.31999969482422,16.530000686645508,20.780000686645508,16.5,0.10716325788685888,33.854165321423004,59.92063492063492,0.0
2023-10-16,18.827590942382812,18.98826174092256,18.389401401199525,18.413744955049577,173152200,17.209999084472656,19.100000381469727,19.56999969482422,17.139999389648438,-0.02768370945456511,22.864579245862195,39.88095238095239,0.0
2023-10-17,18.647451400756836,18.900628514534333,17.94147700659001,18.26768665873789,210387000,17.8799991607666,17.40999984741211,18.540000915527344,16.969999313354492,0.04991182852902876,27.27762347048386,45.23809523809524,0.0
2023-10-18,17.858707427978516,18.58902533744123,17.688300658688345,18.24334197271289,263165200,19.219999313354492,18.360000610351562,20.149999618530273,17.8799991607666,0.19453071044646175,35.6744672687183,60.71428571428571,0.0
2023-10-19,17.38156509399414,18.262814105543946,17.25497562735864,18.08753938275486,370050400,21.399999618530273,19.729999542236328,21.399999618530273,18.549999237060547,0.28220484923660916,47.8260851075095,76.5873015873016,0.0
2023-10-20,16.597688674926758,17.381563382390752,16.563607327410423,17.293925100978992,277722800,21.709999084472656,21.59000015258789,21.829999923706055,20.420000076293945,0.1237059745031317,51.80652371036666,78.96825396825396,0.0
2023-10-23,16.743755340576172,17.240371752765217,16.09620774579362,16.39320214202049,263599000,20.3700008392334,21.829999923706055,23.079999923706055,19.479999542236328,0.18361428953309966,44.33353399879601,69.44444444444444,0.0
2023-10-24,17.216022491455078,17.328004313395596,16.748619619713633,16.992058847574043,245074600,18.969999313354492,20.030000686645508,20.239999771118164,18.649999618530273,0.06096198007545972,36.11273852356886,56.15079365079365,0.0
2023-10-25,15.955011367797852,16.884949385871106,15.862505105769722,16.86060582821048,328363200,20.190000534057617,19.389999389648438,21.239999771118164,18.860000610351562,0.05046832754198616,47.12276935324781,68.65079365079364,0.0
2023-10-26,15.025074005126953,15.891717325250546,14.835190718231914,15.76512970551684,374047400,20.68000030517578,21.780000686645508,21.959999084472656,20.219999313354492,-0.03364482832658766,53.94647065877231,73.4126984126984,0.0
2023-10-27,15.239298820495605,15.692096037721889,15.068892064461775,15.37562515396984,294702200,21.270000457763672,20.389999389648438,22.06999969482422,19.719999313354492,-0.02026709559023787,57.99588840033534,77.38095238095238,0.0
2023-10-30,15.73104476928711,15.916057259279317,15.375622763809929,15.555768214731076,264305600,19.75,21.1299991607666,21.15999984741211,19.549999237060547,-0.030436956980347984,50.58394101643021,64.28571428571429,0.0
2023-10-31,15.959878921508789,16.013435861346498,15.385362989287646,15.73591522518232,222923600,18.139999389648438,19.860000610351562,19.860000610351562,17.969999313354492,-0.043753292237694086,38.83211239823878,47.22222222222222,0.0
2023-11-01,16.78270721435547,16.860607721995898,16.05238925874097,16.066995023518984,332635600,16.8700008392334,18.020000457763672,18.420000076293945,16.6299991607666,-0.16443782105026983,29.562050502690752,32.34126984126984,0.0
2023-11-02,17.673690795898438,17.7126419709641,17.23550122017522,17.410775936087955,234134000,15.65999984741211,16.59000015258789,16.6200008392334,15.579999923706055,-0.24274663364039062,20.729926966650357,24.6031746031746,0.0
2023-11-03,18.29689598083496,18.491646277733953,17.834361007596797,17.868442355986478,228661200,14.90999984741211,15.699999809265137,15.829999923706055,14.90999984741211,-0.29901271619531755,15.255474716772666,22.22222222222222,0.0
2023-11-06,18.506254196166992,18.60363028461286,18.17030864118788,18.408879965015533,183599600,14.890000343322754,15.390000343322754,15.579999923706055,14.84000015258789,-0.24607593198365807,15.109492943228119,22.22222222222222,0.0
2023-11-07,19.027212142944336,19.168405492478623,18.486776725790037,18.671789213398835,204502200,14.8100004196167,15.100000381469727,15.170000076293945,14.710000038146973,-0.18357216549477928,14.525551926797913,20.634920634920633,0.0
2023-11-08,19.061296463012695,19.197621866165782,18.710743303711247,19.085640019676557,187960200,14.449999809265137,14.90999984741211,15.09000015258789,14.300000190734863,-0.14344996500179374,11.897810391735975,18.650793650793652,0.0
2023-11-09,18.60849952697754,19.33394755569539,18.530599030122715,19.1538030049613,258365200,15.289999961853027,14.609999656677246,15.569999694824219,14.130000114440918,-0.02362706827358152,18.029198025379152,25.396825396825395,0.0
2023-11-10,19.85003662109375,19.87924999965077,18.78377337723253,18.86654183053631,248927600,14.170000076293945,15.09000015258789,15.449999809265137,14.15999984741211,-0.049631105210682036,9.854016834230253,16.26984126984127,0.0
2023-11-13,19.669893264770508,19.830562213141178,19.35342147880322,19.596860742687536,180430400,14.760000228881836,15.15999984741211,15.1899995803833,14.579999923706055,-0.00873069922387304,14.16058705124753,21.428571428571427,0.0
2023-11-14,20.906564712524414,21.072103497332982,20.59009476267772,20.6777330521231,233552400,14.15999984741211,14.829999923706055,14.859999656677246,13.90999984741211,-0.04388930140363989,9.781022466894973,16.26984126984127,0.0
2023-11-15,20.96499252319336,21.315543841173444,20.741026962715544,21.237643341922936,218432600,14.180000305175781,14.210000038146973,14.350000381469727,13.970000267028809,-0.018685087034827186,9.927011201565529,17.261904761904763,0.0
2023-11-16,20.999074935913086,21.03802425885794,20.609572419992055,20.81892851324783,178045000,14.319999694824219,14.119999885559082,14.420000076293945,13.680000305175781,-0.06344017458789142,10.948904499755386,18.650793650793652,0.0
2023-11-17,21.013675689697266,21.179214451657153,20.726417304451992,20.877350305951733,157517000,13.800000190734863,14.180000305175781,14.1899995803833,13.670000076293945,-0.02611149495885201,7.153287892959044,10.515873015873016,0.0
2023-11-20,21.763473510742188,21.885193159172182,21.003942235913012,21.0088120619351,165655600,13.40999984741211,14.260000228881836,14.3100004196167,13.390000343322754,-0.09146343906066445,4.3065702170172795,3.571428571428571,0.0
2023-11-21,21.369098663330078,21.50055609102047,21.076972284436458,21.466474742059358,148275200,13.350000381469727,13.449999809265137,14.3100004196167,13.130000114440918,-0.0572033527309973,3.8686179352576295,3.571428571428571,0.0
2023-11-22,21.617406845092773,22.114021296804978,21.446998250181124,21.700175301280094,171446400,12.850000381469727,13.079999923706055,13.25,12.819999694824219,-0.0937940687646246,0.21898310200583454,0.7936507936507936,0.0
2023-11-24,21.51029396057129,21.641751388725833,21.34962315150655,21.54437530965274,63975400,12.460000038146973,13.029999732971191,13.170000076293945,12.449999809265137,-0.1298882469494409,0.0,0.3968253968253968,0.0
2023-11-27,21.446998596191406,21.782945966191768,21.310673203898023,21.427523009494017,121856400,12.6899995803833,13.140000343322754,13.279999732971191,12.640000343322754,-0.08043482572535054,1.6358430680800673,0.7936507936507936,0.0
2023-11-28,21.617406845092773,21.71478106242041,21.26198389412916,21.325278621227437,158349000,12.6899995803833,12.779999732971191,14.300000190734863,12.5600004196167,-0.05369129569138331,1.6358430680800673,0.992063492063492,0.0
2023-11-29,21.539506912231445,22.26495487941575,21.485949976943843,22.026385440599935,177523200,12.979999542236328,12.710000038146973,13.100000381469727,12.479999542236328,-0.027715417877213877,3.698431639901271,2.7777777777777777,0.0
2023-11-30,21.35936164855957,21.6466200697735,20.857877332165227,21.568719575408416,186394600,12.920000076293945,13.069999694824219,13.390000343322754,12.819999694824219,0.00544744690631771,3.2716929190498067,2.7777777777777777,0.0
2023-12-01,21.539506912231445,21.636881132069792,20.896825546074382,21.17434801595508,172937600,12.630000114440918,12.9399995803833,12.960000038146973,12.479999542236328,0.013643665792414161,1.209104347228603,0.7936507936507936,0.0
2023-12-04,20.92603874206543,20.96985788352436,20.317440586965944,20.89195739396339,181143600,13.079999923706055,13.279999732971191,13.699999809265137,12.979999542236328,0.030732888590921048,4.409671885173275,3.968253968253968,0.0
2023-12-05,21.076974868774414,21.27659501886332,20.57548865188223,20.599834067520312,167540400,12.850000381469727,13.260000228881836,13.760000228881836,12.8100004196167,0.012608416578181902,2.7738288170932073,2.579365079365079,0.0
2023-12-06,20.702075958251953,21.57845696787678,20.648519021129758,21.558981380324298,163000600,12.970000267028809,12.779999732971191,13.029999732971191,12.640000343322754,-0.0007703602126473141,3.627313041685808,3.968253968253968,0.0
2023-12-07,21.5687198638916,21.685571535649274,20.98933504538286,21.169479592768887,162755400,13.0600004196167,13.170000076293945,13.279999732971191,12.949999809265137,0.010835939821674634,4.267427905852678,4.761904761904762,0.0
2023-12-08,21.826766967773438,21.909535432349927,21.2230367297614,21.25225011229716,181789000,12.350000381469727,13.140000343322754,13.239999771118164,12.350000381469727,-0.022169416503096007,0.0,0.3968253968253968,0.0
2023-12-11,22.38180923461914,22.435366176346424,21.7147842332995,21.7488655857997,151540000,12.630000114440918,13.050000190734863,13.140000343322754,12.609999656677246,-0.034403655343266615,1.9760037506254071,1.3888888888888888,0.0
2023-12-12,22.922245025634766,22.931980963065335,22.187057310899466,22.386677459526013,142899400,12.069999694824219,12.6899995803833,12.739999771118164,11.8100004196167,-0.060700440738531314,0.0,0.3968253968253968,0.0
2023-12-13,23.73046112060547,23.891130074798518,22.931978746002105,23.068306001677644,230081400,12.1899995803833,12.199999809265137,12.460000038146973,11.819999694824219,-0.06013883350707072,0.8304489911644224,0.7936507936507936,0.0
2023-12-14,23.691511154174805,24.21247107576099,23.15107564402789,23.978769584915312,202697800,12.479999542236328,11.960000038146973,12.739999771118164,11.84000015258789,-0.04441047923009134,2.837369036433921,1.984126984126984,0.0
2023-12-15,23.973899841308594,24.24168266366077,23.710984987088985,23.82783479521267,156731000,12.279999732971191,12.119999885559082,12.539999961853027,12.010000228881836,-0.005668068529258163,1.4532873844932168,1.1904761904761905,0.0
2023-12-18,24.475383758544922,24.636052706552842,24.03719234162481,24.095619102076945,116436000,12.5600004196167,12.619999885559082,12.640000343322754,12.399999618530273,-0.005542335248610364,3.391008297032113,2.7777777777777777,0.0
2023-12-19,24.840545654296875,24.860021243466914,24.51920586216885,24.548417388629503,120349600,12.529999732971191,12.600000381469727,12.600000381469727,12.329999923706055,0.03811102317958026,3.1833910993745747,2.7777777777777777,0.0
2023-12-20,23.736835479736328,25.07184884544663,23.69771330697149,24.685525783909252,176165000,13.670000076293945,12.630000114440918,13.930000305175781,12.289999961853027,0.12141103747799376,11.072666415169454,17.46031746031746,0.0
2023-12-21,24.52414894104004,24.58283032865254,23.93243826475979,24.39700375819066,149089400,13.649999618530273,13.399999618530273,14.489999771118164,13.34000015258789,0.09375000955202673,10.934254950064428,17.261904761904763,0.0
2023-12-22,24.621950149536133,24.91046960902935,24.274749303580055,24.744204126178214,132420000,13.029999732971191,13.720000267028809,13.960000038146973,13.0,0.061074919894850366,6.64359852913729,7.936507936507936,0.0
2023-12-26,25.071847915649414,25.18921069869576,24.753986802790614,24.76376734561911,87371200,12.989999771118164,13.770000457763672,13.800000190734863,12.960000038146973,0.03423561601398317,6.366782198749149,7.936507936507936,0.0
2023-12-27,25.203880310058594,25.26256169660951,24.949591814407775,25.1109660937847,111495600,12.430000305175781,13.020000457763672,13.039999961853027,12.369999885559082,-0.007980800472985883,2.4913535733151777,1.984126984126984,0.0
2023-12-28,25.14031219482422,25.43372104525396,25.071850254087142,25.389709531144703,85768200,12.470000267028809,12.4399995803833,12.649999618530273,12.380000114440918,-0.08778345300422752,2.7681699037033187,2.7777777777777777,0.0
2023-12-29,24.79311180114746,25.19410477560013,24.45080022490913,25.12564283344207,134245400,12.449999809265137,12.550000190734863,13.1899995803833,12.359999656677246,-0.08791207639567267,2.629758438598293,2.380952380952381,0.0
2024-01-02,23.536338806152344,24.172059184547813,23.115784779775197,24.13293701211838,176270600,13.199999809265137,13.220000267028809,14.229999542236328,13.100000381469727,0.013046821164836686,7.820069583242366,11.706349206349206,0.0
2024-01-03,22.783252716064453,23.247818232089706,22.705010240293195,23.066880991192356,167812200,14.039999961853027,13.350000381469727,14.220000267028809,13.329999923706055,0.08083142488342632,13.633219121215234,27.77777777777778,0.0
2024-01-04,22.401819229125977,22.969077603029685,22.362697061399277,22.431158989473367,143735400,14.130000114440918,13.930000305175781,14.199999809265137,13.640000343322754,0.1367658702757446,14.256057514544027,28.57142857142857,0.0
2024-01-05,22.484954833984375,22.94462918970384,22.23555750168235,22.426273437933535,170481600,13.350000381469727,14.239999771118164,14.579999923706055,13.289999961853027,0.07056937414569875,8.858135772064326,13.690476190476192,0.0
2024-01-08,23.839527130126953,23.912880267475686,22.656109448005328,22.6854492105866,135374200,13.079999923706055,14.0,14.180000305175781,13.020000457763672,0.05060241960582834,6.989620592077943,10.515873015873016,0.0
2024-01-09,23.996013641357422,24.162279146764043,23.282050768619307,23.306501194175123,148431600,12.760000228881836,13.199999809265137,13.449999809265137,12.739999771118164,-0.033333302025842726,4.775089948972817,6.349206349206349,0.0
2024-01-10,24.47036361694336,24.651299033319248,23.883543983200585,24.044918309847137,147621000,12.6899995803833,12.859999656677246,12.949999809265137,12.670000076293945,-0.09615387358530669,4.290656420927138,5.952380952380952,0.0
2024-01-11,24.587718963623047,24.925141129999396,23.668370410685977,24.670852637022882,190228400,12.4399995803833,12.640000343322754,13.3100004196167,12.350000381469727,-0.11960371694055616,2.56055270604578,2.380952380952381,0.0
2024-01-12,24.617063522338867,24.930033438538278,24.3725555421271,24.778437819245756,128214000,12.699999809265137,12.65999984741211,13.079999923706055,12.470000267028809,-0.048689180047276515,4.35986215347965,7.142857142857142,0.0
2024-01-16,24.602392196655273,24.89580100951129,24.12315680741832,24.392115196777624,145874000,13.84000015258789,14.119999885559082,14.350000381469727,13.520000457763672,0.058103993372692564,12.24913746927453,25.595238095238095,0.0
2024-01-17,24.17694664001465,24.250299774881764,23.40919178764905,23.996011270242857,166554600,14.789999961853027,14.59000015258789,15.399999618530273,14.380000114440918,0.159090885310202,18.823530265859308,38.492063492063494,0.0
2024-01-18,25.213665008544922,25.291907491993673,24.504591452976157,24.739318903322406,182140800,14.130000114440918,14.850000381469727,14.890000343322754,13.890000343322754,0.11347522314213676,14.256057514544027,31.547619047619047,0.0
2024-01-19,26.670927047729492,26.710047348837232,25.47772708405841,25.585311176637955,186359400,13.300000190734863,13.800000190734863,14.579999923706055,13.279999732971191,0.06913188419296268,8.512113709123673,14.484126984126986,0.0
2024-01-22,26.778512954711914,27.345771389582502,26.65625896559801,27.09637407258719,149656600,13.1899995803833,13.770000457763672,13.84000015258789,13.170000076293945,0.038582659722615986,7.750863850689853,13.293650793650794,0.0
2024-01-23,27.096372604370117,27.130603570231376,26.5437840811919,26.900765486207714,112172000,12.550000190734863,13.199999809265137,13.289999961853027,12.529999732971191,-0.09320808870163311,3.3218025644796,4.761904761904762,0.0
2024-01-24,27.541379928588867,28.31402607476671,27.443576359200186,27.849460519256432,179718600,13.140000343322754,12.65999984741211,13.180000305175781,12.40999984741211,-0.11156184062109664,7.40484838757111,13.492063492063492,0.0
2024-01-25,27.619619369506836,28.133085720444,27.15016452667558,28.001051196126262,151395200,13.449999809265137,13.180000305175781,13.579999923706055,13.0600004196167,-0.04812457888664967,9.550173298123724,19.047619047619047,0.0
2024-01-26,27.111042022705078,27.57560752132768,26.98389870388249,27.228406664689363,128382600,13.260000228881836,13.729999542236328,14.100000381469727,13.199999809265137,-0.003007515885668388,8.235297378735531,15.476190476190476,0.0
2024-01-29,27.908140182495117,27.971712778469094,27.062142810871464,27.194177341533813,115977200,13.600000381469727,13.979999542236328,15.350000381469727,13.59000015258789,0.03108421638588954,10.588239486945685,23.214285714285715,0.0
2024-01-30,27.350664138793945,27.83478891838166,27.189287968632748,27.72231546589716,119554400,13.3100004196167,13.6899995803833,13.739999771118164,13.229999542236328,0.06055778624154229,8.581319441676186,16.666666666666664,0.0
2024-01-31,25.74180030822754,26.88609775024052,25.712460543975848,26.49977468704495,203451600,14.350000381469727,13.420000076293945,14.609999656677246,13.180000305175781,0.09208523641796162,15.778550631589757,38.095238095238095,0.0
2024-02-01,26.6513671875,26.71982911666599,25.87383181328347,26.05965838205377,162261400,13.880000114440918,14.210000038146973,14.630000114440918,13.869999885559082,0.03197028336606911,12.52595379966267,30.357142857142854,0.0
2024-02-02,27.991275787353516,28.206442149078157,26.793186251649267,26.983902187226462,198505000,13.850000381469727,13.949999809265137,14.229999542236328,13.390000343322754,0.04449473170466467,12.318343201827043,29.365079365079367,0.0
2024-02-05,27.849458694458008,28.079294922196574,27.174616161886995,27.96682147767604,139947800,13.670000076293945,14.369999885559082,14.529999732971191,13.579999923706055,0.005147036239763203,11.072666415169454,25.992063492063494,0.0
2024-02-06,27.688085556030273,28.18688210273679,27.208850097143156,28.059738762806738,140124200,13.0600004196167,13.569999694824219,13.779999732971191,12.979999542236328,-0.018782869430382765,6.851215726794828,12.103174603174603,0.0
2024-02-07,28.514522552490234,28.685677399834045,27.957042766610545,28.211331300841298,131823400,12.829999923706055,13.0600004196167,13.130000114440918,12.8100004196167,-0.10592337403185448,5.259516877196586,8.73015873015873,0.0
2024-02-08,28.631885528564453,28.798151037965674,28.372707653639704,28.514522736897675,98922200,12.789999961853027,12.949999809265137,13.170000076293945,12.739999771118164,-0.07853026971187427,4.982700546808445,8.333333333333332,0.0
2024-02-09,29.472991943359375,29.63925744330717,28.710126379108114,28.866611336065116,110222000,12.930000305175781,12.789999961853027,13.010000228881836,12.6899995803833,-0.0664259964588042,5.951561003077893,11.11111111111111,0.0
2024-02-12,29.125789642333984,29.898433846475456,28.988863912583444,29.443648879529448,116255000,13.930000305175781,13.479999542236328,13.9399995803833,13.34000015258789,0.019019767917391572,12.871975862603325,34.32539682539682,0.0
2024-02-13,27.74676513671875,28.299351803412918,27.111042925102552,27.50225716777337,188933000,15.850000381469727,13.960000038146973,17.940000534057617,13.430000305175781,0.21362939297171257,26.159172920877904,53.37301587301587,0.0
2024-02-14,28.626996994018555,28.729689905974947,27.805449967471432,28.26512433440575,156151400,14.380000114440918,15.380000114440918,15.470000267028809,14.220000267028809,0.12081061574060659,15.986161229425386,41.66666666666667,0.0
2024-02-15,28.866609573364258,28.954632589458544,28.23088924136487,28.759027337930583,130057200,14.010000228881836,14.270000457763672,14.640000343322754,13.9399995803833,0.0953870422726768,13.425608523379607,36.7063492063492,0.0
2024-02-16,28.07440757751465,28.95463597596031,27.92770315534836,28.930185549840584,151933000,14.239999771118164,13.9399995803833,14.710000038146973,13.75,0.10131472815340925,15.017300773155936,40.87301587301587,0.0
2024-02-20,27.42401695251465,27.961933782348492,26.67582123737379,27.668524941611473,163321000,15.420000076293945,15.09000015258789,15.90999984741211,15.069999694824219,0.10696336959623354,23.183392419338958,51.98412698412699,0.0
2024-02-21,27.081707000732422,27.101266223279683,26.3188413579484,26.881210512400777,152898600,15.34000015258789,15.539999961853027,16.1200008392334,15.220000267028809,-0.032176669817502224,22.629759758562678,51.98412698412699,0.0
2024-02-22,29.424087524414062,29.63436452291906,28.602542480690577,28.744355682224867,179279200,14.539999961853027,14.279999732971191,14.640000343322754,14.119999885559082,0.011126553973489273,17.09342655097795,45.23809523809524,0.0
2024-02-23,29.155132293701172,29.937558983343,28.95952702037666,29.746843049036233,140390800,13.75,14.3100004196167,14.3100004196167,13.640000343322754,-0.018558188767609063,11.626299075945735,28.57142857142857,0.0
2024-02-26,29.116008758544922,29.52189100816268,29.062216708071404,29.31161401019223,109875400,13.739999771118164,14.170000076293945,14.199999809265137,13.65999984741211,-0.035112360114928465,11.557093343393223,28.373015873015873,0.0
2024-02-27,29.29694175720215,29.384964766223092,28.788364786291712,29.321392178497394,109399800,13.430000305175781,13.630000114440918,13.75,13.40999984741211,-0.12905316220961016,9.411768432840608,20.833333333333336,0.0
2024-02-28,28.82259750366211,29.111116969582728,28.631881594323474,28.86660901085162,123503400,13.84000015258789,13.520000457763672,13.899999618530273,13.4399995803833,-0.09778357138718452,12.24913746927453,32.142857142857146,0.0
2024-02-29,29.51700210571289,29.756618868973817,28.744356033766472,29.38007824099236,136959800,13.399999618530273,14.140000343322754,14.149999618530273,13.300000190734863,-0.07840442546861381,9.204151235183069,20.238095238095237,0.0
2024-03-01,30.871578216552734,31.057402939069537,29.697939161073013,29.707719704170927,140959600,13.109999656677246,13.34000015258789,13.65999984741211,13.079999923706055,-0.04654547951438215,7.197231189913571,15.079365079365079,0.0
2024-03-04,30.50481605529785,30.944929299281394,30.470585087391836,30.852016938600475,120418600,13.489999771118164,13.489999771118164,13.579999923706055,13.319999694824219,-0.018195051249237038,9.826989628511864,23.809523809523807,0.0
2024-03-05,28.871503829956055,29.87887555218443,28.37270730783175,29.87887555218443,193207000,14.460000038146973,13.75,15.100000381469727,13.75,0.07669394710097222,16.53979389020167,47.61904761904761,0.0
2024-03-06,29.404529571533203,30.04024993291845,29.023095862343812,29.70282959925842,181677400,14.5,14.270000457763672,14.930000305175781,13.890000343322754,0.04768784972077467,16.81661022058981,48.214285714285715,0.0
2024-03-07,30.715091705322266,30.964489012645267,29.785960677911735,30.098930579433837,142370800,14.4399995803833,14.979999542236328,14.979999542236328,14.25,0.07761193966116653,16.401382425096642,46.42857142857143,0.0
2024-03-08,29.370302200317383,31.360595344175586,29.228487109863615,30.768886420424657,296451200,14.739999771118164,14.220000267028809,15.529999732971191,13.970000267028809,0.12433258254211466,18.477508202918653,50.79365079365079,0.0
2024-03-11,29.027990341186523,29.2822788875169,28.636777910465955,29.052440768335057,146770000,15.220000267028809,15.510000228881836,16.040000915527344,15.130000114440918,0.12824318200616602,21.799310767398254,56.34920634920635,0.0
2024-03-12,30.26030731201172,30.33854978888621,28.832379777242533,29.482771881938064,170560000,13.84000015258789,14.970000267028809,15.199999809265137,13.8100004196167,-0.0428768937706403,12.24913746927453,33.53174603174603,0.0
2024-03-13,29.556123733520508,30.05492023290673,29.326287502514965,30.045139689924905,143779800,13.75,13.890000343322754,14.039999961853027,13.670000076293945,-0.051724137931034475,11.940300935427775,30.753968253968257,0.0
2024-03-14,29.316503524780273,29.87887068948909,28.749245156429684,29.76639725654733,162480400,14.399999618530273,13.619999885559082,15.329999923706055,13.420000076293945,-0.0027700805412326224,16.56005667550346,46.62698412698413,0.0
2024-03-15,28.245561599731445,28.812820050179546,28.01572536239029,28.700346600959858,140883800,14.40999984741211,14.329999923706055,15.529999732971191,14.140000343322754,-0.022388054873152874,17.410714729201207,47.42063492063492,0.0
2024-03-18,29.042659759521484,29.73217224058247,28.993758906007137,29.28227841881694,129193800,14.329999923706055,14.75,14.850000381469727,14.260000228881836,-0.05847571141314423,16.81547722527901,45.63492063492063,0.0
2024-03-19,29.243154525756836,29.33117754927013,28.206441195481,28.626995226611655,118810000,13.819999694824219,14.5,14.859999656677246,13.800000190734863,-0.0014451197646795366,14.486755058381764,32.93650793650794,0.0
2024-03-20,30.28115463256836,30.344956616317457,29.13272828597893,29.48118196183062,156556000,13.039999961853027,13.829999923706055,14.170000076293945,13.010000228881836,-0.051636366410688916,9.203037787215191,13.095238095238097,0.0
2024-03-21,30.673776626586914,31.38540861875948,30.634513293859083,31.28725215911865,126541800,12.920000076293945,12.979999542236328,13.079999923706055,12.399999618530273,-0.1027777487113144,8.064519047787947,10.912698412698413,0.0
2024-03-22,30.737579345703125,31.00259935927717,30.37930985074635,30.560898088534568,91574800,13.0600004196167,12.920000076293945,13.149999618530273,12.579999923706055,-0.09368490229636306,9.392795434524382,14.285714285714285,0.0
2024-03-25,30.423480987548828,30.737580176705258,29.967055018250004,30.17318190906684,86669400,13.1899995803833,13.670000076293945,13.670000076293945,13.109999656677246,-0.07955340888989515,11.582211755145353,17.46031746031746,0.0
2024-03-26,30.13882827758789,30.92407627263361,30.07502629293452,30.72776520996163,93986000,13.239999771118164,13.119999885559082,13.430000305175781,12.84000015258789,-0.041968157490138935,12.136931020455325,19.047619047619047,0.0
2024-03-27,30.403852462768555,30.73758335378689,29.795283816741296,30.708135849692667,111388600,12.779999732971191,13.130000114440918,13.34000015258789,12.65999984741211,-0.01993866791736476,7.365146090251627,8.333333333333332,0.0
2024-03-28,30.212446212768555,30.54126822690672,30.133921412961016,30.374402793293335,87023400,13.010000228881836,12.930000305175781,13.100000381469727,12.84000015258789,0.006965956041519394,9.751043501797339,13.492063492063492,0.0
2024-04-01,30.398942947387695,30.914263960830613,29.99650309442509,30.389127112903363,112290600,13.649999618530273,13.609999656677246,14.149999618530273,13.550000190734863,0.045176047469904335,16.390041740071894,31.349206349206348,0.0
2024-04-02,29.584245681762695,29.65295464696723,28.956047288831062,29.3830257670156,109672800,14.609999656677246,13.739999771118164,15.430000305175781,13.680000305175781,0.10765732535775263,26.34854899037145,55.75396825396825,0.0
2024-04-03,29.780559539794922,30.163367713344595,29.142545293152484,29.15236112736901,111683800,14.329999923706055,15.0,15.180000305175781,14.25,0.08232629693586735,23.443987261126335,49.404761904761905,0.0
2024-04-04,28.37692642211914,30.727765305882922,28.337664958333743,30.600161336177845,167520400,16.350000381469727,14.289999961853027,16.920000076293945,13.739999771118164,0.2793427795845935,44.39835018289971,70.63492063492063,0.0
2024-04-05,29.378116607666016,29.903251513850382,28.4947122150685,28.661577634839713,154897200,16.030000686645508,16.450000762939453,16.75,15.529999732971191,0.2321291625390871,41.078851063762436,69.04761904761905,0.0
2024-04-08,29.397748947143555,29.770741255783662,29.108188414209984,29.54988968453284,89725400,15.1899995803833,16.239999771118164,16.5,15.109999656677246,0.11282051317880137,32.36514609025163,62.698412698412696,0.0
2024-04-09,29.7020320892334,29.908158972859894,28.749918721293277,29.844358864410996,119965000,14.979999542236328,15.34000015258789,16.6299991607666,14.9399995803833,0.02532511254303693,30.18672232009586,61.111111111111114,0.0
2024-04-10,28.92169189453125,29.093464302127817,28.494713429806342,28.641947189486086,202080600,15.800000190734863,15.239999771118164,16.6200008392334,14.59000015258789,0.10258201499338426,38.69295365221672,67.46031746031747,0.0
2024-04-11,30.28115463256836,30.45783589699425,28.798997424769773,29.255423400477035,146931200,14.90999984741211,16.020000457763672,17.610000610351562,14.90999984741211,-0.08807342510460381,29.460584361006507,60.912698412698404,0.0
2024-04-12,28.81863021850586,29.618601048323736,28.52416080889663,29.38793549713563,172589800,17.309999465942383,14.90999984741211,19.200000762939453,14.90999984741211,0.07985020115209562,54.356847540311534,84.92063492063492,0.0
2024-04-15,27.370826721191406,29.559707142847913,27.20886826931163,29.544984328014806,203656200,19.229999542236328,16.940000534057617,19.459999084472656,16.260000228881836,0.2659644551320708,74.27386204091066,95.63492063492063,0.0
2024-04-16,27.375732421875,27.881237549592683,27.11071240637799,27.331562107262364,163766200,18.399999618530273,19.489999771118164,19.559999465942383,17.639999389648438,0.22830441794415313,65.66390378098255,91.66666666666666,0.0
2024-04-17,26.359819412231445,27.75363606516393,26.183138138001006,27.748729084070405,171026400,18.209999084472656,18.239999771118164,19.110000610351562,17.540000915527344,0.15253157371169013,63.69294375932899,90.47619047619048,0.0
2024-04-18,25.888669967651367,26.776983298345716,25.770881830295743,26.448159407688003,172781600,18.0,17.90999984741211,18.3700008392334,17.209999084472656,0.20724347311943236,61.514529882060955,89.68253968253968,0.0
2024-04-19,24.283817291259766,25.751251711877913,23.97462507272812,25.65800222491977,250807600,18.709999084472656,21.329999923706055,21.360000610351562,18.170000076293945,0.08087808559929699,68.87966607942485,92.85714285714286,0.0
2024-04-22,24.99053955078125,25.407704055510646,24.13167376550047,24.725519531321954,142604800,16.940000534057617,18.59000015258789,18.719999313354492,16.690000534057617,-0.11908471464853698,50.518684103474854,77.18253968253968,0.0
2024-04-23,26.104610443115234,26.31564617815656,25.270285208407238,25.334085316449485,151835000,15.6899995803833,16.719999313354492,16.760000228881836,15.6899995803833,-0.14728261382232777,37.55186841034748,67.06349206349206,0.0
2024-04-24,26.359819412231445,26.94875636893991,25.927933933200347,26.65919580776869,144316800,15.970000267028809,15.760000228881836,16.3799991607666,15.579999923706055,-0.12300927677442086,40.45644003248033,70.23809523809523,0.0
2024-04-25,25.937747955322266,26.10461339557226,24.774598726856137,24.980727504660944,172827200,15.369999885559082,16.25,17.549999237060547,15.270000457763672,-0.1461111174689399,34.232369291210205,65.07936507936508,0.0
2024-04-26,27.13034439086914,27.419904949549355,26.38926668831006,26.516868789612662,135994600,15.029999732971191,15.489999771118164,16.059999465942383,14.920000076293945,-0.1966862389937517,30.70539653068299,62.301587301587304,0.0
2024-04-29,27.454259872436523,27.645665835719434,26.934033752447196,27.522970713506254,102355000,14.670000076293945,15.369999885559082,15.420000076293945,14.630000114440918,-0.13400238407312148,26.97096002165355,56.74603174603175,0.0
2024-04-30,25.883760452270508,27.41008600221662,25.878851599597755,27.140157142756248,125248600,15.649999618530273,14.819999694824219,15.899999618530273,14.670000076293945,-0.002549392155691166,37.13693102045533,67.26190476190477,0.0
2024-05-01,25.324270248413086,26.894768049037044,25.16231367487042,25.594200991282243,208076800,15.390000343322754,15.75,16.219999313354492,14.350000381469727,-0.03631809104621653,34.43984293260015,66.26984126984127,0.0
2024-05-02,26.261661529541016,26.42852696043867,25.127959867781797,25.972100983929757,124829800,14.680000305175781,15.140000343322754,16.09000015258789,14.600000381469727,-0.044892621048851944,27.074696842348523,57.14285714285714,0.0
2024-05-03,27.827251434326172,28.028471340648103,27.35119380651478,27.64566319500609,150878000,13.489999771118164,14.510000228881836,14.579999923706055,13.479999542236328,-0.10246174246262574,14.730292180503254,26.785714285714285,0.0
2024-05-06,28.740102767944336,28.759732562365766,28.0333777477673,28.18061150291126,82530800,13.489999771118164,13.979999542236328,14.020000457763672,13.4399995803833,-0.08043628486973275,14.730292180503254,26.984126984126984,0.0
2024-05-07,28.740102767944336,29.068924758693218,28.602682973921706,28.818627562166366,93320400,13.229999542236328,13.520000457763672,13.640000343322754,13.15999984741211,-0.1546325965036166,12.033194199760356,19.841269841269842,0.0
2024-05-08,28.686119079589844,28.965863799994107,28.19533860559234,28.21987725485643,78027200,13.0,13.239999771118164,13.510000228881836,12.9399995803833,-0.1552956653675256,9.64730668110237,13.492063492063492,0.0
2024-05-09,28.843168258666992,28.956047541370186,28.342571957866582,28.710657307968745,81439200,12.6899995803833,13.079999923706055,13.289999961853027,12.680000305175781,-0.13555862966098564,6.4315344897723365,6.944444444444445,0.0
2024-05-10,29.039480209350586,29.481183391840506,28.730289853786605,29.13272969908677,92669600,12.550000190734863,12.770000457763672,12.960000038146973,12.5,-0.06968121544344441,4.9792585715936415,4.9603174603174605,0.0
2024-05-13,29.230884552001953,29.432104463514854,28.94623098966822,29.407563943040053,67722000,13.600000381469727,13.260000228881836,13.65999984741211,13.25,0.008154233670712996,15.871377422372488,32.142857142857146,0.0
2024-05-14,29.77564811706543,29.888529264724735,29.09346361140819,29.132726944886,92952800,13.420000076293945,13.710000038146973,14.029999732971191,13.270000457763672,0.014361340939661238,14.00415422141391,25.793650793650798,0.0
2024-05-15,31.149837493896484,31.223453442185463,29.96705661846907,30.276246971204866,130481400,12.449999809265137,13.729999542236328,13.9399995803833,12.380000114440918,-0.04230770697960484,3.9419101504193796,2.976190476190476,0.0
2024-05-16,30.958433151245117,31.508104884895896,30.914262833765473,31.09585108465781,87715200,12.420000076293945,12.520000457763672,12.670000076293945,12.329999923706055,-0.02127655736937384,3.6307095812221912,1.984126984126984,0.0
2024-05-17,30.889719009399414,31.095847759656554,30.43820192093505,30.96333682138669,70099600,11.989999771118164,12.279999732971191,12.479999542236328,11.90999984741211,-0.04462154670165852,0.0,0.3968253968253968,0.0
2024-05-20,31.527732849121094,31.67005961896526,30.894627535865016,30.928982015182065,74539000,12.149999618530273,12.270000457763672,12.59000015258789,12.069999694824219,-0.10661770016676675,1.6460890814290752,1.1904761904761905,0.0
2024-05-21,31.689693450927734,31.738770746969784,31.090940703884765,31.13511101919415,62314000,11.859999656677246,12.300000190734863,12.5600004196167,11.84000015258789,-0.11624444193352845,0.0,0.3968253968253968,0.0
2024-05-22,31.670061111450195,31.900728516745414,31.12529452492332,31.748587778936905,80039400,12.289999961853027,12.050000190734863,12.8100004196167,11.779999732971191,-0.01285139356331877,4.365485585332895,2.7777777777777777,0.0
2024-05-23,31.19891357421875,32.641809319346365,30.821012396789083,32.63690046634479,130877800,12.770000457763672,11.529999732971191,13.369999885559082,11.520000457763672,0.028180384808352166,9.238587349746666,11.507936507936508,0.0
2024-05-24,32.07250213623047,32.337524032499914,31.380501766312822,31.53264438206281,82558000,11.930000305175781,12.859999656677246,12.890000343322754,11.890000343322754,-0.005004125695390882,0.7106665235025545,0.7936507936507936,0.0
2024-05-28,32.420955657958984,32.44058732548122,31.802574980618413,32.322801064705544,83186400,12.920000076293945,12.510000228881836,13.4399995803833,12.359999656677246,0.06337452526248022,10.761426205015978,15.476190476190476,0.0
2024-05-29,31.743675231933594,32.11666937037279,31.508099001246432,31.52773066583346,79282200,14.279999732971191,13.75,14.319999694824219,13.6899995803833,0.20404722987757196,24.568530120570582,55.55555555555556,0.0
2024-05-30,30.722856521606445,31.55718556310632,30.423482009013217,31.532645041984217,84703600,14.470000267028809,14.819999694824219,14.880000114440918,13.670000076293945,0.17738000910840457,26.497469664683248,61.50793650793651,0.0
2024-05-31,30.688499450683594,30.865180703661284,28.936413478952737,30.72285393074273,143746400,12.920000076293945,14.5,14.869999885559082,12.84000015258789,0.011746250051156482,10.761426205015978,15.674603174603174,0.0
2024-06-03,30.987876892089844,31.483566188269798,29.91797537586366,31.277437428539663,111435000,13.109999656677246,13.079999923706055,14.3100004196167,13.0,0.09891025325368408,12.690356067155328,22.42063492063492,0.0
2024-06-04,31.218544006347656,31.473748186963242,30.5608981435795,30.919167639181577,88491800,13.15999984741211,13.510000228881836,14.079999923706055,13.109999656677246,0.018575833568184263,13.197972246236207,23.41269841269841,0.0
2024-06-05,33.1031379699707,33.11786452789267,31.728955034826868,31.959622432290637,104871400,12.630000114440918,13.140000343322754,13.25,12.600000381469727,-0.11554619393448429,7.8172639847148755,9.126984126984127,0.0
2024-06-06,33.06388473510742,33.314180102512864,32.808676769759906,33.24547112977119,73031200,12.579999923706055,12.75,12.979999542236328,12.539999961853027,-0.1306150869692303,7.309647805633998,8.73015873015873,0.0
2024-06-07,32.941184997558594,33.53502888995206,32.69579477370885,32.941184997558594,89943400,12.220000267028809,12.6899995803833,13.079999923706055,12.109999656677246,-0.05417955148077125,3.654828743803658,2.7777777777777777,0.0
2024-06-10,33.289642333984375,33.4025197525519,32.62708940546093,32.68107181584666,72041800,12.739999771118164,13.09000015258789,13.279999732971191,12.619999885559082,-0.02822272274970139,8.93401183311415,12.698412698412698,0.0
2024-06-11,33.97673416137695,34.02090260713366,32.71542848187756,33.03934165050042,71386800,12.850000381469727,12.850000381469727,13.470000267028809,12.779999732971191,-0.023556190694283607,10.050769363486742,15.873015873015872,0.0
2024-06-12,35.316558837890625,35.83678488878525,34.70799216096129,34.850318933148166,124402600,12.039999961853027,13.100000381469727,13.149999618530273,11.9399995803833,-0.04671418426301477,1.827414371901829,1.5873015873015872,0.0
2024-06-13,35.880958557128906,36.26376670431691,35.37054644609236,36.10671711202548,87285000,11.9399995803833,12.050000190734863,12.680000305175781,11.880000114440918,-0.05087443141527548,0.8121820137400756,1.1904761904761905,0.0
2024-06-14,36.40119171142578,36.420823382326276,35.694470280799614,35.80243885421481,71555000,12.65999984741211,12.220000267028809,13.449999809265137,12.119999885559082,0.03600651151951917,8.121829819374074,11.507936507936508,0.0
2024-06-17,37.72138977050781,38.1434613027526,36.15579876731245,36.45517517377347,93354600,12.75,13.069999694824219,13.289999961853027,12.5,0.0007849473360672654,9.035537005324988,14.285714285714285,0.0
2024-06-18,37.74102020263672,37.9029786620075,37.32876264645273,37.706665718317886,66433200,12.300000190734863,12.699999809265137,12.739999771118164,12.239999771118164,-0.04280156999279072,4.467010757543734,4.761904761904762,0.0
2024-06-20,36.85270309448242,38.11401247641253,36.42572648892915,38.01585413739735,105455000,13.279999732971191,12.5,13.550000190734863,12.180000305175781,0.10299001453878076,14.41624526684632,30.952380952380953,0.0
2024-06-21,36.514060974121094,37.06864145484247,36.1803301663741,36.75945116380691,77341800,13.199999809265137,13.220000267028809,13.779999732971191,12.989999771118164,0.10552766106892841,13.604063253106244,29.166666666666668,0.0
2024-06-24,35.27730178833008,36.62694819379505,35.23804219315602,36.22941717801634,93754600,13.329999923706055,13.850000381469727,13.880000114440918,13.149999618530273,0.05292259750152395,14.923861445927194,32.34126984126984,0.0
2024-06-25,36.45517349243164,36.5287913133782,35.51778472174304,35.72391162490708,77675000,12.84000015258789,13.479999542236328,13.520000457763672,12.84000015258789,0.007058835497089522,9.949244191275904,17.46031746031746,0.0
2024-06-26,36.68327713012695,36.80151387811977,36.16598900848435,36.25959137791771,72549600,12.550000190734863,12.8100004196167,13.239999771118164,12.369999885559082,0.020325202936851694,7.0050819709748,9.523809523809524,0.0
2024-06-27,36.949310302734375,37.29416902875528,36.417239332292226,36.61430307230912,74115400,12.239999771118164,12.6899995803833,12.770000457763672,12.210000038146973,-0.07831325171422598,3.857869406252018,3.968253968253968,0.0
2024-06-28,36.36797332763672,38.195732042178115,36.18568871541135,37.0921803908599,107803000,12.4399995803833,12.239999771118164,12.760000228881836,11.869999885559082,-0.057575775747238156,5.888324440602207,6.944444444444445,0.0
2024-07-01,36.964088439941406,37.09218043133897,35.678252174994576,36.535478857411206,86557400,12.220000267028809,12.979999542236328,13.260000228881836,12.100000381469727,-0.08327079242537905,3.654828743803658,3.7698412698412698,0.0
2024-07-02,38.09720230102539,38.1218329188296,36.574888794427764,36.5995231709101,74950200,12.029999732971191,12.670000076293945,12.880000114440918,11.850000381469727,-0.06308414408028218,1.72588919969099,1.984126984126984,0.0
2024-07-03,39.03325271606445,39.07266245678041,37.909990535400794,37.909990535400794,56150400,12.09000015258789,12.130000114440918,12.229999542236328,11.949999809265137,-0.03665338893672454,2.335030550982706,3.1746031746031744,0.0
2024-07-05,40.21562957763672,40.324014826884714,39.131784602513505,39.20075635045707,79624600,12.479999542236328,12.369999885559082,12.609999656677246,11.84000015258789,0.01960782480441492,6.294415447472244,10.515873015873016,0.0
2024-07-08,40.48166275024414,40.629461492314626,40.0431979097607,40.30430576323082,73365600,12.369999885559082,12.90999984741211,12.90999984741211,12.3100004196167,-0.005626985304292287,5.17766759907297,7.142857142857142,0.0
2024-07-09,40.570335388183594,41.13196451310575,40.21069759769222,40.85114995064467,72033600,12.510000228881836,12.479999542236328,12.609999656677246,12.350000381469727,0.023731583921113852,6.598990964104762,11.507936507936508,0.0
2024-07-10,41.841400146484375,41.97441601296448,40.72799318340721,41.04822129882459,77554800,12.850000381469727,12.510000228881836,12.920000076293945,12.390000343322754,0.06816298143807265,10.050769363486742,22.023809523809522,0.0
2024-07-11,39.092369079589844,41.905442752516564,38.77214097573875,41.86110538485071,149329000,12.920000076293945,12.880000114440918,13.329999923706055,12.229999542236328,0.06865177115224363,10.761426205015978,23.809523809523807,0.0
2024-07-12,39.7278938293457,40.861007392577385,39.0677346943462,39.171192300935175,101019800,12.460000038146973,12.869999885559082,12.890000343322754,12.109999656677246,-0.0016025244249144865,6.091374785023885,10.119047619047619,0.0
2024-07-15,40.02349090576172,41.19601806341439,39.52590957855633,40.13680377511904,109900400,13.119999885559082,12.779999732971191,13.260000228881836,12.75,0.060630558362054776,12.791881239366168,31.746031746031743,0.0
2024-07-16,40.05305099487305,40.57033904675081,39.28450283987504,40.36835145278271,83637600,13.1899995803833,13.380000114440918,13.470000267028809,12.949999809265137,0.05435646195525634,13.502538080895404,33.53174603174603,0.0
2024-07-17,36.53055191040039,38.21543954456352,36.500989906494915,38.09720280497616,142840000,14.479999542236328,13.600000381469727,14.880000114440918,13.539999961853027,0.1268481799515846,26.598985154920772,65.87301587301587,0.0
2024-07-18,35.98369598388672,37.40254790478517,35.24963752996458,37.3483552915415,131678400,15.930000305175781,14.270000457763672,16.43000030517578,14.079999923706055,0.2329721525624977,41.319805938399604,79.36507936507937,0.0
2024-07-19,35.00823974609375,36.441874834261796,34.70279451038275,35.86546647782815,118249600,16.520000457763672,16.440000534057617,17.190000534057617,10.619999885559082,0.3258427293087307,47.30965555121266,82.93650793650794,0.0
2024-07-22,36.53547668457031,36.76702251856716,35.530455079860864,36.284220343723476,112808600,14.90999984741211,16.790000915527344,16.889999389648438,14.75,0.13643292511177862,30.964470740253663,70.23809523809523,0.0
2024-07-23,36.14134979248047,37.01335180006432,36.03296455521151,36.32363439685809,87127000,14.720000267028809,15.210000038146973,15.350000381469727,13.899999618530273,0.11599702314782379,29.035540878114315,66.66666666666666,0.0
2024-07-24,32.24443054199219,34.673232067192416,32.047370557060326,34.59933645218211,159575200,18.040000915527344,15.350000381469727,18.459999084472656,15.180000305175781,0.24585645620408636,62.74113317622072,92.06349206349206,0.0
2024-07-25,31.17043685913086,33.175550636285145,30.608807670931224,32.298620983084945,188128000,18.459999084472656,18.40999984741211,19.360000610351562,16.420000076293945,0.15881975711418272,67.00507422539614,93.65079365079364,0.0
2024-07-26,32.06214904785156,32.6828947537678,31.42169283341686,32.02273554817104,137407000,16.389999389648438,17.969999313354492,18.049999237060547,16.3700008392334,-0.007869313832502889,45.989847676418385,81.34920634920636,0.0
2024-07-29,32.24935531616211,33.101654334435985,31.786256123449764,32.64840663662737,115640800,16.600000381469727,16.59000015258789,17.209999084472656,16.229999542236328,0.11334678412830068,48.12183756495273,82.14285714285714,0.0
2024-07-30,30.9339599609375,32.80605590827269,30.21960632357347,32.653333310315915,143063600,17.690000534057617,16.639999389648438,18.31999969482422,16.260000228881836,0.20176631882821927,59.18782960462791,89.68253968253968,0.0
2024-07-31,33.638648986816406,33.99336294062883,32.702599110628725,32.99819657792436,173408400,16.360000610351562,16.65999984741211,16.770000457763672,15.710000038146973,-0.09312639799977929,45.6852915237325,80.15873015873017,0.0
2024-08-01,31.21477508544922,34.594405358103984,30.396963826299967,33.7864474730817,210693200,18.59000015258789,16.200000762939453,19.479999542236328,15.949999809265137,0.0070423117314553085,68.32488210019042,94.44444444444444,0.0
2024-08-02,28.938697814941406,29.91415928564654,28.081473073167174,29.38701599409385,209844000,23.389999389648438,20.520000457763672,29.65999984741211,20.010000228881836,0.4270897047391622,100.0,100.0,0.0
2024-08-05,26.416290283203125,27.682419699812453,24.041681673733102,24.302791383779635,287924400,38.56999969482422,23.389999389648438,65.7300033569336,23.389999389648438,1.3234939041253995,100.0,100.0,0.0
2024-08-06,27.076454162597656,28.45096895810871,26.179817715477117,26.667549438811044,192909400,27.709999084472656,33.709999084472656,34.77000045776367,24.020000457763672,0.5664216081352891,59.34106853297861,99.60317460317461,0.0
2024-08-07,26.204450607299805,28.82538824281741,26.110846362938155,28.362290889546255,182751600,27.850000381469727,24.770000457763672,29.760000228881836,21.969999313354492,0.7023226981940347,59.865221647157284,99.60317460317461,0.0
2024-08-08,28.60369300842285,28.7465622445454,26.608428777703292,27.317856727946364,152879200,23.790000915527344,28.34000015258789,29.469999313354492,23.360000610351562,0.27972031846463263,44.664924155042236,98.80952380952381,0.0
2024-08-09,28.992889404296875,29.327896611672067,28.081473897941386,28.29824249357399,125592400,20.3700008392334,23.780000686645508,24.520000457763672,20.260000228881836,-0.12911494780763355,31.8607307016183,96.23015873015873,0.0
2024-08-12,29.189952850341797,29.756509648961654,28.62832367847249,29.180099476179656,108972600,20.709999084472656,20.790000915527344,21.190000534057617,18.889999389648438,-0.46305420668043795,33.13365561645797,96.82539682539682,0.0
2024-08-13,31.31330680847168,31.387204295087734,30.002838124820826,30.032396367731668,108962800,18.1200008392334,20.059999465942383,20.790000915527344,17.950000762939453,-0.34608439415694636,23.436919407022376,88.4920634920635,0.0
2024-08-14,31.36749839782715,31.845376717464607,30.480715379006117,31.52515050809704,124710600,16.190000534057617,18.40999984741211,18.489999771118164,16.1200008392334,-0.41867144300544445,16.21116013177201,76.19047619047619,0.0
2024-08-15,33.72732925415039,33.811080120251724,32.510464726793096,32.57943647048574,106424800,15.229999542236328,16.270000457763672,16.68000030517578,14.770000457763672,-0.3598150922181782,12.61699693278203,69.84126984126983,0.0
2024-08-16,33.81600570678711,34.121454666622085,33.101653936498835,33.313496781822884,89675200,14.800000190734863,15.289999961853027,15.760000228881836,14.649999618530273,-0.2734413558673253,11.007115424405601,65.47619047619048,0.0
2024-08-19,35.12647247314453,35.15110308678072,33.44650901390799,33.835708792663766,91599800,14.649999618530273,15.9399995803833,16.06999969482422,14.460000038146973,-0.2926122517545582,10.445525862479878,63.095238095238095,0.0
2024-08-20,34.909706115722656,35.50089353375916,34.53035778622892,34.9294128641476,97859000,15.880000114440918,14.890000343322754,15.930000305175781,14.779999732971191,-0.12362034332484328,15.050544560173511,75.39682539682539,0.0
2024-08-21,35.38758087158203,35.79648740327184,34.692932154469645,35.06735281955173,103000800,16.270000457763672,16.25,17.170000076293945,15.920000076293945,0.004941316928172235,16.5106731366084,78.17460317460318,0.0
2024-08-22,33.68791580200195,36.04282162091052,33.46129382117205,35.89502287926234,127496400,17.549999237060547,16.270000457763672,18.059999465942383,15.760000228881836,0.1523309103450936,21.302881213990627,85.71428571428571,0.0
2024-08-23,34.747127532958984,35.33339107062706,33.74703356306252,34.58454968086446,128753200,15.859999656677246,17.1200008392334,17.209999084472656,15.609999656677246,0.071621584613625,14.975664523726085,75.39682539682539,0.0
2024-08-26,33.72732925415039,34.81610178950215,33.269157666090315,34.61903805380396,84981400,16.149999618530273,16.270000457763672,16.670000076293945,15.8100004196167,0.1023890811643915,16.061400058877158,77.77777777777779,0.0
2024-08-27,34.0130729675293,34.23969495793611,32.934151880466196,33.36769286966036,71532600,15.430000305175781,16.209999084472656,16.809999465942383,15.369999885559082,-0.02833751927091721,13.365783015349658,73.01587301587301,0.0
2024-08-28,32.86024856567383,34.05248238429794,32.10155944292827,33.89483215950072,118625800,17.110000610351562,15.510000228881836,17.889999389648438,15.460000038146973,0.051628772523301336,19.655563257867144,82.53968253968253,0.0
2024-08-29,32.68782424926758,34.20521024559441,32.41193725309122,33.229746745476184,120033600,15.649999618530273,16.540000915527344,16.56999969482422,15.1899995803833,-0.1082620912323472,14.1894419934114,72.81746031746032,0.0
2024-08-30,33.80122756958008,33.92931955758652,32.6040698290363,33.55982647419249,92946800,15.0,15.670000076293945,16.040000915527344,14.779999732971191,-0.05422444358724665,11.755897936496574,67.85714285714286,0.0
2024-09-03,30.717191696166992,33.16569985916056,30.19497599445679,33.13614161451375,147572600,20.719999313354492,15.760000228881836,21.989999771118164,15.710000038146973,0.28297212401049654,33.17109563468168,96.82539682539682,0.0
2024-09-04,30.456083297729492,31.21970196658053,29.87967498541155,30.07181108951753,96798400,21.31999969482422,23.200000762939453,23.309999465942383,19.34000015258789,0.38172386734643937,35.417446741431256,97.22222222222221,0.0
2024-09-05,30.554615020751953,31.392133054663827,29.914160716938998,30.121075942137747,110171600,19.899999618530273,20.75,21.530000686645508,19.209999084472656,0.16306247274420071,30.101085549870366,94.04761904761905,0.0
2024-09-06,28.076549530029297,30.529983460352405,27.94353179003515,30.352626473693544,169904600,22.3799991607666,21.979999542236328,23.760000228881836,18.829999923706055,0.4300319301137694,39.38599584075174,98.01587301587301,0.0
2024-09-09,29.12098503112793,29.308195406734974,28.248981033438938,28.85494953095043,110835000,19.450000762939453,21.31999969482422,21.40999984741211,19.290000915527344,0.29666671752929696,28.41632757552317,92.46031746031747,0.0
2024-09-10,29.904308319091797,30.012691682780588,28.672664664099045,29.451062476798146,91582400,19.079999923706055,19.860000610351562,20.739999771118164,18.899999618530273,-0.0791505523164483,27.031075465059047,90.87301587301587,0.0
2024-09-11,31.81089210510254,31.99810058715064,28.4608217463094,30.14078361307611,163475200,17.690000534057617,19.40999984741211,21.40999984741211,17.549999237060547,-0.17026262723858498,21.827034328169294,83.92857142857143,0.0
2024-09-12,32.75187301635742,32.95386064154737,31.475888107136775,31.840453613194736,109802600,17.06999969482422,17.6200008392334,18.59000015258789,16.889999389648438,-0.14221105416860635,19.505803184972294,79.36507936507937,0.0
2024-09-13,33.18047332763672,33.4366572665165,32.54002099779221,32.589285983368335,87966600,16.559999465942383,17.030000686645508,17.18000030517578,16.229999542236328,-0.2600536154186729,17.59640510128282,76.5873015873016,0.0
2024-09-16,32.737083435058594,32.86517541426064,32.03751081400036,32.72230431412716,82331000,17.139999389648438,17.15999984741211,17.690000534057617,16.90999984741211,-0.11876613278558601,19.76787617158497,79.76190476190477,0.0
2024-09-17,32.75679397583008,33.628799798542474,32.25428501258087,33.352909060721835,103114400,17.610000610351562,17.15999984741211,18.079999923706055,16.670000076293945,-0.07704398947759339,21.527521323332905,83.13492063492063,0.0
2024-09-18,32.328182220458984,33.87512626483381,32.214869356651555,33.01789962214615,166396200,18.229999542236328,17.579999923706055,19.389999389648438,17.110000610351562,0.03052566375784327,23.848745325576594,87.3015873015873,0.0
2024-09-19,34.77176284790039,35.372805523161034,34.19535454799094,34.633819366760825,114801400,16.329999923706055,17.209999084472656,17.270000457763672,16.209999084472656,-0.04335089539237302,16.735306104997363,73.4126984126984,0.0
2024-09-20,34.5500602722168,34.82102333128364,33.65342400222852,34.559915524552395,96759600,16.149999618530273,16.350000381469727,16.68000030517578,15.8100004196167,-0.024758445690491904,16.061400058877158,72.02380952380952,0.0
2024-09-23,34.80624771118164,35.052576422855005,34.50572638224591,34.791468589869694,69837000,15.890000343322754,16.709999084472656,16.950000762939453,15.75,-0.07292876842694695,15.087984578397224,70.23809523809523,0.0
2024-09-24,35.29890823364258,35.51567496304552,34.18057367960026,35.11662361787634,81259600,15.390000343322754,15.869999885559082,16.670000076293945,15.270000457763672,-0.1260647467396362,13.216026512931464,66.07142857142857,0.0
2024-09-25,35.42246627807617,35.82774620384753,35.12097713894087,35.16051756359721,64724800,15.40999984741211,15.819999694824219,15.819999694824219,15.170000076293945,-0.154690058455058,13.290902978902233,66.66666666666666,0.0
2024-09-26,36.17372131347656,37.10289872086478,35.37798813338807,37.0287613631282,107003200,15.369999885559082,15.0600004196167,15.829999923706055,14.899999618530273,-0.05878751026528495,13.141146476484037,65.67460317460318,0.0
2024-09-27,35.550968170166016,36.4060118795458,35.28407597944832,36.386241668664994,82930600,16.959999084472656,15.640000343322754,16.969999313354492,15.199999809265137,0.05015476687770337,19.093970125464764,78.96825396825396,0.0
2024-09-30,35.8277473449707,35.892001479779374,34.68604488482812,35.31867661634925,85862800,16.729999542236328,17.010000228881836,17.790000915527344,16.469999313354492,0.05286338456666906,18.23287112917931,78.17460317460318,0.0
2024-10-01,34.310420989990234,35.79809663388036,33.46032062205302,35.72395927234484,134760200,19.260000228881836,16.959999084472656,20.729999542236328,16.610000610351562,0.25146197525837977,27.70498151117925,91.66666666666666,0.0
2024-10-02,34.43892288208008,34.86397303375522,33.54434242765759,34.107780299267425,79119400,18.899999618530273,19.649999618530273,20.360000610351562,18.579999923706055,0.22647630147149278,26.35716941893884,89.68253968253968,0.0
2024-10-03,34.35983657836914,34.99741170471787,33.801342291311094,33.9693871894128,97749400,20.489999771118164,19.6299991607666,20.75,19.15999984741211,0.33311645567216885,32.30999663839623,94.84126984126983,0.0
2024-10-04,35.570743560791016,35.664651133453965,34.488347924838756,35.58557027841512,110700400,19.209999084472656,20.479999542236328,20.479999542236328,18.479999542236328,0.13266510150109245,27.51778142006069,90.47619047619048,0.0
2024-10-07,34.399383544921875,35.37798837809176,34.13249131769373,35.11603964695561,82403400,22.639999389648438,20.760000228881836,23.030000686645508,20.649999618530273,0.353257621585213,40.35941489170833,98.01587301587301,0.0
2024-10-08,35.891998291015625,36.06992642104604,34.75029216152343,34.92328056684016,77914000,21.420000076293945,22.920000076293945,23.139999389648438,21.139999389648438,0.11214952345499074,35.79183978271507,96.82539682539682,0.0
2024-10-09,36.75693130493164,36.88543204278952,35.61522498688497,35.84257679707527,78696200,20.860000610351562,21.979999542236328,22.010000228881836,20.709999084472656,0.10370375827413403,33.695248748860344,95.23809523809523,0.0
2024-10-10,36.62842559814453,37.04358877601182,35.94142669373361,36.237972359464926,86060600,20.93000030517578,20.90999984741211,21.389999389648438,20.639999389648438,0.02147391600647186,33.95732173547302,95.23809523809523,0.0
2024-10-11,36.722328186035156,36.96945016906155,36.030385879404804,36.16383009109489,70735200,20.459999084472656,20.8700008392334,21.15999984741211,20.139999389648438,0.0650702789991473,32.19767658372509,92.85714285714286,0.0
2024-10-14,37.6613883972168,37.96782101114758,37.17208793064113,37.2857657010487,67691200,19.700000762939453,20.860000610351562,20.860000610351562,19.690000534057617,-0.12985860008694272,29.35230660825605,90.47619047619048,0.0
2024-10-15,36.158897399902344,37.88380812113128,35.654766344828616,37.73553339416067,106307600,20.639999389648438,19.610000610351562,20.889999389648438,19.440000534057617,-0.03641459775290823,32.87158262984529,93.25396825396825,0.0
2024-10-16,36.139122009277344,36.32198987279778,35.42246595926545,36.198428874945634,70784200,19.579999923706055,20.770000457763672,21.010000228881836,19.450000762939453,-0.06136148845606071,28.90303353052481,89.68253968253968,0.0
2024-10-17,36.24785232543945,37.36484479584862,36.203372176426896,37.354961575217736,97697800,19.110000610351562,19.549999237060547,19.649999618530273,18.8799991607666,-0.0869565058904539,27.143395519730184,87.3015873015873,0.0
2024-10-18,36.8903694152832,37.14243489440933,36.63830393615707,36.80140535034352,64151600,18.030000686645508,19.299999237060547,19.31999969482422,17.989999771118164,-0.11876825545272407,23.099966383962276,82.53968253968253,0.0
2024-10-21,37.093017578125,37.27588546390232,36.16877984422014,36.60371325211385,74995800,18.3700008392334,18.780000686645508,19.34000015258789,18.360000610351562,-0.06751268386791698,24.372898439755257,84.92063492063492,0.0
2024-10-22,37.201744079589844,37.53783014914493,36.30716364963722,36.48014829482385,76308000,18.200000762939453,18.790000915527344,19.440000534057617,18.049999237060547,-0.11821699122397822,23.736432411858768,84.12698412698413,0.0
2024-10-23,35.48177719116211,36.80635126119707,34.735467695791705,36.65807655297323,118172200,19.239999771118164,18.209999084472656,20.469999313354492,18.18000030517578,-0.017364665674806434,27.630101474731827,89.68253968253968,0.0
2024-10-24,36.326934814453125,36.475209526090445,35.70418630467196,36.28739438857883,78612800,19.079999923706055,18.8700008392334,20.239999771118164,18.6299991607666,-0.0015698945937896447,27.031075465059047,87.89682539682539,0.0
2024-10-25,36.939796447753906,38.05678897210494,36.76681179749176,36.92002623475501,114826000,20.329999923706055,19.219999313354492,20.510000228881836,18.229999542236328,0.12756512198938053,31.71097062872345,92.46031746031747,0.0
2024-10-28,36.974395751953125,37.65645494647151,36.900262161925305,37.65645494647151,69162200,19.799999237060547,19.110000610351562,19.8799991607666,18.90999984741211,0.07784422060411966,29.72669250858655,92.06349206349206,0.0
2024-10-29,37.997474670410156,38.28413707508802,36.60865033545828,37.03370044700622,78545200,19.34000015258789,19.75,20.530000686645508,19.059999465942383,0.06263732647582132,28.004494516015644,90.47619047619048,0.0
2024-10-30,37.152320861816406,38.04690507285439,37.03864685257707,37.83438000038247,80473200,20.350000381469727,19.329999923706055,20.440000534057617,19.299999237060547,0.05769234010167823,31.785850665170873,93.25396825396825,0.0
2024-10-31,34.32524490356445,36.24291407104936,34.31536168253256,36.23302707923493,138905200,23.15999984741211,21.440000534057617,23.420000076293945,21.1200008392334,0.21383647484384083,42.30625299362153,98.01587301587301,0.0
2024-11-01,35.056732177734375,35.763501351524546,34.58225832110911,34.63662547069166,96678800,21.8799991607666,22.959999084472656,23.09000015258789,21.15999984741211,0.0762419696447294,37.51403777528598,96.82539682539682,0.0
2024-11-04,34.73052978515625,35.4669561781051,34.35490699993978,34.91340145193646,82214400,21.979999542236328,22.5,23.06999969482422,21.729999542236328,0.11010102975637381,37.888430816569795,96.82539682539682,0.0
2024-11-05,36.05015563964844,36.19842656514047,35.0517807290708,35.06660744454179,79352600,20.489999771118164,21.979999542236328,22.059999465942383,20.200000762939453,0.05946223420150232,32.30999663839623,93.05555555555556,0.0
2024-11-06,38.97608184814453,39.1540099884672,37.6564512830701,37.88874656464594,118794200,16.270000457763672,16.059999465942383,16.81999969482422,15.4399995803833,-0.20049139298401264,16.5106731366084,73.21428571428571,0.0
2024-11-07,40.79984664916992,40.9876580252257,39.58894649941864,39.618603705688415,99545200,15.199999809265137,15.859999656677246,15.859999656677246,15.130000114440918,-0.3436960315453724,12.504680448587546,62.698412698412696,0.0
2024-11-08,40.89868927001953,41.07661740415592,40.48352613755617,40.63674056442494,70060000,14.9399995803833,15.130000114440918,15.329999923706055,14.65999984741211,-0.31718463649795436,11.531261397630953,60.71428571428571,0.0
2024-11-11,40.824554443359375,41.234777876360965,40.12272885463686,41.185354229551955,70806000,14.970000267028809,15.329999923706055,15.5600004196167,14.890000343322754,-0.3189262703002903,11.643581452302092,61.111111111111114,0.0
2024-11-12,40.602142333984375,41.007422233006515,39.86077638913055,40.7948971779838,68286000,14.710000038146973,15.09000015258789,15.369999885559082,14.6899995803833,-0.28208881393539276,10.670162401345499,57.53968253968254,0.0
2024-11-13,40.424217224121094,41.06673216183641,39.8756060823007,40.45881415329974,74989000,14.020000457763672,15.09000015258789,15.260000228881836,13.770000457763672,-0.1382913298521975,8.086861842012476,48.01587301587302,0.0
2024-11-14,39.569175720214844,40.54283705981193,39.35171091177874,40.325368480593134,77651400,14.3100004196167,14.170000076293945,14.319999694824219,13.59000015258789,-0.05855259215897746,9.172597377163552,50.79365079365079,0.0
2024-11-15,36.707496643066406,38.279192560708374,36.22313968191367,38.19022849854818,120601600,16.139999389648438,15.020000457763672,17.549999237060547,14.5600004196167,0.08032127462980498,16.02396004065345,71.42857142857143,0.0
2024-11-18,37.44886779785156,37.92828510136533,36.727271979958594,37.03370463034436,77551200,15.579999923706055,16.600000381469727,17.0,15.350000381469727,0.040748139331751476,13.927369006798724,66.66666666666666,0.0
2024-11-19,38.20011901855469,38.32862351372137,36.781637388274525,36.845891521249094,80088200,16.350000381469727,15.4399995803833,17.93000030517578,15.369999885559082,0.11148880619101242,16.81018614144479,74.0079365079365,0.0
2024-11-20,38.15563201904297,38.20011593603442,36.62842000000895,38.130922083631845,101260600,17.15999984741211,16.190000534057617,18.790000915527344,16.040000915527344,0.22396571234843576,19.842756208032394,78.57142857142857,0.0
2024-11-21,38.5312614440918,38.985965015051406,36.85083110491233,38.82286736229971,109865600,16.8700008392334,17.100000381469727,17.989999771118164,15.729999542236328,0.17889590108658227,18.757024243357975,76.19047619047619,0.0
2024-11-22,38.674591064453125,38.85251919721096,37.997475460859036,38.37310193787915,79934800,15.239999771118164,16.670000076293945,17.559999465942383,15.239999771118164,-0.05576206025803809,12.65443695100574,61.904761904761905,0.0
2024-11-25,38.85251998901367,39.96951245169463,38.323679075534244,39.61859967459915,91515800,14.600000381469727,15.229999542236328,15.720000267028809,14.539999961853027,-0.06290112625387057,10.258332912314627,53.57142857142857,0.0
2024-11-26,39.45549774169922,39.66307930785538,38.990907194869635,39.18860554059174,69747200,14.100000381469727,14.949999809265137,15.029999732971191,13.880000114440918,-0.1376146756883283,8.386374846848867,46.42857142857143,0.0
2024-11-27,38.501609802246094,39.19849190764974,37.72564684389254,39.18860868642231,78463600,14.100000381469727,14.279999732971191,15.130000114440918,13.960000038146973,-0.17832164878508783,8.386374846848867,46.230158730158735,0.0
2024-11-29,39.48514938354492,39.62353708804126,38.476891259780274,38.61527896427661,40865800,13.510000228881836,14.0,14.149999618530273,13.489999771118164,-0.1991701507528939,6.177463758323004,38.095238095238095,0.0
2024-12-02,40.76524353027344,40.997535024303204,39.6828480498868,39.77675560905303,73638200,13.34000015258789,14.079999923706055,14.100000381469727,13.300000190734863,-0.1246718928520607,5.540997730426513,34.523809523809526,0.0
2024-12-03,41.12604522705078,41.185355868050706,40.29571510696535,40.4291631065195,84810800,13.300000190734863,13.380000114440918,13.770000457763672,13.1899995803833,-0.08904110662797105,5.391241228008319,33.13492063492063,0.0
2024-12-04,42.628543853759766,42.68785448964665,41.76856037270298,41.946488509581265,69992600,13.449999809265137,13.15999984741211,13.609999656677246,12.890000343322754,-0.04609933011482914,5.952827219457384,36.30952380952381,0.0
2024-12-05,42.27763366699219,42.82130133153976,42.17878260112188,42.62854646657092,54020400,13.539999961853027,13.460000038146973,13.699999809265137,13.260000228881836,-0.03971634074227781,6.289780242517486,38.095238095238095,0.0
2024-12-06,43.36497116088867,43.429225299607616,42.366599855846296,42.396253291696404,62740600,12.770000457763672,13.619999885559082,13.739999771118164,12.699999809265137,-0.05477422343311167,3.4069666783480757,18.055555555555554,0.0
2024-12-09,42.351768493652344,43.32542975230947,42.050279359628085,43.12278790746789,69577600,14.1899995803833,13.359999656677246,14.229999542236328,13.350000381469727,0.06371809730680655,8.723324299432313,47.22222222222222,0.0
2024-12-10,41.892120361328125,43.05853644355939,41.541207591701756,42.62854282798677,71541600,14.180000305175781,14.300000190734863,14.539999961853027,13.859999656677246,0.06616542118953883,8.685887851685257,46.82539682539682,0.0
2024-12-11,44.131046295166016,44.29414771676351,42.84106918031747,42.93991646994979,74897800,13.579999923706055,14.420000076293945,14.430000305175781,13.520000457763672,0.009665436154977947,6.4395367449356815,37.301587301587304,0.0
2024-12-12,43.25623321533203,43.87403821525314,43.13761571116627,43.55772235695613,66348400,13.920000076293945,13.729999542236328,13.949999809265137,13.390000343322754,0.028065001145606505,7.712468800728662,43.25396825396825,0.0
2024-12-13,44.1854133605957,44.862525212069265,43.419333669508916,44.19529658122918,79663600,13.8100004196167,13.569999694824219,14.25,13.239999771118164,0.0814408711489707,7.3006393116977915,40.476190476190474,0.0
2024-12-16,46.1080207824707,46.35514276944668,44.813100213234996,44.8378139202455,69967600,14.6899995803833,14.369999885559082,14.6899995803833,13.989999771118164,0.03523608278968626,10.595282364898074,55.158730158730165,0.0
2024-12-17,45.49021911621094,45.92021276223496,45.060225470186914,45.63355033155228,69168200,15.869999885559082,14.979999542236328,15.9399995803833,14.779999732971191,0.1191819142462529,15.013104541949799,67.85714285714286,0.0
2024-12-18,40.572486877441406,45.752165494121634,40.17709395231265,45.29746193337151,134849200,27.6200008392334,15.569999694824219,28.31999969482422,14.819999694824219,1.0338734163774395,59.00412265087183,98.80952380952381,0.0
2024-12-19,39.999168395996094,41.77844610078673,39.91020432221743,41.64994160071031,113317600,24.09000015258789,21.610000610351562,24.1200008392334,20.15999984741211,0.7306034497523941,45.788096137940364,98.4126984126984,0.0
2024-12-20,41.03707504272461,42.43578634248916,38.798150526495306,39.074925935065885,145241000,18.360000610351562,24.139999389648438,26.510000228881836,17.81999969482422,0.3294714013383897,24.335458421531545,82.53968253968253,0.0
2024-12-23,42.18009948730469,42.26935919807331,40.57838840052366,41.381722014127945,83645800,16.780000686645508,18.09000015258789,20.020000457763672,16.739999771118164,0.14227373491917228,18.420071220297874,74.60317460317461,0.0
2024-12-24,43.856197357177734,43.87603326850075,42.467713831072594,42.621437414684415,48139600,14.270000457763672,16.969999313354492,17.040000915527344,14.270000457763672,-0.10081912031085338,9.022840874745357,45.23809523809524,0.0
2024-12-26,43.7619743347168,44.17356095033587,42.93880110347865,43.449567268031025,59062000,14.729999542236328,14.989999771118164,15.930000305175781,14.550000190734863,-0.4666908365436109,10.745038867316268,53.96825396825397,0.0
2024-12-27,41.98173904418945,42.93879604120101,40.801527142558626,42.8297042252052,102139000,15.949999809265137,15.380000114440918,18.450000762939453,15.289999961853027,-0.337899555490385,15.312617546786186,67.46031746031747,0.0
2024-12-30,40.29573059082031,41.188323855618194,39.378341492286495,40.26597483367458,102844000,17.399999618530273,17.209999084472656,19.219999313354492,16.440000534057617,-0.052287633981887294,20.741295222541563,77.77777777777779,0.0
2024-12-31,39.2394905090332,40.74202951880198,39.01634313644966,40.563510107409904,105177600,17.350000381469727,17.389999389648438,17.809999465942383,16.68000030517578,0.03396899115015284,20.554102272376312,77.38095238095238,0.0
2025-01-02,38.991546630859375,40.46928978119305,37.95018593788457,39.93869147961508,141370600,17.93000030517578,17.209999084472656,19.5,16.959999084472656,0.2564821114228393,22.72557334267846,79.36507936507937,0.0
2025-01-03,40.86104202270508,41.113945157829875,39.482478371729385,39.665953926967646,92431600,16.1299991607666,17.65999984741211,17.940000534057617,16.110000610351562,0.09504410468689839,15.986520022429735,67.06349206349206,0.0
2025-01-06,42.254478454589844,43.06773182414736,41.669332368365495,42.13546678139708,92050000,16.040000915527344,16.770000457763672,16.8700008392334,15.710000038146973,0.0056427026544494385,15.649574140322947,66.66666666666666,0.0
2025-01-07,39.97835922241211,42.591678643395966,39.527100824271436,42.50737887120901,111021000,17.81999969482422,16.479999542236328,18.899999618530273,15.789999961853027,0.02413793594838154,22.313740283170933,78.96825396825396,0.0
2025-01-08,40.008113861083984,40.370112588311294,38.89732941334859,39.94860613264154,96021200,17.700000762939453,17.90999984741211,19.5,17.3700008392334,0.020172932206015126,21.864474346393006,78.57142857142857,0.0
2025-01-10,38.09895324707031,39.08576612962422,37.30553575900403,39.075850066222834,145651600,19.540000915527344,18.290000915527344,20.309999465942383,18.049999237060547,0.08979367445335784,28.75328059858327,88.4920634920635,0.0
2025-01-13,37.702247619628906,37.78654741133435,36.36831180782246,36.72039453000591,113382000,19.190000534057617,21.18000030517578,22.040000915527344,19.149999618530273,0.18970871249230647,27.442908524566572,85.71428571428571,0.0
2025-01-14,37.568355560302734,38.708892035724645,36.789814046290346,38.4212807926349,125271000,18.709999084472656,18.790000915527344,19.65999984741211,18.239999771118164,0.1664587292112092,25.645823354594928,83.53174603174604,0.0
2025-01-15,40.1072883605957,40.399863287071746,38.97666803902786,39.328746908757296,106919200,16.1200008392334,19.079999923706055,19.139999389648438,15.960000038146973,-0.09539836614501074,15.949087145159336,64.68253968253968,0.0
2025-01-16,39.28908157348633,40.68748108570166,39.27420180333798,40.667645175483564,93055400,16.600000381469727,15.869999885559082,16.600000381469727,15.640000343322754,-0.06214691152855345,17.74616517417767,70.43650793650794,0.0
2025-01-17,41.22799301147461,41.62470362572963,40.5833392091384,41.50073203168903,87352200,15.970000267028809,16.190000534057617,16.229999542236328,15.529999732971191,-0.18270217406497946,15.387497583233614,62.89682539682539,0.0
2025-01-21,41.91231918334961,42.224730053963064,40.82633047988881,41.87760728476069,83451800,15.0600004196167,16.290000915527344,16.290000915527344,14.930000305175781,-0.21521625844205505,11.980534475362195,52.38095238095239,0.0
2025-01-22,43.5388298034668,44.089264040096054,42.99831163071963,43.0627755042362,86265400,15.100000381469727,14.890000343322754,15.289999961853027,14.59000015258789,-0.1929448893452299,12.130290977780387,52.38095238095239,0.0
2025-01-23,43.806602478027344,43.82643838789722,42.78011778796733,42.914009233760744,60481000,15.020000457763672,15.279999732971191,15.390000343322754,14.59000015258789,-0.06823823351128544,11.830777972944,51.19047619047619,0.0
2025-01-24,43.01814270019531,44.04958726025269,42.651187844846866,43.85123195511662,72479200,14.850000381469727,15.020000457763672,15.15999984741211,14.579999923706055,-0.1054216843243867,11.194311945047508,48.41269841269841,0.0
2025-01-27,39.244449615478516,40.18167461411865,38.272512719974415,38.47086803775981,161821600,17.899999618530273,18.829999923706055,22.510000228881836,17.56999969482422,0.120851554115881,22.613253288007325,77.77777777777779,0.0
2025-01-28,40.98501205444336,41.24287131991081,38.67913951877676,39.462640945229154,101033400,16.40999984741211,18.290000915527344,18.389999389648438,16.25,0.0896413937702778,17.034819109833755,68.65079365079364,0.0
2025-01-29,40.732112884521484,41.14865947172802,39.799847716298686,41.11394757140359,118481200,16.559999465942383,16.420000076293945,18.079999923706055,16.170000076293945,0.09668867864826836,17.59640510128282,69.24603174603175,0.0
2025-01-30,41.24287414550781,41.94703197955872,40.097377684247995,41.39164159025131,115171000,15.84000015258789,15.930000305175781,16.420000076293945,15.319999694824219,0.05459385285174001,14.900788057755316,58.333333333333336,0.0
2025-01-31,41.01972579956055,43.18674706173608,40.75194667529115,42.110674424379695,118146600,16.43000030517578,15.449999809265137,17.09000015258789,14.899999618530273,0.10639729852651225,17.10969914628118,68.25396825396825,0.0
2025-02-03,40.027950286865234,40.65772434192446,38.351851855589686,38.941957874488516,153257000,18.6200008392334,20.360000610351562,20.420000076293945,17.65999984741211,0.04022353274006618,25.30887747248814,82.93650793650794,0.0
2025-02-04,41.480899810791016,41.62470732666184,40.032912371648635,40.122172078626626,84634600,17.209999084472656,18.780000686645508,19.110000610351562,16.780000686645508,0.048750715691609825,20.029949158197642,73.4126984126984,0.0
2025-02-05,42.02140808105469,42.06107989689996,40.543668882287754,40.836240011693334,79694800,15.770000457763672,17.540000915527344,17.75,15.770000457763672,-0.0477052556555595,14.638715071142641,56.34920634920635,0.0
2025-02-06,42.65119171142578,42.71069566004204,41.74867858538569,42.130509461154794,76431000,15.5,15.880000114440918,16.149999618530273,14.989999771118164,-0.021464655890949702,13.627856001962336,54.36507936507936,0.0
2025-02-07,41.024681091308594,43.23633384948154,40.836241849220535,42.77515937363814,110870400,16.540000915527344,15.380000114440918,16.65999984741211,14.789999961853027,0.006695107018160451,17.521532205788706,67.85714285714286,0.0
2025-02-10,42.46771240234375,42.745407584897066,41.90240219025273,42.01645773069462,65594200,15.8100004196167,16.579999923706055,16.610000610351562,15.699999809265137,-0.1509130125115714,14.788471573560836,56.34920634920635,0.0
2025-02-11,42.165218353271484,42.64126882483266,41.659415909523005,41.68916788171031,62602800,16.020000457763672,16.1299991607666,16.420000076293945,15.75,-0.06914576932096617,15.574694103875519,60.317460317460316,0.0
2025-02-12,42.249515533447266,42.45283075306615,40.71226860413568,40.801528298524744,96986600,15.890000343322754,15.90999984741211,17.18000030517578,15.640000343322754,0.007609377430297215,15.087984578397224,58.13492063492064,0.0
2025-02-13,44.029754638671875,44.11405442007188,42.43795972232588,42.63631504227118,92920200,15.100000381469727,15.970000267028809,16.329999923706055,14.979999542236328,-0.025806427001953125,12.130290977780387,47.023809523809526,0.0
2025-02-14,44.54547882080078,44.71903831427152,43.935536848531356,44.0396725446138,76057400,14.770000457763672,15.079999923706055,15.420000076293945,14.739999771118164,-0.10701332284099452,10.89479894021112,42.46031746031746,0.0
2025-02-18,44.82316970825195,45.00168910820573,44.00991634549045,44.94218138045019,68825200,15.350000381469727,15.569999694824219,16.030000686645508,15.350000381469727,-0.029095510812018333,13.066270010513268,50.0,0.0
2025-02-19,44.82813262939453,45.18517145318002,44.09421907124514,44.629777306923366,68515800,15.270000457763672,15.140000343322754,15.960000038146973,15.050000190734863,-0.04681647806299105,12.76675700567688,49.2063492063492,0.0
2025-02-20,44.282657623291016,44.743832132767636,43.08756956737895,44.654572428245935,80266000,15.65999984741211,15.609999656677246,16.6299991607666,15.119999885559082,-0.014474543168106035,14.226882011635112,54.36507936507936,0.0
2025-02-21,41.510650634765625,44.525640894327836,41.391638956531416,44.51572104754238,118627200,18.209999084472656,15.630000114440918,19.030000686645508,15.279999732971191,0.20596017380366605,23.773865289129166,79.96031746031747,0.0
2025-02-24,40.01803207397461,42.17514100031225,39.91885630455561,41.90240195944036,106467400,18.979999542236328,18.079999923706055,20.239999771118164,17.309999465942383,0.28503716682417046,26.656682423775237,84.12698412698413,0.0
2025-02-25,38.49070739746094,39.859351267882595,37.57827436719982,39.83455921550815,151194400,19.43000030517578,19.09000015258789,21.479999542236328,18.850000381469727,0.2657980340268502,28.34144753907574,87.6984126984127,0.0
2025-02-26,38.7386474609375,39.8940599134555,38.029529747885945,38.96675475406634,126351400,19.100000381469727,18.959999084472656,20.059999465942383,17.829999923706055,0.2508185860439043,27.10595550150647,84.52380952380952,0.0
2025-02-27,35.525299072265625,39.75520918257152,35.4459592207721,39.532061830476195,206751000,21.1299991607666,18.25,21.469999313354492,17.670000076293945,0.34929753299189437,34.70610067708734,94.44444444444444,0.0
2025-02-28,37.15180969238281,37.275781297429454,34.751721234670114,35.436043132534856,186358000,19.6299991607666,21.209999084472656,22.399999618530273,19.049999237060547,0.07797914045502363,29.090226480690056,88.4920634920635,0.0
2025-03-03,34.7517204284668,38.208049302314116,33.93846702089249,37.87084639307747,183891600,22.780000686645508,19.829999923706055,24.309999465942383,19.25,0.20021081328021162,40.883568005887,96.82539682539682,0.0
2025-03-04,34.36988830566406,36.08565495203412,32.733465306515285,34.09715303079593,261673800,23.510000228881836,22.959999084472656,26.350000381469727,21.709999084472656,0.2099845527341151,43.61662506763822,97.61904761904762,0.0
2025-03-05,35.70878219604492,36.04598511328451,33.46737345694848,34.48890205573164,201266600,21.93000030517578,23.030000686645508,24.84000015258789,21.3700008392334,0.14816753231333113,37.70123786640455,94.84126984126983,0.0
2025-03-06,32.74833679199219,34.95998957947642,32.316914281997526,33.913669021312174,245645400,24.8700008392334,22.600000381469727,25.920000076293945,22.389999389648438,0.17699961320448576,48.708353290810145,98.4126984126984,0.0
2025-03-07,33.427703857421875,33.72523493913428,31.18629522300825,32.51031099578191,270354600,23.3700008392334,24.850000381469727,26.559999465942383,23.09000015258789,0.1905248007316136,43.092479094412866,96.42857142857143,0.0
2025-03-10,29.658967971801758,31.830951058458208,28.701907013392578,31.73673142637593,312271600,27.860000610351562,24.700000762939453,29.559999465942383,24.68000030517578,0.2230026238183629,59.902661665381,99.60317460317461,0.0
2025-03-11,29.311845779418945,30.670573473370023,28.449002600117453,29.45565329124528,278978600,26.920000076293945,27.940000534057617,29.56999969482422,26.18000030517578,0.14504465394359944,56.38337850283845,98.01587301587301,0.0
2025-03-12,30.31353759765625,31.07224322026706,29.336640738049272,30.71520439002358,283837200,24.229999542236328,26.8799991607666,26.90999984741211,23.889999389648438,0.10487912471746363,46.312242111165716,97.22222222222221,0.0
2025-03-13,28.657276153564453,30.174687360981352,28.285361345212227,30.149893418755845,242454600,24.65999984741211,24.920000076293945,26.1299991607666,23.459999084472656,-0.008443947918570394,47.922127190018806,97.22222222222221,0.0
2025-03-14,30.69040870666504,30.859010156756444,29.505240524400378,29.60937621343012,198217000,21.770000457763672,24.350000381469727,24.360000610351562,21.479999542236328,-0.0684638563976282,37.10221185673177,91.66666666666666,0.0
2025-03-17,31.28547477722168,31.875578944772634,30.323455789157705,30.685452654124923,180300800,20.510000228881836,22.889999389648438,22.950000762939453,20.31999969482422,-0.2638191033900691,32.38487667484365,88.09523809523809,0.0
2025-03-18,29.708555221557617,30.63586229339284,29.26225668877245,30.630904261542586,175652400,21.700000762939453,20.829999923706055,22.56999969482422,20.40999984741211,-0.19390784912929038,36.84013887011909,91.26984126984127,0.0
2025-03-19,30.863969802856445,31.692099167688806,29.723429590427592,30.09038635203327,185186400,19.899999618530273,21.84000015258789,22.100000381469727,19.420000076293945,-0.1787040860714112,30.101085549870366,84.72222222222221,0.0
2025-03-20,30.546602249145508,31.553252952708817,29.936662188852996,30.08046970245583,176818200,19.799999237060547,19.520000457763672,21.170000076293945,19.299999237060547,-0.19708031794094216,29.72669250858655,83.92857142857143,0.0
2025-03-21,30.834217071533203,30.953228750398665,29.292010036448985,29.520117330654898,160982000,19.280000686645508,20.020000457763672,21.139999389648438,19.149999618530273,-0.11437757091227685,27.779861547626677,80.55555555555556,0.0
2025-03-24,32.79296875,32.991324081663365,32.14335872753291,32.26237041320562,126823000,17.479999542236328,19.1299991607666,19.139999389648438,17.459999084472656,-0.1477328450917671,21.04080822737795,66.26984126984127,0.0
2025-03-25,33.378108978271484,33.407864731897696,32.7731270264774,32.966526183453674,111139400,17.149999618530273,17.579999923706055,17.770000457763672,17.020000457763672,-0.20967746472064375,19.805316189808682,63.888888888888886,0.0
2025-03-26,31.52200698852539,33.3174368134456,31.21364897998481,33.14336527413841,157006400,18.329999923706055,17.229999542236328,19.06999969482422,16.969999313354492,-0.07889445853869681,24.223138366860404,72.61904761904762,0.0
2025-03-27,30.984867095947266,31.944753482483897,30.711325306671352,31.134071535803454,144736000,18.690000534057617,18.360000610351562,19.280000686645508,17.950000762939453,-0.05606054271584493,25.570950459100818,75.0,0.0
2025-03-28,28.518014907836914,30.741167351346416,28.333996159540884,30.60688278456691,207264200,21.649999618530273,19.079999923706055,22.18000030517578,18.920000076293945,0.12292525142524346,36.65293877900053,90.87301587301587,0.0
2025-03-31,28.49812126159668,28.66224748015102,26.379413576471073,27.214960750186442,213709000,22.280000686645508,24.110000610351562,24.799999237060547,21.670000076293945,0.27459961499490326,39.011609940421245,92.85714285714286,0.0
2025-04-01,29.15462303161621,29.338643686577267,27.66257474283204,28.18976582120795,194196400,21.770000457763672,22.059999465942383,23.520000457763672,21.579999923706055,0.2693878100289617,37.10221185673177,91.07142857142857,0.0
2025-04-02,29.806150436401367,30.43778441780706,27.896328616928525,27.946062799272696,246174800,21.510000228881836,22.299999237060547,23.65999984741211,20.68000030517578,0.17348610575077572,36.12879280577517,89.68253968253968,0.0
2025-04-03,25.01667594909668,26.7723207270862,24.922180240403904,26.076030766203882,280231400,30.020000457763672,26.3799991607666,30.020000457763672,24.93000030517578,0.6062065061507145,67.98951993691682,99.60317460317461,0.0
2025-04-04,20.436086654663086,23.26600402065305,20.40624500804784,22.87309944169117,516053400,45.310001373291016,30.1200008392334,45.61000061035156,29.989999771118164,1.0928407469582635,100.0,100.0,0.0
2025-04-07,20.51566505432129,23.290875928707166,17.4072309551817,18.277592502940784,791455200,46.97999954223633,60.130001068115234,60.130001068115234,38.58000183105469,1.1086175087236798,100.0,100.0,0.0
2025-04-08,19.346891403198242,23.280924874775057,18.45166101240722,22.574687777288506,502295400,52.33000183105469,44.040000915527344,57.52000045776367,36.47999954223633,1.4037666849195052,100.0,100.0,0.0
2025-04-09,26.165552139282227,26.563431278340342,19.26234196198367,19.277261836811665,713864000,33.619998931884766,50.97999954223633,57.959999084472656,31.899999618530273,0.5629938900113367,53.768218695536206,98.4126984126984,0.0
2025-04-10,22.94770050048828,24.53921892442964,20.674813944974435,24.21096840364227,563385400,40.720001220703125,34.439998626708984,54.869998931884766,34.439998626708984,0.35642906728111834,71.31208305765267,98.80952380952381,0.0
2025-04-11,24.16123390197754,24.404934036843258,22.191728906236857,22.713945378186445,358585800,37.560001373291016,40.79999923706055,46.119998931884766,36.849998474121094,-0.17104391448040013,63.50383082728144,98.01587301587301,0.0
2025-04-14,24.668529510498047,25.8870359213974,23.907585534707334,25.812434649650946,294861400,30.889999389648438,34.7599983215332,35.16999816894531,29.75,-0.3424861709102941,47.02248260569542,97.22222222222221,0.0
2025-04-15,24.763029098510742,25.469264393366075,24.46461829586003,24.847577592724033,209340200,30.1200008392334,30.010000228881836,31.450000762939453,28.290000915527344,-0.4244219418054941,45.11984235601798,96.82539682539682,0.0
2025-04-16,22.52495574951172,23.8777448855363,21.465600950751725,23.290874313769645,269148800,32.63999938964844,33.2400016784668,34.959999084472656,29.479999542236328,-0.029149303193668707,51.34667313195136,97.22222222222221,0.0
2025-04-17,22.46030044555664,23.02230583925512,22.05744671954025,22.922835572644434,202191600,29.649999618530273,30.790000915527344,32.54999923706055,29.56999969482422,-0.27185661272879746,43.95848531265045,95.63492063492063,0.0
2025-04-21,20.819046020507812,21.70432733828843,20.013340530199194,21.570042773697427,229539400,33.81999969482422,32.75,35.75,31.790000915527344,-0.09957405595640678,54.262413783734345,97.61904761904762,0.0
2025-04-22,22.410566329956055,22.86812690164321,21.435759990851285,21.614806091854966,260222800,30.56999969482422,32.61000061035156,32.68000030517578,30.079999923706055,-0.010359329917353555,46.23177423497332,96.03174603174604,0.0
2025-04-23,23.897640228271484,25.280272962502462,23.68875437400811,24.489487276492813,303995400,28.450000762939453,28.75,30.290000915527344,27.110000610351562,-0.055444888106332746,40.99332892244257,94.44444444444444,0.0
2025-04-24,25.93179702758789,26.00142563899655,24.141339973055047,24.240810231026288,240615400,26.469999313354492,28.690000534057617,29.65999984741211,26.360000610351562,-0.18903186861733579,36.10081263086069,92.06349206349206,0.0
2025-04-25,26.78723907470703,26.89168199370985,25.603546967629562,25.882063315541142,226103200,24.84000015258789,26.219999313354492,27.200000762939453,24.84000015258789,-0.16222595372096704,32.073140100122366,91.26984126984127,0.0
2025-04-28,26.767345428466797,27.175171797977313,25.683123549357145,26.866815691155633,191356800,25.149999618530273,25.75,26.93000030517578,24.700000762939453,-0.2563571896667046,32.839138245135196,91.66666666666666,0.0
2025-04-29,27.289562225341797,27.438766672338087,26.27497084742454,26.379413770598195,169808000,24.170000076293945,24.760000228881836,25.989999771118164,23.760000228881836,-0.20935556697482893,30.41759268155035,89.68253968253968,0.0
2025-04-30,27.29453468322754,27.5631019082747,25.026620812665158,25.842273497614507,268446600,24.700000762939453,24.350000381469727,28.170000076293945,24.229999542236328,-0.13181018978688241,31.72720636617986,90.47619047619048,0.0
2025-05-01,28.234525680541992,29.288905877870953,28.164897068063297,28.627432162085945,205481600,24.600000381469727,23.940000534057617,25.18000030517578,23.299999237060547,-0.07064597583655108,31.480108822080787,89.68253968253968,0.0
2025-05-02,29.557476043701172,29.935460766343255,28.861186100073038,29.16456954840762,195097800,22.68000030517578,23.6299991607666,24.31999969482422,22.34000015258789,-0.08695651506214164,26.735853884754533,85.71428571428571,0.0
2025-05-05,29.045207977294922,29.592291600938257,28.69706299077755,28.796533257959304,138579000,23.639999389648438,24.25,24.6299991607666,22.809999465942383,-0.06003977144275119,29.107978996920835,87.6984126984127,0.0
2025-05-06,28.2196044921875,28.866158302987202,27.63770473440165,27.881406763971537,165885800,24.760000228881836,23.969999313354492,25.110000610351562,23.899999618530273,0.024410432384175618,31.87546300744184,90.47619047619048,0.0
2025-05-07,28.5478572845459,28.975576189334372,27.39897944867885,28.329022326911723,207867200,23.549999237060547,24.559999465942383,25.6200008392334,23.290000915527344,-0.0465587647917971,28.885591678531043,86.90476190476191,0.0
2025-05-08,29.398324966430664,30.194083291626278,28.677167917026043,29.443086490800262,197621600,22.479999542236328,22.84000015258789,23.610000610351562,21.8799991607666,-0.08617889456742922,26.241658796556393,83.73015873015873,0.0
2025-05-09,29.328697204589844,29.975251099802602,29.010393865238182,29.741496254924794,146818800,21.899999618530273,22.399999618530273,22.81999969482422,21.829999923706055,-0.03439156420414613,24.808498696374173,81.74603174603175,0.0
2025-05-12,32.87976837158203,32.90463735879259,31.755757691314344,32.75045646814157,202490000,18.389999389648438,19.84000015258789,20.440000534057617,18.139999389648438,-0.22208122400793662,16.135407418153033,62.301587301587304,0.0
2025-05-13,34.38673782348633,34.74483000496551,33.00410707403327,33.158284176541024,170595400,18.219999313354492,18.690000534057617,18.850000381469727,17.649999618530273,-0.2641357372807541,15.71534300708271,60.317460317460316,0.0
2025-05-14,34.99350357055664,35.11784091871966,34.42155101011183,34.620491526067596,161184800,18.6200008392334,18.100000381469727,18.81999969482422,18.059999465942383,-0.20934176465147514,16.703733183478985,63.29365079365079,0.0
2025-05-15,35.10292434692383,35.65498252826927,34.282297012939374,34.55584072242589,161694800,17.829999923706055,19.190000534057617,19.3799991607666,17.770000457763672,-0.20685052105066404,14.751667769389357,56.74603174603175,0.0
2025-05-16,35.535614013671875,35.570428320776045,34.64038734764679,35.36651703473015,127627200,17.239999771118164,17.959999084472656,17.959999084472656,17.149999618530273,-0.21278538486681697,13.293797443497862,52.77777777777778,0.0
2025-05-19,35.63011169433594,35.73952917246723,34.03362053167684,34.053514963562066,143794200,18.139999389648438,19.84000015258789,19.920000076293945,17.920000076293945,-0.013594345203770009,15.517665914402185,58.730158730158735,0.0
2025-05-20,35.25709915161133,35.39635637842746,34.51604959778269,35.102922049704155,134069400,18.09000015258789,18.459999084472656,18.68000030517578,17.700000762939453,-0.007134970673205121,15.394119498849475,57.936507936507944,0.0
2025-05-21,33.789920806884766,35.8041836810718,33.4119341852558,34.43647277615871,219255200,20.8700008392334,18.770000457763672,21.049999237060547,17.770000457763672,0.12083780336137906,22.263406717236617,77.38095238095238,0.0
2025-05-22,33.9639892578125,34.69011888962761,33.630766087396076,33.899335205104336,173542000,20.280000686645508,20.6200008392334,22.06999969482422,19.639999389648438,0.13740890484705104,20.805536391345125,72.61904761904762,0.0
2025-05-23,32.98421096801758,33.49150566971218,32.25808132331077,32.372469556631025,214220800,22.290000915527344,20.139999389648438,25.530000686645508,19.829999923706055,0.2929235041446665,25.643564898667858,82.93650793650794,0.0
2025-05-27,35.28196716308594,35.386410080306895,34.01372469280693,34.31213356979177,130539600,18.959999084472656,20.6299991607666,21.010000228881836,18.950000762939453,0.04520395382660003,17.400986420244788,63.49206349206349,0.0
2025-05-28,34.82938003540039,35.77931926967438,34.705042677687565,35.48090657558358,132542600,19.309999465942383,19.209999084472656,19.43000030517578,18.68000030517578,0.06744053637721859,18.267323965419205,67.46031746031747,0.0
2025-05-29,34.99847412109375,36.336341253955865,34.48123035660114,36.30650150804404,193248800,19.18000030517578,18.25,20.200000762939453,18.110000610351562,-0.08097750196926656,17.925229812712214,65.07936507936508,0.0
2025-05-30,34.81446075439453,35.11286965910861,33.34230686926,34.8791148154988,187118200,18.56999969482422,19.610000610351562,20.549999237060547,18.56999969482422,-0.08431957267868018,16.414953565224696,59.92063492063492,0.0
2025-06-02,35.61519241333008,35.669901153308615,34.162933011749715,34.41657848495025,137925400,18.360000610351562,19.809999465942383,20.450000762939453,18.360000610351562,-0.17631225409408213,15.895025185004897,58.13492063492064,0.0
2025-06-03,36.44576644897461,36.74417535484016,35.510750865402535,35.68979696781689,128728400,17.690000534057617,18.829999923706055,19.209999084472656,17.639999389648438,-0.06698304914239728,14.23619864635867,51.19047619047619,0.0
2025-06-04,36.739200592041016,36.963006298451944,36.162273481642195,36.59496881444131,128889000,17.610000610351562,17.68000030517578,18.06999969482422,17.40999984741211,-0.08803722954985882,14.03813001737085,50.198412698412696,0.0
2025-06-05,35.88376235961914,37.62448537559328,35.461016100349,37.02766377914569,198008800,18.479999542236328,17.68000030517578,18.799999237060547,17.079999923706055,-0.036496389562129194,16.19212576732232,59.523809523809526,0.0
2025-06-06,36.908302307128906,37.30618338575947,36.57507908559904,36.93814205995989,131215400,16.770000457763672,18.15999984741211,18.350000381469727,16.649999618530273,-0.09693049362635353,11.958407051834428,43.65079365079365,0.0
2025-06-09,37.072425842285156,37.42056891492803,36.72427897516737,36.95803380728827,100363800,17.15999984741211,17.690000534057617,17.719999313354492,16.81999969482422,-0.06535951650583716,12.923991027858978,46.62698412698413,0.0
2025-06-10,37.78860855102539,37.94278564862885,36.68449229141097,37.15697269698753,122693000,16.950000762939453,17.5,17.989999771118164,16.68000030517578,-0.041831529043398374,12.404062647639178,44.047619047619044,0.0
2025-06-11,37.40066909790039,38.335688291756234,36.913268866378154,38.09198438152076,181652000,17.260000228881836,17.040000915527344,18.09000015258789,16.229999542236328,-0.019875091955646407,13.171577994675904,47.61904761904761,0.0
2025-06-12,37.64437484741211,37.86320598891072,37.06247320352662,37.10226206360802,126110000,18.020000457763672,17.8700008392334,18.8700008392334,17.43000030517578,-0.024891725966838973,15.053232331224505,53.17460317460318,0.0
2025-06-13,36.22195816040039,37.246496722832404,35.943439912714865,36.3562408304913,210666200,20.81999969482422,21.760000228881836,22.0,18.8799991607666,0.24150263127664973,21.98563906812684,76.19047619047619,0.0
2025-06-16,37.69908905029297,37.92289478038718,36.91327602482535,36.91327602482535,116668600,19.110000610351562,19.780000686645508,20.219999313354492,18.670000076293945,0.11363640910716732,17.751920352638944,64.0873015873016,0.0
2025-06-17,36.58502197265625,37.49019776160777,36.346296376929985,37.142054686809075,135418200,21.600000381469727,20.530000686645508,21.790000915527344,19.549999237060547,0.2743362483320546,23.746898635902667,78.96825396825396,0.0
2025-06-18,36.53528594970703,37.28131003911032,36.2269279600761,36.76406621512041,142661400,20.139999389648438,20.899999618530273,21.579999923706055,19.59000015258789,0.16685974058953867,20.12406757929902,71.03174603174604,0.0
2025-06-20,36.032958984375,37.4653275446017,35.66989608282684,37.1818385661359,163355000,20.6200008392334,20.739999771118164,21.06999969482422,19.110000610351562,0.14428414624981611,21.315138111793576,74.20634920634922,0.0
2025-06-23,37.152000427246094,37.2663924642496,35.520694924861175,36.17222525005727,167572800,19.829999923706055,21.149999618530273,22.510000228881836,19.81999969482422,-0.04755042198027859,19.35483817532059,69.44444444444444,0.0
2025-06-24,38.842987060546875,39.04690213421193,38.12680651070013,38.251143859674016,113191600,17.479999542236328,18.190000534057617,18.719999313354492,17.329999923706055,-0.08529570989298085,13.523572023645917,45.83333333333333,0.0
2025-06-25,39.1412353515625,39.61004978316825,38.7621907388018,39.34072891134584,101438200,16.760000228881836,17.280000686645508,17.510000228881836,16.68000030517578,-0.22407407718103767,11.736973324216239,38.88888888888889,0.0
2025-06-26,40.213531494140625,40.323255248560315,39.211063676243356,39.61005464992853,100144200,16.59000015258789,16.670000076293945,16.780000686645508,16.110000610351562,-0.17626610450073676,11.315136928574885,37.301587301587304,0.0
2025-06-27,40.60753631591797,41.02149271796671,39.82451223022263,40.413027414732866,146023600,16.31999969482422,16.309999465942383,17.290000915527344,16.1200008392334,-0.20853544953439695,10.645160641460718,32.93650793650794,0.0
2025-06-30,41.395545959472656,41.639928237662,40.81201929712236,41.295799177994176,113721400,16.729999542236328,17.190000534057617,17.43000030517578,16.549999237060547,-0.15632881459388137,11.662529936911962,38.2936507936508,0.0
2025-07-01,40.343204498291016,41.16612883360191,39.804562700077035,40.95665829155074,140390000,16.829999923706055,16.979999542236328,17.479999542236328,16.510000228881836,-0.037185333841668666,11.910669828384778,39.682539682539684,0.0
2025-07-02,41.14617919921875,41.19106411371718,40.11378430969674,40.12874594786289,100285000,16.639999389648438,16.75,17.3700008392334,16.540000915527344,-0.007159954510418509,11.439204507873907,37.301587301587304,0.0
2025-07-03,42.29826736450195,42.537664969877525,41.63992870608894,41.63992870608894,83484600,16.3799991607666,16.649999618530273,16.829999923706055,16.139999389648438,-0.012658287515960653,10.794042683194496,32.93650793650794,0.0
2025-07-07,41.355648040771484,41.879328185599256,40.79705994505761,41.69479244392463,139674800,17.790000915527344,17.829999923706055,18.5,17.510000228881836,0.09007360589408142,14.165011245488177,48.80952380952381,0.0
2025-07-08,41.4105110168457,41.78456718593213,41.1312169615586,41.63494700135523,115515400,16.809999465942383,17.40999984741211,17.440000534057617,16.540000915527344,0.004781824620143427,11.111109520062946,38.88888888888889,0.0
2025-07-09,42.268348693847656,42.58754299904541,41.57010972431647,41.87933087220641,117976200,15.9399995803833,16.760000228881836,16.760000228881836,15.760000228881836,-0.052881779403286644,8.933932735272649,25.396825396825395,0.0
2025-07-10,42.07383346557617,42.50275146223851,41.46536822356236,42.407989359109756,110317800,15.779999732971191,16.229999542236328,16.239999771118164,15.699999809265137,-0.05168267357102441,8.327061814717043,21.825396825396826,0.0
2025-07-11,41.754642486572266,42.118721681217345,41.270862582231054,41.55514510884137,106937600,16.399999618530273,16.40999984741211,17.239999771118164,15.979999542236328,0.001221029230061177,9.882115383010012,32.53968253968254,0.0
2025-07-14,42.19852066040039,42.36310627658377,41.171114338339,41.7097522925183,97311400,17.200000762939453,17.729999542236328,17.850000381469727,16.90999984741211,-0.03316470613966804,11.888639357010655,42.857142857142854,0.0
2025-07-15,42.30824661254883,43.22592923838092,42.29328497485966,43.10623233177153,123257600,17.3799991607666,16.889999389648438,17.389999389648438,16.559999465942383,0.03390837078722431,12.340102586839672,44.44444444444444,0.0
2025-07-16,42.42794418334961,42.567591210762686,41.11625525575262,42.42295570234311,166357600,17.15999984741211,17.65999984741211,19.479999542236328,16.690000534057617,0.0765370325686967,11.097065817121916,41.66666666666667,0.0
2025-07-17,43.41545104980469,43.55010958661934,42.39302940677932,42.57756513991392,97330800,16.520000457763672,17.15999984741211,17.3700008392334,16.479999542236328,0.046894850273431876,9.479271662846344,32.34126984126984,0.0
2025-07-18,43.265830993652344,43.75958408019908,42.98653693339903,43.709710684453306,98496200,16.40999984741211,16.43000030517578,16.809999465942383,16.280000686645508,0.0006097700679539297,9.201211484552646,31.150793650793652,0.0
2025-07-21,43.92416763305664,44.378024264596256,43.45036468823916,43.465326325745565,87720400,16.649999618530273,16.8700008392334,16.989999771118164,16.299999237060547,-0.03197680930307034,9.807884292405985,35.317460317460316,0.0
2025-07-22,43.24089050292969,43.969056508351365,42.62744053239118,43.95409106569529,108345200,16.5,16.75,17.479999542236328,16.43000030517578,-0.050632865550022665,9.428714390173509,31.349206349206348,0.0
2025-07-23,43.809452056884766,43.829402173734564,42.84189612279178,43.48028464160241,118025200,15.369999885559082,16.229999542236328,16.31999969482422,15.319999694824219,-0.10431235301688979,6.5722935731513985,15.674603174603174,0.0
2025-07-24,44.098724365234375,44.3680452431348,43.68975647029576,44.11368600204621,90378200,15.390000343322754,15.390000343322754,15.539999961853027,14.949999809265137,-0.0684019420780263,6.622850845824233,16.071428571428573,0.0
2025-07-25,44.34809494018555,44.67726616905225,43.8792804999606,44.043862309298135,79003200,14.930000305175781,15.329999923706055,15.390000343322754,14.920000076293945,-0.09018888214491527,5.460060092086943,9.920634920634921,0.0
2025-07-28,44.782005310058594,44.98150269588436,44.47777265282093,44.68225471459764,95592000,15.029999732971191,15.149999618530273,15.539999961853027,15.0,-0.09729729265315634,5.712839223340778,11.904761904761903,0.0
2025-07-29,44.577518463134766,45.699686953000295,44.378024886791074,45.38049266473512,116251200,15.979999542236328,14.949999809265137,16.1200008392334,14.699999809265137,-0.0315151792584043,8.114254229121162,24.206349206349206,0.0
2025-07-30,44.73212814331055,45.32562796460399,44.01892761755646,44.757062936251316,145527600,15.479999542236328,15.869999885559082,17.270000457763672,15.4399995803833,0.007156776675099064,6.850351340741651,17.857142857142858,0.0
2025-07-31,43.99399185180664,46.25827895483262,43.719686281223765,46.238328836138145,178874600,16.719999313354492,14.989999771118164,17.170000076293945,14.739999771118164,0.08641968423404123,9.984829925354015,36.11111111111111,0.0
2025-08-01,41.355648040771484,42.55262851102353,40.82698322015771,42.517716755041405,219781200,20.3799991607666,17.399999618530273,21.899999618530273,17.389999389648438,0.3650367544668749,19.236598682579494,72.22222222222221,0.0
2025-08-04,43.61993408203125,43.67479595514749,42.47283083754618,42.50275411193833,108586000,17.520000457763672,19.559999465942383,19.579999923706055,17.479999542236328,0.16566871384103798,12.00707743960537,46.42857142857143,0.0
2025-08-05,42.712223052978516,44.19348596178727,42.602499310830346,43.91419193093431,152088400,17.850000381469727,17.209999084472656,18.940000534057617,17.110000610351562,0.11702133246567659,12.841253153079574,50.39682539682539,0.0
2025-08-06,44.30819320678711,44.4229054264777,42.797007064694085,42.90673080393839,128995200,16.770000457763672,17.219999313354492,17.8799991607666,16.559999465942383,0.08333339494020309,10.1112231070361,37.5,0.0
2025-08-07,44.75706481933594,45.719636145571336,43.799481973936906,45.33061835244648,169239200,16.56999969482422,16.40999984741211,17.639999389648438,15.979999542236328,-0.008971269419279615,9.605660023121539,34.12698412698413,0.0
2025-08-08,45.964019775390625,46.02386632183368,44.9366096686674,45.00643317624815,104522600,15.149999618530273,16.479999542236328,16.520000457763672,15.149999618530273,-0.25662412942119084,6.016175627267447,13.492063492063492,0.0
2025-08-11,45.56003952026367,46.502660738917015,45.24583371574457,45.99893451652709,94617000,16.25,15.8100004196167,16.360000610351562,15.520000457763672,-0.07248860870896234,8.796762945983753,28.57142857142857,0.0
2025-08-12,47.24080276489258,47.325587919728314,45.45031852547059,46.09369561617568,119469600,14.729999542236328,16.09000015258789,16.559999465942383,14.65999984741211,-0.1747899592468527,4.954497008172381,8.531746031746032,0.0
2025-08-13,47.31062316894531,48.03878536658453,46.97147876681647,47.904126823944786,96058600,14.489999771118164,14.619999885559082,14.8100004196167,14.300000190734863,-0.13595710342333245,4.347824200319042,6.746031746031746,0.0
2025-08-14,47.18095016479492,47.67470323696375,46.702158730404534,46.801905518991504,106385800,14.829999923706055,14.65999984741211,15.390000343322754,14.569999694824219,-0.10500904062549066,5.2072785501296615,10.317460317460316,0.0
2025-08-15,46.512638092041016,47.136065030527696,46.09369321072802,47.116114911884594,96167400,15.09000015258789,14.430000305175781,15.180000305175781,14.399999618530273,-0.003960360887996117,5.864508630655836,13.88888888888889,0.0
2025-08-18,46.45278549194336,46.61238262828185,45.99893268130097,46.283215199313155,73371400,14.989999771118164,15.729999542236328,15.949999809265137,14.949999809265137,-0.07753847562349758,5.611727088698554,12.3015873015873,0.0
2025-08-19,44.55756759643555,46.31313995751701,44.29822366848506,46.26825124002604,111118600,15.569999694824219,15.229999542236328,15.90999984741211,14.760000228881836,0.05702648870960925,7.077854246362514,20.634920634920633,0.0
2025-08-20,43.74462127685547,44.33313646321153,42.08381098759268,44.303213187580305,164404200,15.6899995803833,15.949999809265137,17.190000534057617,15.569999694824219,0.08281572313458607,7.3811906502891835,21.825396825396826,0.0
2025-08-21,43.13615417480469,43.864316357235126,42.58753924887446,43.36557482364475,119920000,16.600000381469727,15.720000267028809,17.239999771118164,15.649999618530273,0.11935269500131884,9.68149593213079,37.10317460317461,0.0
2025-08-22,45.07625961303711,45.54507788448394,43.07630875078862,43.40048771201016,132726400,14.220000267028809,16.809999465942383,16.829999923706055,14.210000038146973,-0.057654067379838914,3.665317894159897,5.952380952380952,0.0
2025-08-25,44.682254791259766,45.375509064340356,44.40296073368219,44.697220234426695,80452600,14.789999961853027,15.050000190734863,15.1899995803833,14.239999771118164,-0.013342215631682919,5.106166415487439,9.920634920634921,0.0
2025-08-26,45.20094680786133,45.27077032277259,44.308198947100216,44.54260809220069,84374600,14.619999885559082,15.75,15.75,14.619999885559082,-0.061014760943183255,4.676439240582129,7.936507936507936,0.0
2025-08-27,45.40542984008789,45.60492721526998,44.65731753697701,44.95656169720217,90055200,14.850000381469727,14.65999984741211,15.229999542236328,14.65999984741211,-0.05353723526951515,5.257835822802496,11.30952380952381,0.0
2025-08-28,46.23333740234375,46.437823252079895,45.141096060527396,45.52512535685453,90658000,14.430000305175781,14.420000076293945,14.6899995803833,14.119999885559082,-0.13072289315826013,4.196157203707431,7.142857142857142,0.0
2025-08-29,44.567543029785156,45.679734500963605,44.133636532700436,45.594949354838874,121887000,15.359999656677246,14.3100004196167,15.970000267028809,14.3100004196167,0.0801687319438169,6.547014936814981,18.650793650793652,0.0
2025-09-02,43.43041229248047,43.510208956695614,42.018972883583395,42.44789089339025,166668000,17.170000076293945,16.649999618530273,19.3799991607666,16.549999237060547,0.16091954838265798,11.122344453458332,46.03174603174603,0.0
2025-09-03,44.4428596496582,44.826888967401615,43.68477036579375,44.25333923124011,119929800,16.350000381469727,17.399999618530273,17.56999969482422,16.34000015258789,0.11833108819784965,9.049544487941034,31.944444444444443,0.0
2025-09-04,45.64482116699219,45.714648478844744,44.1984738369475,44.58749160461997,101759600,15.300000190734863,16.219999313354492,16.350000381469727,15.279999732971191,0.030303016680501837,6.3953479402033695,17.857142857142858,0.0
2025-09-05,45.79444885253906,47.00140248725195,44.73213072357052,46.85178230568942,172625800,15.180000305175781,15.229999542236328,16.920000076293945,14.739999771118164,0.05197505087584697,6.0920115362767,16.666666666666664,0.0
2025-09-08,46.44779586791992,46.93157574572077,46.203413591281894,46.338075931028406,101696800,15.109999656677246,15.579999923706055,15.649999618530273,14.989999771118164,-0.01627604203046451,5.915063492625224,16.26984126984127,0.0
2025-09-09,46.82684326171875,46.93656701021403,46.00391895310013,46.63233436396657,94620800,15.039999961853027,15.020000457763672,15.819999694824219,14.970000267028809,-0.12405358794271293,5.738117859677195,14.682539682539684,0.0
2025-09-10,46.87671661376953,47.60986729161797,46.353040276089224,47.60487881075549,120818800,15.350000381469727,14.979999542236328,15.630000114440918,14.630000114440918,-0.06116207808370144,6.521738711182009,19.642857142857142,0.0
2025-09-11,47.66472625732422,47.869212104152176,47.086188080746936,47.47520585217052,91247200,14.710000038146973,15.1899995803833,15.239999771118164,14.649999618530273,-0.03856210099560475,4.903942146202993,9.325396825396826,0.0
2025-09-12,48.258235931396484,48.562468596988985,47.644782119027404,47.85924114878775,92235200,14.760000228881836,14.619999885559082,14.970000267028809,14.40999984741211,-0.027667988659443088,5.030332917181633,10.714285714285714,0.0
2025-09-15,49.4901237487793,49.51007006151612,48.662210981652706,48.697122736586,78114400,15.6899995803833,15.140000343322754,15.84000015258789,14.920000076293945,0.038385171203478397,7.3811906502891835,25.595238095238095,0.0
2025-09-16,49.355464935302734,49.77939450556005,49.180906148149276,49.709570990698666,77137200,16.360000610351562,15.600000381469727,16.3799991607666,15.4399995803833,0.08776600078766905,9.074823124277453,35.317460317460316,0.0
2025-09-17,49.041255950927734,49.475158650241774,47.63480497726635,49.3205499923341,147697200,15.720000267028809,16.420000076293945,16.75,15.260000228881836,0.024104226473228074,7.457026559298435,26.190476190476193,0.0
2025-09-18,50.36292266845703,51.05617310857261,49.76941901486755,50.253198920220726,123401600,15.699999809265137,14.930000305175781,15.800000190734863,14.329999923706055,0.06730113994227249,7.4064692866256,26.190476190476193,0.0
2025-09-19,51.36040496826172,51.51501362654038,50.44770704563827,50.81178623547433,84365400,15.449999809265137,15.760000228881836,16.1299991607666,15.289999961853027,0.04674793832544366,6.774517842435844,23.41269841269841,0.0
2025-09-22,52.228214263916016,52.4077615213015,51.08110720896385,51.08110720896385,81054600,16.100000381469727,16.139999389648438,16.350000381469727,15.779999732971191,0.026131345573714215,8.417593043751278,32.53968253968254,0.0
2025-09-23,51.17586898803711,52.31798755482805,50.86166319218909,52.26312568180914,99930600,16.639999389648438,16.100000381469727,17.06999969482422,15.949999809265137,0.01711483917180967,9.782605656069569,42.26190476190476,0.0
2025-09-24,50.625732421875,51.59920663704326,49.91683950216077,51.52432312616872,101055600,16.18000030517578,16.56999969482422,17.209999084472656,16.18000030517578,0.0292620884435848,8.619817313035725,34.12698412698413,0.0
2025-09-25,49.94679260253906,50.356151457534224,48.67378440986463,49.62229994472662,122820600,16.739999771118164,16.549999237060547,17.739999771118164,16.31999969482422,0.0662420365915728,10.035387198026848,44.047619047619044,0.0
2025-09-26,50.54585266113281,50.61074966871421,49.29281366698927,50.12151786967491,124097400,15.289999961853027,16.889999389648438,17.049999237060547,15.289999961853027,-0.010355977306624964,6.370069303866951,19.841269841269842,0.0
2025-09-29,51.21979904174805,52.05848597450549,50.890316929986305,51.31465174166036,92393200,16.1200008392334,15.84000015258789,16.290000915527344,15.739999771118164,0.0012422644279370676,8.468150316424113,32.34126984126984,0.0
2025-09-30,51.61917495727539,51.70404115742731,50.53087886927564,51.12494988780614,92323800,16.280000686645508,16.489999771118164,16.700000762939453,16.020000457763672,-0.02163453823363004,8.872598854993004,34.523809523809526,0.0
2025-10-01,52.3480339050293,52.487814426740954,50.57081788543784,50.785481917704615,93996400,16.290000915527344,17.280000686645508,17.280000686645508,15.979999542236328,0.00679855428163223,8.897877491329423,34.92063492063492,0.0
2025-10-02,52.987030029296875,53.33648131561884,52.24818907857805,53.32150537602409,89158600,16.6299991607666,16.1200008392334,16.920000076293945,15.930000305175781,-0.0065711237667606115,9.75732701973315,42.06349206349206,0.0
2025-10-03,52.26815414428711,53.35146074283165,51.79889153529824,53.1367967228878,103096400,16.649999618530273,16.350000381469727,17.059999465942383,16.200000762939453,0.08894700196666472,9.807884292405985,43.452380952380956,0.0
2025-10-06,53.43632888793945,53.85567044429474,52.98203839315441,53.61604778601557,82476800,16.3700008392334,16.739999771118164,17.09000015258789,16.290000915527344,0.015508684056116273,9.10010176061387,36.904761904761905,0.0
2025-10-07,52.57268142700195,53.94553184268841,52.17829848690217,53.76581293811804,100185800,17.239999771118164,16.579999923706055,17.549999237060547,16.190000534057617,0.058968000244628005,11.299290086406362,51.78571428571429,0.0
2025-10-08,54.354888916015625,54.43975892443722,52.747409136616874,52.7773610168048,86931000,16.299999237060547,17.170000076293945,17.200000762939453,16.229999542236328,0.0006137704709194836,8.923151306258948,35.317460317460316,0.0
2025-10-09,54.14022445678711,54.39482686255884,53.29654809876207,54.35488848347043,87956200,16.43000030517578,16.309999465942383,17.270000457763672,16.260000228881836,-0.012026389999023945,9.25176875722548,39.48412698412698,0.0
2025-10-10,48.45912170410156,54.744282273009276,48.33931037489897,54.280009087524064,238009400,21.65999984741211,16.360000610351562,22.440000534057617,16.229999542236328,0.30090092154152726,22.472191812537528,82.14285714285714,0.0
2025-10-13,51.53430938720703,51.75895611005783,50.34616733561923,50.95022105207455,114511200,19.030000686645508,19.450000762939453,20.770000457763672,18.610000610351562,0.16249234642902288,15.824064741080324,67.46031746031747,0.0
2025-10-14,50.48594665527344,51.68407136899682,48.45912152197426,49.78704406360715,147230000,20.809999465942383,21.459999084472656,22.940000534057617,19.18000030517578,0.20707655117287005,20.32355593801098,79.36507936507937,0.0
2025-10-15,51.51932907104492,52.67252597952425,49.941801161288474,51.9885955103713,127069400,20.639999389648438,20.020000457763672,22.440000534057617,19.110000610351562,0.2662576905353613,19.89382876310567,78.76984126984127,0.0
2025-10-16,50.94523239135742,53.08188624657991,49.79702870229722,52.258175235622254,159344000,25.309999465942383,20.489999771118164,25.43000030517578,19.850000381469727,0.5404746802085709,31.69868193342659,92.85714285714286,0.0
2025-10-17,51.91371154785156,52.30310122443509,49.9817391049974,50.38111147204539,142274000,20.780000686645508,28.40999984741211,28.989999771118164,20.729999542236328,-0.040627847043671284,20.24772485040862,78.57142857142857,0.0
2025-10-20,53.86066436767578,54.17517053887665,52.69249532430094,52.72244720477716,79928800,18.229999542236328,20.530000686645508,21.020000457763672,18.229999542236328,-0.0420389445897702,13.80181722682897,62.301587301587304,0.0
2025-10-21,53.80075454711914,54.15520289201507,53.25161517853958,53.86565536374705,79811400,17.8700008392334,18.649999618530273,18.889999389648438,17.399999618530273,-0.14127816925322767,12.891810425752407,58.730158730158735,0.0
2025-10-22,52.21823501586914,53.785780221129485,50.71059737958568,53.64100645265213,134380800,18.600000381469727,17.84000015258789,21.010000228881836,17.729999542236328,-0.09883716417171162,14.737107485648842,65.47619047619048,0.0
2025-10-23,53.526187896728516,53.73086542362795,51.958642705416935,52.05349159453613,91245000,17.299999237060547,18.360000610351562,19.350000381469727,17.079999923706055,-0.31647571702481636,11.450957083017974,53.57142857142857,0.0
2025-10-24,55.19357681274414,55.543031925607984,54.679382547209485,54.90902251974275,84387600,16.3700008392334,17.020000457763672,17.219999313354492,16.020000457763672,-0.21222327727093115,9.10010176061387,37.5,0.0
2025-10-27,58.12398910522461,58.25378693477012,57.04567570666225,57.17048028656622,77489400,15.789999961853027,15.729999542236328,16.06999969482422,15.619999885559082,-0.13384529027168468,7.633972192246465,27.380952380952383,0.0
2025-10-28,59.451908111572266,59.94613699241417,58.43849552777355,58.73303631816015,92239400,16.420000076293945,15.949999809265137,16.549999237060547,15.65999984741211,-0.08114161694698929,9.226490120889064,40.07936507936508,0.0
2025-10-29,60.21072006225586,60.5901270404477,58.678120018471375,60.19075087301067,133060800,16.920000076293945,16.34000015258789,17.579999923706055,16.260000228881836,-0.09032259520002395,10.490393009268576,50.39682539682539,0.0
2025-10-30,57.45503234863281,59.57671012473417,57.425080469411945,59.20229639953982,127234200,16.90999984741211,16.260000228881836,17.40999984741211,15.729999542236328,-0.022543318314891536,10.46511437293216,50.39682539682539,0.0
2025-10-31,58.268760681152344,59.65159369858212,57.59980617751168,59.65159369858212,122666800,17.440000534057617,16.43000030517578,18.540000915527344,15.960000038146973,0.06536344776841974,11.804853170320923,57.14285714285714,0.0
2025-11-03,59.06751251220703,60.115870240957,58.448482850930574,59.90619945695372,83598000,17.170000076293945,18.059999465942383,18.829999923706055,17.0,0.08739709422259989,11.122344453458332,53.37301587301587,0.0
2025-11-04,55.45317077636719,57.61478697227483,55.23351350122211,56.591387913512676,124762800,19.0,19.729999542236328,20.479999542236328,17.899999618530273,0.15712545138357692,15.748228832071073,70.63492063492063,0.0
2025-11-05,56.5314826965332,57.4101080249253,54.88406449062334,55.25348498886006,109730000,18.010000228881836,19.3700008392334,20.020000457763672,17.309999465942383,0.06442081251022302,13.245701691648465,63.095238095238095,0.0
2025-11-06,53.361446380615234,56.16206148468347,52.97704994674061,56.09716447366747,156461400,19.5,18.360000610351562,20.309999465942383,17.639999389648438,0.15316381880300622,17.012131720450586,74.60317460317461,0.0
2025-11-07,52.80731201171875,52.83726389140455,49.901861611459886,52.427905031187095,183589400,19.079999923706055,19.520000457763672,22.719999313354492,19.079999923706055,0.09403665937083971,15.950453101355519,71.82539682539682,0.0
2025-11-10,56.26689529418945,56.536473638786646,54.619477155517856,55.12867815615693,119878800,17.600000381469727,18.579999923706055,18.81999969482422,17.600000381469727,0.025043698501170608,12.209301708889816,58.730158730158735,0.0
2025-11-11,55.8026237487793,56.1221231720215,54.71432764813128,55.548021336631,102665600,17.280000686645508,17.899999618530273,18.010000228881836,17.25,-0.09052627965023641,11.400404631752032,55.158730158730165,0.0
2025-11-12,55.68780517578125,56.68124856714001,54.77922798481222,56.67625531748958,125708400,17.510000228881836,17.209999084472656,18.059999465942383,17.100000381469727,-0.027762353894819625,11.981798803268951,57.936507936507944,0.0
2025-11-13,52.248191833496094,54.85410829618633,51.61917567621673,54.699351833902874,201264400,20.0,17.610000610351562,21.309999465942383,17.510000228881836,0.02564102564102555,18.2760346088301,76.98412698412699,0.0
2025-11-14,52.288124084472656,53.46128633690067,49.30779020076769,49.91184770017707,222397600,19.829999923706055,21.329999923706055,23.030000686645508,19.559999465942383,0.039308176257808025,17.84630743392479,75.9920634920635,0.0
2025-11-17,50.94523239135742,53.23164946119628,49.97674760682375,51.62416962873906,186327000,22.3799991607666,19.579999923706055,23.440000534057617,19.540000915527344,0.2715908338462043,24.292210236097546,85.71428571428571,0.0
2025-11-18,49.10311508178711,50.59078356739695,47.8251173799907,49.90685689513883,267348000,24.690000534057617,23.540000915527344,25.84000015258789,22.90999984741211,0.4288194185743739,30.131445051823857,90.47619047619048,0.0
2025-11-19,49.94679260253906,51.49436857587526,48.638839281099195,49.247886218496895,184263600,23.65999984741211,24.520000457763672,24.790000915527344,21.93000030517578,0.351227843411799,27.52780336605558,88.09523809523809,0.0
2025-11-20,46.37738037109375,53.45629594713029,46.157723102480865,52.867218206632096,178246300,26.420000076293945,20.780000686645508,28.270000457763672,19.280000686645508,0.3210000038146972,34.504547888479316,92.85714285714286,0.0
2025-11-21,47.40576934814453,49.02323557496818,45.169273495280564,46.776753223205695,179618600,23.43000030517578,25.969999313354492,27.84000015258789,22.540000915527344,0.18154313642563635,26.946409194538656,86.11111111111111,0.0
2025-11-24,51.000144958496094,51.36956544565707,48.59390902051381,48.62386470939364,93894200,20.520000457763672,22.690000534057617,23.68000030517578,20.40999984741211,-0.08310986473420479,19.590494769882447,76.5873015873016,0.0
2025-11-25,51.928688049316406,52.27814315908653,49.00327219371433,50.56083091688719,101851900,18.559999465942383,20.549999237060547,21.770000457763672,18.389999389648438,-0.24827869321669127,14.635992940303172,64.28571428571429,0.0
2025-11-26,53.28656005859375,53.775795666444466,52.28812346265897,52.82728013855976,75598100,17.190000534057617,18.25,18.700000762939453,16.93000030517578,-0.27345728466106345,11.172901726131167,48.80952380952381,0.0
2025-11-28,54.454734802246094,54.5246250617603,53.54615761982799,53.73585920869032,34381600,16.350000381469727,17.40999984741211,18.520000457763672,15.779999732971191,-0.3811506308003305,9.049544487941034,32.34126984126984,0.0
2025-12-01,53.96549987792969,54.56456414991923,52.73742326214141,53.02697080316635,66359600,17.239999771118164,18.049999237060547,18.329999923706055,16.579999923706055,-0.264191227205841,11.299290086406362,50.0,0.0
2025-12-02,55.21354675292969,55.672826704235995,54.05536037513392,54.54459601629663,79504400,16.59000015258789,17.280000686645508,17.309999465942383,16.389999389648438,-0.1915204784358998,9.656217295794374,38.2936507936508,0.0
2025-12-03,55.602935791015625,55.792641192527,54.145219192869746,54.57454725802325,69844900,16.079999923706055,16.43000030517578,17.280000686645508,15.930000305175781,-0.13362066883607027,8.367035771078443,26.984126984126984,0.0
2025-12-04,55.423213958740234,55.96237063653062,54.52462330448963,55.95238794637896,63958000,15.779999732971191,16.229999542236328,16.6299991607666,15.680000305175781,-0.08202447686332925,7.608693555910047,22.023809523809522,0.0
2025-12-05,56.062217712402344,56.990764073302,55.592951282409295,55.77267017863074,73206000,15.40999984741211,15.579999923706055,16.18000030517578,15.279999732971191,-0.05749238606275309,6.673405707793621,17.46031746031746,0.0
2025-12-08,55.712764739990234,56.950827871427165,55.033827508030235,56.481561423495926,69700000,16.65999984741211,16.149999618530273,17.09000015258789,16.100000381469727,-0.03364268743655774,9.833162928742402,41.269841269841265,0.0
2025-12-09,55.92243576049805,56.13211035414704,55.00387585968761,55.36331366739034,48736000,16.93000030517578,16.65999984741211,17.200000762939453,16.450000762939453,0.020494282667915087,10.515671645604993,45.63492063492063,0.0
2025-12-10,56.56143569946289,57.00074643842348,54.804185126153705,55.562999085588764,100261100,15.770000457763672,16.940000534057617,17.65999984741211,15.5600004196167,-0.019278573844105806,5.6516140032558315,20.436507936507937,0.0
2025-12-11,56.022281646728516,56.07220271802166,53.89561049278506,55.54303250659389,99683900,14.850000381469727,16.84000015258789,16.8799991607666,14.850000381469727,-0.05893532111780064,3.277420374843456,7.5396825396825395,0.0
2025-12-12,52.737422943115234,55.433202628926644,52.14834517402583,55.023843759473564,138448500,15.739999771118164,14.989999771118164,17.850000381469727,14.850000381469727,0.021414661062535645,5.574192880239529,19.841269841269842,0.0
2025-12-15,51.93867492675781,53.975486604371895,51.63914469386952,53.975486604371895,98696300,16.5,16.510000228881836,17.350000381469727,15.989999771118164,-0.009603832465638562,6.9833839091826775,35.11904761904761,0.0
2025-12-16,52.248191833496094,52.68750258928367,51.020111399706146,51.349597323097,105953700,16.479999542236328,17.280000686645508,17.610000610351562,16.190000534057617,-0.026580080025272124,6.931461642747523,34.523809523809526,0.0
2025-12-17,49.32276916503906,52.71745129237508,49.29281347734237,52.567688088824966,125606200,17.6200008392334,16.450000762939453,18.0,15.819999694824219,0.11731137145014858,8.921544037442489,55.55555555555556,0.0
2025-12-18,51.42947006225586,52.377985639595536,50.90029985761452,51.589219773585334,109222100,16.8700008392334,17.610000610351562,17.68000030517578,15.930000305175781,0.13602696335848496,6.9535567133276395,44.047619047619044,0.0
2025-12-19,53.43632888793945,53.55614021707903,52.10840634201409,52.11839284120359,72957800,14.90999984741211,16.309999465942383,16.530000686645508,14.90999984741211,-0.05273188918522398,1.8105472371185343,6.349206349206349,0.0
2025-12-22,54.16518783569336,54.80418667726086,53.79576734454969,54.72431372643169,64783100,14.079999923706055,15.15999984741211,15.260000228881836,14.029999732971191,-0.14666667129054212,0.0,0.3968253968253968,0.0
2025-12-23,54.92399597167969,54.983903539130765,53.775796161034414,53.8856247969947,48197100,14.0,14.09000015258789,14.449999809265137,13.640000343322754,-0.1504854132963036,0.0,0.3968253968253968,0.0
2025-12-24,55.36000061035156,55.45000076293945,54.779998779296875,54.869998931884766,25855000,13.470000267028809,14.09000015258789,14.15999984741211,13.380000114440918,-0.235527830564232,0.0,0.3968253968253968,0.0
2025-12-26,55.310001373291016,55.75,55.11000061035156,55.52000045776367,37244200,13.600000381469727,14.119999885559082,14.289999961853027,13.520000457763672,-0.1938352279247585,0.3345345064557687,0.7936507936507936,0.0
2025-12-29,54.4900016784668,54.9900016784668,53.91999816894531,54.290000915527344,50635300,14.199999809265137,14.6899995803833,15.079999923706055,13.989999771118164,-0.04761905066486005,1.8785370891804476,1.984126984126984,0.0
2025-12-30,54.099998474121094,54.81999969482422,54.040000915527344,54.20000076293945,38976800,14.329999923706055,14.430000305175781,14.619999885559082,14.039999961853027,0.017755681914392918,2.213071595636216,2.7777777777777777,0.0
2025-12-31,52.720001220703125,54.20000076293945,52.63999938964844,54.130001068115234,57199400,14.949999809265137,14.770000457763672,15.170000076293945,14.380000114440918,0.06785712923322396,3.808542158182561,8.73015873015873,0.0
2026-01-02,52.349998474121094,54.880001068115234,51.61000061035156,54.16999816894531,107226600,14.510000228881836,14.850000381469727,15.420000076293945,14.460000038146973,0.07720860736719404,2.6762735975177967,3.968253968253968,0.0
2026-01-05,53.599998474121094,54.33000183105469,53.290000915527344,53.95000076293945,77968000,14.899999618530273,15.140000343322754,15.270000457763672,14.649999618530273,0.0955881765144524,3.679874662756749,8.333333333333332,0.0
2026-01-06,55.0099983215332,55.16999816894531,53.7400016784668,53.91999816894531,68915800,14.75,15.0,15.210000038146973,14.630000114440918,0.03873240831848479,3.293874630607668,5.555555555555555,0.0
2026-01-07,55.16999816894531,56.189998626708984,54.77000045776367,54.88999938964844,65588300,15.380000114440918,14.949999809265137,15.479999542236328,14.829999923706055,0.07327286785241727,4.9150791830648455,17.46031746031746,0.0
2026-01-08,54.189998626708984,54.97999954223633,53.5,54.869998931884766,83760300,15.449999809265137,15.6899995803833,15.850000381469727,15.149999618530273,0.03344481648020681,5.09521220418397,18.849206349206348,0.0
2026-01-09,55.7599983215332,56.099998474121094,53.790000915527344,54.38999938964844,78706300,14.489999771118164,15.680000305175781,15.8100004196167,14.430000305175781,-0.0013783912783034147,2.6248056176961305,3.7698412698412698,0.0
2026-01-12,55.88999938964844,56.34000015258789,54.58000183105469,54.599998474121094,59673900,15.119999885559082,16.059999465942383,16.65999984741211,15.029999732971191,0.014765118970553992,4.246010170153308,14.285714285714285,0.0
2026-01-13,55.599998474121094,56.5,54.959999084472656,55.90999984741211,88611000,15.979999542236328,15.359999656677246,16.5,14.75,0.08338979947364944,6.4590817657895245,27.976190476190478,0.0
2026-01-14,53.83000183105469,54.880001068115234,52.5,54.54999923706055,117421500,16.75,16.329999923706055,18.100000381469727,16.219999313354492,0.08907671491320301,8.440554814613304,45.63492063492063,0.0
2026-01-15,54.380001068115234,55.83000183105469,54.130001068115234,55.650001525878906,90483000,15.84000015258789,16.520000457763672,16.540000915527344,15.300000190734863,0.02524274097976864,6.098815723551276,26.38888888888889,0.0
2026-01-16,54.13999938964844,55.459999084472656,53.58000183105469,55.31999969482422,75855900,15.859999656677246,15.4399995803833,16.290000915527344,15.300000190734863,0.09454795770872271,6.150281249244589,26.984126984126984,0.0
2026-01-20,50.72999954223633,52.560001373291016,50.47999954223633,51.38999938964844,129209100,20.09000015258789,19.940000534057617,20.989999771118164,18.639999389648438,0.32870372385224633,17.03551111456325,75.39682539682539,0.0
2026-01-21,52.72999954223633,53.79999923706055,50.66999816894531,51.06999969482422,150230100,16.899999618530273,19.309999465942383,20.809999465942383,16.670000076293945,0.05757197137974357,8.826554846762386,48.01587301587302,0.0
2026-01-22,53.900001525878906,54.33000183105469,53.150001525878906,54.31999969482422,90992300,15.640000343322754,16.649999618530273,16.670000076293945,15.270000457763672,-0.06626863621953705,5.584148195976383,21.03174603174603,0.0
2026-01-23,54.380001068115234,55.06999969482422,53.31999969482422,53.59000015258789,78066100,16.09000015258789,15.680000305175781,16.209999084472656,15.300000190734863,0.015782828130791238,6.742150746551981,29.365079365079367,0.0
2026-01-26,55.08000183105469,55.630001068115234,54.209999084472656,54.470001220703125,58084300,16.149999618530273,16.899999618530273,17.389999389648438,15.800000190734863,0.018284991685414864,6.896549777760272,30.158730158730158,0.0
2026-01-27,56.540000915527344,56.79999923706055,55.560001373291016,55.97999954223633,51981200,16.350000381469727,16.020000457763672,16.3700008392334,15.739999771118164,-0.18616225697919653,7.411219759463518,32.93650793650794,0.0
2026-01-28,57.060001373291016,58.0099983215332,56.72999954223633,57.70000076293945,76172100,16.350000381469727,16.09000015258789,17.18000030517578,16.049999237060547,-0.03254433428847481,7.411219759463518,33.13492063492063,0.0
2026-01-29,56.040000915527344,57.209999084472656,53.060001373291016,56.95000076293945,122642300,16.8799991607666,16.040000915527344,19.739999771118164,16.020000457763672,0.07928381011661845,8.77508686694072,48.01587301587302,0.0
2026-01-30,54.0,55.709999084472656,53.31999969482422,55.02000045776367,110170700,17.440000534057617,18.719999313354492,19.270000457763672,16.670000076293945,0.0839030682826063,10.216160852407127,56.15079365079365,0.0
2026-02-02,55.099998474121094,55.709999084472656,53.150001525878906,53.15999984741211,74665800,16.34000015258789,19.950000762939453,19.959999084472656,16.079999923706055,0.01176473922882404,7.385485769552686,32.142857142857146,0.0
2026-02-03,52.52000045776367,55.7599983215332,51.08000183105469,55.63999938964844,129992200,18.0,16.15999984741211,20.3700008392334,16.049999237060547,0.1009174055066262,11.657229929616825,61.111111111111114,0.0
2026-02-04,49.7599983215332,52.150001525878906,48.43000030517578,52.13999938964844,142536200,18.639999389648438,17.6299991607666,21.239999771118164,17.469999313354492,0.14006109814982515,13.304166017856483,67.46031746031747,0.0
2026-02-05,47.63999938964844,49.529998779296875,47.060001373291016,48.38999938964844,158712900,21.770000457763672,19.239999771118164,23.100000381469727,19.059999465942383,0.28969203436707947,21.358723254449057,82.53968253968253,0.0
2026-02-06,50.59000015258789,51.0099983215332,48.0,48.34000015258789,117934600,20.3700008392334,21.239999771118164,21.489999771118164,19.989999771118164,0.16800459950984203,17.756048107296454,75.79365079365078,0.0
2026-02-09,51.7400016784668,52.27000045776367,49.439998626708984,50.060001373291016,71272700,17.360000610351562,17.950000762939453,19.200000762939453,16.899999618530273,0.06242352804397777,10.010293841377168,53.96825396825397,0.0
2026-02-10,51.02000045776367,52.400001525878906,50.88999938964844,51.970001220703125,70660900,17.790000915527344,17.469999313354492,17.969999313354492,17.139999389648438,-0.011666615804036495,11.116830866259452,58.53174603174603,0.0
2026-02-11,51.400001525878906,52.5,50.040000915527344,52.209999084472656,92393800,17.649999618530273,17.8700008392334,18.959999084472656,16.75,-0.053111577442859326,10.756559915764498,57.53968253968254,0.0
2026-02-12,48.2599983215332,52.06999969482422,47.9900016784668,51.79999923706055,131150000,20.81999969482422,17.440000534057617,21.209999084472656,17.079999923706055,-0.04363806811959259,18.9140482037437,78.76984126984127,0.0
2026-02-13,48.470001220703125,49.59000015258789,47.18000030517578,48.150001525878906,123216600,20.600000381469727,21.479999542236328,22.399999618530273,18.920000076293945,0.011291091446267387,18.347915150475494,76.5873015873016,0.0
2026-02-17,48.349998474121094,48.97999954223633,46.41999816894531,47.63999938964844,117089700,20.290000915527344,21.739999771118164,22.959999084472656,19.760000228881836,0.16877881348855817,17.5501810962665,74.60317460317461,0.0
2026-02-18,49.38999938964844,50.36000061035156,48.20000076293945,48.529998779296875,81370800,19.6200008392334,19.780000686645508,20.34000015258789,18.479999542236328,0.10286676950695406,15.82604303829434,70.63492063492063,0.0
2026-02-19,48.83000183105469,49.400001525878906,48.15999984741211,48.66999816894531,83447500,20.229999542236328,19.34000015258789,21.110000610351562,19.229999542236328,0.14617563623046093,17.3957771568015,73.80952380952381,0.0
2026-02-20,50.060001373291016,50.45000076293945,47.7599983215332,47.959999084472656,118813800,19.09000015258789,20.040000915527344,21.209999084472656,18.760000228881836,-0.08309315886620305,14.462171022560433,67.06349206349206,0.0
2026-02-23,48.2400016784668,49.880001068115234,47.65999984741211,49.529998779296875,91951800,21.010000228881836,20.489999771118164,22.040000915527344,19.5,0.019902904845619185,19.402984195536114,79.36507936507937,0.0
2026-02-24,49.779998779296875,50.040000915527344,47.81999969482422,48.45000076293945,70458800,19.549999237060547,21.239999771118164,22.079999923706055,19.229999542236328,-0.03647124914127009,15.645905108918512,69.44444444444444,0.0
