Date,close,high,low,open,volume,vix_level,vix_open,vix_high,vix_low,vix_roc_5,iv_rank,iv_percentile,term_slope
2019-12-31,10.350386619567871,10.375500098913994,10.148281731759747,10.200900971754285,84380000,13.779999732971191,14.84000015258789,15.390000343322754,13.75,0.09278351373105753,16.103520072717835,34.523809523809526,0.0
2020-01-02,10.863421440124512,10.863421440124512,10.550100080850036,10.608698204071986,131072000,12.470000267028809,13.460000038146973,13.720000267028809,12.420000076293945,-0.015785304503615927,6.685839335847807,8.333333333333332,0.0
2020-01-03,10.568038940429688,10.762967919851732,10.432903314840946,10.438883106418324,145180000,14.020000457763672,15.010000228881836,16.200000762939453,13.130000114440918,0.1083004648653556,19.00383493995177,39.08730158730159,0.0
2020-01-06,10.76894760131836,10.772535111272866,10.278633893405793,10.316902186900677,128095200,13.850000381469727,15.449999809265137,16.389999389648438,13.539999961853027,0.031273273771414756,17.701152382026287,35.714285714285715,0.0
2020-01-07,10.755791664123535,10.856245581887928,10.662512765517173,10.779709002908964,107699200,13.789999961853027,13.84000015258789,14.460000038146973,13.390000343322754,-0.0695006581768629,17.24137905835003,35.51587301587302,0.0
2020-01-08,11.003340721130371,11.155217750300103,10.706760770121521,10.75818387367752,159164800,13.449999809265137,15.15999984741211,15.239999771118164,12.829999923706055,-0.023947745290333278,14.636013942499066,28.57142857142857,0.0
2020-01-09,11.280784606933594,11.344166372598073,11.088247028752095,11.268825938157116,145423200,12.539999961853027,12.949999809265137,13.239999771118164,12.529999732971191,0.005613447740598687,7.662835137044459,9.523809523809524,0.0
2020-01-10,11.188701629638672,11.41711614058899,11.137278529587261,11.407548840024075,137604000,12.5600004196167,12.420000076293945,12.869999885559082,12.09000015258789,-0.10413694653900585,7.8160953475528965,9.920634920634921,0.0
2020-01-13,11.579757690429688,11.585736569554442,11.278394080989102,11.328621957487924,116558400,12.319999694824219,12.84000015258789,13.09000015258789,12.319999694824219,-0.11046936061406432,5.9770093606969406,6.15079365079365,0.0
2020-01-14,11.444621086120605,11.61802498887274,11.387219107021146,11.549859568449628,145737600,12.390000343322754,12.720000267028809,13.819999694824219,12.050000190734863,-0.10152281525765494,6.513412789627414,7.738095238095238,0.0
2020-01-15,11.451798439025879,11.615634149076945,11.339384923455333,11.454189808290135,133003200,12.420000076293945,12.789999961853027,12.829999923706055,11.949999809265137,-0.07657990688309657,6.743295797541012,8.531746031746032,0.0
2020-01-16,11.771098136901855,11.778273156184513,11.543879764941657,11.613241325967362,121100800,12.319999694824219,12.199999809265137,12.420000076293945,11.779999732971191,-0.017543880996655048,5.9770093606969406,6.349206349206349,0.0
2020-01-17,11.946894645690918,11.975595638181922,11.750769524290876,11.924172532425318,144402400,12.100000381469727,12.210000038146973,12.479999542236328,11.75,-0.036624205635258256,4.291190892198484,3.571428571428571,0.0
2020-01-21,11.940912246704102,12.019841099304877,11.834478548418502,11.842849707416654,138882400,12.850000381469727,13.229999542236328,13.329999923706055,12.319999694824219,0.04301953731932051,10.038317244981828,20.634920634920633,0.0
2020-01-22,12.022234916687012,12.232710987437658,11.980379113171054,12.105947436107016,136148800,12.90999984741211,12.449999809265137,13.010000228881836,12.3100004196167,0.04196928891689611,10.498083260809022,22.61904761904762,0.0
2020-01-23,12.133450508117676,12.148996686461565,11.835675364041315,11.998315815900296,143588800,12.979999542236328,13.260000228881836,14.149999618530273,12.9399995803833,0.04508852355091797,11.034479381890435,23.809523809523807,0.0
2020-01-24,11.818934440612793,12.342731864766485,11.661077620156334,12.305659713052547,239374400,14.5600004196167,12.75,15.979999542236328,12.619999885559082,0.18181824515251677,23.141765621641817,50.79365079365079,0.0
2020-01-27,11.088247299194336,11.283176250930268,10.784492360445926,11.032040550947272,198626400,18.229999542236328,17.420000076293945,19.020000457763672,16.81999969482422,0.5066114849181536,51.26436385137384,89.68253968253968,0.0
2020-01-28,11.60367202758789,11.680208594719348,11.238927649436881,11.319051725592024,171862400,16.280000686645508,16.940000534057617,18.030000686645508,15.6899995803833,0.2669260858639346,36.321844103556025,77.57936507936508,0.0
2020-01-29,11.645528793334961,11.834478858400027,11.502022946068385,11.795014431065944,137877600,16.389999389648438,15.680000305175781,16.649999618530273,14.9399995803833,0.26955844952499475,37.164746029956184,79.76190476190477,0.0
2020-01-30,11.777077674865723,11.791427713122726,11.319053431144642,11.432662158489856,200249600,15.489999771118164,17.81999969482422,18.389999389648438,15.300000190734863,0.1933744466411118,30.268197329755804,65.47619047619048,0.0
2020-01-31,11.19826889038086,11.928954817346721,11.091835181041688,11.92058365747919,220384000,18.84000015258789,16.25,19.989999771118164,16.18000030517578,0.29395601714439135,55.938697961994365,92.06349206349206,0.0
2020-02-03,11.71249771118164,11.798601575173052,11.352536079035035,11.374062045032888,173688000,17.969999313354492,18.639999389648438,18.8799991607666,17.100000381469727,-0.014262218069696186,49.272024961858506,89.0873015873016,0.0
2020-02-04,12.512545585632324,12.586690790960345,12.08083098764968,12.19802812995682,140248800,16.049999237060547,16.450000762939453,16.459999084472656,15.630000114440918,-0.014127852572735522,34.559380914105226,74.0079365079365,0.0
2020-02-05,12.657248497009277,12.984921698163124,12.42405124836694,12.982529416829971,174612000,15.149999618530273,16.290000915527344,16.31999969482422,15.020000457763672,-0.07565587658906936,27.662832213904835,60.317460317460316,0.0
2020-02-06,12.965786933898926,12.980137884553256,12.605826150768978,12.737373338409064,113132800,14.960000038146973,15.130000114440918,15.65999984741211,14.699999809265137,-0.03421560624935582,26.206896753319974,58.730158730158735,0.0
2020-02-07,12.79836368560791,13.012427257212165,12.690734741827892,12.793580947456483,154052000,15.470000267028809,15.069999694824219,16.15999984741211,14.8100004196167,-0.17887472708412766,30.114944427096425,65.87301587301587,0.0
2020-02-10,13.259974479675293,13.263562901602878,12.664424174013426,12.673991474377694,123248800,15.039999961853027,15.880000114440918,16.43000030517578,15.010000228881836,-0.1630494971318125,26.81992297965561,59.92063492063492,0.0
2020-02-11,13.269542694091797,13.617545741612798,13.164305119999682,13.477626473214226,193770400,15.180000305175781,14.90999984741211,15.270000457763672,14.380000114440918,-0.054205543504069365,27.89272252966749,62.301587301587304,0.0
2020-02-12,13.658205032348633,13.67494735249179,13.405873177120727,13.50034821929313,121608000,13.739999771118164,14.859999656677246,14.880000114440918,13.729999542236328,-0.09306929920232543,16.858235839928,38.492063492063494,0.0
2020-02-13,13.605584144592285,13.764637079098803,13.319767683654842,13.368799409848183,155282400,14.149999618530273,14.430000305175781,15.4399995803833,14.0,-0.05414441293791805,19.999997076860375,46.42857142857143,0.0
2020-02-14,13.697669982910156,13.751484455068962,13.523070843093436,13.65940169079126,113969600,13.680000305175781,14.119999885559082,14.539999961853027,13.380000114440918,-0.11570781712706568,16.398469824100804,37.10317460317461,0.0
2020-02-18,13.721588134765625,13.804104515184251,13.46447260420535,13.503937039395831,130167200,14.829999923706055,14.979999542236328,15.489999771118164,14.529999732971191,-0.013962768529229397,25.21072730856231,57.53968253968254,0.0
2020-02-19,14.118618965148926,14.207115118004724,13.920102516273616,13.969133330121046,105627200,14.380000114440918,14.65999984741211,14.739999771118164,14.210000038146973,-0.05270093377152929,21.762452958462113,49.2063492063492,0.0
2020-02-20,13.716803550720215,14.10905468193363,13.20137729624532,14.027734447856075,227657600,15.5600004196167,14.539999961853027,17.209999084472656,14.489999771118164,0.13246002029230186,30.804600758686274,67.85714285714286,0.0
2020-02-21,12.932303428649902,13.582865317145679,12.76368407752009,13.520678771245782,207107200,17.079999923706055,17.329999923706055,18.209999084472656,16.190000534057617,0.20706716495870214,42.45210636691234,83.73015873015873,0.0
2020-02-24,11.442230224609375,11.908625659319886,11.197073380916349,11.513983157859904,269674400,25.030000686645508,22.25,26.350000381469727,22.0,0.8296783719497063,100.0,100.0,0.0
2020-02-25,10.516613960266113,11.828500073285625,10.39702544914146,11.711302930932774,300793600,27.850000381469727,22.190000534057617,30.25,22.190000534057617,0.8779501365304081,100.0,100.0,0.0
2020-02-26,10.661316871643066,11.209032518954695,10.422139828700487,10.67686305097465,335736000,27.559999465942383,26.6299991607666,29.56999969482422,24.760000228881836,0.9165507125598442,98.22194415655228,99.60317460317461,0.0
2020-02-27,9.067201614379883,10.333644524627113,9.038500624844435,9.842135630941033,425116000,39.15999984741211,28.950000762939453,39.310001373291016,27.790000915527344,1.516709433891954,100.0,100.0,0.0
2020-02-28,9.2083158493042,9.259738948334794,8.072224932831604,8.181050921724157,494222400,40.11000061035156,42.02000045776367,49.47999954223633,39.369998931884766,1.3483607019623691,100.0,100.0,0.0
2020-03-02,10.465191841125488,10.492696690315054,9.085140184404553,9.479781760530965,363518400,33.41999816894531,38.540000915527344,40.40999984741211,31.5,0.3351976529020313,76.58382117762453,99.20634920634922,0.0
2020-03-03,9.479781150817871,10.942349085815245,9.193964673917122,10.56803736357981,548126400,36.81999969482422,33.650001525878906,41.060001373291016,24.93000030517578,0.3220825562114811,88.48442127809247,99.20634920634922,0.0
2020-03-04,10.63022232055664,10.661315587863733,9.72254598983339,9.99042399020398,315827200,31.989999771118164,34.439998626708984,35.58000183105469,30.299999237060547,0.16074021738099842,71.57857663660874,98.4126984126984,0.0
2020-03-05,9.697433471679688,10.375501131028518,9.458256411385547,9.834960463826436,386972000,39.619998931884766,33.61000061035156,42.84000015258789,33.540000915527344,0.011746656952631662,98.2849084097149,99.60317460317461,0.0
2020-03-06,9.189179420471191,9.337469809618902,8.490783055018621,8.69767155062675,393519200,41.939998626708984,48.93000030517578,54.38999938964844,40.84000015258789,0.045624482386199094,100.0,100.0,0.0
2020-03-09,7.322404384613037,8.269545617419427,7.294899082161279,7.358280846237333,406964800,54.459999084472656,41.939998626708984,62.119998931884766,41.939998626708984,0.6295631977346496,100.0,100.0,0.0
2020-03-10,8.46208381652832,8.482413645680984,7.294899621603176,8.129627881394713,456252800,47.29999923706055,49.68000030517578,55.65999984741211,43.560001373291016,0.28462790953552064,83.31780057367556,99.60317460317461,0.0
2020-03-11,7.3738274574279785,8.039935873226224,7.0557220412726,7.866531987491011,430928000,53.900001525878906,52.2400016784668,55.81999969482422,49.97999954223633,0.6849015914824095,98.69525263270889,99.60317460317461,0.0
2020-03-12,5.352782249450684,6.876340278934834,5.309730763081204,5.919632066213466,618225600,75.47000122070312,61.459999084472656,76.83000183105469,59.90999984741211,0.904846119517877,100.0,100.0,0.0
2020-03-13,6.7974114418029785,6.853618191744785,5.388658833219954,6.24730443658962,556290400,57.83000183105469,71.30999755859375,77.56999969482422,55.16999816894531,0.37887467154627763,72.4073220048522,99.60317460317461,0.0
2020-03-16,4.4546732902526855,5.812003090174188,4.423580469354847,4.838552409268415,658290400,82.69000244140625,57.83000183105469,83.55999755859375,57.83000183105469,0.5183621709788531,100.0,100.0,0.0
2020-03-17,5.1805739402771,5.398224980368061,4.275289004377216,4.709395400248281,762020800,75.91000366210938,82.69000244140625,84.83000183105469,70.37000274658203,0.6048626825903263,90.47083830918308,99.60317460317461,0.0
2020-03-18,4.701024055480957,4.962922703813852,3.914131513830884,4.341062418362249,848999200,76.44999694824219,69.37000274658203,85.47000122070312,69.37000274658203,0.4183672501667073,91.22978879029937,99.60317460317461,0.0
2020-03-19,4.809850692749023,5.271462479079709,4.305186963789399,4.646014082611783,804808800,72.0,80.62000274658203,84.26000213623047,68.56999969482422,-0.04597854994801864,84.97540116814712,98.4126984126984,0.0
2020-03-20,4.246588230133057,5.237977190417037,4.197556954191802,5.141110779227294,782255200,66.04000091552734,67.86000061035156,69.51000213623047,57.41999816894531,0.14196781643648304,76.59873373769213,98.01587301587301,0.0
2020-03-23,4.259742736816406,4.544363527594816,3.859121397782349,4.296815340350301,820073600,61.59000015258789,74.08000183105469,76.73999786376953,60.459999084472656,-0.25516993186412984,70.3443407540541,97.61904761904762,0.0
2020-03-24,5.209275722503662,5.230801691058162,4.7990870917730835,4.930634271878169,829824000,61.66999816894531,58.7599983215332,61.880001068115234,36.2400016784668,-0.18759063109190688,70.4567764723528,97.61904761904762,0.0
2020-03-25,5.088492393493652,5.721115892974,4.912697546183733,5.285813671148927,834874400,63.95000076293945,61.439998626708984,68.86000061035156,58.029998779296875,-0.16350551581794592,73.66127754689508,97.61904761904762,0.0
2020-03-26,5.917239189147949,5.979425266664533,5.22242980893171,5.241564407731223,649240000,61.0,65.66999816894531,67.05999755859375,57.65999984741211,-0.1527777777777778,69.51510655584386,96.42857142857143,0.0
2020-03-27,5.302555561065674,5.779714007525008,5.236781959283513,5.456824877819614,557143200,65.54000091552734,64.94999694824219,69.0999984741211,61.79999923706055,-0.007571168883531043,75.89599307349651,97.61904761904762,0.0
2020-03-30,5.859836578369141,5.9052803367112014,5.3814825719716595,5.450844121872381,416621600,57.08000183105469,66.30000305175781,67.69000244140625,56.599998474121094,-0.07322614564636765,64.00562232206352,95.23809523809523,0.0
2020-03-31,5.697197437286377,6.162396741184063,5.6039185308331945,5.813198456168743,731904000,53.540000915527344,56.689998626708984,58.75,50.880001068115234,-0.13183067123086,59.03021713280205,94.04761904761905,0.0
2020-04-01,4.990429878234863,5.467588368741784,4.857686521620378,5.214060327415667,535589600,57.060001373291016,57.380001068115234,60.59000015258789,52.7599983215332,-0.10774041137527801,63.97751205211739,94.84126984126983,0.0
2020-04-02,5.285811901092529,5.302554218449453,4.8756233010721655,4.927046393636393,467531200,50.90999984741211,54.459999084472656,57.2400016784668,50.45000076293945,-0.16540983856701463,55.33379973791717,93.25396825396825,0.0
2020-04-03,5.072945594787598,5.3790924182166036,4.886387766302327,5.24515338255132,554484000,46.79999923706055,51.11000061035156,52.290000915527344,46.7400016784668,-0.28593227672700605,49.55727062039159,92.46031746031747,0.0
2020-04-06,6.134891510009766,6.241325228931219,5.544124334860127,5.6338157325392,518616800,45.2400016784668,44.16999816894531,45.72999954223633,43.45000076293945,-0.2074281670072805,47.36472317945221,92.06349206349206,0.0
2020-04-07,6.1229329109191895,6.731638555185958,6.099015113353504,6.684999100839596,658009600,46.70000076293945,44.83000183105469,47.5099983215332,43.5099983215332,-0.1277549502358002,49.41672463214679,92.06349206349206,0.0
2020-04-08,6.513987064361572,6.577368836256137,6.132499379894546,6.301119180903533,518180000,43.349998474121094,45.900001525878906,47.279998779296875,42.529998779296875,-0.24027344145118412,44.70835896514478,91.26984126984127,0.0
2020-04-09,6.537903785705566,6.783060602272073,6.370480141248361,6.688585567530422,553297600,41.66999816894531,43.0,45.72999954223633,41.38999938964844,-0.18149679249972517,42.34714990452869,90.47619047619048,0.0
2020-04-13,6.765121936798096,6.802194538922937,6.346562154112438,6.4577795042930015,426961600,41.16999816894531,44.599998474121094,45.040000915527344,41.16999816894531,-0.12029917008325253,41.64440924033309,90.07936507936508,0.0
2020-04-14,7.642903804779053,7.701502391880343,7.102363532854081,7.1812919533983335,490049600,37.7599983215332,40.2400016784668,40.56999969482422,37.310001373291016,-0.16534047478813207,36.85171812497851,88.4920634920635,0.0
2020-04-15,7.38937520980835,7.580716670970727,7.134651518978288,7.2841371780720285,431688000,40.84000015258789,42.56999969482422,43.22999954223633,40.04999923706055,-0.12548180973482959,41.1806031899366,89.68253968253968,0.0
2020-04-16,7.785213470458984,7.901214495755193,7.408509857743003,7.630944606532242,562920000,40.11000061035156,41.91999816894531,43.02000045776367,39.869998931884766,-0.07474043778118544,40.15460246358931,89.0873015873016,0.0
2020-04-17,7.980142593383789,8.143978287035974,7.657253031741182,8.092555185314449,463564800,38.150001525878906,39.5,40.2599983215332,37.630001068115234,-0.08447316529256998,37.399860346699136,87.6984126984127,0.0
2020-04-20,7.721830368041992,8.073420893695783,7.708675558416309,7.79597557571512,386998400,43.83000183105469,40.68000030517578,43.83000183105469,39.880001068115234,0.06461024484853706,45.38299472088004,91.26984126984127,0.0
2020-04-21,6.867969036102295,7.549623720720144,6.734030015663896,7.493416967915576,519489600,45.40999984741211,44.279998779296875,47.77000045776367,43.77000045776367,0.2025953883985312,47.60365243176554,91.66666666666666,0.0
2020-04-22,7.475478649139404,7.61300563816548,7.212384253741044,7.298487683281186,274185600,41.97999954223633,44.90999984741211,45.06999969482422,41.40999984741211,0.027913794940968017,42.78285104646485,90.07936507936508,0.0
2020-04-23,7.426446914672852,7.843810594293665,7.381003605501015,7.561582070100892,424868000,41.380001068115234,41.29999923706055,42.470001220703125,39.060001373291016,0.03166293788177876,41.93956439402444,88.88888888888889,0.0
2020-04-24,7.785213470458984,7.821090396026843,7.320014140839843,7.479067111862235,317981600,35.93000030517578,38.79999923706055,40.16999816894531,35.599998474121094,-0.058191379604459414,34.27969008199521,84.92063492063492,0.0
2020-04-27,7.937090873718262,8.082988110404287,7.849790847466572,8.033957288724995,304741600,33.290000915527344,36.290000915527344,36.439998626708984,32.5099983215332,-0.24047457164511188,30.569220232880156,84.12698412698413,0.0
2020-04-28,7.507767200469971,8.159525187185409,7.487437370878314,8.158329046507074,386247200,33.56999969482422,33.209999084472656,35.38999938964844,30.540000915527344,-0.26073552504675124,30.962753289154243,84.52380952380952,0.0
2020-04-29,8.288680076599121,8.41544452894732,7.90360489401664,8.018410676774105,346104000,31.229999542236328,32.47999954223633,33.189998626708984,30.709999084472656,-0.25607432389760654,27.67392676625939,82.93650793650794,0.0
2020-04-30,8.3436918258667,8.42740434920788,8.126040725000639,8.42022932895137,380544800,34.150001525878906,30.989999771118164,35.939998626708984,30.93000030517578,-0.17472207239277482,31.77793503313432,84.52380952380952,0.0
2020-05-01,7.595067024230957,8.049503328124164,7.474282814671238,7.8115224187736825,346245600,37.189998626708984,38.16999816894531,39.56999969482422,36.59000015258789,0.03506814113084489,36.050594196714385,85.31746031746032,0.0
2020-05-04,7.862946510314941,7.884472484025018,7.42286064632194,7.479067406142037,200756000,35.970001220703125,39.130001068115234,40.31999969482422,35.529998779296875,0.08050466300605463,34.33591062188745,84.52380952380952,0.0
2020-05-05,8.114083290100098,8.397508494462738,8.037546687741862,8.099733247400597,288714400,33.61000061035156,34.81999969482422,36.220001220703125,31.950000762939453,0.0011915673485547451,31.01897382904648,83.33333333333334,0.0
2020-05-06,8.274330139160156,8.50633125169714,8.17865895648914,8.31618593943322,311880800,34.119998931884766,32.689998626708984,35.689998626708984,31.68000030517578,0.09253920691673145,31.73576694747225,83.33333333333334,0.0
2020-05-07,8.597220420837402,8.700066642454031,8.439363578047166,8.590045400106815,289489600,31.440000534057617,32.119998931884766,32.279998779296875,30.3700008392334,-0.07935580880626458,27.96907923920785,80.95238095238095,0.0
2020-05-08,8.944025993347168,8.963159683117413,8.672559527651691,8.795736476172593,262202400,27.979999542236328,30.139999389648438,30.389999389648438,27.889999389648438,-0.24764720152095543,23.106112448987975,80.15873015873017,0.0
2020-05-11,9.166461944580078,9.315947622370398,8.759860718512773,8.786170343785976,269384000,27.56999969482422,28.459999084472656,31.459999084472656,26.969999313354492,-0.2335279744456652,22.529865318807012,79.36507936507937,0.0
2020-05-12,8.621136665344238,9.343451493985679,8.613961645528738,9.264523538850952,339363200,33.040000915527344,28.469999313354492,33.040000915527344,26.0,-0.016959228934041226,30.217849900782355,81.34920634920636,0.0
2020-05-13,8.294660568237305,8.903365751986577,7.983730570673972,8.680931011735465,491119200,35.279998779296875,32.7400016784668,37.41999816894531,30.770000457763672,0.03399765192630477,33.36612507394662,83.73015873015873,0.0
2020-05-14,8.569714546203613,8.573302056141806,7.9059978359954055,8.136803736696017,402999200,32.61000061035156,35.15999984741211,39.279998779296875,32.33000183105469,0.03721374225253382,29.613492500655276,80.55555555555556,0.0
2020-05-15,8.71680736541748,8.741920845752096,8.16670034228829,8.216927302957524,357806400,31.889999389648438,32.5,35.130001068115234,31.040000915527344,0.13974267017088016,28.601544228538156,79.76190476190477,0.0
2020-05-18,9.221470832824707,9.351821881432983,8.995448603441403,9.088727502883657,296474400,29.299999237060547,30.709999084472656,31.079999923706055,28.350000381469727,0.06274934934297827,24.961347373545504,78.57142857142857,0.0
2020-05-19,9.150912284851074,9.51565760136427,9.136562247734433,9.253758475330601,261430400,30.530000686645508,28.729999542236328,30.739999771118164,28.3700008392334,-0.07596852782477514,26.690091444831282,78.57142857142857,0.0
2020-05-20,9.68666934967041,9.747659745488805,9.472605806407191,9.472605806407191,285416000,27.989999771118164,29.520000457763672,29.829999923706055,27.829999923706055,-0.2066326320979538,23.120167583961035,77.77777777777779,0.0
2020-05-21,9.388895034790039,9.79669141676766,9.319533473669338,9.71537118603015,322693600,29.530000686645508,28.969999313354492,30.200000762939453,27.670000076293945,-0.09444955124374799,25.284610116440078,78.17460317460318,0.0
2020-05-22,9.47380256652832,9.506091065021401,9.21429570076797,9.338666956909309,209664800,28.15999984741211,31.360000610351562,31.549999237060547,28.030000686645508,-0.11696455357873392,23.359099517017256,77.38095238095238,0.0
2020-05-26,9.434337615966797,9.964114759346371,9.373347219525066,9.931826262634829,245202400,28.010000228881836,27.719999313354492,28.579999923706055,27.18000030517578,-0.04402727105013149,23.148277853907153,76.98412698412699,0.0
2020-05-27,9.567081451416016,9.571865101628282,8.775405132851665,9.34105922511735,347291200,27.6200008392334,27.6200008392334,30.530000686645508,25.920000076293945,-0.09531607540005749,22.60014099367231,75.39682539682539,0.0
2020-05-28,9.506089210510254,9.950958557818776,9.393676645652544,9.399655522968871,303992800,28.59000015258789,27.81999969482422,29.889999389648438,27.43000030517578,0.021436241028084835,23.963456917144335,77.38095238095238,0.0
2020-05-29,9.898341178894043,9.964115228386985,9.366172641680162,9.571865037489387,358492800,27.510000228881836,29.299999237060547,30.15999984741211,27.290000915527344,-0.06840502576341578,22.44553718971155,73.80952380952381,0.0
2020-06-01,10.020323753356934,10.074138230742548,9.76201207217444,9.813435180240132,209881600,28.229999542236328,28.940000534057617,30.600000381469727,28.110000610351562,0.002485784630806842,23.45748278108578,76.98412698412699,0.0
2020-06-02,10.220036506652832,10.230799949681758,9.763208320896398,10.074138342045757,250714400,26.84000015258789,28.399999618530273,28.520000457763672,26.65999984741211,-0.041770798526717945,21.503864592459728,73.01587301587301,0.0
2020-06-03,10.358757019042969,10.462798438356531,10.190136782739314,10.302550273608418,215033600,25.65999984741211,26.75,26.979999542236328,25.040000915527344,-0.07096310399227668,19.845396196039243,72.61904761904762,0.0
2020-06-04,10.148282051086426,10.509438986117528,9.96889926806565,10.312118654705086,266408800,25.809999465942383,26.229999542236328,26.43000030517578,24.3799991607666,-0.09723681958056474,20.056217859149346,72.61904761904762,0.0
2020-06-05,10.749812126159668,10.826348706939418,10.224818589691685,10.272654180776033,281394400,24.520000457763672,24.790000915527344,25.09000015258789,23.540000915527344,-0.10868774068489695,18.24314833951099,71.03174603174604,0.0
2020-06-08,10.988988876342773,11.011710986789609,10.51183094367514,10.713934919228826,218544800,25.809999465942383,25.559999465942383,25.979999542236328,24.649999618530273,-0.08572441075223047,20.056217859149346,72.42063492063492,0.0
2020-06-09,11.234147071838379,11.358519255532627,10.85146321915113,10.86940168156255,213179200,27.56999969482422,25.93000030517578,27.700000762939453,25.709999084472656,0.027198194414538523,22.529865318807012,74.0079365079365,0.0
2020-06-10,11.639549255371094,11.865571453815306,11.406351126298834,11.47571267724676,302911200,27.56999969482422,26.729999542236328,29.010000228881836,26.059999465942383,0.07443491265666302,22.529865318807012,73.80952380952381,0.0
2020-06-11,9.925846099853516,11.266433156383329,9.904320132057112,11.071504218062717,383332000,40.790000915527344,30.450000762939453,42.58000183105469,29.489999771118164,0.5803952638337648,41.11033019581419,87.6984126984127,0.0
2020-06-12,10.141107559204102,10.721111738661714,9.618505362361526,10.558471267272337,411876800,36.09000015258789,37.68000030517578,44.15999984741211,34.970001220703125,0.4718596851070145,34.50456688007837,84.12698412698413,0.0
2020-06-15,10.498675346374512,10.605109046715638,9.574255767555746,9.696236558042196,398184800,34.400001525878906,44.09000015258789,44.439998626708984,34.279998779296875,0.3328168243967409,32.12930536523212,82.53968253968253,0.0
2020-06-16,11.053566932678223,11.255671823306765,10.560861902149163,11.168371802314626,383217600,33.66999816894531,34.279998779296875,37.45000076293945,31.729999542236328,0.2212549344085144,31.103299277399053,81.34920634920636,0.0
2020-06-17,11.161198616027832,11.41592187682907,11.049981237742305,11.2616525513112,258858400,33.470001220703125,33.279998779296875,35.16999816894531,32.25,0.21400078314061521,30.822207300909437,80.15873015873017,0.0
2020-06-18,11.247300148010254,11.284372295522418,11.006926978517802,11.114556823991135,212785600,32.939998626708984,33.83000183105469,36.25,32.2400016784668,-0.19244918148138934,30.07729855105177,78.57142857142857,0.0
2020-06-19,11.2317533493042,11.627591962817869,10.997359964393148,11.596498692786286,289950400,35.119998931884766,32.06999969482422,35.119998931884766,30.399999618530273,-0.026877285026377873,33.141248275863454,82.53968253968253,0.0
2020-06-22,11.631179809570312,11.66586059015177,11.182722855757016,11.23055844664137,220133600,31.770000457763672,35.220001220703125,35.38999938964844,31.639999389648438,-0.07645351603071004,28.43288797034723,76.5873015873016,0.0
2020-06-23,11.934935569763184,12.272175185347404,11.798604719573056,11.883512465751956,234898400,31.3700008392334,31.709999084472656,31.709999084472656,29.260000228881836,-0.06830999271729277,27.870695975139327,75.79365079365078,0.0
2020-06-24,11.2317533493042,12.01505850421059,10.984205154471631,11.82730456815292,392821600,33.84000015258789,31.049999237060547,37.119998931884766,30.950000762939453,0.011054643513305207,31.342233891198163,80.95238095238095,0.0
2020-06-25,11.529528617858887,11.566600763772286,10.851461076813067,11.230557344652977,301703200,32.220001220703125,36.59000015258789,36.93000030517578,31.59000015258789,-0.02185784565947302,29.06535564042043,76.98412698412699,0.0
2020-06-26,10.70078182220459,11.516375541738809,10.631420257410745,11.482889987695255,375940800,34.72999954223633,33.0099983215332,36.25,31.040000915527344,-0.01110476655779069,32.59311141562861,82.14285714285714,0.0
2020-06-29,11.042803764343262,11.053567205843796,10.318097607684141,10.668492016203793,259609600,31.780000686645508,35.04999923706055,36.310001373291016,31.780000686645508,0.0003147695542256024,28.446943105320287,75.39682539682539,0.0
2020-06-30,11.67781925201416,11.77707794336532,11.01769010550246,11.040412216444727,251388800,30.43000030517578,32.540000915527344,32.939998626708984,29.559999465942383,-0.029964950873765717,26.549542775843584,73.01587301587301,0.0
2020-07-01,12.095181465148926,12.254234397645119,11.628786107678803,11.70293131011162,252137600,28.6200008392334,30.959999084472656,31.760000228881836,28.200000762939453,-0.154255298162441,24.005622322063513,71.82539682539682,0.0
2020-07-02,12.352298736572266,12.660837347043904,12.286524683506906,12.471887260408897,228152000,27.68000030517578,28.329999923706055,28.440000534057617,25.899999618530273,-0.14090629247432007,22.68446912276777,68.65079365079364,0.0
2020-07-06,13.259974479675293,13.34368698928065,12.830652140193633,12.83184828083616,211984000,27.940000534057617,27.760000228881836,28.329999923706055,24.920000076293945,-0.19550818018068683,23.049894589838633,69.04761904761905,0.0
2020-07-07,12.999272346496582,13.652226498105756,12.94426173429715,13.220511848405044,246099200,29.43000030517578,28.770000457763672,29.6299991607666,27.25,-0.07394588831639759,25.14406144745238,72.22222222222221,0.0
2020-07-08,13.499151229858398,13.506327161174301,12.974157722578207,13.206159733386588,239931200,28.079999923706055,28.950000762939453,30.200000762939453,27.239999771118164,-0.0772264330562632,23.246661117975677,69.84126984126983,0.0
2020-07-09,13.83639144897461,13.95239245977529,13.137994927600626,13.801711580950904,317596000,29.260000228881836,28.18000030517578,31.479999542236328,26.110000610351562,0.022361962644358302,24.905129514396158,71.42857142857143,0.0
2020-07-10,14.129382133483887,14.16525813776763,13.3807578321981,13.802905111413263,242789600,27.290000915527344,30.860000610351562,30.90999984741211,27.1299991607666,-0.014089573170109837,22.136332262532925,64.28571428571429,0.0
2020-07-13,13.256388664245605,15.062175325119549,13.117666440787561,14.5957807776081,374584800,32.189998626708984,27.850000381469727,32.45000076293945,26.8700008392334,0.15211159668629248,29.023187554758362,76.19047619047619,0.0
2020-07-14,13.537421226501465,13.599607773017917,12.364258039559376,12.866529500435577,459751200,29.520000457763672,31.139999389648438,33.66999816894531,29.209999084472656,0.003058109128597719,25.27055498146702,71.82539682539682,0.0
2020-07-15,13.604390144348145,13.898577790897482,13.081787989109253,13.735937332455704,367544000,27.760000228881836,29.149999618530273,30.09000015258789,27.170000076293945,-0.011396000558891228,22.796907521809352,66.26984126984127,0.0
2020-07-16,13.312593460083008,13.43696562523289,12.794774970896233,13.15952030678714,299972000,28.0,28.40999984741211,29.290000915527344,26.979999542236328,-0.04306220844243602,23.134222718934094,67.85714285714286,0.0
2020-07-17,13.374778747558594,13.518285509428104,13.035147811337838,13.413047947300814,231003200,25.68000030517578,27.149999618530273,27.540000915527344,25.40999984741211,-0.058995989605684196,19.87350646598536,61.111111111111114,0.0
2020-07-20,14.513263702392578,14.617306049289812,13.285089019784587,13.489586203752955,251621600,24.459999084472656,26.940000534057617,27.079999923706055,24.350000381469727,-0.24013668443659142,18.158817529672643,59.12698412698413,0.0
2020-07-21,14.049259185791016,14.789511475437566,13.920103370230507,14.779944175235757,294313600,24.84000015258789,24.079999923706055,25.649999618530273,23.610000610351562,-0.1585365932453756,18.692901935677316,59.92063492063492,0.0
2020-07-22,14.211899757385254,14.366169062866245,13.830412986163983,14.131775665260502,227788800,24.31999969482422,24.559999465942383,26.260000228881836,24.1299991607666,-0.12391932657401783,17.9620510015356,58.333333333333336,0.0
2020-07-23,13.098530769348145,14.25973521740615,12.864137373913248,14.148517854595855,336648800,26.079999923706055,23.969999313354492,26.950000762939453,23.600000381469727,-0.06857143129621235,20.43569846119326,61.904761904761905,0.0
2020-07-24,12.711064338684082,12.934695207256667,12.079637077288588,12.498196911724483,357218400,25.84000015258789,27.959999084472656,28.579999923706055,25.530000686645508,0.006230523579077385,20.098383264068524,61.50793650793651,0.0
2020-07-27,13.393915176391602,13.459689231945179,12.85337542965226,12.98611785673555,267624000,24.739999771118164,26.600000381469727,26.940000534057617,24.549999237060547,0.011447289334661326,18.552353266689618,58.730158730158735,0.0
2020-07-28,12.890447616577148,13.359234430054101,12.840220653502062,13.28389398544147,238702400,25.440000534057617,24.860000610351562,25.850000381469727,24.049999237060547,0.024154604580677308,19.536191268860616,59.523809523809526,0.0
2020-07-29,13.329337120056152,13.466864108688206,13.053087914440537,13.117665828556147,194280800,24.100000381469727,25.15999984741211,25.420000076293945,23.729999542236328,-0.009046024511312534,17.652846074356972,56.34920634920635,0.0
2020-07-30,13.545790672302246,13.629503180109587,12.83902302415301,13.02318944646361,302200000,24.760000228881836,25.040000915527344,28.290000915527344,24.639999389648438,-0.050613485379053746,18.580463536635737,58.333333333333336,0.0
2020-07-31,14.276477813720703,14.290828765208223,13.499152399713562,14.269302794170965,359815200,24.459999084472656,24.790000915527344,26.40999984741211,23.549999237060547,-0.053405613775781124,18.158817529672643,56.547619047619044,0.0
2020-08-03,14.808646202087402,14.964110725946297,14.596974017160697,14.61969612723671,217868000,24.280000686645508,25.75,26.010000228881836,22.170000076293945,-0.018593334225074032,17.90583314238625,55.55555555555556,0.0
2020-08-04,15.001182556152344,15.022708523830529,14.630457455873854,14.7476545937635,211008000,23.760000228881836,24.010000228881836,24.760000228881836,22.920000076293945,-0.06603774645864069,17.17498220824453,55.158730158730165,0.0
2020-08-05,15.120773315429688,15.196113757333672,14.937803019099986,15.086092533870954,162381600,22.989999771118164,23.440000534057617,23.610000610351562,22.860000610351562,-0.046058115883061634,16.09276094200501,54.761904761904766,0.0
2020-08-06,15.699578285217285,15.777310081055626,14.974872260201906,15.081305953235917,192064000,22.649999618530273,23.030000686645508,24.110000610351562,20.969999313354492,-0.085218117562467,15.61489707589257,54.36507936507936,0.0
2020-08-07,15.186545372009277,15.76415903491393,14.791903817145208,15.620651356076145,296708000,22.209999084472656,23.450000762939453,24.020000457763672,22.020000457763672,-0.09198692085922078,14.996484540792428,53.96825396825397,0.0
2020-08-10,14.982047080993652,15.260688503980571,14.370949775165412,15.220027939682796,254311200,22.1299991607666,22.8799991607666,23.520000457763672,21.459999084472656,-0.0885503074578351,14.884046141750847,53.57142857142857,0.0
2020-08-11,14.131773948669434,15.002378151849062,14.038495057241319,14.776355941884656,310273600,24.030000686645508,21.850000381469727,24.93000030517578,20.280000686645508,0.01136365552031715,17.55446281028845,55.158730158730165,0.0
2020-08-12,15.18893814086914,15.350382459968507,14.482169551574842,14.482169551574842,221247200,22.280000686645508,22.81999969482422,22.8799991607666,21.540000915527344,-0.03088295309009148,15.094870485603842,53.57142857142857,0.0
2020-08-13,15.295372009277344,15.687621299553879,15.131535407145138,15.316897979540057,234281600,22.1299991607666,22.200000762939453,22.920000076293945,21.450000762939453,-0.022958077992118464,14.884046141750847,52.57936507936508,0.0
2020-08-14,15.25112247467041,15.449639838440207,14.997595418390233,15.386258074370163,199737600,22.049999237060547,22.270000457763672,23.549999237060547,21.790000915527344,-0.007203955605922019,14.771607742709266,51.98412698412699,0.0
2020-08-17,15.754591941833496,15.828736238705604,15.505847606626727,15.530960173410394,126664800,21.350000381469727,22.520000457763672,22.81999969482422,21.34000015258789,-0.03524621820500129,13.787772421281158,51.587301587301596,0.0
2020-08-18,16.217395782470703,16.311869890051618,15.70077261128343,15.956691916054272,149313600,21.510000228881836,21.690000534057617,22.549999237060547,21.18000030517578,-0.10486892991077368,14.01264921936432,51.587301587301596,0.0
2020-08-19,15.900489807128906,16.408740997471618,15.820363896025,16.21500636171688,205847200,22.540000915527344,21.600000381469727,22.979999542236328,20.989999771118164,0.011669668800220467,15.460295952674702,53.57142857142857,0.0
2020-08-20,16.55463981628418,16.645528269599698,15.686427720005584,15.755789288407772,152774400,22.719999313354492,24.100000381469727,24.600000381469727,22.3700008392334,0.026660649569019368,15.713280339961091,53.96825396825397,0.0
2020-08-21,16.900253295898438,16.982767855428573,16.478104072222976,16.582147342545845,164280000,22.540000915527344,22.579999923706055,24.469999313354492,22.059999465942383,0.022222299112066413,15.460295952674702,52.976190476190474,0.0
2020-08-24,17.213573455810547,17.64648335439658,16.7950135970259,17.485039932302488,251384000,22.3700008392334,22.8700008392334,23.18000030517578,21.25,0.04777519623132931,15.22136401961848,52.38095238095239,0.0
2020-08-25,17.615392684936523,17.633330236410895,16.989945118253384,17.08083175368411,172556800,22.030000686645508,22.15999984741211,23.43000030517578,21.530000686645508,0.024174823441678095,14.743500153506039,50.0,0.0
2020-08-26,18.743106842041016,18.781376041502327,17.828255461632445,17.850977570715617,219663200,23.270000457763672,22.139999389648438,23.270000457763672,20.920000076293945,0.03238684616616161,16.486296679021986,54.36507936507936,0.0
2020-08-27,18.573291778564453,19.11861510930078,18.12722713321382,18.964346729464545,302602400,24.469999313354492,23.420000076293945,27.09000015258789,21.440000534057617,0.07702465021516858,18.172872664645702,57.14285714285714,0.0
2020-08-28,18.860305786132812,18.98228475942174,18.55415765033406,18.810077003277428,198145600,22.959999084472656,24.59000015258789,26.299999237060547,22.639999389648438,0.018633458380029833,16.050595537085833,53.17460317460318,0.0
2020-08-31,19.296804428100586,19.677095060941635,18.873461853355256,18.959563912387736,180398400,26.40999984741211,23.90999984741211,26.5,21.770000457763672,0.18059896542753817,20.89950719233265,61.904761904761905,0.0
2020-09-01,20.2989559173584,20.32646076585261,19.486948849658575,19.842126897864667,193147200,26.1200008392334,25.860000610351562,26.59000015258789,25.020000457763672,0.18565592488007643,20.4919190010855,61.50793650793651,0.0
2020-09-02,20.871784210205078,21.0081150497566,19.69264133224065,20.985392939035346,289369600,26.56999969482422,26.010000228881836,27.06999969482422,25.530000686645508,0.14181345819267288,21.124383990415808,61.904761904761905,0.0
2020-09-03,17.666810989379883,20.0191168843392,17.0796327615981,19.938992797448833,443024800,33.599998474121094,26.280000686645508,35.939998626708984,25.65999984741211,0.37310990670048394,31.00491601333053,79.36507936507937,0.0
2020-09-04,16.93851661682129,17.97415355952445,14.812233038256174,17.385778304663347,561480800,30.75,34.619998931884766,38.279998779296875,29.5,0.3392857676895793,26.99929637200991,72.61904761904762,0.0
2020-09-08,14.544357299804688,16.021275458028523,14.477387102798383,14.942586409995892,426824800,31.459999084472656,30.610000610351562,35.93000030517578,30.520000457763672,0.1912154209101744,27.997186828411074,73.80952380952381,0.0
2020-09-09,15.794057846069336,16.16836869969157,15.028690168261797,15.430507697297319,290352000,28.809999465942383,31.68000030517578,31.780000686645508,28.1200008392334,0.10298616157272433,24.27266184432296,69.04761904761905,0.0
2020-09-10,14.880399703979492,16.54985534759167,14.558706290537133,16.326225397258202,465936800,29.709999084472656,28.670000076293945,30.559999465942383,27.59000015258789,0.11817837507390339,25.537594503726467,71.03174603174604,0.0
2020-09-11,14.5551176071167,15.33005156212576,13.969133719016272,15.187740941653217,385797600,26.8700008392334,28.6299991607666,29.729999542236328,26.510000228881836,-0.20029755775349745,21.546029997378906,60.317460317460316,0.0
2020-09-14,15.304938316345215,15.64337311518816,14.958131445688268,15.187741171992528,269032800,25.850000381469727,25.860000610351562,26.790000915527344,25.3799991607666,-0.15934958109041542,20.11243839904158,57.936507936507944,0.0
2020-09-15,15.955496788024902,16.194673778086333,15.661310112123692,15.944734261418287,300889600,25.59000015258789,25.920000076293945,26.0,24.920000076293945,-0.1865861126099636,19.74701293197072,55.55555555555556,0.0
2020-09-16,15.18893814086914,16.18271935988898,15.138710269185871,16.088243407461974,306141600,26.040000915527344,25.309999465942383,26.59000015258789,24.84000015258789,-0.09614712258809932,20.37948060204392,57.936507936507944,0.0
2020-09-17,14.489344596862793,14.824191884069897,13.878247225653999,14.01696942556307,446844800,26.459999084472656,28.219999313354492,28.920000076293945,26.260000228881836,-0.10939078088691523,20.96978018645505,59.12698412698413,0.0
2020-09-18,13.929671287536621,14.763202510107506,13.245624803398536,14.692645720866329,463042400,25.829999923706055,26.649999618530273,28.100000381469727,25.280000686645508,-0.03870490818924055,20.084328129095464,56.34920634920635,0.0
2020-09-21,14.09470272064209,14.105465249251846,12.92751853643534,13.301831179477407,375314400,27.780000686645508,28.040000915527344,31.18000030517578,27.389999389648438,0.07466151940791765,22.82501779175547,63.888888888888886,0.0
2020-09-22,14.86485481262207,14.964112600233378,13.927280252341905,14.494129635505107,315066400,26.860000610351562,28.610000610351562,28.780000686645508,26.479999542236328,0.0496287788273122,21.531974862405846,59.523809523809526,0.0
2020-09-23,13.48838996887207,14.84691569841617,13.359234141705514,14.811038775629445,405507200,28.579999923706055,27.020000457763672,29.729999542236328,25.190000534057617,0.09754220118572032,23.94940178217128,67.46031746031747,0.0
2020-09-24,13.685709953308105,14.19635251108441,13.055477968102386,13.117664506861201,375036000,28.510000228881836,29.540000915527344,30.489999771118164,27.940000534057617,0.07747548054951259,23.851018518102755,67.06349206349206,0.0
2020-09-25,14.644808769226074,14.776355947246481,13.519481368862259,13.761049756689701,324478400,26.3799991607666,28.170000076293945,30.43000030517578,26.020000457763672,0.02129304059949977,20.857341787413468,56.74603174603175,0.0
2020-09-28,15.513023376464844,15.546508016980873,15.016730822675926,15.461599362602055,273331200,26.190000534057617,27.149999618530273,27.190000534057617,24.899999618530273,-0.05723542524432845,20.590302265154023,56.34920634920635,0.0
2020-09-29,15.350381851196289,15.646960857320023,15.2511231648197,15.484320404005215,221805600,26.270000457763672,26.809999465942383,27.43000030517578,25.979999542236328,-0.021965753506368535,20.702740664195602,56.34920634920635,0.0
2020-09-30,15.654138565063477,16.206638839851575,15.337229675938975,15.377889340057546,338768000,26.3700008392334,26.690000534057617,27.1200008392334,25.059999465942383,-0.07732677013198808,20.8432893331833,56.34920634920635,0.0
2020-10-01,16.387218475341797,16.511591586293264,15.998555696977185,16.3322087655096,278676000,26.700000762939453,25.780000686645508,27.110000610351562,25.329999923706055,-0.06348647672435925,21.307098064322684,57.936507936507944,0.0
2020-10-02,15.035865783691406,15.980615322088058,14.868441664721814,15.321681375609343,399553600,27.6299991607666,28.8700008392334,29.899999618530273,26.93000030517578,0.047384383615108217,22.614193447902476,61.904761904761905,0.0
2020-10-05,15.984201431274414,16.036820670096745,15.337227124003745,15.363536743414908,210790400,27.959999084472656,29.520000457763672,29.690000534057617,27.270000457763672,0.06758299023756509,23.07800217904186,63.888888888888886,0.0
2020-10-06,15.125556945800781,16.15880080975112,14.96650398960449,15.832324649546138,345648800,29.479999542236328,28.049999237060547,30.0,26.010000228881836,0.12219257817043516,25.21433444157478,69.84126984126983,0.0
2020-10-07,15.920819282531738,16.038015514061488,15.472362359826391,15.566836481974926,225088800,28.059999465942383,29.260000228881836,29.760000228881836,27.940000534057617,0.06408792464635038,23.218550848029558,65.07936507936508,0.0
2020-10-08,16.155214309692383,16.336989388816928,15.969851720598868,16.317854785798303,197893600,26.360000610351562,27.649999618530273,27.989999771118164,24.8799991607666,-0.012734087748035638,20.82923419821024,53.96825396825397,0.0
2020-10-09,16.873943328857422,16.90862320174392,16.378846857839683,16.448206603612682,195271200,25.0,26.200000762939453,26.219999313354492,24.030000686645508,-0.09518636412052761,18.91777873376048,47.61904761904761,0.0
2020-10-12,18.447725296020508,18.982286151257366,17.562770936784336,17.746936463245802,294116800,25.06999969482422,25.649999618530273,25.649999618530273,24.139999389648438,-0.10336192719167059,19.016161997829002,48.01587301587302,0.0
2020-10-13,18.450119018554688,18.93445294985926,18.19539485528702,18.79931732149266,283861600,26.06999969482422,25.670000076293945,26.93000030517578,25.15999984741211,-0.11567163841120698,20.421643326220206,51.98412698412699,0.0
2020-10-14,17.994483947753906,18.799314140517883,17.657243460503743,18.61514863083386,296589600,26.399999618530273,25.719999313354492,27.229999542236328,25.530000686645508,-0.059158940805644766,20.885452057359586,54.761904761904766,0.0
2020-10-15,17.6225643157959,17.745740344963718,16.974394758737514,17.103550578838682,249076800,26.969999313354492,27.100000381469727,29.059999465942383,26.81999969482422,0.023141073174459015,21.686575985623712,57.53968253968254,0.0
2020-10-16,17.352293014526367,18.209742386736572,17.280539180751337,17.946648037521122,228096800,27.40999984741211,27.15999984741211,27.459999084472656,26.190000534057617,0.09639999389648435,22.30498852072385,57.936507936507944,0.0
2020-10-19,16.490060806274414,17.879678812650432,16.307090518249122,17.70388354379853,277555200,29.18000030517578,27.360000610351562,29.690000534057617,27.040000915527344,0.1639409916387069,24.79269111535458,68.25396825396825,0.0
2020-10-20,16.596492767333984,17.14899108281141,16.3345936464308,16.6204101036518,274710400,29.350000381469727,28.809999465942383,29.600000381469727,28.290000915527344,0.12581514096821023,25.0316230484108,69.04761904761905,0.0
2020-10-21,16.553443908691406,17.102354816981084,16.469732303632437,16.633568003874718,242572800,28.649999618530273,29.1200008392334,30.549999237060547,28.3700008392334,0.08522727395877361,24.0477850462398,67.06349206349206,0.0
2020-10-22,16.561813354492188,16.861979856724506,15.96147852525171,16.70651442926053,239163200,28.110000610351562,30.100000381469727,30.1200008392334,27.68000030517578,0.0422692371531721,23.28882652289485,64.28571428571429,0.0
2020-10-23,16.658681869506836,16.674227136883022,16.131296037195376,16.67183668022581,191088000,27.549999237060547,28.469999313354492,28.670000076293945,27.260000228881836,0.005107602715351822,22.501755048860893,56.74603174603175,0.0
2020-10-26,15.8992919921875,16.739999069001318,15.246338839018925,16.23653246527541,317113600,32.459999084472656,29.3799991607666,33.68000030517578,29.219999313354492,0.11240571435892299,29.40266815680228,76.19047619047619,0.0
2020-10-27,16.274799346923828,16.407542661602022,15.847869329299883,16.057149214842703,223860000,33.349998474121094,32.040000915527344,33.77000045776367,31.850000381469727,0.13628613426447478,30.65354568123273,77.77777777777779,0.0
2020-10-28,14.364972114562988,15.575208161265778,14.326703827952002,15.477144707412961,369440000,40.279998779296875,34.689998626708984,40.77000045776367,34.68000030517578,0.4059336584857942,40.39353171590264,87.3015873015873,0.0
2020-10-29,15.095661163330078,15.601521067456517,14.498913717202225,14.582626239073148,276374400,37.59000015258789,38.79999923706055,41.15999984741211,35.630001068115234,0.337246507876108,36.61278887266518,84.52380952380952,0.0
2020-10-30,14.045670509338379,14.916275651775393,13.579276037803485,14.775161169714389,461622400,38.02000045776367,40.810001373291016,41.09000015258789,36.5,0.38003635247360634,37.21714627279226,84.92063492063492,0.0
2020-11-02,14.050457000732422,14.60056409018028,13.586453804176742,14.325511001650417,302272000,37.130001068115234,38.56999969482422,38.779998779296875,36.130001068115234,0.1438694428638012,35.96626874836181,83.33333333333334,0.0
2020-11-03,14.757224082946777,15.117185796603533,14.183198801279636,14.348231548762657,269938400,35.54999923706055,36.439998626708984,36.439998626708984,34.189998626708984,0.0659670423867218,33.74560567599054,81.34920634920636,0.0
2020-11-04,16.751962661743164,17.058109027785036,15.943544799865329,16.215009467930233,338375200,29.56999969482422,36.790000915527344,36.849998474121094,28.030000686645508,-0.2658887638789449,25.340827975589423,67.85714285714286,0.0
2020-11-05,18.04471206665039,18.243229451722392,17.650069577890978,17.89761869507884,300264800,27.579999923706055,27.559999465942383,28.139999389648438,26.040000915527344,-0.26629423219602455,22.54392045378007,55.158730158730165,0.0
2020-11-06,18.10569953918457,18.245619700567495,17.227920320755892,17.922729266331004,270302400,24.860000610351562,27.8700008392334,29.440000534057617,24.559999465942383,-0.34613360570659435,18.721012205623435,39.682539682539684,0.0
2020-11-09,17.000703811645508,18.94042968020357,16.919382672173143,18.61753922833873,331731200,25.75,24.799999237060547,25.81999969482422,22.40999984741211,-0.3064907282722278,19.97188973005388,42.46031746031746,0.0
2020-11-10,16.083459854125977,16.652700522053877,15.588363480716271,16.400368685317538,337333600,24.799999237060547,25.360000610351562,26.770000457763672,24.350000381469727,-0.3023910050831513,18.636681395785082,38.492063492063494,0.0
2020-11-11,17.164539337158203,17.243468194660423,16.44102845960636,16.51158706997854,253661600,23.450000762939453,25.010000228881836,25.1200008392334,22.56999969482422,-0.20696648613614899,16.739283747051267,33.730158730158735,0.0
2020-11-12,16.913402557373047,17.569944152202485,16.708907221537842,17.322396878595253,286687200,25.350000381469727,24.389999389648438,27.270000457763672,23.530000686645508,-0.0808556761568211,19.40969773484598,40.476190476190474,0.0
2020-11-13,17.35707664489746,17.469490138699932,16.821320619413733,17.19443619477863,209495200,23.100000381469727,24.940000534057617,25.030000686645508,22.739999771118164,-0.07079646764565972,16.24736474596577,32.53968253968254,0.0
2020-11-16,17.75650405883789,17.819885832454272,17.1896556061347,17.310439362035027,213748800,22.450000762939453,23.65999984741211,24.079999923706055,22.43000030517578,-0.12815531017710857,15.333802418660062,29.761904761904763,0.0
2020-11-17,17.592662811279297,17.861736913387574,17.475466602187065,17.794767651049156,182704000,22.709999084472656,22.84000015258789,24.09000015258789,22.34000015258789,-0.08427420229370985,15.699225204988032,30.952380952380953,0.0
2020-11-18,17.184871673583984,17.788794124792688,17.184871673583984,17.491018023364127,154341600,23.84000015258789,22.860000610351562,23.920000076293945,21.65999984741211,0.016631103495092114,17.287420607286112,33.730158730158735,0.0
2020-11-19,17.610607147216797,17.66203116655935,16.97678936649778,17.09039811069593,159341600,23.110000610351562,23.6200008392334,24.520000457763672,22.559999465942383,-0.08836290877358544,16.261419880938828,32.142857142857146,0.0
2020-11-20,17.25303840637207,17.731392545013083,17.235099031307296,17.585494386745474,129993600,23.700000762939453,23.43000030517578,23.729999542236328,22.1299991607666,0.02597404205893583,17.09065407914907,32.93650793650794,0.0
2020-11-23,17.256624221801758,17.66800903259858,16.83327982880287,17.438399287572086,179060800,22.65999984741211,23.65999984741211,23.959999084472656,22.450000762939453,0.00935407916864417,15.628952210865627,29.365079365079367,0.0
2020-11-24,17.962194442749023,18.061453128369234,17.10952957854384,17.43839799213363,156015200,21.639999389648438,22.040000915527344,22.479999542236328,20.799999237060547,-0.0471157964755623,14.195360612528305,24.6031746031746,0.0
2020-11-25,18.30063247680664,18.41782872448092,17.99209385250909,18.143971795524706,128677600,21.25,21.649999618530273,22.5,21.1299991607666,-0.10864094530245794,13.391598073099361,23.41269841269841,0.0
2020-11-27,18.80051040649414,19.022945107452113,18.599600761382497,18.660590244389613,92927200,20.84000015258789,21.520000457763672,21.600000381469727,19.510000228881836,-0.0982258934578687,12.3813564471881,23.015873015873016,0.0
2020-11-30,18.897377014160156,18.98826362557681,18.007638200591295,18.86150009591447,184622400,20.56999969482422,22.639999389648438,22.889999389648438,20.479999542236328,-0.13206755136521897,11.998865372128463,22.61904761904762,0.0
2020-12-01,19.64002227783203,19.965303200684676,19.146122927328463,19.348225994851628,169989600,20.770000457763672,20.209999084472656,20.920000076293945,20.0,-0.08340685800420622,12.28219269484144,22.61904761904762,0.0
2020-12-02,19.718950271606445,19.784724320166028,19.036099044375774,19.398453925572024,146129600,21.170000076293945,21.0,21.25,20.040000915527344,-0.021719007699201542,12.848844638257791,23.015873015873016,0.0
2020-12-03,19.799076080322266,20.113594487753353,19.65437498568041,19.76678666735236,157461600,21.280000686645508,21.239999771118164,21.8799991607666,20.719999313354492,0.0014117970186120488,13.004674935950888,23.41269841269841,0.0
2020-12-04,20.041841506958008,20.07173863975964,19.67350861186872,19.80386149771374,127088000,20.790000915527344,21.049999237060547,21.149999618530273,19.969999313354492,-0.0023991956187360275,12.310525967514657,21.825396825396826,0.0
2020-12-07,20.381471633911133,20.452030251162746,20.043037710741824,20.07891280876253,124028000,21.299999237060547,22.040000915527344,22.6200008392334,21.170000076293945,0.035488553868088246,13.033005506614506,23.41269841269841,0.0
2020-12-08,20.56802749633789,20.65054203143252,19.924640759749188,20.288189009652278,133925600,20.68000030517578,21.649999618530273,22.25,20.520000457763672,-0.004333180096500633,12.15469566982156,20.634920634920633,0.0
2020-12-09,19.19036865234375,20.60031640487331,18.96912917539801,20.55008944884379,244878400,22.270000457763672,20.65999984741211,22.93000030517578,20.100000381469727,0.05196033904135411,14.407139509159961,26.58730158730159,0.0
2020-12-10,19.425954818725586,19.644801976777533,18.567308502308755,18.780175870840598,173346400,22.520000457763672,22.1200008392334,23.459999084472656,21.530000686645508,0.05827066405577419,14.76129731154638,27.77777777777778,0.0
2020-12-11,19.289627075195312,19.317131921625435,18.643848024748294,19.09230493834656,169819200,23.309999465942383,22.489999771118164,25.139999389648438,22.479999542236328,0.121212046149211,15.880434562042478,32.142857142857146,0.0
2020-12-14,19.701017379760742,20.096855168120697,19.513262489937887,19.520437510607945,146684800,24.719999313354492,22.670000076293945,24.81999969482422,21.950000762939453,0.16056338961474603,17.87788435134112,36.904761904761905,0.0
2020-12-15,20.313304901123047,20.331242448171476,19.72253735464947,20.160231750390125,157417600,22.889999389648438,24.0,24.06999969482422,22.729999542236328,0.10686649186941932,15.285449345952905,29.365079365079367,0.0
2020-12-16,20.654136657714844,20.83830219849006,20.208070108866675,20.422134608131877,137590400,22.5,22.510000228881836,23.670000076293945,22.290000915527344,0.010327774472772777,14.732964038873163,26.190476190476193,0.0
2020-12-17,21.077478408813477,21.128900600811928,20.759372481122835,21.005724560915564,139275200,21.93000030517578,21.979999542236328,22.270000457763672,21.520000457763672,-0.026198940523755265,13.92548468175366,22.22222222222222,0.0
2020-12-18,20.847867965698242,21.275995107939174,20.39343120174368,21.234138393910378,168756000,21.56999969482422,22.149999618530273,23.770000457763672,21.56999969482422,-0.07464606653725714,13.415496581674144,21.428571428571427,0.0
2020-12-21,20.770132064819336,20.88254555901902,19.693835447670523,20.278625028106237,203596800,25.15999984741211,24.25,31.459999084472656,24.229999542236328,0.017799374849493343,18.501202840103907,40.07936507936508,0.0
2020-12-22,20.933969497680664,21.132486866562747,20.35157220041276,20.963866625833656,160330400,24.229999542236328,25.239999771118164,25.559999465942383,23.530000686645508,0.058540855758776544,17.18373538290489,33.730158730158735,0.0
2020-12-23,20.61825942993164,21.018879920955087,20.590752753479492,20.932776031140094,119434400,23.309999465942383,23.489999771118164,23.68000030517578,22.1299991607666,0.03599997626410589,15.880434562042478,30.753968253968257,0.0
2020-12-24,20.88613510131836,20.980611057671464,20.65533012462415,20.678052236273025,77065600,21.530000686645508,22.469999313354492,22.829999923706055,21.389999389648438,-0.018239836432463186,13.358832738337309,19.841269841269842,0.0
2020-12-28,21.512779235839844,21.616820666468648,21.05116746607807,21.425480125367127,117052800,21.700000762939453,22.110000610351562,22.1200008392334,21.149999618530273,0.0060269388017852865,13.59966015204046,20.634920634920633,0.0
2020-12-29,21.576162338256836,21.932535646300476,21.38362473219218,21.806969149769046,121142400,23.079999923706055,21.610000610351562,23.719999313354492,20.989999771118164,-0.0826709036693416,15.554610032329276,28.968253968253972,0.0
2020-12-30,21.57257080078125,21.884696878431885,21.438632256273205,21.818922834333893,104807200,22.770000457763672,22.579999923706055,23.149999618530273,22.40999984741211,-0.06025584449259569,15.115455113932802,27.380952380952383,0.0
2020-12-31,21.741195678710938,21.822515005312056,21.326223322944838,21.55822536908222,106708000,22.75,22.989999771118164,23.25,21.239999771118164,-0.024024001663345507,15.087121841259584,26.984126984126984,0.0
2021-01-04,20.790462493896484,22.05092454398573,19.95095067100538,22.01385239909719,197472000,26.969999313354492,23.040000915527344,29.190000534057617,22.559999465942383,0.2526706202142981,21.065304572818903,51.388888888888886,0.0
2021-01-05,21.311872482299805,21.353727372439398,20.602711558898335,20.602711558898335,118712800,25.34000015258789,26.940000534057617,28.600000381469727,24.799999237060547,0.16774190145951717,18.756196890143666,39.682539682539684,0.0
2021-01-06,20.430503845214844,21.327417812223203,20.117182483334954,20.31809033605228,210730400,25.06999969482422,25.479999542236328,26.770000457763672,22.139999389648438,0.08622182745651497,18.37370581508403,38.69047619047619,0.0
2021-01-07,21.906225204467773,22.082020482768506,20.969848656491813,20.97223911316077,123695200,22.3700008392334,23.670000076293945,23.90999984741211,22.25,-0.017566956982378534,14.54880317051645,21.626984126984127,0.0
2021-01-08,22.755300521850586,22.82705435456045,21.932531025820758,22.40012251701072,152815200,21.559999465942383,22.43000030517578,23.34000015258789,21.420000076293945,-0.052307715782752395,13.401329945337533,16.666666666666664,0.0
2021-01-11,21.749563217163086,22.355877880219644,21.622799679858222,22.10115375257151,140325600,24.079999923706055,23.309999465942383,24.809999465942383,23.229999542236328,-0.10715607946706263,16.971241241874957,31.746031746031743,0.0
2021-01-12,21.655086517333984,22.005479958065198,21.095411369884605,21.779457758558426,146031200,23.329999923706055,23.489999771118164,25.149999618530273,22.829999923706055,-0.07932123980972283,15.908767834715695,29.365079365079367,0.0
2021-01-13,22.07604217529297,22.266187489774442,21.5857284988708,21.713689094950517,108750400,22.209999084472656,23.06999969482422,24.18000030517578,21.920000076293945,-0.11408060012629428,14.322139691140306,19.246031746031747,0.0
2021-01-14,21.739994049072266,22.403710632897848,21.64073719331418,22.183668216299615,118236000,23.25,22.219999313354492,23.469999313354492,21.65999984741211,0.039338360650537973,15.795437446032423,27.77777777777778,0.0
2021-01-15,21.211416244506836,21.900247321208248,20.937559323232207,21.694554910779473,141692000,24.34000015258789,23.520000457763672,25.799999237060547,23.079999923706055,0.1289425211274695,17.339565680597985,33.33333333333333,0.0
2021-01-19,22.13105010986328,22.25183567686525,21.478097845268657,21.699335501312984,120967200,23.239999771118164,23.030000686645508,23.559999465942383,22.530000686645508,-0.034883727377462925,14.876860084757393,26.984126984126984,0.0
2021-01-20,23.67374610900879,23.890201055497094,22.848584160373957,22.92631779943529,121736000,21.579999923706055,22.81999969482422,22.860000610351562,21.3700008392334,-0.07501071606184584,12.424763190020515,14.682539682539684,0.0
2021-01-21,24.262117385864258,24.429540569216492,23.678524875706454,23.977496149389616,92168400,21.31999969482422,21.34000015258789,22.219999313354492,21.09000015258789,-0.04007201379268177,11.963849958019726,12.3015873015873,0.0
2021-01-22,24.042076110839844,24.281253159325132,23.889002945791344,24.01576831430044,81878800,21.90999984741211,22.239999771118164,23.729999542236328,21.270000457763672,-0.05763441516507062,11.925806821436906,15.476190476190476,0.0
2021-01-25,24.709381103515625,25.130333233559526,23.15233978077269,24.81701187372105,153170400,23.190000534057617,22.309999465942383,26.6299991607666,22.200000762939453,-0.04724731353002898,13.780611410659638,26.58730158730159,0.0
2021-01-26,24.735689163208008,25.0131354068953,24.43911014305429,24.80744300547914,90968800,23.020000457763672,23.90999984741211,23.940000534057617,22.549999237060547,-0.009466407724663561,13.53427019774625,25.0,0.0
2021-01-27,22.74095344543457,24.22863492909601,22.243464763319462,24.21906762850426,188900800,37.209999084472656,23.81999969482422,37.209999084472656,23.709999084472656,0.7242817060252507,34.096504928150914,83.73015873015873,0.0
2021-01-28,23.075801849365234,24.156881277910887,22.805530623646806,22.934686445491927,90021600,30.209999084472656,33.25,36.290000915527344,27.389999389648438,0.41697933944185905,23.953047772213548,67.85714285714286,0.0
2021-01-29,21.638347625732422,22.9418617954466,21.226962814987647,22.697902011629328,184278400,33.09000015258789,35.15999984741211,37.5099983215332,29.239999771118164,0.5102693009145001,28.12635740699651,74.60317460317461,0.0
2021-02-01,23.22887420654297,23.446524358670153,21.942100595348474,22.375012267876713,105659600,30.239999771118164,31.450000762939453,33.959999084472656,29.030000686645508,0.3040103093877329,23.996520726447464,67.46031746031747,0.0
2021-02-02,24.353008270263672,24.625669973734638,23.86030410868915,23.891396469689816,92746400,25.559999465942383,28.010000228881836,28.079999923706055,25.309999465942383,0.11033879051562212,17.2148946428297,38.88888888888889,0.0
2021-02-03,24.07316780090332,24.92942198371485,24.07316780090332,24.85766814669288,95172000,22.90999984741211,24.59000015258789,25.43000030517578,22.90999984741211,-0.3843052832276953,13.374872129427958,21.825396825396826,0.0
2021-02-04,24.924636840820312,24.946163721335846,24.097084577048136,24.405623149414705,72808800,21.770000457763672,23.440000534057617,23.440000534057617,21.68000030517578,-0.27937765251528845,11.722938562757435,11.904761904761903,0.0
2021-02-05,25.185344696044922,25.4221294702593,24.77156758676724,25.161425530653148,86615200,20.8700008392334,21.989999771118164,22.15999984741211,20.860000610351562,-0.3692958373225874,10.418780338340033,6.349206349206349,0.0
2021-02-08,25.67804527282715,25.72348949101493,25.197298946828816,25.582374098904594,76994800,21.239999771118164,21.889999389648438,22.06999969482422,21.229999542236328,-0.29761904987167975,10.954932954527992,6.746031746031746,0.0
2021-02-09,25.666088104248047,25.967451691758836,25.467572543811166,25.467572543811166,65768800,21.6299991607666,21.56999969482422,22.260000228881836,20.649999618530273,-0.15375588369680293,11.520067540205227,10.714285714285714,0.0
2021-02-10,25.484315872192383,26.118133606431062,24.745257825329908,26.017679681545246,123548000,21.989999771118164,21.639999389648438,23.850000381469727,19.690000534057617,-0.04015714021918104,12.04173193552128,12.698412698412698,0.0
2021-02-11,25.89569854736328,26.00811205346456,25.343200142660322,25.86939075050817,98860000,21.25,22.09000015258789,23.25,21.110000610351562,-0.023886102288905975,10.96942393927263,6.15079365079365,0.0
2021-02-12,26.335784912109375,26.38122913517643,25.458005583534085,25.730667272384306,77471600,19.969999313354492,21.600000381469727,22.450000762939453,19.950000762939453,-0.04312417296059701,9.1146193500499,2.380952380952381,0.0
2021-02-16,26.115741729736328,26.754343992214185,25.850255067847602,26.539084290037376,88663600,21.459999084472656,21.1299991607666,22.459999084472656,20.8799991607666,0.010357783226233597,10.364512851490437,7.936507936507936,0.0
2021-02-17,25.752193450927734,25.816772278597824,24.876806365695245,25.407779727533118,105986800,21.5,22.020000457763672,23.440000534057617,21.09000015258789,-0.006010132492395126,10.423070770045145,7.936507936507936,0.0
2021-02-18,25.405384063720703,25.58237455251137,24.46302599475456,24.888760810244065,110202000,22.489999771118164,21.979999542236328,24.229999542236328,21.799999237060547,0.022737608240301244,10.323252112002134,17.063492063492063,0.0
2021-02-19,25.07054328918457,25.754589934077412,24.84093349453736,25.74502263120339,93377200,22.049999237060547,23.100000381469727,23.190000534057617,20.84000015258789,0.037647022920496376,7.575063439471277,12.896825396825399,0.0
2021-02-22,23.12841796875,24.348222276173296,23.08058329287203,24.046858708769523,132734800,23.450000762939453,24.459999084472656,25.09000015258789,21.959999084472656,0.17426147066804298,5.548471422235178,27.18253968253968,0.0
2021-02-23,22.922725677490234,23.28627578493593,20.669678493015077,21.951667519695516,199274800,23.110000610351562,22.81999969482422,27.010000228881836,22.5,0.07688730644321229,5.006379369252125,24.00793650793651,0.0
2021-02-24,23.47522735595703,23.55176393744506,21.741193777915633,22.30086718790132,123042000,21.34000015258789,23.760000228881836,25.040000915527344,21.309999465942383,-0.007441853368005069,2.184312453614436,5.952380952380952,0.0
2021-02-25,21.023664474487305,23.456094798701894,20.676856633787438,22.870111716685713,237792000,28.889999389648438,21.729999542236328,31.15999984741211,21.520000457763672,0.2845709063434141,14.221938187857713,62.698412698412696,0.0
2021-02-26,21.33937644958496,22.281734599765553,20.62902032722252,21.61921315694712,209318400,27.950000762939453,28.729999542236328,30.81999969482422,25.229999542236328,0.26757377460414955,12.723215962366357,56.34920634920635,0.0
2021-03-01,23.20017433166504,23.274318634776023,22.049733281208766,22.329569997572275,133707200,23.350000381469727,25.200000762939453,25.389999389648438,23.170000076293945,-0.004264408452718138,5.389032046466076,27.77777777777778,0.0
2021-03-02,22.08799934387207,23.365205690104133,22.028205083696577,23.329328769043638,151693200,24.100000381469727,23.579999923706055,24.600000381469727,22.799999237060547,0.04283858697410503,6.584822803154607,31.150793650793652,0.0
2021-03-03,20.172189712524414,22.052121302957,20.150664655846807,21.85360575608518,231542400,26.670000076293945,22.799999237060547,26.790000915527344,22.450000762939453,0.24976569285823969,10.682398642838798,49.2063492063492,0.0
2021-03-04,19.174821853637695,20.72229751327738,18.38792921431644,20.08369528790154,432037200,28.56999969482422,26.520000457763672,31.899999618530273,24.93000030517578,-0.011076486728444745,13.71173461823911,62.301587301587304,0.0
2021-03-05,20.033472061157227,20.20328756329984,17.945455419747805,19.681881473361805,336656400,24.65999984741211,29.479999542236328,30.030000686645508,24.329999923706055,-0.11771022632277528,7.4776790499871595,34.92063492063492,0.0
2021-03-08,18.32096290588379,20.29417370202507,18.242034036091848,19.918665781083774,235731600,25.469999313354492,27.610000610351562,28.389999389648438,24.06999969482422,0.09079224399358776,8.769132215715889,40.476190476190474,0.0
2021-03-09,20.478342056274414,20.844282693310593,19.59577805534507,19.724933896318362,173429200,24.030000686645508,25.110000610351562,25.25,22.899999618530273,-0.0029045516064821753,6.4732161524321805,30.357142857142854,0.0
2021-03-10,20.303735733032227,21.406341867967704,20.165012632701455,21.34893989791818,203371200,22.559999465942383,23.760000228881836,23.8700008392334,22.3799991607666,-0.15410575922738,4.129464323048643,19.047619047619047,0.0
2021-03-11,21.712493896484375,22.066476759298926,21.08106658424325,21.291541746731554,158935600,21.90999984741211,22.5,22.5,21.450000762939453,-0.23311165273196155,3.0931129421292147,11.30952380952381,0.0
2021-03-12,21.17194938659668,21.20782630519425,20.346789382731973,20.84906076877031,166590000,20.690000534057617,22.56999969482422,22.989999771118164,20.6299991607666,-0.16098942976153807,1.1479610726950071,1.5873015873015872,0.0
2021-03-15,21.84882164001465,21.8870908412579,20.899288525283882,21.241311756097655,126701600,20.030000686645508,21.84000015258789,21.860000610351562,19.8700008392334,-0.21358456118436842,0.09566545009335273,0.7936507936507936,0.0
2021-03-16,22.20758819580078,22.958603968836186,21.908616890459424,22.324784436557305,168770400,19.790000915527344,20.139999389648438,20.309999465942383,19.329999923706055,-0.17644609446368065,0.0,0.3968253968253968,0.0
2021-03-17,22.487424850463867,22.896419201079098,21.19347799266046,21.55463583966009,196370800,19.229999542236328,20.100000381469727,20.950000762939453,19.18000030517578,-0.14760638309115104,0.0,0.3968253968253968,0.0
2021-03-18,20.42332649230957,21.64552126437983,20.318088014941193,21.43265385317629,228253600,21.579999923706055,18.950000762939453,22.600000381469727,18.950000762939453,-0.01506161232333525,4.453288537207105,10.912698412698413,0.0
2021-03-19,20.684030532836914,20.939949884117745,19.94736483623896,20.38984198053887,193286400,20.950000762939453,21.43000030517578,23.170000076293945,19.899999618530273,0.01256646796378047,3.6744310408940257,4.761904761904762,0.0
2021-03-22,21.786636352539062,22.212373029347088,21.11694171527594,21.11694171527594,141101200,18.8799991607666,21.90999984741211,22.290000915527344,18.8700008392334,-0.05741395339270461,0.0,0.3968253968253968,0.0
2021-03-23,21.502016067504883,22.298476041485497,21.32741602697429,22.016247063833625,187780800,20.299999237060547,19.459999084472656,21.579999923706055,18.799999237060547,0.02577050520159685,3.043291947902814,2.380952380952381,0.0
2021-03-24,20.416154861450195,21.79381529695521,20.389845237741977,21.78663845203605,190483600,21.200000762939453,20.639999389648438,21.489999771118164,19.299999237060547,0.1024441636816611,4.972142123711216,6.349206349206349,0.0
2021-03-25,20.30613136291504,20.61227768670339,19.52880597135592,20.047819717927606,239874400,19.809999465942383,20.799999237060547,23.549999237060547,19.809999465942383,-0.08202041075168365,1.9931424564957132,1.5873015873015872,0.0
2021-03-26,21.203046798706055,21.27958338514874,19.97845959084694,20.263080877044498,215060400,18.860000610351562,19.31999969482422,21.489999771118164,18.68000030517578,-0.0997613401659202,0.0,0.3968253968253968,0.0
2021-03-29,21.191083908081055,21.415910894003172,20.502254737614994,21.10498003367581,190589200,20.739999771118164,20.399999618530273,21.600000381469727,19.420000076293945,0.09851698585965618,4.9188882802762395,4.761904761904762,0.0
2021-03-30,20.889720916748047,20.99735167507465,20.320480242473373,20.796442021063875,148349600,19.610000610351562,20.760000228881836,21.75,19.469999313354492,-0.033990081410904316,1.9633507461278077,1.5873015873015872,0.0
2021-03-31,21.827295303344727,22.14779163347715,21.169558499935558,21.23652777340945,161968800,19.399999618530273,19.799999237060547,20.110000610351562,18.850000381469727,-0.08490571130336144,1.4136099408212643,1.5873015873015872,0.0
2021-04-01,22.93707847595215,22.968170834198897,22.583095654236576,22.635714894943376,145087200,17.329999923706055,18.600000381469727,18.639999389648438,17.290000915527344,-0.12518927860144458,0.0,0.3968253968253968,0.0
2021-04-05,24.314739227294922,24.486945166576398,23.432175348888183,23.489577328648675,130539600,17.90999984741211,18.15999984741211,18.399999618530273,17.350000381469727,-0.05037119470812912,1.9681029427212255,0.7936507936507936,0.0
2021-04-06,24.257333755493164,24.702203173806108,24.087518284490507,24.242983717733363,120606800,18.1200008392334,18.06999969482422,18.299999237060547,17.3700008392334,-0.12632589010600137,2.6898225841111825,1.1904761904761905,0.0
2021-04-07,24.43671989440918,24.630454554746134,23.941623450927917,24.164058190739855,98987200,17.15999984741211,17.989999771118164,18.170000076293945,16.8700008392334,-0.12493629202878087,0.0,0.3968253968253968,0.0
2021-04-08,25.19969367980957,25.24274562102469,24.898330091303723,25.094455195777932,113619200,16.950000762939453,16.920000076293945,17.360000610351562,16.549999237060547,-0.12628860328691238,0.0,0.3968253968253968,0.0
2021-04-09,25.65652084350586,25.701965066036013,24.711772244588936,24.87919544636944,129438400,16.690000534057617,17.049999237060547,17.34000015258789,16.200000762939453,-0.03693014382377291,0.0,0.3968253968253968,0.0
2021-04-12,25.556068420410156,25.649347327552,25.108808487390583,25.424522132665167,109632000,16.90999984741211,17.43000030517578,17.90999984741211,16.809999465942383,-0.055834729677258665,0.7660143405790225,0.7936507936507936,0.0
2021-04-13,26.43145179748535,26.5486480210555,25.859818891482526,25.922003600035634,115022000,16.649999618530273,16.989999771118164,17.860000610351562,16.43000030517578,-0.08112589142492099,0.0,0.3968253968253968,0.0
2021-04-14,25.503446578979492,26.531908559141826,25.295363726436296,26.49842392023198,161227600,16.989999771118164,16.709999084472656,17.690000534057617,15.380000114440918,-0.009906764440885674,1.1821980176705635,1.984126984126984,0.0
2021-04-15,26.629968643188477,26.732814835213144,26.1276972640259,26.15879144461355,120798000,16.56999969482422,16.780000686645508,16.920000076293945,15.9399995803833,-0.022418941062592346,0.0,0.3968253968253968,0.0
2021-04-16,26.742385864257812,26.78543780703397,26.285558639310466,26.766305029514875,117488000,16.25,16.649999618530273,16.8799991607666,16.049999237060547,-0.02636312282673403,0.0,0.3968253968253968,0.0
2021-04-19,26.012895584106445,26.63714780935454,25.532149219021772,26.34535152631584,159168000,17.290000915527344,17.040000915527344,18.610000610351562,16.780000686645508,0.02247197347984531,3.5665326507868333,3.571428571428571,0.0
2021-04-20,25.443653106689453,26.146834195082995,24.967691303379873,25.843080154218857,158283600,18.68000030517578,17.360000610351562,19.700000762939453,17.239999771118164,0.12192196595525817,8.333334423496023,5.158730158730158,0.0
2021-04-21,26.0870418548584,26.125311060341634,24.87919697224197,25.11359129388642,111057200,17.5,18.479999542236328,19.290000915527344,16.90999984741211,0.030017671321503014,4.85814233283642,4.365079365079365,0.0
2021-04-22,25.137508392333984,26.220980171449916,24.860063954362623,25.991370415094817,174848400,18.709999084472656,17.280000686645508,19.899999618530273,16.989999771118164,0.1291490301183822,9.789092637938188,5.952380952380952,0.0
2021-04-23,26.084646224975586,26.38600979275512,25.285795823206747,25.285795823206747,107686000,17.329999923706055,18.559999465942383,18.780000686645508,16.799999237060547,0.06646153376652641,4.4009775200240515,4.166666666666666,0.0
2021-04-26,26.60127067565918,26.661064935647705,25.962668416927972,26.14444165345437,99976800,17.639999389648438,17.940000534057617,18.170000076293945,16.8700008392334,0.020242825655768293,5.664218980403276,5.158730158730158,0.0
2021-04-27,26.252071380615234,26.70889856002152,26.015284806563546,26.661063883828252,119312800,17.559999465942383,17.6200008392334,18.15999984741211,16.969999313354492,-0.05995721739485582,5.338220933453588,5.158730158730158,0.0
2021-04-28,25.98180389404297,26.40514832064196,25.823947980148027,26.163578974240465,118950000,17.280000686645508,17.469999313354492,17.84000015258789,16.670000076293945,-0.012571389334542382,4.197231655332943,3.571428571428571,0.0
2021-04-29,26.242502212524414,26.842837027331544,25.49148653613536,26.754340875419484,148124400,17.610000610351562,16.8799991607666,18.8700008392334,16.770000457763672,-0.05879201111420562,5.541974570551222,5.952380952380952,0.0
2021-04-30,25.749799728393555,26.261638422689696,25.51779771910704,25.661303571052294,118440400,18.610000610351562,17.670000076293945,19.25,17.639999389648438,0.07386039770805586,9.616954043625585,7.5396825396825395,0.0
2021-05-03,25.328847885131836,26.187492548403075,25.216434388876063,26.012894338079963,134222000,18.309999465942383,18.649999618530273,19.1200008392334,17.799999237060547,0.03798186504967327,8.39445553825936,7.5396825396825395,0.0
2021-05-04,23.99424171447754,24.80026903431329,23.06862586898654,24.74286522815999,211234000,19.479999542236328,18.15999984741211,21.850000381469727,18.110000610351562,0.10933941541500536,13.162181832652625,10.714285714285714,0.0
2021-05-05,23.71440315246582,24.59935744337026,23.53502037797633,24.405624630849914,136429200,19.149999618530273,18.84000015258789,19.579999923706055,17.889999389648438,0.10821752648019034,11.817438917434348,9.920634920634921,0.0
2021-05-06,24.233415603637695,24.271684802746254,23.149943994544504,23.647432634300696,169663200,18.389999389648438,18.40999984741211,20.600000381469727,18.209999084472656,0.04429294447828558,8.720453585209048,7.936507936507936,0.0
2021-05-07,24.826574325561523,25.371897615467198,24.580220472870103,24.86723397924598,158706800,16.690000534057617,18.450000762939453,18.56999969482422,16.68000030517578,-0.10317033924361996,1.7929931444265472,1.7857142857142856,0.0
2021-05-10,22.960994720458984,24.553914605083264,22.90359274459509,24.51325312343609,184214800,19.65999984741211,17.34000015258789,19.75,17.06999969482422,0.07373022505985327,13.895679381391055,12.698412698412698,0.0
2021-05-11,22.846193313598633,23.018401098903286,21.52593666755671,21.667050265373643,228806800,21.84000015258789,21.170000076293945,23.729999542236328,20.709999084472656,0.12114993150973308,22.77913587627821,27.380952380952383,0.0
2021-05-12,21.10737419128418,22.27934207507556,20.884939466758926,21.769893802092152,236158000,27.59000015258789,22.420000076293945,28.3799991607666,21.65999984741211,0.4407311071636131,46.2102678464558,73.4126984126984,0.0
2021-05-13,21.552242279052734,22.164534890781535,21.064320919790376,21.669438512596717,208602000,23.1299991607666,26.030000686645508,28.93000030517578,22.229999542236328,0.25774877261748386,28.035855354892746,42.46031746031746,0.0
2021-05-14,22.95381736755371,23.173859773303924,22.10473827338018,22.21475947625529,144263200,18.809999465942383,21.770000457763672,22.100000381469727,18.65999984741211,0.12702210090159638,10.431945274796542,9.920634920634921,0.0
2021-05-17,22.56635093688965,22.76008555934286,21.93970832720686,22.604620135074512,138542400,19.719999313354492,19.889999389648438,21.579999923706055,19.670000076293945,0.0030518548529023803,14.14017597350169,13.492063492063492,0.0
2021-05-18,22.092782974243164,23.02796421503962,22.049731035742564,22.77204486527937,131684000,21.34000015258789,18.889999389648438,21.450000762939453,18.809999465942383,-0.022893772733822648,20.74164613974103,22.817460317460316,0.0
2021-05-19,22.174104690551758,22.241073974411837,20.887332783419346,20.96386936851317,191889600,22.18000030517578,22.459999084472656,25.959999084472656,21.8799991607666,-0.19608553162348064,24.164629518916016,32.53968253968254,0.0
2021-05-20,23.456092834472656,23.64504291983608,22.441982670100007,22.499384650217994,139226400,20.670000076293945,22.329999923706055,23.5,20.190000534057617,-0.1063553468970867,18.011409581884948,16.26984126984127,0.0
2021-05-21,23.068622589111328,23.900959412232446,22.987303279120187,23.80768052146575,128133200,20.149999618530273,20.420000076293945,20.889999389648438,19.530000686645508,0.07123871295233752,15.89241839050871,15.476190476190476,0.0
2021-05-24,24.223854064941406,24.47738118261568,23.4919727932998,23.57090166665072,92181600,18.399999618530273,20.5,20.510000228881836,18.3799991607666,-0.06693710653074458,8.761204312628575,8.73015873015873,0.0
2021-05-25,24.341045379638672,24.74047240393365,24.068383713219294,24.575439670393955,106728800,18.84000015258789,18.350000381469727,19.290000915527344,16.8700008392334,-0.11715088950909991,10.554197457055123,10.714285714285714,0.0
2021-05-26,24.587400436401367,24.692637093130106,24.329088795313005,24.482161954896625,78034800,17.360000610351562,18.3700008392334,18.920000076293945,17.350000381469727,-0.21731287775047747,4.523229702282632,5.555555555555555,0.0
2021-05-27,24.300386428833008,24.673503844860875,24.262119052057,24.484553767943936,83216800,16.739999771118164,18.030000686645508,18.170000076293945,16.520000457763672,-0.19013063815529585,1.9967390091176547,2.380952380952381,0.0
2021-05-28,24.537172317504883,24.898330168553592,24.4678125798427,24.582616540255184,81857200,16.760000228881836,16.799999237060547,16.860000610351562,15.899999618530273,-0.1682381862941048,2.0782404639567083,2.7777777777777777,0.0
2021-06-01,24.297992706298828,24.94616403951312,23.98706367362375,24.838533285114327,103863600,17.899999618530273,17.239999771118164,18.530000686645508,15.680000305175781,-0.027173913606849176,6.723714576091394,8.333333333333332,0.0
2021-06-02,24.424762725830078,24.628062867715556,24.044470240620875,24.38410123763202,83178800,17.479999542236328,17.860000610351562,18.309999465942383,16.739999771118164,-0.07218686832997456,5.0122228865039,6.746031746031746,0.0
2021-06-03,23.657001495361328,24.077951764681714,23.291059097644172,23.79572278934538,121032000,18.040000915527344,17.729999542236328,19.270000457763672,17.450000762939453,0.03917052311451563,7.294216987558243,9.523809523809524,0.0
2021-06-04,24.869632720947266,24.967694371471186,24.04447072862761,24.068388070844936,91175200,16.420000076293945,18.09000015258789,18.420000076293945,16.18000030517578,-0.019115872114665144,0.6927468213189028,0.7936507936507936,0.0
2021-06-07,25.089672088623047,25.10641440858393,24.589791121603525,24.738081544668496,62193200,16.420000076293945,17.34000015258789,17.350000381469727,15.779999732971191,-0.020286405008633657,0.6927468213189028,0.992063492063492,0.0
2021-06-08,25.11836814880371,25.692393323167465,24.738077588462854,25.4914855157668,92944400,17.06999969482422,16.579999923706055,17.75,15.149999618530273,-0.04636871180973823,3.341481924335933,5.158730158730158,0.0
2021-06-09,25.147075653076172,25.62064702932878,25.096848690027223,25.438871954882956,77803600,17.889999389648438,17.18000030517578,17.959999084472656,15.550000190734863,0.02345536945933202,6.682963848671866,9.920634920634921,0.0
2021-06-10,25.91722869873047,25.95071334416018,25.113593558864693,25.216439776906334,117206800,16.100000381469727,18.18000030517578,18.290000915527344,16.010000228881836,-0.10753882680725502,0.0,0.3968253968253968,0.0
2021-06-11,26.1229190826416,26.127701820994556,25.773720790038208,25.93157670255221,68338800,15.649999618530273,16.18000030517578,16.200000762939453,15.149999618530273,-0.046894059329228965,0.0,0.3968253968253968,0.0
2021-06-14,26.854799270629883,26.876326154324943,25.950710300511716,26.223371995475098,90823200,16.389999389648438,16.040000915527344,17.040000915527344,15.039999961853027,-0.0018270820040263702,3.004465271346488,1.5873015873015872,0.0
2021-06-15,26.357309341430664,26.869148066162463,26.180318840999597,26.79261148558881,90108000,17.020000457763672,16.270000457763672,17.350000381469727,16.139999389648438,-0.002929070764758568,5.562325967983337,6.349206349206349,0.0
2021-06-16,26.0750789642334,26.708898457632053,25.237959360628814,26.45776367141623,157778000,18.149999618530273,16.989999771118164,19.110000610351562,16.420000076293945,0.014533272093473437,10.150223650767629,13.492063492063492,0.0
2021-06-17,27.04853057861328,27.285317162059933,25.814378001055474,25.821553020291553,144323600,17.75,18.489999771118164,19.219999313354492,16.709999084472656,0.10248444592767458,8.526189415446025,11.507936507936508,0.0
2021-06-18,26.402753829956055,26.926552142005633,26.232938347118182,26.646715437530943,142894400,20.700000762939453,16.959999084472656,21.040000915527344,16.920000076293945,0.3226837870609123,20.503456420954258,25.0,0.0
2021-06-21,26.885894775390625,26.9791736848378,25.924401951398867,26.460158066516826,107708400,17.889999389648438,21.739999771118164,21.81999969482422,17.809999465942383,0.09151922244410615,9.094599461807066,12.103174603174603,0.0
2021-06-22,27.63690948486328,27.75649801257835,26.78065518847711,26.86197451143082,103578800,16.65999984741211,17.90999984741211,18.31999969482422,15.760000228881836,-0.021151621660935316,4.100691284190852,3.571428571428571,0.0
2021-06-23,27.684741973876953,27.9741459690584,27.488616876945063,27.641690034317467,93996800,16.31999969482422,16.25,16.84000015258789,14.859999656677246,-0.10082644419660003,2.7202602481659675,1.5873015873015872,0.0
2021-06-24,28.194190979003906,28.579266188897066,28.029160049604084,28.160706336819818,93672400,15.970000267028809,15.989999771118164,16.049999237060547,14.1899995803833,-0.1002816750969685,1.299231260260324,0.7936507936507936,0.0
2021-06-25,28.105693817138672,28.402272828792583,27.947836098576712,28.34008628892491,86993200,15.619999885559082,16.040000915527344,16.170000076293945,15.210000038146973,-0.24541066135975342,0.0,0.3968253968253968,0.0
2021-06-28,29.100671768188477,29.150898730634662,28.39988292587077,28.407057945537925,88787600,15.760000228881836,16.06999969482422,16.459999084472656,15.390000343322754,-0.11906088504391277,0.5677224233708537,1.1904761904761905,0.0
2021-06-29,29.428340911865234,29.43790821168778,28.86149071461632,29.0743581175344,74560000,16.020000457763672,15.6899995803833,16.309999465942383,14.100000381469727,-0.03841532986255414,1.6220624093627463,1.984126984126984,0.0
2021-06-30,29.29918670654297,29.49052906392465,29.143721269267346,29.39246560395315,80546800,15.829999923706055,16.18000030517578,17.309999465942383,15.579999923706055,-0.030024496340742224,0.8515817014099724,1.5873015873015872,0.0
2021-07-01,29.31353759765625,29.452260719555813,28.85671039765901,29.198733639707378,83834800,15.479999542236328,15.619999885559082,16.010000228881836,15.3100004196167,-0.030682574614862235,0.0,0.3968253968253968,0.0
2021-07-02,30.308515548706055,30.411361751435095,29.748840312411087,29.811026855282982,93502000,15.069999694824219,15.529999732971191,15.539999961853027,14.25,-0.03521128007455021,0.0,0.3968253968253968,0.0
2021-07-06,30.715116500854492,30.79643582243271,29.777542897373415,30.48311446904733,109599600,16.440000534057617,15.770000457763672,17.940000534057617,15.729999542236328,0.043147226859147514,5.43435497416265,5.952380952380952,0.0
2021-07-07,30.911239624023438,31.38480910550833,30.39939911836648,31.308270706715927,115275600,16.200000762939453,16.43000030517578,17.639999389648438,16.079999923706055,0.011235973784791575,4.482352674146762,3.968253968253968,0.0
2021-07-08,30.375486373901367,30.581178789816963,29.237003066587903,29.583810895643797,152524400,19.0,17.739999771118164,21.290000915527344,17.739999771118164,0.20025269056045558,15.589053740173863,23.015873015873016,0.0
2021-07-09,30.88971710205078,31.04518438713817,30.047814619332588,30.20328007964375,92875600,16.18000030517578,17.8799991607666,18.1299991607666,16.079999923706055,0.045219688865593355,4.403017257685004,3.968253968253968,0.0
2021-07-12,31.277183532714844,31.401552969774162,30.868189175565757,31.2843585521778,87126000,16.170000076293945,16.850000381469727,17.520000457763672,16.139999389648438,0.07299272752125674,4.363349549454124,3.968253968253968,0.0
2021-07-13,31.260448455810547,32.06647782163739,31.04758096770475,31.183913676153328,119450000,17.1200008392334,16.389999389648438,17.229999542236328,15.9399995803833,0.04136254763295599,8.131698607128536,12.3015873015873,0.0
2021-07-14,31.430253982543945,32.06885620645573,31.224561593416603,31.896648455114146,136042800,16.329999923706055,17.34000015258789,17.510000228881836,15.949999809265137,0.00802463917557339,4.998017749464716,5.952380952380952,0.0
2021-07-15,30.779695510864258,31.470917047521418,30.246329880182316,31.4302573864889,137192800,17.010000228881836,16.700000762939453,18.09000015258789,16.559999465942383,-0.1047368300588507,7.695361382430602,11.904761904761903,0.0
2021-07-16,30.023893356323242,31.26283231374238,29.937789476465728,31.01169569336196,127402800,18.450000762939453,16.799999237060547,18.700000762939453,16.030000686645508,0.14029668819212127,13.407382748367668,22.22222222222222,0.0
2021-07-19,29.303970336914062,29.418776119795197,28.622316133239863,29.134154856333893,202286400,22.5,19.610000610351562,25.09000015258789,19.270000457763672,0.3914656706146935,29.47243385562861,52.182539682539684,0.0
2021-07-20,30.27024269104004,30.686412014506043,29.071967149572128,29.52401156577156,121544800,19.729999542236328,20.889999389648438,22.969999313354492,19.3700008392334,0.15245318779550954,18.484728348452407,28.57142857142857,0.0
2021-07-21,30.961471557617188,30.99495620205806,30.136311380675856,30.21045568982689,81763200,17.90999984741211,19.729999542236328,19.81999969482422,17.809999465942383,0.09675443546159412,11.265371898950617,19.642857142857142,0.0
2021-07-22,31.612028121948242,31.619203140998668,31.054745195203086,31.0571393012545,94957600,17.690000534057617,17.59000015258789,18.450000762939453,17.399999618530273,0.03997650182397927,10.392705015396487,17.857142857142858,0.0
2021-07-23,32.66201400756836,32.79356210146029,31.64072708714604,31.97796756888213,103898400,17.200000762939453,16.979999542236328,17.479999542236328,16.329999923706055,-0.06775067470516738,8.449032707133833,13.88888888888889,0.0
2021-07-26,32.79834747314453,32.90358595085484,32.298464704020574,32.532860822394206,85977600,17.579999923706055,18.670000076293945,19.389999389648438,17.530000686645508,-0.21866667005750873,9.956367790698554,17.46031746031746,0.0
2021-07-27,31.726831436157227,32.7265933151167,30.57400005417587,32.7265933151167,178782000,19.360000610351562,18.6200008392334,20.440000534057617,18.25,-0.01875311406331781,17.017060973118564,28.174603174603174,0.0
2021-07-28,32.07364273071289,32.49459300998952,31.396771265200467,32.01623892690388,143940400,18.309999465942383,19.40999984741211,19.6200008392334,17.520000457763672,0.022333870571644487,12.852042398977098,22.817460317460316,0.0
2021-07-29,32.23149871826172,32.556779660056044,31.92296192215457,31.925352378873207,88638400,17.700000762939453,17.90999984741211,18.010000228881836,17.190000534057617,0.0005653040463500236,10.432372723627367,19.047619047619047,0.0
2021-07-30,31.748363494873047,31.894261643947125,31.15759587891343,31.176730481199627,113118800,18.239999771118164,19.690000534057617,19.719999313354492,17.530000686645508,0.060465055932996226,12.57437600720268,23.015873015873016,0.0
2021-08-02,31.738794326782227,32.33434650491013,31.576155681893958,32.178879230123414,109120000,19.459999084472656,18.15999984741211,19.8700008392334,17.989999771118164,0.10693965693546348,17.413722923743883,30.158730158730158,0.0
2021-08-03,32.29129409790039,32.33673832399032,31.057143221278178,31.91578800517484,126835600,18.040000915527344,19.170000076293945,20.440000534057617,17.700000762939453,-0.06818180026907805,11.78104454011031,22.023809523809522,0.0
2021-08-04,32.45154571533203,32.70985740964988,32.001895269270086,32.310432108577295,96856800,17.969999313354492,18.229999542236328,18.899999618530273,17.670000076293945,-0.018569096805289953,11.503370582494156,21.825396825396826,0.0
2021-08-05,33.061439514160156,33.12123377107985,32.480241088685645,32.66201431588285,77340400,17.280000686645508,17.729999542236328,17.84000015258789,17.229999542236328,-0.023728816846909306,8.766366807139129,14.484126984126986,0.0
2021-08-06,32.63092041015625,32.98968595470592,32.327168210114856,32.717024286830245,86306000,16.149999618530273,17.459999084472656,17.5,16.139999389648438,-0.11458334313672902,4.284014132992366,3.968253968253968,0.0
2021-08-09,32.80552291870117,32.95381151219292,32.45153828006318,32.74572866009296,68421600,16.719999313354492,17.1200008392334,17.389999389648438,16.59000015258789,-0.14080163926135225,6.545020541260318,10.317460317460316,0.0
2021-08-10,32.315216064453125,33.03274731865646,31.98276006265435,32.95142798573939,106162400,16.790000915527344,16.81999969482422,17.049999237060547,16.34000015258789,-0.06929046211544831,6.822694498876472,11.507936507936508,0.0
2021-08-11,32.1406135559082,32.7792158495894,31.772278850471228,32.64766774050476,93188000,16.170000076293945,16.809999465942383,17.09000015258789,16.06999969482422,-0.100166906279338,4.363349549454124,4.563492063492063,0.0
2021-08-12,32.4754638671875,32.57591780357351,31.628778603618166,32.00428472418832,79490800,15.59000015258789,16.329999923706055,16.420000076293945,15.489999771118164,-0.09780095294577729,2.0626754329552934,1.1904761904761905,0.0
2021-08-13,32.80073928833008,32.913152789672445,32.439583269911175,32.57112772294618,73289600,15.449999809265137,15.680000305175781,15.720000267028809,15.1899995803833,-0.04334364246436062,1.507338866485591,0.7936507936507936,0.0
2021-08-16,32.85813903808594,32.87009496903073,31.451777041310024,32.51372355727946,122458400,16.1200008392334,17.049999237060547,17.709999084472656,16.020000457763672,-0.03588507767711846,4.165018574141466,4.761904761904762,0.0
2021-08-17,31.994712829589844,32.37261298089625,31.325016405117132,32.099951308377946,166395200,17.90999984741211,17.309999465942383,19.559999465942383,16.709999084472656,0.06670630558745194,11.265371898950617,24.6031746031746,0.0
2021-08-18,31.064313888549805,32.22192984025325,30.975815905571384,31.834464218707918,130084800,21.56999969482422,17.559999465942383,21.639999389648438,17.309999465942383,0.3339517373563252,25.783420214415955,49.404761904761905,0.0
2021-08-19,31.50678825378418,31.954051768998546,30.48311088614292,30.55247244186499,163247600,21.670000076293945,23.1200008392334,24.739999771118164,20.3700008392334,0.3899935769209595,26.18008973088301,51.587301587301596,0.0
2021-08-20,32.48024368286133,32.592657186812886,31.71009330026018,31.798587639712725,125082400,18.559999465942383,22.739999771118164,23.899999618530273,18.18000030517578,0.20129447864538008,13.843712407223865,29.761904761904763,0.0
2021-08-23,33.92726516723633,34.13056346500106,32.76725504346792,32.774430062827136,96532400,17.149999618530273,18.829999923706055,18.950000762939453,16.950000762939453,0.06389570258520272,8.250694165979436,16.26984126984127,0.0
2021-08-24,34.262107849121094,34.427140575568686,33.97988071949603,34.109034703491034,72686800,17.219999313354492,16.959999084472656,17.510000228881836,16.940000534057617,-0.038525993296271155,8.528360557753853,17.46031746031746,0.0
2021-08-25,34.30038070678711,34.53716364429453,34.11382290469857,34.31951530822594,76127200,16.790000915527344,17.420000076293945,17.5,16.459999084472656,-0.22160402628303466,6.822694498876472,13.293650793650794,0.0
2021-08-26,33.719181060791016,34.32429873356753,33.59002705356638,34.12339087808373,107004800,18.84000015258789,17.459999084472656,19.270000457763672,17.15999984741211,-0.13059528905133477,14.95438554016327,33.13492063492063,0.0
2021-08-27,34.704586029052734,34.82417453549392,33.75744345223584,33.88899153923146,92320000,16.389999389648438,17.950000762939453,18.219999313354492,16.110000610351562,-0.11691811092321946,5.236016433008254,8.531746031746032,0.0
2021-08-30,35.85503005981445,36.00092819660563,34.907887398923016,34.91984698053906,91270400,16.190000534057617,16.770000457763672,16.799999237060547,15.979999542236328,-0.055976624246416584,4.442684965915883,6.746031746031746,0.0
2021-08-31,35.754573822021484,35.948306623146586,35.32405445865922,35.92917202371363,91796000,16.479999542236328,15.979999542236328,17.06999969482422,15.90999984741211,-0.04297327529765216,5.59301824124443,10.714285714285714,0.0
2021-09-01,35.95070266723633,36.55103941290534,35.893302509567555,36.07507575810574,95568000,16.110000610351562,16.059999465942383,16.709999084472656,15.680000305175781,-0.04050031376394503,4.125350865910587,4.761904761904762,0.0
2021-09-02,35.900474548339844,36.43622877304154,35.541708994490556,36.3429498750228,95038400,16.40999984741211,16.270000457763672,16.979999542236328,15.729999542236328,-0.12898090687340003,5.315351849470012,9.920634920634921,0.0
2021-09-03,36.22336196899414,36.34056003240344,35.556059633364576,35.5656251091593,93201200,16.40999984741211,16.270000457763672,17.059999465942383,16.079999923706055,0.0012202842287050153,5.315351849470012,10.119047619047619,0.0
2021-09-07,36.37165451049805,36.565387330492634,35.91482548461449,36.2472814268458,90370800,18.139999389648438,16.940000534057617,18.389999389648438,16.889999389648438,0.1204446443030538,12.177706490735627,30.555555555555557,0.0
2021-09-08,35.99854278564453,36.31904286242941,35.328849848011146,36.30947373500448,126846000,17.959999084472656,18.969999313354492,19.639999389648438,17.780000686645508,0.08980579996032523,11.463702874263276,28.968253968253972,0.0
2021-09-09,35.613460540771484,36.37883000441513,35.53931624074963,36.05115497106887,110573600,18.799999237060547,19.440000534057617,19.540000915527344,17.170000076293945,0.16697694132801666,14.795714707239755,35.714285714285715,0.0
2021-09-10,34.812225341796875,36.31904170245206,34.70698684080057,36.115739721022585,138435600,20.950000762939453,17.940000534057617,21.1299991607666,16.989999771118164,0.2766606311847901,23.324082830835344,49.007936507936506,0.0
2021-09-13,34.73329162597656,35.584761343308955,34.144914474920405,35.46756327452136,155549200,19.3700008392334,19.639999389648438,21.18000030517578,18.760000228881836,0.18037788052070503,17.05672868134944,39.682539682539684,0.0
2021-09-14,34.434322357177734,35.36472099450939,34.15927019211159,35.14706898935833,119258400,19.459999084472656,19.579999923706055,20.469999313354492,18.389999389648438,0.07276735056438177,17.413722923743883,40.67460317460318,0.0
2021-09-15,35.197296142578125,35.29296550435736,33.90573786124512,34.55869384634356,111785200,18.18000030517578,19.299999237060547,20.270000457763672,18.010000228881836,0.012249511799437007,12.336377323659145,31.746031746031743,0.0
2021-09-16,35.26665115356445,35.42929342624328,34.25971793499108,34.81221627171948,105230800,18.690000534057617,18.40999984741211,19.760000228881836,17.649999618530273,-0.005850995078025778,14.359385048383558,35.714285714285715,0.0
2021-09-17,34.020545959472656,35.14228329308963,33.714399617955316,35.13510827333159,154650400,20.809999465942383,18.3700008392334,21.510000228881836,18.350000381469727,-0.006682639231437748,22.76874248144477,49.60317460317461,0.0
2021-09-20,31.927738189697266,32.87727114625916,30.614655180986787,32.38934803556346,243827200,25.709999084472656,24.25,28.790000915527344,23.899999618530273,0.32731016884613484,42.20547312991307,82.93650793650794,0.0
2021-09-21,31.968402862548828,32.707459012982646,31.712481687408236,32.37978764813148,143401200,24.360000610351562,23.40999984741211,25.600000381469727,21.709999084472656,0.25179865140839963,36.850461138053916,78.17460317460318,0.0
2021-09-22,32.903587341308594,33.30061845642284,31.956444651442943,32.25541595323043,175338800,20.8700008392334,22.719999313354492,23.399999618530273,20.75,0.1479648233719657,23.006748730830047,50.595238095238095,0.0
2021-09-23,33.81724166870117,34.09947247474551,33.04709130499728,33.2240836291116,138739200,18.6299991607666,19.90999984741211,20.209999084472656,18.420000076293945,-0.003210346258775032,14.121378798998283,35.317460317460316,0.0
2021-09-24,33.91291427612305,34.02293733129266,33.07818865903367,33.17864258790034,109550400,17.75,19.329999923706055,20.40999984741211,17.6299991607666,-0.14704466816303252,10.630703698940025,26.38888888888889,0.0
2021-09-27,33.09492111206055,33.34127313597642,32.3845651131415,33.05665556480627,156710800,18.760000228881836,17.780000686645508,19.31999969482422,17.739999771118164,-0.2703227966969558,14.637051440157975,37.301587301587304,0.0
2021-09-28,30.334821701049805,32.0234108681072,30.15304665601213,31.84402810419229,297646000,23.25,19.739999771118164,24.81999969482422,19.709999084472656,-0.04556652637684577,32.44744388036891,74.40476190476191,0.0
2021-09-29,30.1339168548584,31.162377103535235,29.968885926626086,30.605095948399033,195061200,22.559999465942383,22.06999969482422,23.790000915527344,21.450000762939453,0.0809774105773855,29.710432539172142,68.45238095238095,0.0
2021-09-30,29.794282913208008,30.982991233823277,29.677086678032747,30.56204096978839,234624000,23.139999389648438,21.479999542236328,24.709999084472656,20.600000381469727,0.24208268556337686,32.01110665567098,73.80952380952381,0.0
2021-10-01,30.33721160888672,30.617048277588204,28.90214952351401,29.956921032155336,208708000,21.100000381469727,24.780000686645508,24.889999389648438,20.850000381469727,0.1887324158574495,23.919083322615055,53.17460317460318,0.0
2021-10-04,28.471635818481445,30.014327037637127,27.856950882309718,29.921048135536147,257236000,22.959999084472656,22.899999618530273,24.579999923706055,21.8799991607666,0.223880533280844,31.297103039198625,71.82539682539682,0.0
2021-10-05,29.56706428527832,30.13630494396728,28.63427352920035,28.694067785041554,162612800,21.299999237060547,22.920000076293945,23.170000076293945,20.6200008392334,-0.08387100055653562,24.71241478970743,56.15079365079365,0.0
2021-10-06,30.150657653808594,30.212844196332522,28.524254845639064,28.76343189020306,234990800,21.0,22.950000762939453,24.399999618530273,20.989999771118164,-0.06914891413439217,23.522413806148005,53.17460317460318,0.0
2021-10-07,30.96624755859375,31.65268440460323,30.789255258601607,30.930372467167007,150815200,19.540000915527344,20.540000915527344,20.760000228881836,19.06999969482422,-0.15557470047866706,17.731064589590915,43.65079365079365,0.0
2021-10-08,30.49028778076172,31.313055501349954,30.36830698775114,31.253261245431652,157132000,18.770000457763672,19.459999084472656,19.940000534057617,18.200000762939453,-0.11042653467211727,14.676719148388853,37.698412698412696,0.0
2021-10-11,29.813419342041016,31.018871880665266,29.78710972082845,30.102823350603177,136215200,20.0,19.93000030517578,20.450000762939453,18.110000610351562,-0.12891982589295659,19.55573377316093,47.22222222222222,0.0
2021-10-12,29.50966453552246,30.28459951140951,29.325499005159408,30.17696874125936,174403600,19.850000381469727,20.6200008392334,20.809999465942383,18.969999313354492,-0.06807506608112557,18.96073328138122,46.82539682539682,0.0
2021-10-13,30.200883865356445,30.363524324618297,29.562281610151114,30.083687627363286,140921200,18.639999389648438,20.139999389648438,20.229999542236328,18.440000534057617,-0.1123809814453125,14.16104650722916,36.11111111111111,0.0
2021-10-14,31.86794662475586,31.918171753892675,30.949504118329287,31.119321403888456,121750000,16.860000610351562,18.010000228881836,18.079999923706055,16.799999237060547,-0.1371545639512297,7.100360890650889,16.26984126984127,0.0
2021-10-15,32.45872497558594,32.49220962270506,31.911007387537467,32.19323825572969,102858000,16.299999237060547,16.639999389648438,16.850000381469727,15.720000267028809,-0.13159302932683092,4.879014624772079,8.333333333333332,0.0
2021-10-18,33.432167053222656,33.48957085785297,31.949270104350997,32.1095182865312,100876400,16.309999465942383,17.290000915527344,17.93000030517578,16.270000457763672,-0.1845000267028809,4.918682333002958,8.73015873015873,0.0
2021-10-19,34.16644287109375,34.20949298808037,33.55175610406916,33.73352934726622,106450800,15.699999809265137,16.09000015258789,16.309999465942383,15.569999694824219,-0.20906803488420467,2.499008874732358,2.7777777777777777,0.0
2021-10-20,34.05881118774414,34.49411517982815,33.64742636099196,34.31951695147298,118709600,15.489999771118164,15.819999694824219,15.890000343322754,15.289999961853027,-0.1689914013773841,1.666005916488239,1.5873015873015872,0.0
2021-10-21,34.66871643066406,34.730904806127604,33.75506189825964,33.8292062078792,92100400,15.010000228881836,16.059999465942383,16.110000610351562,14.920000076293945,-0.10972718354078104,0.0,0.3968253968253968,0.0
2021-10-22,33.79093933105469,34.59935907143284,33.331719751474154,34.31473774747472,140248400,15.430000305175781,15.350000381469727,16.389999389648438,14.84000015258789,-0.05337417009852918,1.662050258752576,1.1904761904761905,0.0
2021-10-25,34.8050537109375,35.09445596730989,33.65700286484011,34.199935920828295,118951600,15.239999771118164,16.139999389648438,16.329999923706055,15.100000381469727,-0.06560390741020761,0.9101684029679162,1.1904761904761905,0.0
2021-10-26,35.13032531738281,36.16356824754298,34.83613492619827,35.474740843953555,167975600,15.979999542236328,15.020000457763672,16.709999084472656,14.899999618530273,0.017834378112919103,3.8385412306980946,5.952380952380952,0.0
2021-10-27,35.40776824951172,36.287941675700566,35.22121044577779,35.29296428941825,145068000,16.979999542236328,15.789999961853027,17.290000915527344,15.539999961853027,0.09619107767169499,7.7958030326920476,20.634920634920633,0.0
2021-10-28,36.57017135620117,36.65388478780502,35.73305163837202,35.95070364090016,130737600,16.530000686645508,17.059999465942383,17.15999984741211,16.229999542236328,0.10126585173789193,6.605825478679432,15.476190476190476,0.0
2021-10-29,37.1107063293457,37.168106476932685,35.584755813764055,35.68281926529395,134514400,16.260000228881836,17.399999618530273,18.059999465942383,16.1299991607666,0.05379130961051515,5.432420632621364,10.714285714285714,0.0
2021-11-01,37.476654052734375,37.53405421132503,36.63714023782307,37.263786615672004,130045600,16.40999984741211,16.850000381469727,17.700000762939453,16.31999969482422,0.07677165970246613,6.30630491306399,13.88888888888889,0.0
2021-11-02,37.97652816772461,38.11764173818068,37.30205084735122,37.31879134152393,120171200,16.030000686645508,16.540000915527344,16.649999618530273,15.890000343322754,0.003128982843649153,4.594596893444416,6.746031746031746,0.0
2021-11-03,39.18199157714844,39.30158011891795,37.80672334679904,38.110475615215684,145210400,15.100000381469727,16.110000610351562,16.389999389648438,14.899999618530273,-0.11071844590397428,0.40540611363691625,1.1904761904761905,0.0
2021-11-04,40.64335632324219,40.982990962298004,39.39963633291407,39.567059546112645,160879600,15.4399995803833,15.0600004196167,16.139999389648438,14.729999542236328,-0.06594077803897569,1.936934115621246,2.380952380952381,0.0
2021-11-05,40.79404067993164,41.53549106047242,40.356346201689476,41.248479304943,170505600,16.479999542236328,15.59000015258789,17.020000457763672,14.949999809265137,0.013530092881777422,6.621618869968046,17.261904761904763,0.0
2021-11-08,40.626609802246094,41.11452932972235,40.435267451441995,40.779682952979016,112919600,17.219999313354492,17.229999542236328,17.690000534057617,16.440000534057617,0.04936011416661423,9.954951344135285,27.18253968253968,0.0
2021-11-09,39.78950119018555,41.08823104858309,39.36137580110345,40.95907702464438,176237600,17.780000686645508,17.43000030517578,18.56999969482422,17.209999084472656,0.10917030100054292,12.477480182689641,34.12698412698413,0.0
2021-11-10,38.045894622802734,39.79905916592473,37.43120786015134,38.91888938464037,193953600,18.729999542236328,17.739999771118164,19.899999618530273,17.219999313354492,0.2403972893418751,16.75675452756905,45.23809523809524,0.0
2021-11-11,38.354427337646484,38.98346407244041,38.2444043018851,38.92606027340598,115438000,17.65999984741211,18.34000015258789,18.389999389648438,17.270000457763672,0.14378240462191094,11.936935833953436,32.53968253968254,0.0
2021-11-12,39.571834564208984,39.720126788317714,38.2085263719284,38.70123041602003,127640800,16.290000915527344,17.489999771118164,17.690000534057617,16.149999618530273,-0.011529043203068023,5.765769155988735,12.3015873015873,0.0
2021-11-15,39.55988311767578,40.01671216492876,38.76820765594806,39.92104280352232,139458400,16.489999771118164,17.030000686645508,17.459999084472656,16.489999771118164,-0.04239254188995223,6.666664948334476,18.253968253968253,0.0
2021-11-16,40.37787628173828,40.518989882641485,39.239391048485366,39.29440075485308,103181600,16.3700008392334,16.860000610351562,17.079999923706055,16.030000686645508,-0.07930257553202202,6.126129191259222,14.285714285714285,0.0
2021-11-17,40.425697326660156,41.06429947499832,40.13150699069488,40.47114154032396,115936000,17.110000610351562,16.360000610351562,17.190000534057617,16.280000686645508,-0.08649220349587583,9.45946166542646,26.58730158730159,0.0
2021-11-18,41.662254333496094,41.832068009146184,40.365915054336604,41.06191755314497,173683200,17.59000015258789,16.809999465942383,18.149999618530273,16.3799991607666,-0.003963742663025904,11.621621877049378,33.33333333333333,0.0
2021-11-19,42.367820739746094,42.781595997268106,41.93252042450633,42.19800343546253,129214400,17.90999984741211,17.360000610351562,19.010000228881836,17.229999542236328,0.09944744265426109,13.063062018131324,38.69047619047619,0.0
2021-11-22,40.899269104003906,43.85549712206485,40.86578446826339,42.88204493020234,179044800,19.170000076293945,18.200000762939453,19.59000015258789,17.350000381469727,0.16252276181772518,18.7387390173872,52.38095238095239,0.0
2021-11-23,40.34199142456055,41.179111075469265,38.93562924317724,40.52854922622747,226025600,19.3799991607666,20.239999771118164,20.90999984741211,19.030000686645508,0.1838728263421494,19.684680888099372,53.96825396825397,0.0
2021-11-24,40.7150993347168,40.79402818197786,38.82560251093827,39.53834894287721,198241600,18.579999923706055,19.170000076293945,20.959999084472656,18.520000457763672,0.08591462658774773,16.081080535394506,45.63492063492063,0.0
2021-11-26,38.46923828125,40.33482011925369,37.96218407100964,39.8899506321109,177682400,28.6200008392334,26.6200008392334,28.989999771118164,23.8799991607666,0.6270608636136221,61.3063122159758,98.01587301587301,0.0
2021-11-29,40.858619689941406,41.17672563397653,39.54314579258162,39.75122867757991,158932000,22.959999084472656,25.309999465942383,25.690000534057617,21.709999084472656,0.2819653422716384,35.81080750186031,84.32539682539682,0.0
2021-11-30,39.10305404663086,41.327397511569266,38.43814219352704,40.58355680042123,302586000,27.190000534057617,26.229999542236328,28.559999465942383,23.709999084472656,0.41836204620997286,54.86486906781251,96.42857142857143,0.0
2021-12-01,37.09635543823242,41.04755698672143,36.94567275518316,40.38742975781068,302551200,31.1200008392334,24.920000076293945,32.61000061035156,22.3799991607666,0.6057792666076878,72.5675740577547,99.20634920634922,0.0
2021-12-02,37.79475402832031,38.3926965831622,36.271193916888016,36.69453826759055,396432800,27.950000762939453,29.440000534057617,30.68000030517578,27.149999618530273,0.5043057522986476,58.288293698712614,96.62698412698413,0.0
2021-12-03,35.89569854736328,38.574481258453986,34.663934328956906,38.26833487144663,480573600,30.670000076293945,26.950000762939453,35.31999969482422,25.889999389648438,0.07162820324765073,70.54054348957011,98.80952380952381,0.0
2021-12-06,36.735198974609375,37.13940873717787,34.807432706561336,36.01766788826583,304828000,27.18000030517578,28.989999771118164,30.81999969482422,26.75,0.1837979699031007,54.81982298944609,94.84126984126983,0.0
2021-12-07,40.04780960083008,40.248717465824946,38.68450101757563,38.691676037785975,270578400,21.889999389648438,24.579999923706055,24.690000534057617,21.579999923706055,-0.19492464289474765,30.990988808244698,74.20634920634922,0.0
2021-12-08,40.60508728027344,40.66009697783948,39.57662527386474,40.1554332752501,205243600,19.899999618530273,21.739999771118164,23.110000610351562,19.850000381469727,-0.36053987526111886,22.02702541318801,59.523809523809526,0.0
2021-12-09,38.85190963745117,40.78206598926554,38.746671181179046,40.2176081643478,212802000,21.579999923706055,20.309999465942383,22.1200008392334,19.940000534057617,-0.22790700054934365,29.59459474552918,71.82539682539682,0.0
2021-12-10,40.05497360229492,40.14107747068529,38.69405585030206,39.64837342083266,203075200,18.690000534057617,21.270000457763672,21.299999237060547,18.690000534057617,-0.3906097004380559,16.57657880576428,47.817460317460316,0.0
2021-12-13,38.33290481567383,40.155432673266446,38.21570675347946,40.054978755479254,179145200,20.309999465942383,19.290000915527344,21.18000030517578,18.959999084472656,-0.25275940993735646,23.873871667906872,62.301587301587304,0.0
2021-12-14,37.19203186035156,37.684736007177705,35.83589840345414,36.861966358300094,230933600,21.889999389648438,19.670000076293945,23.0,19.670000076293945,0.0,30.990988808244698,75.59523809523809,0.0
2021-12-15,39.653160095214844,39.76796770278547,35.883731235894516,37.06287594798099,269061200,19.290000915527344,21.600000381469727,23.469999313354492,19.020000457763672,-0.03065320174352759,19.279283366123405,53.96825396825397,0.0
2021-12-16,36.6275634765625,40.09084521069212,36.10376529348731,39.94494710330383,296220000,20.56999969482422,18.559999465942383,22.1299991607666,18.190000534057617,-0.04680260576703388,25.045043930451193,63.095238095238095,0.0
2021-12-17,36.067901611328125,37.261392812738464,35.15902804753578,35.596722508114645,300020800,21.56999969482422,20.700000762939453,23.260000228881836,20.489999771118164,0.15409304860738549,29.54954866716275,72.61904761904762,0.0
2021-12-20,34.989219665527344,35.21883130906731,34.082739976516756,34.68546734745007,241866000,22.8700008392334,25.889999389648438,27.389999389648438,22.850000381469727,0.12604635355032157,35.40540997988435,82.14285714285714,0.0
2021-12-21,37.328365325927734,37.419250126593774,34.85049085029794,35.91482803225353,219124800,21.010000228881836,22.280000686645508,22.68000030517578,20.899999618530273,-0.040200967807369814,27.027028420269346,67.46031746031747,0.0
2021-12-22,38.660579681396484,38.746683568642226,37.02939403633565,37.21116728738675,177222800,18.6299991607666,21.040000915527344,21.360000610351562,18.59000015258789,-0.034214708317067966,16.306302335565704,46.62698412698413,0.0
2021-12-23,39.579017639160156,40.01192752040266,38.7395074984411,38.78734217904678,131308400,17.959999084472656,18.809999465942383,18.93000030517578,17.6200008392334,-0.1268838429301623,13.288283818302524,39.88095238095239,0.0
2021-12-27,41.470909118652344,41.50439376012656,39.94256789430734,39.96409295320815,125963200,17.68000030517578,19.3700008392334,19.40999984741211,17.549999237060547,-0.18034304333262707,12.027027990686296,34.92063492063492,0.0
2021-12-28,40.98298263549805,41.85119271095329,40.66726722656771,41.79857347613157,144825200,17.540000915527344,17.780000686645508,18.469999313354492,17.510000228881836,-0.23305639388357435,11.396400076878182,32.53968253968254,0.0
2021-12-29,40.91840744018555,41.37523645130291,40.16978215544204,40.973417136165324,115494800,16.950000762939453,17.6299991607666,18.0,16.709999084472656,-0.19324128613579072,8.738741594885488,24.404761904761905,0.0
2021-12-30,40.53572082519531,41.535482678831656,40.365907182660244,40.84426122853079,113271600,17.329999923706055,17.299999237060547,17.790000915527344,16.6200008392334,-0.06977988704359417,10.450449614505061,31.349206349206348,0.0
2021-12-31,39.78231430053711,40.75576287725315,39.63402571552402,40.332422178189645,120497200,17.219999313354492,17.6299991607666,18.270000457763672,16.989999771118164,-0.041202661962156384,9.954951344135285,29.365079365079367,0.0
2022-01-03,40.93036651611328,41.00451081185517,39.49291022292318,40.14108158326218,153010400,16.600000381469727,17.600000381469727,18.540000915527344,16.559999465942383,-0.061085967481000925,7.1621632187042525,19.841269841269842,0.0
2022-01-04,39.33983612060547,41.112138754923095,38.361602962495326,41.09778871732567,213296400,16.90999984741211,16.56999969482422,17.809999465942383,16.34000015258789,-0.03591796095959854,8.558557281419768,24.404761904761905,0.0
2022-01-05,35.721092224121094,39.15806510569864,35.637378800674554,38.83756874942397,266490400,19.729999542236328,17.06999969482422,20.170000076293945,16.579999923706055,0.16401172000978548,21.261259264280607,62.5,0.0
2022-01-06,35.62302780151367,36.548641749355035,34.54194659282911,35.166198793584236,308453200,19.610000610351562,20.290000915527344,21.059999465942383,19.079999923706055,0.13156380246295618,20.720723507205356,61.30952380952381,0.0
2022-01-07,34.45823669433594,36.10138173356843,33.963138487139915,35.613458545356245,285426800,18.760000228881836,19.850000381469727,20.799999237060547,18.56999969482422,0.08943095104150434,16.89189276266834,52.976190476190474,0.0
2022-01-10,34.58500289916992,34.66632222029939,31.595289773361742,33.09014633626583,358434800,19.399999618530273,19.579999923706055,23.329999923706055,19.290000915527344,0.1686746489588118,19.77477304483223,59.72222222222222,0.0
2022-01-11,36.10615921020508,36.12289970136474,33.73352031076438,34.30515315812178,308653600,18.40999984741211,19.6200008392334,21.0,18.200000762939453,0.08870490913869289,15.315314386487106,48.01587301587302,0.0
2022-01-12,36.517547607421875,37.294872963836745,35.84785483538289,36.826088023409454,276742400,17.6200008392334,18.170000076293945,18.690000534057617,17.360000610351562,-0.10694367724064169,11.756760112148669,36.507936507936506,0.0
2022-01-13,33.86746597290039,37.09635559808808,33.49434677281097,36.89544413663946,173531800,20.309999465942383,18.059999465942383,20.610000610351562,17.450000762939453,0.03569601396245292,23.873871667906872,68.84920634920636,0.0
2022-01-14,34.37930679321289,34.47497614313025,33.006429359632996,33.04947947223028,178451600,19.190000534057617,20.110000610351562,22.06999969482422,19.049999237060547,0.0229211247297203,18.82883117412006,58.333333333333336,0.0
2022-01-18,31.90143394470215,33.350846185992644,31.600068546319672,32.762469076883164,155320000,22.790000915527344,21.18000030517578,23.200000762939453,21.18000030517578,0.17474233833278263,35.04504994461386,86.5079365079365,0.0
2022-01-19,30.79165267944336,32.8677075833478,30.69119876308204,32.22193032128108,183284400,23.850000381469727,23.1200008392334,23.989999771118164,21.850000381469727,0.2954916121209157,39.81982255986304,91.26984126984127,0.0
2022-01-20,29.600553512573242,32.61418410932303,29.418778435691806,31.58093745638191,172197000,25.59000015258789,23.459999084472656,25.889999389648438,21.68000030517578,0.4523268407347729,47.65765977074184,93.65079365079364,0.0
2022-01-21,27.108327865600586,29.672306312751004,27.02700853881002,28.997827057605377,342054600,28.850000381469727,25.3799991607666,29.790000915527344,25.309999465942383,0.4204825770600329,62.342346243420835,97.22222222222221,0.0
2022-01-24,27.500577926635742,27.624949189348655,23.042316049664624,25.759367475222472,510169200,29.899999618530273,28.200000762939453,38.939998626708984,28.020000457763672,0.5581031154983551,67.07207278030359,97.61904761904762,0.0
2022-01-25,25.472354888916016,26.93611903804351,24.75482376528458,25.902874293005283,347498000,31.15999984741211,32.290000915527344,35.849998474121094,29.1299991607666,0.36726628326645194,72.74774977955946,99.20634920634922,0.0
2022-01-26,25.424516677856445,28.15113310897268,24.573045288611112,27.26139617211019,415676200,31.959999084472656,29.350000381469727,33.040000915527344,26.899999618530273,0.340041868900933,93.74999406590923,99.60317460317461,0.0
2022-01-27,24.6639347076416,26.902631737979377,24.415190390406757,26.5008142754886,323528200,30.489999771118164,32.189998626708984,33.0,28.420000076293945,0.1914810312353492,85.61946685596679,98.01587301587301,0.0
2022-01-28,26.964818954467773,27.007870894620186,23.965538656585842,25.065754499419445,334032400,27.65999984741211,30.270000457763672,32.81999969482422,27.280000686645508,-0.041247851588312345,74.63127122488137,94.84126984126983,0.0
2022-01-31,29.576631546020508,29.68665275764953,26.89306505545668,27.290097964833077,227502200,24.829999923706055,28.360000610351562,29.40999984741211,24.709999084472656,-0.1695652093481007,57.935105355981605,91.66666666666666,0.0
2022-02-01,30.141088485717773,30.303728938936242,28.572087754510836,29.85885951762619,203691600,21.959999084472656,24.56999969482422,25.329999923706055,21.959999084472656,-0.295250346854656,41.002945869217086,82.53968253968253,0.0
2022-02-02,30.85384178161621,31.270011193904793,29.825379658985185,31.198257343571946,201630400,22.09000015258789,21.559999465942383,22.729999542236328,20.459999084472656,-0.30882350483795773,41.7699138744825,83.73015873015873,0.0
2022-02-03,27.141813278198242,29.213085646516536,26.845232413166546,28.375965945568893,211150000,24.350000381469727,22.6299991607666,25.809999465942383,22.299999237060547,-0.20137748231354824,55.10324945837483,90.87301587301587,0.0
2022-02-04,28.079383850097656,28.897368859503963,26.735208276768603,27.203995039319164,193068800,23.219999313354492,23.770000457763672,26.260000228881836,22.06999969482422,-0.16052062756873176,48.43657604003114,88.09523809523809,0.0
2022-02-07,27.44317626953125,28.830403993748146,27.132247176017955,28.25637866563163,153912200,22.860000610351562,24.09000015258789,24.81999969482422,22.020000457763672,-0.07933948124879642,46.31268974322359,85.31746031746032,0.0
2022-02-08,28.375967025756836,28.619928655480244,26.897852681682288,27.17051439153113,158593200,21.440000534057617,23.09000015258789,23.479999542236328,21.31999969482422,-0.02367935209900429,37.93510760654062,76.5873015873016,0.0
2022-02-09,30.13630485534668,30.174574054864934,29.06479099092186,29.447475687000924,151075400,19.959999084472656,21.270000457763672,21.299999237060547,19.93000030517578,-0.09642376882762038,29.20353504306051,67.06349206349206,0.0
2022-02-10,28.136791229248047,30.0932597946684,27.64886977255414,28.371185567917426,254286600,23.90999984741211,20.3700008392334,24.770000457763672,20.18000030517578,-0.01806983684453889,52.50737592583777,89.68253968253968,0.0
2022-02-11,25.486705780029297,28.485986196112307,25.142292070012733,28.117653321353753,268511200,27.360000610351562,24.389999389648438,30.989999771118164,23.329999923706055,0.17829463477270813,72.86136410207591,94.44444444444444,0.0
2022-02-14,25.558454513549805,26.29512011574928,24.73090230774482,25.304927476014228,190125000,28.329999923706055,29.170000076293945,32.040000915527344,28.329999923706055,0.23928255325056913,78.58407430175562,96.03174603174604,0.0
2022-02-15,27.40968894958496,27.476658230117053,26.47689811057472,26.70650967922195,163444600,25.700000762939453,28.09000015258789,28.09000015258789,25.329999923706055,0.19869403557685517,63.06785401658954,92.06349206349206,0.0
2022-02-16,27.404909133911133,27.648868942546372,26.165971837625463,26.916987691864428,186181000,24.290000915527344,25.190000534057617,27.09000015258789,23.8799991607666,0.21693396942202736,54.74927028437276,89.28571428571429,0.0
2022-02-17,24.974870681762695,26.811750760493695,24.860066703278697,26.61562562453856,157671200,28.110000610351562,24.829999923706055,28.3700008392334,24.760000228881836,0.17565875323056668,77.28614316188462,95.63492063492063,0.0
2022-02-18,24.12818145751953,25.2523147484386,23.587642609000806,25.156643558287332,226165400,27.75,26.65999984741211,29.709999084472656,26.3799991607666,0.014254363338752407,75.16224561228202,94.44444444444444,0.0
2022-02-22,23.381946563720703,24.635233668542305,22.583094348303927,23.458483139020284,262876200,28.809999465942383,31.799999237060547,32.040000915527344,28.399999618530273,0.016943153672043243,81.41593019936239,96.82539682539682,0.0
2022-02-23,21.59290313720703,24.219067870683357,21.51158381852799,24.032510069218706,260920400,31.020000457763672,28.040000915527344,31.06999969482422,27.200000762939453,0.2070038730308481,94.45428501371885,98.80952380952381,0.0
2022-02-24,23.707229614257812,23.84595091503148,19.4259600974023,19.497712116814323,389734800,30.31999969482422,37.5,37.790000915527344,29.450000762939453,0.24825024915673044,90.32448672344601,97.61904761904762,0.0
2022-02-25,24.83135986328125,24.87919454068404,23.080584028609863,23.91770365659053,238372200,27.59000015258789,31.68000030517578,32.0,26.93000030517578,-0.0184987707745613,74.2182936464131,93.05555555555556,0.0
2022-02-28,25.09445571899414,25.443653994008173,23.8794358636131,24.13774751628959,243401000,30.149999618530273,32.439998626708984,33.5099983215332,28.43000030517578,0.08648647273982957,89.32153635311091,97.22222222222221,0.0
2022-03-01,23.93683624267578,25.338413704961958,23.36759377570598,24.836140510629587,248145000,33.31999969482422,29.450000762939453,35.189998626708984,29.440000534057617,0.1565428779064475,100.0,100.0,0.0
2022-03-02,25.080106735229492,25.376685779610373,23.640259807697117,24.238202459548333,219495800,30.739999771118164,34.20000076293945,34.40999984741211,30.1200008392334,-0.009026456560719653,85.90933916461879,98.01587301587301,0.0
2022-03-03,24.032508850097656,25.725880840797302,23.616339502798382,25.71153080288213,223888600,30.479999542236328,30.520000457763672,32.0099983215332,29.309999465942383,0.005277039875413392,84.48934879615672,96.82539682539682,0.0
2022-03-04,23.004045486450195,23.82203044374241,22.482639518248714,23.520666892454187,231391000,31.979999542236328,31.899999618530273,34.650001525878906,31.469999313354492,0.1591155985998305,92.6815937101453,99.60317460317461,0.0
2022-03-07,20.435287475585938,23.21930815613586,20.39223553414337,22.984913847220533,249752600,36.45000076293945,35.880001068115234,36.54999923706055,32.59000015258789,0.20895526448156843,100.0,100.0,0.0
2022-03-08,20.153059005737305,22.00428888584856,19.502497129321952,20.277430270451486,355936000,35.130001068115234,36.189998626708984,37.52000045776367,32.779998779296875,0.054321770404222924,93.84328515884415,99.60317460317461,0.0
2022-03-09,22.31043243408203,22.57831135700876,21.21500122978407,21.717274438368673,219074200,32.45000076293945,33.7400016784668,34.119998931884766,31.389999389648438,0.05562787913316525,81.34328404681722,98.80952380952381,0.0
2022-03-10,21.59290313720703,21.82251287937707,20.660112305107745,21.478099178510025,225574800,30.229999542236328,33.029998779296875,34.029998779296875,30.229999542236328,-0.008202099860715961,70.98880099922292,94.44444444444444,0.0
2022-03-11,20.25351333618164,22.22911634539428,20.13392480723035,22.166929799402293,197814800,30.75,30.43000030517578,31.040000915527344,28.84000015258789,-0.038461524698018,73.41417620822838,96.42857142857143,0.0
2022-03-14,19.067195892333984,20.631414114649054,18.923690018450515,19.99998680974083,246265200,31.770000457763672,31.030000686645508,33.18000030517578,30.059999465942383,-0.12839506741339146,78.17164091138167,97.61904761904762,0.0
2022-03-15,20.832319259643555,20.99495971546728,19.248968465217228,19.55033021368617,211407200,29.829999923706055,33.130001068115234,33.83000183105469,29.56999969482422,-0.15086823180371545,69.12313118314772,92.46031746031747,0.0
2022-03-16,23.17146873474121,23.190603334034773,20.89928707474147,21.602468088185443,326175000,26.670000076293945,29.020000457763672,29.799999237060547,26.290000915527344,-0.17812020187212874,54.38432629183056,86.90476190476191,0.0
2022-03-17,23.94640350341797,24.00858821375127,22.50177410752865,22.76486846022379,192061600,25.670000076293945,26.510000228881836,27.469999313354492,25.25,-0.1508435175320233,49.720147303534866,85.71428571428571,0.0
2022-03-18,25.434085845947266,25.54889162934978,23.405865545636384,23.659392626981237,201569600,23.8700008392334,26.360000610351562,26.81999969482422,23.850000381469727,-0.2237398101062309,41.32462868308878,82.93650793650794,0.0
2022-03-21,25.25231170654297,25.797635052506457,24.28603626948754,25.285796345345922,221094600,23.530000686645508,25.139999389648438,25.360000610351562,22.989999771118164,-0.2593641691026336,39.73880711537102,82.14285714285714,0.0
2022-03-22,26.74477767944336,26.950470088590297,25.290580776331645,25.386251961363538,186689200,22.940000534057617,24.020000457763672,24.020000457763672,22.700000762939453,-0.2309755081217053,36.98694080057932,79.36507936507937,0.0
2022-03-23,25.615859985351562,26.916983634692276,25.59194264689844,26.098998616074088,205499400,23.56999969482422,23.040000915527344,24.030000686645508,22.639999389648438,-0.11623548453699528,39.92536964887082,82.14285714285714,0.0
2022-03-24,27.2757511138916,27.30923575504814,25.548892513778434,26.0368139167715,171150600,21.670000076293945,23.610000610351562,23.790000915527344,21.489999771118164,-0.15582391850843702,31.06343135035209,74.0079365079365,0.0
2022-03-25,27.232698440551758,27.534062027645362,26.23772105925429,27.285317682320994,198789400,20.809999465942383,21.8700008392334,22.860000610351562,20.799999237060547,-0.1281944392838693,27.05223457362886,68.84920634920636,0.0
2022-03-28,28.471635818481445,28.514687759818518,26.945686919580403,27.227914082508264,183407400,19.6299991607666,22.139999389648438,23.329999923706055,19.540000915527344,-0.16574591636507507,21.548501944045473,62.698412698412696,0.0
2022-03-29,29.930614471435547,30.117172269623104,28.768213917585083,29.42834305521305,204013400,18.899999618530273,19.700000762939453,19.729999542236328,18.670000076293945,-0.17611163127609353,18.143653417681314,56.34920634920635,0.0
2022-03-30,29.031309127807617,29.916265291082286,28.60557427875338,29.50488048083067,167818800,19.329999923706055,19.3799991607666,20.510000228881836,18.719999313354492,-0.17988968290267882,20.14925180604293,58.730158730158735,0.0
2022-03-31,27.830638885498047,29.09827785294222,27.69670033489446,29.007389415224733,168098800,20.559999465942383,19.68000030517578,21.479999542236328,19.540000915527344,-0.05122291677173807,25.886189826554933,67.06349206349206,0.0
2022-04-01,27.7110538482666,28.136788715892155,26.97917264099014,27.95023090421589,176162600,19.6299991607666,20.6200008392334,20.860000610351562,19.40999984741211,-0.056703524048953846,21.548501944045473,62.10317460317461,0.0
2022-04-04,29.442691802978516,29.442691802978516,27.854556481900637,27.926310320262505,137515000,18.56999969482422,20.75,20.780000686645508,18.450000762939453,-0.05399895625369899,16.604474707392356,48.41269841269841,0.0
2022-04-05,27.495790481567383,29.256133525565964,27.19921148251272,29.09349307612775,172097600,21.030000686645508,18.790000915527344,21.56999969482422,18.549999237060547,0.11269847148710532,28.078359644631778,70.63492063492063,0.0
2022-04-06,25.6876163482666,26.48646684466698,25.065756363532728,26.223372446292203,296859800,22.100000381469727,21.270000457763672,24.780000686645508,21.239999771118164,0.14330059331074185,33.06902973871371,76.19047619047619,0.0
2022-04-07,25.855037689208984,26.352526370935628,24.67350435107821,25.46278748913344,229654000,21.549999237060547,21.969999313354492,23.81999969482422,21.1200008392334,0.04815174109114628,30.503725957421825,71.82539682539682,0.0
2022-04-08,24.797874450683594,25.634994052554003,24.635233997900592,25.458003561952946,204182400,21.15999984741211,21.25,22.34000015258789,20.280000686645508,0.07794196393566,28.68469899877544,70.23809523809523,0.0
2022-04-11,23.03753089904785,24.04685823318396,22.93707698682529,23.83638310879728,185914600,24.3700008392334,23.09000015258789,24.420000076293945,22.09000015258789,0.3123317845840212,43.656718177236634,84.52380952380952,0.0
2022-04-12,22.74095344543457,24.386490826919918,22.430022562918627,23.994240626538083,247928200,24.260000228881836,24.940000534057617,25.3799991607666,22.270000457763672,0.15359008258556295,43.14365564173517,82.93650793650794,0.0
2022-04-13,24.104265213012695,24.319524944454148,22.640502688763345,22.798358608636235,190084600,21.81999969482422,23.520000457763672,24.450000762939453,21.3700008392334,-0.012669714109158181,31.763056419353358,73.01587301587301,0.0
2022-04-14,22.48264503479004,24.228638411019347,22.40132570523766,24.118615350790662,167843600,22.700000762939453,21.719999313354492,22.700000762939453,20.850000381469727,0.0533643418372467,35.86753891093421,76.5873015873016,0.0
2022-04-18,22.544828414916992,22.965778693599,21.91818391004063,22.229114793517482,175525400,22.170000076293945,24.520000457763672,24.600000381469727,21.979999542236328,0.047731580159031006,33.395520844499934,75.0,0.0
2022-04-19,23.99424171447754,24.118612978257516,22.152579149297182,22.353486996505474,172372600,21.3700008392334,22.549999237060547,22.920000076293945,20.360000610351562,-0.12310217056580008,29.66418121234955,69.04761904761905,0.0
2022-04-20,22.913162231445312,24.27168795504928,22.69311795754438,24.190366808769873,215629400,20.31999969482422,21.1299991607666,21.31999969482422,19.75,-0.1624072752219926,24.76678793690982,62.698412698412696,0.0
2022-04-21,21.568984985351562,24.286036235840353,21.32980795150414,23.745495628407912,268626400,22.68000030517578,20.239999771118164,23.280000686645508,19.809999465942383,0.039413410741502286,35.774253196076586,76.19047619047619,0.0
2022-04-22,19.856477737426758,21.79859602560927,19.746456514234733,21.549851676523623,248824800,28.209999084472656,22.709999084472656,28.270000457763672,22.6200008392334,0.24273119543365618,61.56715730777391,90.47619047619048,0.0
2022-04-25,20.593141555786133,20.645760793424643,19.28245247631728,19.521629502109864,332878800,27.020000457763672,30.040000915527344,31.600000381469727,26.799999237060547,0.21876411207845514,56.01679071697714,86.5079365079365,0.0
2022-04-26,18.277910232543945,20.229595890839,18.22529098811303,20.196111248887718,332263200,33.52000045776367,27.3799991607666,33.810001373291016,27.059999465942383,0.5685540075517437,86.33395414089915,99.20634920634922,0.0
2022-04-27,18.196590423583984,19.239402508806087,17.876092227319315,18.258775142819154,316698600,31.600000381469727,31.110000610351562,32.77000045776367,29.81999969482422,0.5551181523648683,77.3787301275228,96.82539682539682,0.0
2022-04-28,20.119571685791016,20.44006801839466,18.31139216417465,19.052842389919043,344698400,29.989999771118164,29.90999984741211,32.0,28.0,0.32231037775930615,69.8693991095778,92.06349206349206,0.0
2022-04-29,17.474273681640625,19.98084982403237,17.316417786624932,19.32072069315299,320116800,33.400001525878906,28.969999313354492,34.34000015258789,28.540000915527344,0.18397740552437414,85.7742576441843,98.80952380952381,0.0
2022-05-02,18.29704475402832,18.311394793436456,16.804580437970383,17.34033653159547,311905600,32.34000015258789,33.349998474121094,36.63999938964844,31.739999771118164,0.19689117707974058,80.83022151131576,97.61904761904762,0.0
2022-05-03,18.34009552001953,18.737128457965266,17.842606838335428,18.268341678031554,285565600,29.25,31.760000228881836,32.81999969482422,29.059999465942383,-0.12738664676165556,66.41790772578483,90.07936507936508,0.0
2022-05-04,20.1578426361084,20.306133072517678,17.474275689505216,18.41185116601291,438806800,25.420000076293945,29.1200008392334,29.420000076293945,24.940000534057617,-0.19556962754974327,48.55410255646094,81.74603174603175,0.0
2022-05-05,17.153779983520508,19.37812566962901,16.512785354291715,19.3733429310661,455552600,31.200000762939453,25.969999313354492,33.20000076293945,25.780000686645508,0.04034681564041165,75.51306031144762,95.63492063492063,0.0
2022-05-06,16.555835723876953,17.47427472169933,15.833520009653654,16.785445473332548,466794400,30.190000534057617,32.22999954223633,35.34000015258789,29.829999923706055,-0.09610780973570088,70.8022384657231,91.26984126984127,0.0
2022-05-09,14.599367141723633,15.986592916975185,14.355406444733703,15.575209929683352,420419800,34.75,31.899999618530273,35.47999954223633,31.899999618530273,0.07452071230801338,92.07089216141115,99.20634920634922,0.0
2022-05-10,15.10163688659668,15.823952508382268,14.484560649856055,15.651744762134689,463579600,32.9900016784668,33.65999984741211,34.84000015258789,32.2400016784668,0.12786330524672818,83.8619449706803,97.61904761904762,0.0
2022-05-11,13.757463455200195,15.594342283659298,13.618740334004409,14.757223555748311,529531800,32.560001373291016,32.869998931884766,34.38999938964844,30.690000534057617,0.2808812460884158,81.85634658231868,97.22222222222221,0.0
2022-05-12,13.647443771362305,14.298004773172797,12.76727209181883,13.12125404148921,590993000,31.770000457763672,33.7400016784668,34.7599983215332,31.700000762939453,0.01826922054121516,78.17164091138167,95.03968253968253,0.0
2022-05-13,15.130338668823242,15.307330074257553,14.05404202297701,14.278869017370969,395948000,28.8700008392334,31.09000015258789,31.200000762939453,28.780000686645508,-0.043723076232977,64.64552362456726,87.3015873015873,0.0
2022-05-16,14.661552429199219,15.202093052736657,14.43672633914379,14.891162169560678,318388000,27.469999313354492,30.010000228881836,30.229999542236328,27.360000610351562,-0.20949642263728085,58.115665923980956,82.93650793650794,0.0
2022-05-17,15.766548156738281,15.823951953324483,14.943779565815117,15.513021108531133,307981400,26.100000381469727,27.06999969482422,27.170000076293945,25.510000228881836,-0.20885119570922317,51.725745691896485,80.55555555555556,0.0
2022-05-18,13.465667724609375,15.159041675560532,13.24562527668494,15.049019539210278,328105200,30.959999084472656,26.739999771118164,31.489999771118164,26.209999084472656,-0.049140117362858615,74.39364952558707,92.46031746031747,0.0
2022-05-19,13.19300651550293,13.881836699719877,12.934695766664118,13.173872825257275,392015600,29.350000381469727,31.239999771118164,33.11000061035156,29.059999465942383,-0.07617249107412483,66.8843274038575,87.3015873015873,0.0
2022-05-20,13.078200340270996,13.795731444913276,11.92536710513677,13.704843916189953,458111200,29.43000030517578,28.780000686645508,32.90999984741211,28.059999465942383,0.01939727917088807,67.25746136707252,87.3015873015873,0.0
2022-05-23,13.723978042602539,13.790947318090426,12.896424837101895,13.226489389298385,341040600,28.479999542236328,28.979999542236328,30.389999389648438,28.290000915527344,0.03676739185030953,62.82648776970545,84.52380952380952,0.0
2022-05-24,12.867724418640137,13.087767767301749,12.164544257745053,12.987312937237885,366488600,29.450000762939453,29.43000030517578,31.06999969482422,29.040000915527344,0.12835250316119273,67.35074708193014,87.3015873015873,0.0
2022-05-25,13.384346961975098,13.680926893525458,12.623763900502725,12.64768215197582,361283800,28.3700008392334,29.329999923706055,30.229999542236328,28.15999984741211,-0.08365627654486008,62.31343413041941,83.73015873015873,0.0
2022-05-26,14.503695487976074,14.723738838130918,13.240841014978177,13.279109304693629,337131600,27.5,28.420000076293945,28.459999084472656,27.110000610351562,-0.06303238015075918,58.25559449626737,80.55555555555556,0.0
2022-05-27,15.924407005310059,15.948324343219646,14.958131590600242,14.972481628390812,315035800,25.719999313354492,27.5,27.540000915527344,25.56999969482422,-0.12606187405199654,49.95335269446349,77.38095238095238,0.0
2022-05-31,15.809603691101074,16.26404048126822,15.178176383104521,15.929192224051576,369158600,26.190000534057617,27.469999313354492,28.350000381469727,25.940000534057617,-0.08040726983799995,52.14552251254033,77.77777777777779,0.0
2022-06-01,15.441268920898438,16.46973090964952,15.0920706659396,16.125315392528044,398894200,25.690000534057617,26.049999237060547,27.729999542236328,25.3799991607666,-0.1276740282334221,49.81343301839248,75.79365079365078,0.0
2022-06-02,16.69455909729004,16.73282647704229,15.044237059914773,15.269063162190557,336861400,24.719999313354492,25.729999542236328,26.5,24.329999923706055,-0.12865708205518456,45.28917370616779,73.80952380952381,0.0
2022-06-03,15.374300003051758,16.08704839274766,15.192525852165641,15.852654088148705,324723800,24.790000915527344,24.90999984741211,25.959999084472656,24.760000228881836,-0.09854542125355115,45.61567370816944,73.80952380952381,0.0
2022-06-06,15.565642356872559,16.326225424672845,15.307330713142042,16.08226381955757,300958600,25.06999969482422,25.3700008392334,25.809999465942383,24.81999969482422,-0.025272147584886495,46.92163813131437,74.20634920634922,0.0
2022-06-07,15.943543434143066,16.072697438622935,14.852894817573395,15.029886240522872,274886600,24.020000457763672,25.540000915527344,26.239999771118164,23.8799991607666,-0.08285605315173883,42.024253752090054,70.63492063492063,0.0
2022-06-08,15.61826229095459,16.23533770087045,15.465189123015266,15.823954702518577,225706000,23.959999084472656,24.3700008392334,24.780000686645508,23.739999771118164,-0.0673414329941906,41.74439660751722,70.23809523809523,0.0
2022-06-09,14.34583854675293,15.814386317982288,14.317137557827623,15.34081498258079,275959400,26.09000015258789,24.290000915527344,26.239999771118164,23.81999969482422,0.055420747463098996,51.67910283446767,76.98412698412699,0.0
2022-06-10,12.815106391906738,13.690494332109527,12.757703500180714,13.518286569319466,343352200,27.75,26.260000228881836,29.6299991607666,26.049999237060547,0.11940294373360216,59.421639243341296,81.54761904761905,0.0
2022-06-13,11.040410995483398,11.9492834716176,10.91603883797629,11.609652547661497,426731400,34.02000045776367,31.3700008392334,35.04999923706055,31.290000915527344,0.357000433661242,88.666043635047,98.80952380952381,0.0
2022-06-14,11.112164497375488,11.418311713514456,10.772533555700203,11.308289587264476,393201000,32.689998626708984,33.0099983215332,34.0,32.060001373291016,0.36094912588326045,82.46267704024692,96.82539682539682,0.0
2022-06-15,11.911016464233398,12.398937847047694,11.164784351474363,11.509198962196686,549823000,29.6200008392334,32.38999938964844,32.77000045776367,27.760000228881836,0.23622712733861162,68.14365786578902,86.5079365079365,0.0
2022-06-16,10.456820487976074,11.059546738678327,10.19850884665168,10.997360197298157,424284400,32.95000076293945,30.350000381469727,34.81999969482422,30.350000381469727,0.2629360126573672,83.67537354096507,96.82539682539682,0.0
2022-06-17,10.844287872314453,11.136084175740901,10.356366453847036,10.557275219546087,441181000,31.1299991607666,32.84000015258789,33.310001373291016,30.469999313354492,0.12180177155915684,75.18656030944597,92.06349206349206,0.0
2022-06-21,11.662272453308105,11.949285093244912,11.375260725759329,11.394394415148167,318408200,30.190000534057617,30.6299991607666,30.649999618530273,29.329999923706055,-0.11258083104558025,70.8022384657231,87.5,0.0
2022-06-22,11.619220733642578,12.17411137876631,11.265237920909323,11.341774498692736,388973600,28.950000762939453,31.450000762939453,31.56999969482422,28.780000686645508,-0.11440801532227074,65.01865758778229,83.33333333333334,0.0
2022-06-23,12.116707801818848,12.231512661980755,11.561817188175667,11.930150018104237,365372800,29.049999237060547,29.290000915527344,29.770000457763672,28.739999771118164,-0.019243807765793597,65.48506836963954,83.33333333333334,0.0
2022-06-24,13.384346961975098,13.41304886374281,12.461123440037689,12.489825341805403,303635000,27.229999542236328,29.06999969482422,29.719999313354492,26.829999923706055,-0.17359639114596626,56.99626403433583,75.79365079365078,0.0
2022-06-27,13.068634033203125,13.633092024406244,12.915560865226968,13.561339090965927,338262000,26.950000762939453,28.299999237060547,28.65999984741211,26.93000030517578,-0.13427557052732708,55.69029961119091,74.20634920634922,0.0
2022-06-28,11.877532958984375,13.494369509797895,11.844048316014252,13.135603913881264,373741600,28.360000610351562,26.899999618530273,28.68000030517578,26.469999313354492,-0.06061609444629246,62.266791272990595,80.15873015873017,0.0
2022-06-29,11.901448249816895,12.097574247856066,11.528332678279389,11.853613575180347,380182200,28.15999984741211,28.799999237060547,29.360000610351562,27.850000381469727,-0.027288459229979356,61.333951916845294,78.96825396825396,0.0
2022-06-30,11.480497360229492,11.906232178707189,10.882554789384205,11.509198348161437,512407800,28.709999084472656,29.420000076293945,30.219999313354492,28.280000686645508,-0.011703964251886578,63.89924680192176,81.34920634920636,0.0
2022-07-01,11.667055130004883,11.719674368111571,11.049978872411357,11.289155900332002,417200800,26.700000762939453,29.530000686645508,29.59000015258789,26.690000534057617,-0.01946378215962863,54.52425486411698,72.61904761904762,0.0
2022-07-05,12.269783020019531,12.284133972107892,11.002144781966253,11.198269898566778,441108000,27.540000915527344,27.3700008392334,29.81999969482422,27.299999237060547,0.021892398363091425,58.4421659259826,75.79365079365078,0.0
2022-07-06,12.504176139831543,12.781621487056048,12.092792225774001,12.327185630119873,412245800,26.729999542236328,27.84000015258789,28.06999969482422,26.43000030517578,-0.05747535377415591,54.66417454018798,72.22222222222221,0.0
2022-07-07,13.279108047485352,13.39391290576248,12.614196234484846,12.618978971906971,275732600,26.079999923706055,26.729999542236328,26.790000915527344,25.65999984741211,-0.07386363405457208,51.63245997703887,69.84126984126983,0.0
2022-07-08,13.341294288635254,13.542203028029723,12.776836358318032,12.910775822043663,319458400,24.639999389648438,26.40999984741211,26.610000610351562,24.43000030517578,-0.14176244599831467,44.91603974295275,65.07936507936508,0.0
2022-07-11,12.489824295043945,13.044714909282806,12.370235784865088,13.011230272414794,258448200,26.170000076293945,26.420000076293945,26.739999771118164,25.790000915527344,-0.019850212415767676,52.05223679768272,70.63492063492063,0.0
2022-07-12,12.126276969909668,12.90599377412023,11.915800904323845,12.647683027054596,319233000,27.290000915527344,27.139999389648438,27.75,25.81999969482422,-0.009077704854361435,57.27612117890868,74.20634920634922,0.0
2022-07-13,12.049739837646484,12.355886164681674,11.33220869936674,11.403961630717111,361151000,26.81999969482422,27.350000381469727,29.059999465942383,26.229999542236328,0.0033670091331532426,55.083951360831826,71.82539682539682,0.0
2022-07-14,12.174114227294922,12.284135469553117,11.298726115732237,11.70532643819845,351647000,26.399999618530273,27.469999313354492,28.450000762939453,26.200000762939453,0.01226992698467555,53.12499582989902,70.23809523809523,0.0
2022-07-15,12.815106391906738,12.843807381575743,12.346318694576908,12.566362048407319,308760400,24.229999542236328,26.719999313354492,26.719999313354492,24.1299991607666,-0.01663960460909575,43.00372706944875,61.111111111111114,0.0
2022-07-18,12.518526077270508,13.393913990894141,12.351101969906734,13.207356195127986,319900400,25.299999237060547,24.829999923706055,25.90999984741211,24.3799991607666,-0.033244204688462675,47.99439716353068,65.07936507936508,0.0
2022-07-19,13.613959312438965,13.690496819441908,12.767273120464592,12.987315601885001,298643400,24.5,25.1200008392334,25.40999984741211,24.229999542236328,-0.10223528112598568,44.26305753138029,62.698412698412696,0.0
2022-07-20,14.298004150390625,14.470211923092434,13.604391233741346,13.709628810176861,377126200,23.8799991607666,24.229999542236328,24.729999542236328,23.399999618530273,-0.1096197079608836,41.37126264430218,58.730158730158735,0.0
2022-07-21,14.90551471710205,14.915082018738927,13.977507443251463,14.35540764641513,319381800,23.110000610351562,24.06999969482422,24.670000076293945,22.920000076293945,-0.12462117635295145,37.779851584438205,55.55555555555556,0.0
2022-07-22,14.1257963180542,15.082504478541468,13.848350988008411,14.771573596472704,298800800,23.030000686645508,23.299999237060547,23.809999465942383,22.40999984741211,-0.04952533546272053,37.406717621223166,55.158730158730165,0.0
2022-07-25,13.915319442749023,14.192764756355247,13.590038541475257,14.125795481053453,220897600,23.360000610351562,24.329999923706055,24.56999969482422,23.190000534057617,-0.07667978992928937,38.94589633151213,56.74603174603175,0.0
2022-07-26,13.073418617248535,13.666577641704245,12.939479129511524,13.628309346977687,231755600,24.690000534057617,23.950000762939453,25.309999465942383,23.81999969482422,0.007755123839086497,45.149254030096785,63.095238095238095,0.0
2022-07-27,14.704605102539062,14.948565805979209,13.599607373629734,13.680927608109782,341919000,23.239999771118164,24.270000457763672,24.40999984741211,23.020000457763672,-0.026800645399515655,38.38619093858186,55.55555555555556,0.0
2022-07-28,15.125556945800781,15.221227217750315,14.121013159808465,14.67590383923507,324071800,22.329999923706055,23.329999923706055,23.540000915527344,22.219999313354492,-0.033751651494813295,34.14178877093001,50.0,0.0
2022-07-29,15.957894325256348,16.09661746313234,15.14947557709392,15.369518954872499,292146400,21.329999923706055,22.1299991607666,22.15999984741211,21.209999084472656,-0.07381679167405497,29.477609782634325,43.65079365079365,0.0
2022-08-01,15.93397331237793,16.464944750072384,15.517803994629144,15.680444436964397,285283000,22.84000015258789,22.40999984741211,23.270000457763672,22.260000228881836,-0.022260292987032027,36.520521122506665,51.587301587301596,0.0
2022-08-02,15.785683631896973,16.43146086874604,15.407783494884136,15.56564120709553,325375000,23.93000030517578,24.079999923706055,24.68000030517578,22.670000076293945,-0.030781701597514477,41.60447693144621,58.730158730158735,0.0
2022-08-03,17.048540115356445,17.196830545740195,15.933975992717658,16.04877995675092,294213800,21.950000762939453,23.860000610351562,23.920000076293945,21.68000030517578,-0.05550770313611941,32.36940466971243,47.22222222222222,0.0
2022-08-04,17.29250144958496,17.349903430663176,16.723258902574393,17.07245717669566,253567200,21.440000534057617,22.059999465942383,22.65999984741211,21.440000534057617,-0.039856667832031345,29.99067231813578,43.05555555555556,0.0
2022-08-05,16.88111686706543,17.21118054384091,16.33579347727285,16.469732043249667,283898600,21.149999618530273,21.5,22.579999923706055,20.760000228881836,-0.008438832902935456,28.63805614134663,40.87301587301587,0.0
2022-08-08,16.70890998840332,17.61778356974811,16.47451566065821,17.02940638117442,267787800,21.290000915527344,21.739999771118164,22.010000228881836,20.829999923706055,-0.06786336369113044,29.29104724913451,41.269841269841265,0.0
2022-08-09,16.13488006591797,16.441026331390272,15.87656847013483,16.39797439875975,218406000,21.770000457763672,21.40999984741211,22.229999542236328,21.40999984741211,-0.09026326033706433,31.529851028424744,45.63492063492063,0.0
2022-08-10,17.459922790527344,17.526892065430978,16.890682129070566,17.28771504090321,271554400,19.739999771118164,22.280000686645508,22.34000015258789,19.540000915527344,-0.10068341298432537,22.061564479546934,32.93650793650794,0.0
2022-08-11,17.196828842163086,18.187021601544583,17.062888464358064,17.85695795667606,273361000,20.200000762939453,19.84000015258789,20.850000381469727,19.709999084472656,-0.05783580877940808,24.20709144019497,34.523809523809526,0.0
2022-08-12,18.167888641357422,18.20137328263766,17.33555352271136,17.507759467248547,211187000,19.530000686645508,20.34000015258789,20.350000381469727,19.1200008392334,-0.07659569556045887,21.082091162188238,30.158730158730158,0.0
2022-08-15,18.60318946838379,18.694077909433155,18.005246881589372,18.010031444158265,196308400,19.950000762939453,20.739999771118164,21.15999984741211,19.809999465942383,-0.06294035204153492,23.041046693121046,33.33333333333333,0.0
2022-08-16,18.483600616455078,18.837583424331388,17.952627317028576,18.44533324047641,220755800,19.690000534057617,20.229999542236328,20.389999389648438,19.5,-0.09554432154199977,21.828359088618317,31.349206349206348,0.0
2022-08-17,17.842605590820312,18.33531150015179,17.483840055516517,17.943059502759166,262838400,19.899999618530273,19.739999771118164,20.6299991607666,19.40999984741211,0.008105362171594743,22.80783240597701,32.73809523809524,0.0
2022-08-18,17.962194442749023,18.158319532771536,17.550809662512556,17.823471328524928,192140800,19.559999465942383,20.510000228881836,20.610000610351562,19.43000030517578,-0.031683231327954586,21.22201083825924,29.761904761904763,0.0
2022-08-19,16.90981674194336,17.555595873216436,16.775878177579795,17.45035738705873,224256600,20.600000381469727,20.15999984741211,21.270000457763672,20.079999923706055,0.054787488848163646,26.072761256270166,37.301587301587304,0.0
2022-08-22,15.579992294311523,16.249688738572896,15.431701872071589,16.21141953614607,224975400,23.799999237060547,22.40999984741211,24.6200008392334,22.389999389648438,0.192982372275049,40.99812868108714,56.74603174603175,0.0
2022-08-23,15.527373313903809,15.953108161777799,15.403002053481758,15.513023275140966,219509800,24.110000610351562,24.1299991607666,24.209999084472656,23.06999969482422,0.2244794289694767,42.4440305727339,59.523809523809526,0.0
2022-08-24,15.646961212158203,15.929190186817284,15.355164937113532,15.450836116193486,187005600,22.81999969482422,24.3700008392334,24.860000610351562,22.729999542236328,0.14673367498836187,36.42723540764906,50.0,0.0
2022-08-25,16.469730377197266,16.474513114880008,15.756982027258084,15.91962248011009,222052600,21.780000686645508,22.40999984741211,23.1299991607666,21.770000457763672,0.11349699802234459,31.57649388585355,44.44444444444444,0.0
2022-08-26,14.46542739868164,16.618021690261347,14.446293709752814,16.431462064586214,366276600,25.559999465942383,22.06999969482422,25.899999618530273,21.670000076293945,0.24077665012736182,49.207084768033404,65.47619047619048,0.0
2022-08-29,14.02055835723877,14.408025833547203,13.853134240457253,14.039692959105473,248441000,26.209999084472656,26.860000610351562,27.670000076293945,25.469999313354492,0.10126050103645978,52.23879933118253,69.84126984126983,0.0
2022-08-30,13.55177116394043,14.326705181512093,13.183438300267849,14.250168601059091,327014800,26.209999084472656,25.75,27.690000534057617,25.1299991607666,0.08710072256155255,52.23879933118253,69.64285714285714,0.0
2022-08-31,13.303027153015137,14.063610238573213,13.283893463618748,13.94880536503079,341030600,25.8700008392334,25.860000610351562,26.6200008392334,25.309999465942383,0.133654740806195,50.652986659680174,67.06349206349206,0.0
2022-09-01,13.317378044128418,13.360429985560637,12.446773739411148,12.953828823360807,397320400,25.559999465942383,26.8799991607666,27.450000762939453,25.25,0.17355365748976292,49.207084768033404,64.0873015873016,0.0
2022-09-02,12.762487411499023,13.89140336862886,12.518526713353777,13.700061000554763,454463000,25.469999313354492,25.510000228881836,26.280000686645508,23.190000534057617,-0.003521132803927185,48.787307947389564,63.49206349206349,0.0
2022-09-06,12.470691680908203,12.925128456893189,12.178895377651228,12.800756277019529,361083400,26.90999984741211,25.459999084472656,27.799999237060547,25.329999923706055,0.02670739364329644,55.50372818147567,71.82539682539682,0.0
2022-09-07,13.207355499267578,13.346077698136899,12.489824430417338,12.52330906764828,331569600,24.639999389648438,26.93000030517578,27.149999618530273,24.540000915527344,-0.05990079166978368,44.91603974295275,59.72222222222222,0.0
2022-09-08,13.422616958618164,13.594824741568509,12.743354041010619,12.92991277666953,410799800,23.610000610351562,24.700000762939453,25.899999618530273,23.559999465942383,-0.08735988231799396,40.11194107858606,52.77777777777778,0.0
2022-09-09,14.274085998535156,14.36018987999304,13.709628031100593,13.719195331793248,298735800,22.790000915527344,23.489999771118164,23.56999969482422,22.639999389648438,-0.10837240251534219,36.287315731578055,45.83333333333333,0.0
2022-09-12,14.795493125915527,14.84332872054941,14.44151118544572,14.49412951839372,273141200,23.8700008392334,23.579999923706055,24.229999542236328,23.15999984741211,-0.06281894453299719,41.32462868308878,53.769841269841265,0.0
2022-09-13,12.360669136047363,13.685710117584952,12.226729669133523,13.508718711748374,391296600,27.270000457763672,23.670000076293945,28.149999618530273,23.530000686645508,0.01337794917847912,57.18283546405106,73.80952380952381,0.0
2022-09-14,12.638115882873535,12.757704412835478,12.264999340932569,12.499392750171406,309291800,26.15999984741211,26.729999542236328,27.559999465942383,26.15999984741211,0.06168833179444966,52.0055939402539,67.46031746031747,0.0
2022-09-15,12.001904487609863,12.700301038318186,11.7914284273412,12.379803753604465,393730600,26.270000457763672,26.100000381469727,26.93000030517578,25.420000076293945,0.11266411599523041,52.518656475755364,69.04761904761905,0.0
2022-09-16,11.767510414123535,11.829696042352248,11.322640978896304,11.580951704661413,392143600,26.299999237060547,27.469999313354492,28.450000762939453,26.139999389648438,0.1540148389876439,52.658576151826374,69.04761904761905,0.0
2022-09-19,12.049739837646484,12.068873526892173,11.442229921596509,11.451797222413365,302692600,25.760000228881836,27.690000534057617,27.950000762939453,25.559999465942383,0.07917885727687035,50.13992412417871,64.68253968253968,0.0
2022-09-20,11.762726783752441,12.049739411388918,11.470930505876757,11.734025794705191,322118600,27.15999984741211,25.649999618530273,27.809999465942383,25.610000610351562,-0.00403375902108738,56.6697729285496,72.22222222222221,0.0
2022-09-21,11.116948127746582,12.398937141017157,11.112164477710444,11.867963848049191,591115200,27.989999771118164,28.030000686645508,30.18000030517578,25.549999237060547,0.06995412593196515,60.54104113298641,77.77777777777779,0.0
2022-09-22,10.705564498901367,11.054763689959586,10.55727498139821,10.930391512819241,431084000,27.350000381469727,28.15999984741211,28.3799991607666,26.709999084472656,0.04111153044867488,57.5559694272661,73.80952380952381,0.0
2022-09-23,10.193724632263184,10.456819909318314,9.78234076636839,10.42811800916746,561304000,29.920000076293945,27.68000030517578,32.310001373291016,27.579999923706055,0.13764262145423523,69.54290800379157,86.11111111111111,0.0
2022-09-26,10.05500316619873,10.624243874988133,9.964115633852213,10.121972446670892,490607800,32.2599983215332,31.739999771118164,32.880001068115234,29.829999923706055,0.25232911626156107,80.45707865188531,94.84126984126983,0.0
2022-09-27,10.064571380615234,10.691215038402094,9.806259711250636,10.43768701984663,543921200,32.599998474121094,31.200000762939453,34.13999938964844,30.299999237060547,0.20029450137229388,82.04290021960307,96.03174603174604,0.0
2022-09-28,10.652944564819336,10.806017709841795,9.892361577149563,10.059785671663347,512039000,30.18000030517578,34.5,34.880001068115234,30.030000686645508,0.07824224908774013,70.7555956082943,86.11111111111111,0.0
2022-09-29,9.753639221191406,10.231993292459457,9.385307279729876,10.193725003253533,540195600,31.84000015258789,31.670000076293945,33.459999084472656,31.15999984741211,0.16416817946957862,78.49813201716792,93.25396825396825,0.0
2022-09-30,9.241800308227539,10.088487214775753,9.222666620238204,9.643617792271167,513197600,31.6200008392334,31.610000610351562,33.25,29.389999389648438,0.056818207172612656,77.47201584238042,92.06349206349206,0.0
2022-10-03,9.882798194885254,10.050222355763525,9.260938068638279,9.42357857778994,447222600,30.100000381469727,33.0,33.060001373291016,29.6299991607666,-0.06695592227051361,70.38246164507926,84.52380952380952,0.0
2022-10-04,10.80123519897461,10.892122730561026,10.471170624973,10.475954275307865,463323600,29.06999969482422,29.520000457763672,29.6200008392334,28.559999465942383,-0.10828217621234248,65.57835408449715,80.55555555555556,0.0
2022-10-05,10.80123519897461,11.002143951098892,10.050219431772984,10.365933054769998,458399000,28.549999237060547,29.360000610351562,30.110000610351562,28.5,-0.05400931251268726,63.152978875491684,77.38095238095238,0.0
2022-10-06,10.528572082519531,11.030843438222469,10.485520147757805,10.6672942737834,475087200,30.520000457763672,28.600000381469727,30.739999771118164,28.559999465942383,-0.041457276648817265,72.34141717601207,87.6984126984127,0.0
2022-10-07,9.32790470123291,10.002383891254095,9.165264238579347,9.988032940177128,501945200,31.360000610351562,30.3700008392334,32.02000045776367,29.8799991607666,-0.008222650916543728,76.25932823787768,91.26984126984127,0.0
2022-10-10,9.036109924316406,9.380525508547747,8.753880892743798,9.337473560518829,412999600,32.45000076293945,32.93000030517578,33.9900016784668,32.04999923706055,0.07807310138495693,81.34328404681722,95.03968253968253,0.0
2022-10-11,8.677342414855957,9.15569647807647,8.486000972045344,8.859117469817015,529747000,33.630001068115234,33.560001373291016,34.43000030517578,32.45000076293945,0.15686279398561198,86.84701667640061,98.4126984126984,0.0
2022-10-12,8.658209800720215,8.916520552458026,8.576889563390369,8.720395435201588,401483800,33.56999969482422,33.540000915527344,34.529998779296875,33.11000061035156,0.17583189463792515,86.56715953182777,98.01587301587301,0.0
2022-10-13,9.237017631530762,9.385308062917789,7.806738948571536,7.902410135763938,829507200,31.940000534057617,33.599998474121094,33.869998931884766,31.6299991607666,0.04652686942973894,78.96455169524057,92.06349206349206,0.0
2022-10-14,8.404681205749512,9.557514488346014,8.352061963945252,9.49532885816754,670132600,32.02000045776367,31.889999389648438,32.97999954223633,31.139999389648438,0.021045913092050395,79.3376856584556,92.85714285714286,0.0
2022-10-17,9.232233047485352,9.32790422500469,8.993056016074975,8.997839666189739,460050800,31.3700008392334,32.27000045776367,32.59000015258789,30.700000762939453,-0.03328196913139991,76.30597109530649,89.28571428571429,0.0
2022-10-18,9.461843490600586,10.045435106418575,9.170047226497617,9.983249481020014,692553800,30.5,31.100000381469727,31.93000030517578,30.420000076293945,-0.09307169101111934,72.24813146115446,84.52380952380952,0.0
2022-10-19,9.347040176391602,9.681887521328841,9.093512157994526,9.28485362829982,519702200,30.760000228881836,30.940000534057617,31.899999618530273,30.760000228881836,-0.08370567445598232,73.46081906565718,86.11111111111111,0.0
2022-10-20,9.189179420471191,9.791905538370317,9.069590926738535,9.246582298913498,529703000,29.979999542236328,31.299999237060547,31.31999969482422,29.760000228881836,-0.061365089513111926,69.82275625214899,79.76190476190477,0.0
2022-10-21,9.839742660522461,9.897145547961514,8.959571135709922,9.07915964818567,627458000,29.690000534057617,30.209999084472656,30.440000534057617,29.239999771118164,-0.07276701718913048,68.33723602764414,78.17460317460318,0.0
2022-10-24,10.174591064453125,10.270261328919549,9.471410013065704,9.86844384595187,549244000,29.850000381469727,30.649999618530273,30.950000762939453,29.780000686645508,-0.04845395017849852,69.08664981946298,78.57142857142857,0.0
2022-10-25,10.786884307861328,10.829936248726138,10.270261929871623,10.275045580233048,476799600,28.459999084472656,29.799999237060547,30.0,28.219999313354492,-0.06688527591892934,62.576105219175794,71.42857142857143,0.0
2022-10-26,10.074135780334473,10.762965850216977,10.011950156872793,10.131538666319647,558931800,27.280000686645508,28.440000534057617,28.520000457763672,27.270000457763672,-0.1131339244584535,57.04918073794111,63.888888888888886,0.0
2022-10-27,9.519246101379395,10.102838668539155,9.457060471830049,9.944981857111419,513258800,27.389999389648438,27.510000228881836,27.670000076293945,26.940000534057617,-0.08639093369361317,57.564397136243386,65.07936507936508,0.0
2022-10-28,10.380285263061523,10.432903598342287,9.428359716047927,9.44749431970502,510777200,25.75,27.43000030517578,27.59000015258789,25.75,-0.13270462994899623,49.88290130324172,53.17460317460318,0.0
2022-10-31,10.02151870727539,10.222427464714801,9.801475347990307,10.131539930723916,419122200,25.8799991607666,26.90999984741211,27.06999969482422,25.84000015258789,-0.132998364153041,50.49179665895062,53.96825396825397,0.0
2022-11-01,9.710586547851562,10.461603149385812,9.667534611700303,10.399416613883808,430464800,25.809999465942383,25.959999084472656,26.350000381469727,25.65999984741211,-0.09311313084251194,50.16392924174451,53.17460317460318,0.0
2022-11-02,8.706043243408203,10.035866791463464,8.696475944348904,9.701019535878752,662952600,25.860000610351562,26.040000915527344,26.6200008392334,25.389999389648438,-0.05205278741026875,50.39812663526108,53.17460317460318,0.0
2022-11-03,8.203771591186523,8.586455370043842,8.151153267289434,8.442948610826877,424463600,25.299999237060547,25.979999542236328,26.8700008392334,25.100000381469727,-0.07630522815483409,46.930029041900525,47.817460317460316,0.0
2022-11-04,8.586456298828125,8.777797752759945,8.060266616224604,8.672559268806427,764740400,24.549999237060547,25.6299991607666,25.709999084472656,24.0,-0.04660197137628941,40.97221420660635,44.44444444444444,0.0
2022-11-07,8.859118461608887,8.916520444684327,8.471650970103356,8.686910687606428,401886800,24.350000381469727,25.670000076293945,25.670000076293945,24.34000015258789,-0.05911896556844998,39.980156383666966,43.05555555555556,0.0
2022-11-08,9.050461769104004,9.385310083997252,8.65342780781597,9.01697712009233,592112600,25.540000915527344,24.709999084472656,26.15999984741211,24.239999771118164,-0.010461005656792643,45.88293685521729,48.80952380952381,0.0
2022-11-09,8.419031143188477,8.94522076071049,8.385546506940441,8.863900538799015,431138200,26.09000015258789,25.34000015258789,26.350000381469727,25.020000457763672,0.00889402694539232,48.6111076946191,54.563492063492056,0.0
2022-11-10,10.260695457458496,10.303747397970529,9.423575811216969,9.638834601389128,656884800,23.530000686645508,26.510000228881836,26.59000015258789,22.84000015258789,-0.06996041912215822,35.912697549189446,35.51587301587302,0.0
2022-11-11,10.844287872314453,10.920824458067608,10.102839355685237,10.251128876533466,614268400,22.520000457763672,23.889999389648438,23.90999984741211,22.3700008392334,-0.08268834388525759,30.902775741022925,28.968253968253972,0.0
2022-11-14,10.557273864746094,10.983008682412581,10.437685350804905,10.60510945280016,428451800,23.729999542236328,23.989999771118164,24.329999923706055,22.860000610351562,-0.02546204638687466,36.653380134299,36.507936507936506,0.0
2022-11-15,10.98300838470459,11.456579689976364,10.609892815250129,11.313072929704092,636531400,24.540000915527344,23.770000457763672,26.219999313354492,23.18000030517578,-0.03915426641163655,40.68725153055704,43.25396825396825,0.0
2022-11-16,10.538141250610352,10.801235643130523,10.437686414223418,10.762967351265988,383358800,24.110000610351562,24.290000915527344,24.719999313354492,23.989999771118164,-0.07589112804355158,37.833753574597075,39.88095238095239,0.0
2022-11-17,10.456820487976074,10.624243686181144,10.002383746707455,10.021518347866893,426924400,23.93000030517578,24.049999237060547,25.18000030517578,23.809999465942383,0.01699955830249067,36.92695104705751,38.2936507936508,0.0
2022-11-18,10.44725513458252,10.801237110516162,10.179377055138605,10.791669808153266,389577000,23.1200008392334,24.030000686645508,24.1200008392334,22.979999542236328,0.026643000411790796,32.8463492819385,32.142857142857146,0.0
2022-11-21,10.131540298461914,10.428119338730331,10.031085459902046,10.294180770501265,288222600,22.360000610351562,24.049999237060547,24.1200008392334,22.299999237060547,-0.057732783746849425,29.017632837220912,26.58730158730159,0.0
2022-11-22,10.557273864746094,10.571624814878701,9.96411494508435,10.20329197296673,292477200,21.290000915527344,22.59000015258789,22.709999084472656,21.280000686645508,-0.1324368328749168,23.62720626663465,18.452380952380953,0.0
2022-11-23,10.8729887008667,10.939958896687743,10.528574070140976,10.547707760098376,357567000,20.350000381469727,21.489999771118164,21.780000686645508,20.31999969482422,-0.15595189272900678,18.89168729437749,14.682539682539684,0.0
2022-11-25,10.648161888122559,10.7629667573814,10.595542647566758,10.686430177875506,134753000,20.5,20.610000610351562,21.110000610351562,20.459999084472656,-0.1433347372099244,19.647352864390783,14.682539682539684,0.0
2022-11-28,10.179375648498535,10.652946101363401,10.074137161825425,10.42811908884397,262765200,22.209999084472656,22.09000015258789,22.5,21.649999618530273,-0.03935993606092425,28.261957658398572,26.190476190476193,0.0
2022-11-29,9.93541431427002,10.246344279213845,9.791907544950416,10.198508689440645,275805400,21.889999389648438,22.09000015258789,22.56999969482422,21.829999923706055,-0.021019732015818415,26.64986854668781,23.809523809523807,0.0
2022-11-30,11.27002239227295,11.313074334461648,9.878012027873158,9.973683213267607,545469800,20.579999923706055,21.700000762939453,22.6299991607666,20.309999465942383,-0.03334903528836708,20.050375142318472,15.873015873015872,0.0
2022-12-01,11.332209587097168,11.561819350360484,11.006928632946758,11.336993237880332,411007200,19.84000015258789,20.829999923706055,21.059999465942383,19.799999237060547,-0.02506143583890208,16.32241666928507,11.11111111111111,0.0
2022-12-02,11.19826889038086,11.30350645905667,10.710347511961379,10.739049413554051,363310000,19.059999465942383,20.420000076293945,20.959999084472656,18.950000762939453,-0.07024392849061545,12.392942252883293,6.349206349206349,0.0
2022-12-05,10.633810043334961,11.097814044017113,10.456819560252674,10.944739985486267,301980000,20.75,20.299999237060547,21.290000915527344,19.780000686645508,-0.0657361163735195,20.906798684015946,17.46031746031746,0.0
2022-12-06,9.959331512451172,10.624243372514984,9.806258357246953,10.609893334457073,339801000,22.170000076293945,20.690000534057617,22.600000381469727,20.3799991607666,0.01279126059628477,28.060451323839253,27.976190476190478,0.0
2022-12-07,9.839742660522461,10.059785997919567,9.653184873024436,9.834959010536878,347335800,22.68000030517578,22.31999969482422,23.010000228881836,22.18000030517578,0.10204083524075913,30.629721948931675,29.96031746031746,0.0
2022-12-08,10.188941955566406,10.284613140432622,9.753639797962395,9.983250459163706,377840200,22.290000915527344,22.809999465942383,23.280000686645508,22.059999465942383,0.12348794073067992,28.664989545135317,28.174603174603174,0.0
2022-12-09,9.992816925048828,10.37550075508627,9.935414943595442,10.069353508578708,354007800,22.829999923706055,22.549999237060547,23.209999084472656,22.18000030517578,0.197796461878194,31.385387518944967,31.746031746031743,0.0
2022-12-12,10.356365203857422,10.361148853938127,9.88757844460382,10.002383309376867,225655000,25.0,24.399999618530273,25.049999237060547,24.18000030517578,0.20481927710843384,42.31737761764377,48.41269841269841,0.0
2022-12-13,10.681647300720215,11.59051993242576,10.38985099999197,11.566602591744585,695385600,22.549999237060547,25.239999771118164,25.84000015258789,21.459999084472656,0.017140241743748508,29.974804741793527,28.57142857142857,0.0
2022-12-14,10.428119659423828,10.997361329067315,10.083705014601298,10.624244779551836,578911000,21.139999389648438,22.829999923706055,23.469999313354492,21.06999969482422,-0.06790127402140733,22.87153108781231,17.857142857142858,0.0
2022-12-15,9.394874572753906,10.059787416291753,9.256152353164735,9.978467179847042,428053200,22.829999923706055,21.520000457763672,23.670000076293945,21.25,0.024226064872098885,31.385387518944967,31.150793650793652,0.0
2022-12-16,9.11742877960205,9.476194350237048,8.950004664161447,9.31833753565317,351284200,22.6200008392334,23.260000228881836,23.829999923706055,22.09000015258789,-0.009198383056260973,30.32745764268817,28.174603174603174,0.0
2022-12-19,8.739527702331543,9.15091151735873,8.600804605919373,9.136561481445636,310533000,22.420000076293945,22.6299991607666,22.860000610351562,21.610000610351562,-0.10319999694824222,29.31989714346442,26.984126984126984,0.0
2022-12-20,8.701263427734375,8.878253976375747,8.452519016920723,8.610375871400876,345762400,21.479999542236328,23.170000076293945,23.389999389648438,21.350000381469727,-0.04745009893684127,24.58437817120726,20.634920634920633,0.0
2022-12-21,9.079160690307617,9.208316517579263,8.720395111700633,8.806498996548397,326374600,20.06999969482422,21.25,21.290000915527344,19.940000534057617,-0.05061493499134928,17.481104517226047,12.3015873015873,0.0
2022-12-22,8.433877944946289,8.775271634051803,7.972274138250894,8.765654677904866,460900400,21.969999313354492,20.079999923706055,24.299999237060547,20.010000228881836,-0.03766975966822328,27.0528908246155,23.809523809523807,0.0
2022-12-23,8.45792007446289,8.520428460021341,8.092483966634866,8.275201561987135,330134600,20.8700008392334,22.170000076293945,22.639999389648438,20.780000686645508,-0.0773651607017053,21.51133690531201,15.873015873015872,0.0
2022-12-27,8.097291946411133,8.405027211051967,8.039591125729261,8.395410254751084,263200600,21.649999618530273,21.670000076293945,22.799999237060547,21.59000015258789,-0.034344355715584585,25.440801712904737,20.634920634920633,0.0
2022-12-28,7.770322322845459,8.270393016286459,7.741472372723364,8.0540160975623,364869200,22.139999389648438,21.469999313354492,22.260000228881836,20.959999084472656,0.030726250534332866,27.909314366312977,24.6031746031746,0.0
2022-12-29,8.318476676940918,8.414644408458397,7.948233019982577,8.015549881770736,306109800,21.440000534057617,22.25,22.309999465942383,21.360000610351562,0.06826112905157156,24.38287183664794,18.650793650793652,0.0
2022-12-30,8.318476676940918,8.318476676940918,7.9338075851179175,8.058825269241257,301941200,21.670000076293945,21.829999923706055,22.399999618530273,21.59000015258789,-0.013654949769533742,25.541559684588922,20.436507936507937,0.0
2023-01-03,8.130949974060059,8.674296055573214,7.919381531525169,8.53004446956713,359851800,22.899999618530273,23.09000015258789,23.760000228881836,22.729999542236328,0.09726874449763767,31.738030811030566,32.53968253968254,0.0
2023-01-04,8.25596809387207,8.409835726881877,7.953041306024443,8.332901910376973,435272800,22.010000228881836,22.93000030517578,23.270000457763672,21.940000534057617,0.016628204004375036,26.100307791782352,23.015873015873016,0.0
2023-01-05,7.866489887237549,8.1020997955777,7.8280229821437155,8.082865884469104,362504000,22.459999084472656,22.200000762939453,22.920000076293945,21.969999313354492,0.014453464482651945,25.703655150555445,26.984126984126984,0.0
2023-01-06,8.481961250305176,8.606978934134593,7.741473021005948,8.005932906372074,466895200,21.1299991607666,22.690000534057617,22.899999618530273,21.0,-0.014459018916467614,18.64045850108733,13.492063492063492,0.0
2023-01-09,8.659870147705078,9.116664518906244,8.602169333037105,8.693528574126672,372042800,21.969999313354492,21.75,21.979999542236328,21.270000457763672,0.013843988740393831,23.10142587225748,22.023809523809522,0.0
2023-01-10,8.89067268371582,8.89067268371582,8.510812073163075,8.568511977921832,328723000,20.579999923706055,22.219999313354492,22.459999084472656,20.579999923706055,-0.10131003202929822,15.719591590365123,10.515873015873016,0.0
2023-01-11,9.333041191101074,9.34265814615603,8.905096779512057,8.982030585705065,302550000,21.09000015258789,20.799999237060547,21.25,20.6200008392334,-0.04179918522157522,18.428036789240405,12.698412698412698,0.0
2023-01-12,9.47729206085205,9.57826825694568,8.938755405430474,9.385933737152259,561852600,18.829999923706055,21.559999465942383,21.799999237060547,18.829999923706055,-0.16162062817162537,6.425911255311935,1.1904761904761905,0.0
2023-01-13,9.664820671081543,9.69847910315452,9.18398383089961,9.217642262972587,319566000,18.350000381469727,19.0,19.40999984741211,18.010000228881836,-0.13156644059213563,0.0,0.3968253968253968,0.0
2023-01-17,9.717711448669434,9.861963041331745,9.52537690890978,9.645586110899993,279515800,19.360000610351562,19.889999389648438,20.219999313354492,19.209999084472656,-0.11879830607989317,5.580111644173477,3.1746031746031744,0.0
2023-01-18,9.357085227966309,10.054299069577766,9.323426793165842,9.895622936144454,373300200,20.34000015258789,19.280000686645508,20.579999923706055,18.709999084472656,-0.01166179650184107,10.994473641865058,8.333333333333332,0.0
2023-01-19,9.063773155212402,9.284957625710565,8.933947009246955,9.169556912782392,332741400,20.520000457763672,20.43000030517578,21.709999084472656,20.170000076293945,-0.027027012361319325,11.988950445081374,9.523809523809524,0.0
2023-01-20,9.804262161254883,9.833113029886055,9.116665383310124,9.22245006737758,322650400,19.850000381469727,20.280000686645508,20.700000762939453,19.40999984741211,0.054168903977505733,8.287292643019267,5.952380952380952,0.0
2023-01-23,10.448585510253906,10.578411692038587,9.799455518454092,9.881197827304788,388084200,19.809999465942383,20.209999084472656,20.329999923706055,19.549999237060547,0.07956398115103025,8.066293114376741,5.555555555555555,0.0
2023-01-24,10.386073112487793,10.51589924421066,10.21297160352397,10.270672412219657,290013000,19.200000762939453,19.889999389648438,20.469999313354492,18.90999984741211,-0.00826445466776271,4.696134605278424,2.380952380952381,0.0
2023-01-25,10.309141159057617,10.381266495005113,9.607118960264264,9.886004265151742,436167200,19.079999923706055,19.559999465942383,20.899999618530273,18.989999771118164,-0.06194691344294434,4.0331465571883705,2.380952380952381,0.0
2023-01-26,10.905380249023438,10.9246132467264,10.386076471313919,10.684194814136372,406837800,18.729999542236328,19.049999237060547,19.479999542236328,18.670000076293945,-0.0872320114812718,2.099442832916369,1.1904761904761905,0.0
2023-01-27,11.217923164367676,11.453533100112937,10.737086336204255,10.751511771213606,376822200,18.510000228881836,18.899999618530273,19.0,17.969999313354492,-0.06750630361895615,0.883977038895053,0.7936507936507936,0.0
2023-01-30,10.544751167297363,11.011162532980673,10.506284259994858,10.84286946961093,347816000,19.940000534057617,19.760000228881836,20.25,19.540000915527344,0.006562396346286414,8.784531044627427,8.73015873015873,0.0
2023-01-31,11.015972137451172,11.020780615996093,10.530326809896165,10.549560724075851,316513800,19.399999618530273,20.1200008392334,20.700000762939453,19.1299991607666,0.010416606648103066,5.801100634978476,4.761904761904762,0.0
2023-02-01,11.72761058807373,11.996879886929511,10.751512360372958,10.991930787629071,543277600,17.8700008392334,19.6200008392334,20.040000915527344,17.700000762939453,-0.06341714304564994,0.0,0.3968253968253968,0.0
2023-02-02,12.939316749572754,13.198969032392798,12.381546198096336,12.482521474444148,535770200,18.729999542236328,17.739999771118164,19.25,17.059999465942383,0.0,4.628625977041394,2.1825396825396823,0.0
2023-02-03,12.270956039428711,13.04991118521641,12.0738130138205,12.12189596279931,534808400,18.329999923706055,18.56999969482422,19.299999237060547,17.93000030517578,-0.009724489624528432,2.4757754917197152,0.7936507936507936,0.0
2023-02-06,11.95841121673584,12.237296514657134,11.79011815897982,11.948794260950152,323632400,19.43000030517578,19.229999542236328,19.809999465942383,19.209999084472656,-0.025576740984071367,8.396122025554982,6.349206349206349,0.0
2023-02-07,12.698899269104004,12.833533897484726,11.799735005319896,11.939177194425488,519789200,18.65999984741211,19.540000915527344,19.989999771118164,18.43000030517578,-0.038144318848921,4.251878425310209,2.380952380952381,0.0
2023-02-08,12.016112327575684,12.64600832101304,11.929561551033066,12.525799112953512,362514400,19.6299991607666,18.8799991607666,20.1200008392334,18.549999237060547,0.09848898930486594,9.47254213541539,8.333333333333332,0.0
2023-02-09,11.693952560424805,12.54503404252793,11.506426474143067,12.525800127461316,395196800,20.709999084472656,19.239999771118164,21.079999923706055,19.020000457763672,0.10571273842113071,15.285243578584353,17.063492063492063,0.0
2023-02-10,11.453533172607422,11.66510163513301,11.165030890458617,11.424683219529584,367863400,20.530000686645508,20.739999771118164,21.940000534057617,20.440000534057617,0.12002186427148898,14.316468559390247,15.079365079365079,0.0
2023-02-13,11.996879577636719,12.069004920529379,11.467958867884724,11.607401075194067,279739800,20.34000015258789,21.65999984741211,21.690000534057617,20.329999923706055,0.046834782970626154,13.293860729262125,13.690476190476192,0.0
2023-02-14,12.256528854370117,12.37673804389959,11.564123665885829,11.799734484432125,511474400,18.90999984741211,20.719999313354492,20.75,18.479999542236328,0.013397642124561626,5.597411261836366,4.365079365079365,0.0
2023-02-15,12.53060531616211,12.549839226178621,11.948793295012244,12.030535578335805,275527400,18.229999542236328,19.3700008392334,19.40999984741211,18.110000610351562,-0.07131939268384568,1.937560303989079,0.7936507936507936,0.0
2023-02-16,11.814160346984863,12.439248754069752,11.794927351371795,11.939178028401841,388993000,20.170000076293945,18.260000228881836,20.270000457763672,18.229999542236328,-0.026074313474189204,12.378897989800304,13.492063492063492,0.0
2023-02-17,11.559317588806152,11.65067592424397,11.203497535067203,11.55450911055309,389804800,20.020000457763672,20.940000534057617,21.299999237060547,19.81999969482422,-0.0248417053981681,11.571580341004783,13.095238095238097,0.0
2023-02-21,10.74670124053955,11.27562183393407,10.717851293153899,11.107328792791728,300937600,22.8700008392334,21.799999237060547,23.34000015258789,21.799999237060547,0.12438548021955698,26.91065673052315,38.88888888888889,0.0
2023-02-22,10.756319046020508,10.987120477604838,10.568792080375296,10.794785951284563,334677400,22.290000915527344,23.030000686645508,23.6299991607666,22.020000457763672,0.17874146458958307,23.7890209604065,32.73809523809524,0.0
2023-02-23,11.025588989257812,11.169839675733988,10.554369101837244,11.150606678861463,359540000,21.139999389648438,21.959999084472656,22.43000030517578,20.889999389648438,0.15962698411868037,17.599561699905482,22.023809523809522,0.0
2023-02-24,10.467817306518555,10.592834983981096,10.26586581479036,10.458200350454495,345563600,21.670000076293945,21.350000381469727,22.899999618530273,21.31999969482422,0.0743678727975301,20.45209500895725,27.380952380952383,0.0
2023-02-27,10.693811416625977,10.963079795395299,10.626494551214522,10.809212150384257,277508800,20.950000762939453,21.989999771118164,22.020000457763672,20.68000030517578,0.04645356063491657,16.576964135378226,20.634920634920633,0.0
2023-02-28,10.640918731689453,10.92461253708744,10.578410346810811,10.616877256841548,254631600,20.700000762939453,21.299999237060547,21.3700008392334,20.100000381469727,-0.09488412753231379,15.231431298852069,19.047619047619047,0.0
2023-03-01,10.381266593933105,10.679384896589903,10.275482828010276,10.607259559955093,308773800,20.579999923706055,20.389999389648438,21.31999969482422,20.219999313354492,-0.07671605749599109,14.585571020455134,18.253968253968253,0.0
2023-03-02,10.631302833557129,10.722661172894194,10.073532172124203,10.102382125750461,315874600,19.59000015258789,21.40999984741211,21.420000076293945,19.549999237060547,-0.07332068504313816,9.257262219683653,8.73015873015873,0.0
2023-03-03,11.280431747436523,11.314091096385292,10.761128000546515,10.818828824478064,303353200,18.489999771118164,19.760000228881836,19.760000228881836,18.15999984741211,-0.14674666792708346,3.3369156858483864,1.984126984126984,0.0
2023-03-06,11.32851505279541,11.770884957257206,11.299665100821915,11.424682782204972,303699800,18.610000610351562,19.049999237060547,19.190000534057617,18.489999771118164,-0.11169451395569163,3.982775964245323,3.1746031746031744,0.0
2023-03-07,10.905380249023438,11.434300984146207,10.828446423964513,11.328516286847531,352663000,19.59000015258789,18.639999389648438,19.739999771118164,18.510000228881836,-0.053623215914990086,9.257262219683653,9.722222222222223,0.0
2023-03-08,11.054437637329102,11.126562972047424,10.737085430869769,10.939036918355107,290985600,19.110000610351562,19.709999084472656,20.010000228881836,19.0,-0.07142853832867135,7.184239598347303,6.746031746031746,0.0
2023-03-09,10.472624778747559,11.400638938839888,10.381265539160063,11.112137621613389,393667400,22.610000610351562,19.329999923706055,23.139999389648438,18.8799991607666,0.15416030802657854,28.080568760543102,39.682539682539684,0.0
2023-03-10,10.039873123168945,10.655344627384189,9.914856348008577,10.49186002340707,629715200,24.799999237060547,23.34000015258789,28.969999313354492,21.790000915527344,0.34126552428620127,41.05449491925463,57.53968253968254,0.0
2023-03-13,10.25624942779541,10.650535477064746,9.67924487166443,9.842729465330759,659081400,26.520000457763672,24.049999237060547,30.809999465942383,23.850000381469727,0.42504027877421335,51.24407611722557,69.84126984126983,0.0
2023-03-14,10.953463554382324,11.015971940099451,10.539943578162362,10.63611131309093,434325800,23.729999542236328,26.850000381469727,27.239999771118164,22.270000457763672,0.2113322796019239,34.715633852773244,48.61111111111111,0.0
2023-03-15,11.112137794494629,11.16502921434326,10.49666641278114,10.660150984218735,549118800,26.139999389648438,23.209999084472656,29.90999984741211,23.190000534057617,0.3678701493860155,48.99288484348158,67.06349206349206,0.0
2023-03-16,11.992069244384766,12.035344626851792,10.924611033029258,11.001544842498781,456714200,22.989999771118164,26.190000534057617,27.489999771118164,22.969999313354492,0.016806685117585873,30.33174873482779,44.84126984126984,0.0
2023-03-17,11.814160346984863,12.266147207934946,11.58816737507154,11.987261893119669,403540600,25.510000228881836,22.920000076293945,26.139999389648438,22.579999923706055,0.02862907313159435,45.26066214153454,61.111111111111114,0.0
2023-03-20,11.939176559448242,11.982451940657496,11.487189754109,11.74684204136452,328356000,24.149999618530273,27.770000457763672,28.90999984741211,24.0,-0.08936654593984317,37.203786087224366,53.57142857142857,0.0
2023-03-21,12.444053649902344,12.501754458630248,11.987259325726338,12.169976871972093,270290200,21.3799991607666,24.15999984741211,24.15999984741211,21.290000915527344,-0.09903078073335103,20.793829952855265,28.174603174603174,0.0
2023-03-22,11.936232566833496,13.038930919559068,11.92172303812452,12.434381060399916,475836200,22.260000228881836,21.799999237060547,22.3799991607666,19.940000534057617,-0.14843149393121635,26.007106681923947,36.904761904761905,0.0
2023-03-23,12.361837387084961,12.869659909567194,12.03296205956581,12.381183428689635,392994400,22.610000610351562,21.540000915527344,24.90999984741211,20.15999984741211,-0.016528889280111536,28.080568760543102,40.67460317460318,0.0
2023-03-24,12.487584114074707,12.497257135050534,12.013617155899878,12.303801327884281,338830200,21.739999771118164,22.110000610351562,25.209999084472656,21.600000381469727,-0.14778519889997355,22.926535096516027,31.746031746031743,0.0
2023-03-27,12.231254577636719,12.70038498935162,12.120016689884334,12.569801983600984,273591200,20.600000381469727,22.049999237060547,22.93000030517578,20.56999969482422,-0.14699790033688598,16.172983874202668,21.23015873015873,0.0
2023-03-28,12.028124809265137,12.158706882169195,11.747613702056194,12.158706882169195,236041400,19.969999313354492,20.530000686645508,21.399999618530273,19.90999984741211,-0.0659494809522505,12.440749872796337,15.079365079365079,0.0
2023-03-29,12.68587589263916,12.753586114122523,12.36667359376192,12.45856544418719,238730600,19.1200008392334,19.389999389648438,19.450000762939453,19.09000015258789,-0.14106016879435435,7.405213638311765,7.142857142857142,0.0
2023-03-30,13.029261589050293,13.101807403057162,12.811623224559614,12.971224384362754,260300000,19.020000457763672,19.1200008392334,20.079999923706055,18.850000381469727,-0.15877930365664283,6.812794287354968,5.555555555555555,0.0
2023-03-31,13.667664527893066,13.696682665391704,13.014750438118979,13.058278105601914,254044200,18.700000762939453,19.209999084472656,19.43000030517578,18.520000457763672,-0.13983436247397685,4.917061403860641,3.968253968253968,0.0
2023-04-03,13.570937156677246,13.599956218749396,13.217880203696307,13.387154375903751,250232600,18.549999237060547,19.790000915527344,19.829999923706055,18.540000915527344,-0.09951461681783336,4.0284267276958,2.7777777777777777,0.0
2023-04-04,13.435518264770508,13.749884050623622,13.261407586003243,13.619301041548173,232180800,19.0,18.790000915527344,20.030000686645508,18.579999923706055,-0.04857282657520312,6.69430815727175,6.349206349206349,0.0
2023-04-05,13.005077362060547,13.309771033127474,12.77293041813238,13.2855884832579,258274000,19.079999923706055,19.420000076293945,20.079999923706055,19.0,-0.0020920980006059464,7.168241378145332,7.341269841269842,0.0
2023-04-06,13.266242027282715,13.329114805659897,12.627837534659607,12.797110754317353,241920600,18.399999618530273,19.299999237060547,19.8799991607666,18.350000381469727,-0.0325973093749492,3.1398033509902454,1.984126984126984,0.0
2023-04-10,13.237225532531738,13.242061120146776,12.656857236909698,12.884167676085509,237057600,18.969999313354492,19.389999389648438,20.049999237060547,18.93000030517578,0.014438424566812547,6.516578962146924,6.349206349206349,0.0
2023-04-11,12.98089599609375,13.237225495053915,12.913186700035205,13.232388984982595,208521600,19.100000381469727,19.079999923706055,19.280000686645508,18.559999465942383,0.029649658600003903,7.286727508228549,8.73015873015873,0.0
2023-04-12,12.637514114379883,13.295264878286869,12.574641313698274,13.222719055201878,348038600,19.09000015258789,19.3799991607666,19.979999542236328,18.25,0.00473685013620484,7.227484443186941,8.73015873015873,0.0
2023-04-13,13.362971305847168,13.41617199511251,12.811622062442678,12.830968103073708,247523000,17.799999237060547,18.829999923706055,19.059999465942383,17.770000457763672,-0.06708599013436911,0.0,0.3968253968253968,0.0
2023-04-14,13.285590171813965,13.508065046540102,12.913188081190984,13.159843663920073,285332200,17.06999969482422,17.940000534057617,18.1200008392334,17.06999969482422,-0.07228260604780878,0.0,0.3968253968253968,0.0
2023-04-17,13.300097465515137,13.35813466034233,12.96638567081609,13.227551663833584,228617800,16.950000762939453,17.579999923706055,17.790000915527344,16.899999618530273,-0.10648384942180789,0.0,0.3968253968253968,0.0
2023-04-18,13.309772491455078,13.62897480494821,13.155007845212353,13.575774111876003,212829800,16.829999923706055,16.940000534057617,17.34000015258789,16.579999923706055,-0.11884818913228723,0.0,0.3968253968253968,0.0
2023-04-19,13.280753135681152,13.416172659393478,12.980896870813192,12.995406402004882,191850600,16.459999084472656,17.299999237060547,17.719999313354492,16.170000076293945,-0.13776852001537065,0.0,0.3968253968253968,0.0
2023-04-20,12.971223831176758,13.338790318601971,12.801949657399746,12.898678020263763,273695200,17.170000076293945,16.850000381469727,17.690000534057617,16.329999923706055,-0.03539321279603824,3.8819079074978715,1.984126984126984,0.0
2023-04-21,12.995407104492188,13.101807571572781,12.695549900944936,12.913188268234883,228888000,16.770000457763672,17.510000228881836,17.709999084472656,16.579999923706055,-0.017574648062325893,1.6949226778214053,0.7936507936507936,0.0
2023-04-24,12.918021202087402,13.140496034322911,12.642346608477885,12.966385376266418,215290800,16.889999389648438,18.219999313354492,18.239999771118164,16.739999771118164,-0.0035399038696332097,2.351013032540263,1.5873015873015872,0.0
2023-04-25,12.187726020812988,12.792275904336055,12.173216491519264,12.710057083278121,276576000,18.760000228881836,17.6200008392334,19.860000610351562,17.329999923706055,0.11467619215239933,12.57518332028397,8.73015873015873,0.0
2023-04-26,12.390854835510254,12.763256863192293,12.33765415049714,12.58431061400805,249724600,18.84000015258789,18.65999984741211,19.610000610351562,17.8700008392334,0.14459302554642184,13.012580366219261,9.523809523809524,0.0
2023-04-27,13.391989707946777,13.459699001884301,12.763257255419965,12.845476079116937,255631200,17.030000686645508,18.43000030517578,18.43000030517578,16.719999313354492,-0.008153720968337663,3.1164656842031495,2.380952380952381,0.0
2023-04-28,13.66282844543457,13.6773379758729,13.217879659162326,13.36780778381178,261072200,15.779999732971191,17.209999084472656,17.649999618530273,15.720000267028809,-0.0590340308747076,0.0,0.3968253968253968,0.0
2023-05-01,13.624136924743652,13.798247595497553,13.479045314095378,13.60962739469084,178002600,16.079999923706055,16.40999984741211,16.6200008392334,15.529999732971191,-0.047957341338852655,1.5814453690666765,0.7936507936507936,0.0
2023-05-02,13.261407852172852,13.64831945445469,13.038932989008275,13.609628294226505,249312000,17.780000686645508,16.270000457763672,19.809999465942383,16.260000228881836,-0.052238780931760154,10.54296745135243,4.365079365079365,0.0
2023-05-03,13.000242233276367,13.638647780610118,12.976060603307612,13.300099426227222,340267600,18.34000015258789,17.81999969482422,18.829999923706055,17.190000534057617,-0.026539277916689308,13.494994114819066,6.349206349206349,0.0
2023-05-04,12.855149269104004,13.096969233475765,12.71005765946893,12.95187762384069,242621600,20.09000015258789,19.170000076293945,21.329999923706055,18.670000076293945,0.1796828739027565,22.720086235885734,24.206349206349206,0.0
2023-05-05,13.64348316192627,13.764393154878343,13.07278877006732,13.116316441327669,195603200,17.190000534057617,19.5,19.6299991607666,16.690000534057617,0.08935366444527437,7.432792731885756,4.365079365079365,0.0
2023-05-08,13.754720687866211,13.803084868244794,13.454863507495007,13.590283028061037,151477000,16.979999542236328,17.729999542236328,17.8799991607666,16.829999923706055,0.0559701257960481,6.3257764489904655,3.1746031746031744,0.0
2023-05-09,13.488718032836914,13.648319180887881,13.450026873384255,13.537082212770239,129681400,17.709999084472656,17.290000915527344,17.860000610351562,17.219999313354492,-0.00393709783292806,10.173955320685678,5.158730158730158,0.0
2023-05-10,13.923993110656738,14.035230065839523,13.479044367455701,13.793410116762217,303102000,16.940000534057617,17.579999923706055,18.309999465942383,16.360000610351562,-0.07633585642760887,6.359653262018296,2.7777777777777777,0.0
2023-05-11,14.040068626403809,14.117450947614484,13.778902600465251,13.982031424260786,194683000,16.93000030517578,16.799999237060547,18.190000534057617,16.6299991607666,-0.15729217637686554,6.3048274479587425,2.7777777777777777,0.0
2023-05-12,13.894974708557129,14.170649315924397,13.624136611096121,14.112613041989153,210763400,17.030000686645508,16.829999923706055,17.920000076293945,16.3799991607666,-0.009307727890706552,6.853075131599469,4.563492063492063,0.0
2023-05-15,14.107776641845703,14.146467798926876,13.749883208227367,13.953012013521011,172935200,17.1200008392334,17.440000534057617,18.15999984741211,17.079999923706055,0.008245070716805802,7.3464970011806425,5.555555555555555,0.0
2023-05-16,14.160977363586426,14.383451286732841,14.00621181241115,14.01588483232272,159327000,17.989999771118164,17.540000915527344,18.299999237060547,17.260000228881836,0.015810316268790814,12.116227797858906,8.333333333333332,0.0
2023-05-17,14.668801307678223,14.74134712389922,14.136797117940722,14.291561771870882,202209200,16.8700008392334,17.959999084472656,18.260000228881836,16.68000030517578,-0.004132213259585571,5.975883020556229,2.380952380952381,0.0
2023-05-18,15.457131385803223,15.49582346493779,14.702653369607992,14.702653369607992,271867600,16.049999237060547,16.920000076293945,17.149999618530273,16.049999237060547,-0.05197879812478223,1.4802603802661158,0.7936507936507936,0.0
2023-05-19,15.35073184967041,15.592552746311275,15.210476744335704,15.490986955005118,198058400,16.809999465942383,16.1299991607666,17.360000610351562,15.850000381469727,-0.012918450489297073,5.646928136198909,2.380952380952381,0.0
2023-05-22,15.510333061218262,15.650589089615208,15.316877265558679,15.321713775758917,166624800,17.209999084472656,17.450000762939453,18.1299991607666,16.81999969482422,0.005256906590390464,7.839908413807008,7.936507936507936,0.0
2023-05-23,14.910619735717773,15.428114338583155,14.862255555853624,15.263676680527052,212630000,18.530000686645508,17.350000381469727,19.309999465942383,17.299999237060547,0.030016727203870275,15.076759015345948,13.095238095238097,0.0
2023-05-24,14.668801307678223,14.847748515328783,14.397963163300442,14.639783165683843,235945000,20.030000686645508,18.799999237060547,20.809999465942383,18.799999237060547,0.18731474156557937,23.300442899092424,28.968253968253972,0.0
2023-05-25,15.727970123291016,15.897243354123946,15.32171252435214,15.650587811347414,261747000,19.139999389648438,19.540000915527344,19.950000762939453,18.700000762939453,0.19252338314464645,18.421050017340246,21.428571428571427,0.0
2023-05-26,16.917726516723633,17.04830953455131,15.85855560981932,15.868228630948051,252784400,17.950000762939453,19.06999969482422,19.559999465942383,17.270000457763672,0.06781685503957036,11.896934998575501,9.920634920634921,0.0
2023-05-30,17.154708862304688,17.735075300824388,16.94674354535716,17.560966476232426,270612800,17.459999084472656,17.559999465942383,18.34000015258789,16.979999542236328,0.01452643889014249,9.210522394431422,8.333333333333332,0.0
2023-05-31,16.806488037109375,17.212745663458684,16.637214794855485,16.912889415063233,210289000,17.940000534057617,18.040000915527344,18.399999618530273,17.1200008392334,-0.031840266094167013,11.842109184515948,10.317460317460316,0.0
2023-06-01,17.415876388549805,17.61900615725326,16.642053090965856,16.80165518387145,216759200,15.649999618530273,17.239999771118164,17.59000015258789,15.579999923706055,-0.2186720378414908,0.0,0.3968253968253968,0.0
2023-06-02,17.807626724243164,17.98657302847952,17.415877614486426,17.6818811213869,216505600,14.600000381469727,15.649999618530273,15.649999618530273,14.420000076293945,-0.23719953777188185,0.0,0.3968253968253968,0.0
2023-06-05,17.846317291259766,18.233228934267025,17.68187961236415,17.778606139410783,206261800,14.729999542236328,15.279999732971191,15.289999961853027,14.65999984741211,-0.17938724701066944,0.6694086521930139,0.7936507936507936,0.0
2023-06-06,17.826967239379883,17.972058842265408,17.536782188669005,17.74474749594953,159509000,13.960000038146973,14.90999984741211,14.970000267028809,13.949999809265137,-0.20045814603955314,0.0,0.3968253968253968,0.0
2023-06-07,16.917726516723633,18.165518568228016,16.816162562282152,17.86566044805773,228485400,13.9399995803833,14.140000343322754,14.289999961853027,13.770000457763672,-0.22296548687836681,0.0,0.3968253968253968,0.0
2023-06-08,17.49809455871582,17.59482292334298,16.903217606927914,16.937072257806406,188153800,13.649999618530273,14.140000343322754,14.210000038146973,13.529999732971191,-0.12779553027157353,0.0,0.3968253968253968,0.0
2023-06-09,17.710893630981445,18.194533558550113,17.50776574697376,17.73991269081393,207944000,13.829999923706055,13.779999732971191,14.140000343322754,13.5,-0.05273975600308567,0.8836538918009949,0.7936507936507936,0.0
2023-06-12,18.61530303955078,18.62497421529051,17.81729636039959,17.96722541352607,154857400,15.010000228881836,14.4399995803833,15.020000457763672,14.319999694824219,0.019008872732320325,6.676487748258456,2.7777777777777777,0.0
2023-06-13,19.031230926513672,19.166651364454218,18.53308237802726,19.04090394671942,266534200,14.609999656677246,14.989999771118164,15.0600004196167,14.470000267028809,0.04656157713138187,4.712812953340562,2.380952380952381,0.0
2023-06-14,19.437490463256836,19.49069115715385,18.58144746267615,19.031232799336173,305313000,13.880000114440918,14.479999542236328,14.729999542236328,13.829999923706055,-0.004304122507063468,1.151153549668147,1.1904761904761905,0.0
2023-06-15,20.119421005249023,20.356405390440408,19.108613444832667,19.219852255902488,255874000,14.5,14.09000015258789,14.520000457763672,13.789999961853027,0.062271091957821545,4.254255854858226,2.380952380952381,0.0
2023-06-16,19.732511520385742,20.525680820748576,19.65996662775656,20.511172211210773,224810400,13.539999961853027,14.489999771118164,14.539999961853027,13.479999542236328,-0.020968905528042536,0.0,0.3968253968253968,0.0
2023-06-20,19.635778427124023,19.867927193509605,19.15213854621023,19.485851244802177,168249800,13.880000114440918,14.359999656677246,14.670000076293945,13.859999656677246,-0.07528315104663375,1.6923849371113773,1.7857142857142856,0.0
2023-06-21,18.84883689880371,19.513520536782206,18.679028291013594,19.445597093666162,199266600,13.199999809265137,13.880000114440918,13.890000343322754,13.100000381469727,-0.09650923207022077,0.0,0.3968253968253968,0.0
2023-06-22,19.47470474243164,19.49896284890665,18.552883740956972,18.615954447637023,210199200,12.90999984741211,13.880000114440918,13.979999542236328,12.729999542236328,-0.06988474488696927,0.0,0.3968253968253968,0.0
2023-06-23,18.897356033325195,19.266084109972827,18.62080951314569,18.83913620033349,225152400,13.4399995803833,13.239999771118164,13.800000190734863,12.880000114440918,-0.07310347721494481,2.557913618468436,1.1904761904761905,0.0
2023-06-26,18.15019416809082,19.24667661991378,18.116232445076953,18.805172369958395,216900000,14.25,14.430000305175781,14.710000038146973,13.779999732971191,0.05243722600792422,6.467181822600386,4.365079365079365,0.0
2023-06-27,19.047754287719727,19.16419578531318,18.242372969254014,18.36366534764207,195354000,13.739999771118164,14.109999656677246,14.34000015258789,13.59000015258789,-0.010086479983317576,4.005790901579343,2.380952380952381,0.0
2023-06-28,19.16419792175293,19.474706148918088,18.742100916123732,18.761506292240288,217352600,13.430000305175781,13.899999618530273,13.960000038146973,13.359999656677246,0.017424280245004642,2.50965457108224,1.1904761904761905,0.0
2023-06-29,19.033203125,19.193309980859723,18.761507483590385,19.096275691015208,198266400,13.539999961853027,13.640000343322754,13.850000381469727,13.40999984741211,0.0487993897666239,3.0405409137304056,2.1825396825396823,0.0
2023-06-30,19.89195442199707,20.061763048704027,19.54748443594854,19.600853390277933,184308800,13.59000015258789,13.510000228881836,13.59000015258789,12.960000038146973,0.01116075720891585,3.28185456136139,2.7777777777777777,0.0
2023-07-03,20.02779769897461,20.129684707335734,19.81432377106418,19.988985098797663,79868000,13.569999694824219,13.850000381469727,13.850000381469727,13.470000267028809,-0.04771931966145837,3.185327261238996,2.7777777777777777,0.0
2023-07-05,20.013246536254883,20.299496681955958,19.75125450104877,19.75610723361288,139007400,14.180000305175781,14.1899995803833,14.739999771118164,14.050000190734863,0.032023329067480066,6.129345477522008,6.349206349206349,0.0
2023-07-06,19.542631149291992,19.610554598049188,19.062314275494593,19.392229755836826,170473400,15.4399995803833,14.850000381469727,17.079999923706055,14.789999961853027,0.14966487189377697,12.210422702307817,9.126984126984127,0.0
2023-07-07,19.343708038330078,20.018093367829394,19.300042707963765,19.4989621350159,168624800,14.829999923706055,15.970000267028809,16.059999465942383,14.329999923706055,0.09527326185283713,9.266409088699806,8.73015873015873,0.0
2023-07-10,19.358266830444336,19.46015199725903,18.887651749288292,19.29034153512615,172013600,15.069999694824219,16.079999923706055,16.209999084472656,15.039999961853027,0.10890357068572198,10.424709074118532,9.523809523809524,0.0
2023-07-11,19.634811401367188,19.707585720142884,19.06716209088742,19.416484743490354,162478600,14.84000015258789,15.020000457763672,15.25,14.630000114440918,0.0935888346591538,9.314672738761004,9.126984126984127,0.0
2023-07-12,20.362565994262695,20.59059441738806,19.964727123271743,20.29464255542642,230335400,13.539999961853027,14.819999694824219,14.819999694824219,13.510000228881836,-0.045134014777781784,3.0405409137304056,2.380952380952381,0.0
2023-07-13,21.376571655273438,21.52212215431268,20.779813313670044,20.871994864547396,164773200,13.609999656677246,13.4399995803833,13.609999656677246,13.119999885559082,-0.11852331434199592,3.3783772588087833,3.968253968253968,0.0
2023-07-14,21.357162475585938,22.007289705902267,21.211611989856127,21.45419674966409,186056400,13.34000015258789,13.720000267028809,13.760000228881836,13.220000267028809,-0.10047200126659273,2.0752909258814674,1.1904761904761905,0.0
2023-07-17,21.949071884155273,22.109176877831818,21.400829758756792,21.483307696243948,145525200,13.479999542236328,13.779999732971191,14.0,13.430000305175781,-0.10550764331693885,2.7509636160382236,2.380952380952381,0.0
2023-07-18,22.473051071166992,22.725339433026782,21.49786119140922,21.842331091904896,196113200,13.300000190734863,13.609999656677246,13.670000076293945,13.289999961853027,-0.10377358126808867,1.8822409283116799,1.1904761904761905,0.0
2023-07-19,22.473051071166992,22.8708899127373,22.230466321391205,22.67197049195215,200573800,13.760000228881836,13.319999694824219,13.84000015258789,13.119999885559082,0.01624817338616147,4.102318201701738,6.349206349206349,0.0
2023-07-20,20.896251678466797,22.172248070929662,20.711886737354984,21.910256078419437,233862800,13.989999771118164,13.960000038146973,14.229999542236328,13.579999923706055,0.027920655696305197,5.212354537059266,8.73015873015873,0.0
2023-07-21,20.711889266967773,21.43479277516073,20.62455859213171,21.289242267358997,205108600,13.600000381469727,13.869999885559082,13.890000343322754,13.369999885559082,0.019490271807185655,3.3301182114225876,5.158730158730158,0.0
2023-07-24,20.794368743896484,21.012695427665538,20.474156891293568,20.852588575976533,126429200,13.90999984741211,14.289999961853027,14.300000190734863,13.729999542236328,0.03189913351469187,4.826254541919691,8.333333333333332,0.0
2023-07-25,21.211612701416016,21.48330645701921,20.901104494569562,20.901104494569562,138199200,13.859999656677246,14.020000457763672,14.09000015258789,13.819999694824219,0.04210522239935699,4.584940894288706,7.5396825396825395,0.0
2023-07-26,20.9932861328125,21.27468350246911,20.590594527872547,21.017544239559204,205764600,13.1899995803833,13.859999656677246,14.15999984741211,13.149999618530273,-0.04142446504485664,1.3513499829885132,0.7936507936507936,0.0
2023-07-27,20.81377410888672,22.167395725568852,20.595447444655754,21.885998353384995,261103200,14.40999984741211,13.140000343322754,15.020000457763672,12.739999771118164,0.030021449833117275,7.239381812879536,11.507936507936508,0.0
2023-07-28,21.93936538696289,22.118877583784535,21.410530557818248,21.493008484464085,204487600,13.329999923706055,14.029999732971191,14.180000305175781,13.270000457763672,-0.01985297427870314,2.0270272758202705,1.984126984126984,0.0
2023-07-31,21.9830322265625,22.1770989294746,21.74529834083468,21.99273583932434,159009200,13.630000114440918,13.979999542236328,14.09000015258789,13.569999694824219,-0.020129384330890843,3.474904558931178,6.746031746031746,0.0
2023-08-01,21.813222885131836,21.944218887894667,21.449345716604512,21.730744948637636,153056600,13.930000305175781,13.75,14.300000190734863,13.75,0.005050551964827177,4.9227818420420855,10.317460317460316,0.0
2023-08-02,20.386825561523438,21.201910587506504,20.14909165778878,21.197057855370574,258044000,16.09000015258789,15.699999809265137,16.479999542236328,14.949999809265137,0.21986358335580136,15.347490916160616,18.253968253968253,0.0
2023-08-03,20.241275787353516,20.60030024575115,19.916211201251503,19.94532204278716,201340200,15.920000076293945,16.770000457763672,17.420000076293945,15.720000267028809,0.10478835842271139,14.52702727582027,17.46031746031746,0.0
2023-08-04,19.95987319946289,20.944766705319996,19.877395271737324,20.566335082532497,247452800,17.100000381469727,16.010000228881836,17.389999389648438,14.569999694824219,0.2828207411358725,20.222009108141506,24.206349206349206,0.0
2023-08-07,20.454748153686523,20.474155379872247,19.86284071044671,20.246125099127408,149792200,15.770000457763672,16.899999618530273,17.360000610351562,15.770000457763672,0.15700662695192746,13.803090935602317,17.063492063492063,0.0
2023-08-08,19.930763244628906,20.03264839184546,19.40677931475857,20.03264839184546,188780000,15.989999771118164,16.280000686645508,18.139999389648438,15.960000038146973,0.14788222690684205,14.86486362089865,18.253968253968253,0.0
2023-08-09,19.266082763671875,19.99383710292614,19.139939492542133,19.969578995105994,199430600,15.960000038146973,15.8100004196167,16.8700008392334,15.380000114440918,-0.008079559553018978,14.720077273390059,18.253968253968253,0.0
2023-08-10,19.353416442871094,20.25583226004129,19.101128010593115,19.726997283891837,260554200,15.850000381469727,15.579999923706055,16.860000610351562,14.600000381469727,-0.004396965734218439,14.189190930741894,17.857142857142858,0.0
2023-08-11,18.96527671813965,19.246674078928923,18.72754283765358,18.93616588049599,201573800,14.84000015258789,15.529999732971191,16.510000228881836,14.84000015258789,-0.13216375312662954,9.314672738761004,15.277777777777779,0.0
2023-08-14,19.595998764038086,19.62025687254136,18.727544783885495,18.839135414395642,142553600,14.819999694824219,15.880000114440918,16.059999465942383,14.770000457763672,-0.060241010485942104,9.21814543863861,14.682539682539684,0.0
2023-08-15,18.994386672973633,19.57173771192766,18.863390685827806,19.440741724781837,162553600,16.459999084472656,14.949999809265137,16.56999969482422,14.90999984741211,0.029393328335340252,17.133199941674903,21.626984126984127,0.0
2023-08-16,18.36366844177246,19.12538455833052,18.34911394616152,18.882799760680815,190222000,16.780000686645508,16.540000915527344,16.93000030517578,15.800000190734863,0.051378486625225595,18.677609127583207,22.61904761904762,0.0
2023-08-17,17.74264907836914,18.611102957482956,17.67472564215239,18.55773401451984,210232800,17.889999389648438,16.959999084472656,18.1299991607666,16.399999618530273,0.12870655893255867,24.03474540947606,31.349206349206348,0.0
2023-08-18,17.660173416137695,17.859092869499257,17.16044749123421,17.238074549844207,247002000,17.299999237060547,17.799999237060547,18.8799991607666,17.139999389648438,0.16576813067240215,21.187254493315443,29.365079365079367,0.0
2023-08-21,18.514066696166992,18.620804570633,17.810570602301713,17.888197642611182,191487200,17.1299991607666,18.030000686645508,18.110000610351562,16.8799991607666,0.15587041251756117,20.366790852975093,28.174603174603174,0.0
2023-08-22,18.431594848632812,18.911911740441607,18.324856938997417,18.907060858537832,180368000,16.969999313354492,16.959999084472656,17.579999923706055,16.610000610351562,0.030984219759947473,19.594590862695945,25.793650793650798,0.0
2023-08-23,19.3000431060791,19.465000818557336,18.572288818811867,18.606250537489018,175454000,15.979999542236328,16.639999389648438,17.100000381469727,15.90999984741211,-0.047675870779067764,14.816599970837451,19.841269841269842,0.0
2023-08-24,18.02890396118164,19.84829013265762,17.99979311615891,19.833735635533916,232397200,17.200000762939453,15.569999694824219,17.31999969482422,15.479999542236328,-0.038568957532118975,20.704636403403477,30.158730158730158,0.0
2023-08-25,18.45585060119629,18.708138995782594,17.635912856097043,18.15989687195514,278289400,15.680000305175781,17.209999084472656,17.360000610351562,15.449999809265137,-0.09364156088598885,13.368727290401544,17.857142857142858,0.0
2023-08-28,18.868242263793945,19.004089136621264,18.475256138607826,18.89735310116044,182641000,15.079999923706055,16.239999771118164,16.280000686645508,15.0,-0.11967304947426538,10.47297272417973,17.063492063492063,0.0
2023-08-29,20.07146644592285,20.14424262845244,18.771211730205653,18.824580683957322,187495600,14.449999809265137,15.079999923706055,15.300000190734863,14.34000015258789,-0.14849732504739988,7.432431810449325,13.095238095238097,0.0
2023-08-30,20.406230926513672,20.512966963689372,19.930765013204134,20.10057360696652,185958200,13.880000114440918,14.529999732971191,14.699999809265137,13.829999923706055,-0.13141423579174427,4.681468194411101,9.523809523809524,0.0
2023-08-31,20.590595245361328,20.852587249214753,20.386824920658647,20.396528533850436,162242800,13.569999694824219,13.979999542236328,14.0,13.4399995803833,-0.21104656436624902,3.185327261238996,5.357142857142857,0.0
2023-09-01,20.517820358276367,21.03695161972198,20.255828361628602,20.964175448172625,165058400,13.09000015258789,13.5600004196167,13.5600004196167,13.020000457763672,-0.16517857794511415,0.8687272904015447,0.7936507936507936,0.0
2023-09-05,20.571189880371094,20.774960205178957,20.212163595189416,20.362566823577346,123778600,14.010000228881836,14.149999618530273,14.470000267028809,13.699999809265137,-0.07095488728366361,5.30888183718166,13.095238095238097,0.0
2023-09-06,20.02779769897461,20.493561856522188,19.688180507020494,20.445043792832397,148058200,14.449999809265137,14.270000457763672,15.300000190734863,14.130000114440918,0.0,7.432431810449325,14.880952380952381,0.0
2023-09-07,19.59114646911621,19.697882508984463,19.10597693095625,19.28063826081782,168623000,14.399999618530273,14.8100004196167,15.6899995803833,14.399999618530273,0.03746394090792138,7.19111816281834,14.285714285714285,0.0
2023-09-08,19.649368286132812,20.008394595084678,19.48926143394783,19.557186730822583,149541600,13.84000015258789,14.220000267028809,14.869999885559082,13.579999923706055,0.01989686542636049,4.488418196841313,9.523809523809524,0.0
2023-09-11,20.31890296936035,20.420788139184356,19.81432615102941,20.129687125180027,141712800,13.800000190734863,14.170000076293945,14.329999923706055,13.739999771118164,0.054239880051231815,4.295368199271525,9.126984126984127,0.0
2023-09-12,19.66876983642578,20.284935256548938,19.600846409932206,20.05690502408517,155524200,14.229999542236328,14.020000457763672,14.420000076293945,13.710000038146973,0.015703019968619225,6.370654522477992,14.682539682539684,0.0
2023-09-13,19.86284065246582,20.129685384803164,19.498963491033027,19.688181169629036,170849400,13.479999542236328,14.420000076293945,14.680000305175781,13.40999984741211,-0.06712804704722963,2.7509636160382236,4.166666666666666,0.0
2023-09-14,20.328601837158203,20.493559533454786,19.79491430171647,20.13453330594763,152379800,12.819999694824219,13.390000343322754,13.460000038146973,12.789999961853027,-0.10972221983067776,0.0,0.3968253968253968,0.0
2023-09-15,19.285490036010742,20.178202101645763,19.130235924663346,20.11027865927815,179839600,13.789999961853027,12.699999809265137,14.170000076293945,12.680000305175781,-0.0036127305045956515,4.661221542607746,9.920634920634921,0.0
2023-09-18,19.32915687561035,19.513521841232013,19.08172119475047,19.130237414283737,124798200,14.0,14.399999618530273,14.75,13.859999656677246,0.014492739601511984,5.67035188517707,15.079365079365079,0.0
2023-09-19,19.212717056274414,19.324307702462097,18.72754741494652,19.120535490701222,148741400,14.109999656677246,14.109999656677246,14.880000114440918,13.859999656677246,-0.008432880493278172,6.198942223563242,15.873015873015872,0.0
2023-09-20,18.379667282104492,19.426457022546114,18.355323723388413,19.36316228404873,196038400,15.140000343322754,14.180000305175781,15.149999618530273,13.569999694824219,0.12314546420311179,11.148488685234703,23.41269841269841,0.0
2023-09-21,17.332876205444336,17.90739306186685,17.318270442799566,17.79541121457017,216821200,17.540000915527344,15.489999771118164,17.540000915527344,15.100000381469727,0.36817483097200987,22.68140754070828,38.88888888888889,0.0
2023-09-22,17.347482681274414,17.90739188083044,17.29392574538336,17.59092194820161,188181200,17.200000762939453,17.309999465942383,17.40999984741211,15.930000305175781,0.24728069691946608,21.047577025808508,37.5,0.0
2023-09-25,17.57631492614746,17.59579051391367,17.045617231931008,17.191682282883313,162538400,16.899999618530273,17.25,18.40999984741211,16.790000915527344,0.20714282989501953,19.60595701325905,32.142857142857146,0.0
2023-09-26,16.792442321777344,17.27445105523623,16.636639474143365,17.19168259168454,210679400,18.940000534057617,18.030000686645508,19.5,17.170000076293945,0.34231048865367475,29.408940102657695,50.39682539682539,0.0
2023-09-27,16.894685745239258,17.17220636504347,16.37372585491948,16.948242681919762,256871600,18.219999313354492,18.290000915527344,19.709999084472656,18.030000686645508,0.20343453766103248,25.949059404969592,43.25396825396825,0.0
2023-09-28,17.303665161132812,17.610397328965007,16.617166438331488,16.74375405179161,268145800,17.34000015258789,18.219999313354492,18.770000457763672,17.059999465942383,-0.011402551453825849,21.720327532341976,39.285714285714285,0.0
2023-09-29,17.34261131286621,18.014504149848854,17.15272899872404,17.810016075324683,286858200,17.520000457763672,16.8700008392334,17.739999771118164,15.829999923706055,0.018604632594767967,22.585297706764003,40.07936507936508,0.0
2023-10-02,17.75646209716797,17.965820031499213,17.27445149416724,17.366957754127466,236463200,17.610000610351562,17.309999465942383,18.549999237060547,16.93000030517578,0.042011893955476554,23.017782793975012,40.87301587301587,0.0
2023-10-03,16.816787719726562,17.717512409838733,16.573348413502245,17.386434804790103,266539000,19.780000686645508,17.809999465942383,20.479999542236328,17.520000457763672,0.04435058758722921,33.44546147293499,59.523809523809526,0.0
2023-10-04,17.498411178588867,17.620130793552796,16.865469552235215,16.933632239447984,252759200,18.579999923706055,20.719999313354492,20.8799991607666,18.299999237060547,0.01975854137863209,27.678999753813642,48.41269841269841,0.0
2023-10-05,17.31340217590332,17.52762807260926,16.797310236250542,17.474071134109202,218006200,18.489999771118164,18.670000076293945,19.579999923706055,18.260000228881836,0.06632062332240762,27.24651466660263,47.023809523809526,0.0
2023-10-06,18.184911727905273,18.350450496710554,16.75348956750253,16.87034122789796,294897400,17.450000762939453,18.729999542236328,19.93000030517578,17.190000534057617,-0.003995416266852847,22.248922453497265,39.682539682539684,0.0
2023-10-09,18.452695846557617,18.545202092699338,17.5957886486258,17.824622137384992,210966000,17.700000762939453,19.540000915527344,19.600000381469727,17.559999465942383,0.005110741026038701,23.45026788118603,41.66666666666667,0.0
2023-10-10,18.75456428527832,19.16841036097533,18.42835465069468,18.50625515402451,216109600,17.030000686645508,17.700000762939453,17.860000610351562,16.510000228881836,-0.13902931772174643,20.23066176835862,34.92063492063492,0.0
2023-10-11,19.1538028717041,19.18788422276008,18.69613768802789,18.959050702274805,191710800,16.09000015258789,16.950000762939453,17.780000686645508,16.09000015258789,-0.13401505819928428,15.713600393898172,28.76984126984127,0.0
2023-10-12,18.929838180541992,19.49948518160209,18.559809449562678,19.21709659381768,236509200,16.690000534057617,16.079999923706055,18.079999923706055,15.4399995803833,-0.0973498788178565,18.65060645413686,30.158730158730158,0.0
2023-10-13,18.21412467956543,19.124586957965022,17.999898807381435,19.03208071124118,259511000,19.31999969482422,16.530000686645508,20.780000686645508,16.5,0.10716325788685888,33.854165321423004,59.92063492063492,0.0
2023-10-16,18.827594757080078,18.988265588173668,18.389405127114298,18.41374868589665,173152200,17.209999084472656,19.100000381469727,19.56999969482422,17.139999389648438,-0.02768370945456511,22.864579245862195,39.88095238095239,0.0
2023-10-17,18.647449493408203,18.90062658128956,17.941475171451742,18.26768479023337,210387000,17.8799991607666,17.40999984741211,18.540000915527344,16.969999313354492,0.04991182852902876,27.27762347048386,45.23809523809524,0.0
2023-10-18,17.85870933532715,18.5890273227894,17.688302547837164,18.243343921141324,263165200,19.219999313354492,18.360000610351562,20.149999618530273,17.8799991607666,0.19453071044646175,35.6744672687183,60.71428571428571,0.0
2023-10-19,17.38156509399414,18.262814105543946,17.25497562735864,18.08753938275486,370050400,21.399999618530273,19.729999542236328,21.399999618530273,18.549999237060547,0.28220484923660916,47.8260851075095,76.5873015873016,0.0
2023-10-20,16.59769058227539,17.381565379819538,16.563609230842545,17.29392708833669,277722800,21.709999084472656,21.59000015258789,21.829999923706055,20.420000076293945,0.1237059745031317,51.80652371036666,78.96825396825396,0.0
2023-10-23,16.743751525878906,17.240367824924796,16.096204078625863,16.393198407189075,263599000,20.3700008392334,21.829999923706055,23.079999923706055,19.479999542236328,0.18361428953309966,44.33353399879601,69.44444444444444,0.0
2023-10-24,17.21602439880371,17.3280062331506,16.748621475279098,16.99206073010993,245074600,18.969999313354492,20.030000686645508,20.239999771118164,18.649999618530273,0.06096198007545972,36.11273852356886,56.15079365079365,0.0
2023-10-25,15.955013275146484,16.884951404389575,15.862507002059653,16.86060784381879,328363200,20.190000534057617,19.389999389648438,21.239999771118164,18.860000610351562,0.05046832754198616,47.12276935324781,68.65079365079364,0.0
2023-10-26,15.02507209777832,15.891715307886418,14.835188834987896,15.765127704222296,374047400,20.68000030517578,21.780000686645508,21.959999084472656,20.219999313354492,-0.03364482832658766,53.94647065877231,73.4126984126984,0.0
2023-10-27,15.239298820495605,15.692096037721889,15.068892064461775,15.37562515396984,294702200,21.270000457763672,20.389999389648438,22.06999969482422,19.719999313354492,-0.02026709559023787,57.99588840033534,77.38095238095238,0.0
2023-10-30,15.731046676635742,15.916059189060238,15.375624628064562,15.55577010082788,264305600,19.75,21.1299991607666,21.15999984741211,19.549999237060547,-0.030436956980347984,50.58394101643021,64.28571428571429,0.0
2023-10-31,15.959877967834473,16.013434904471914,15.385362069943232,15.735914284890837,222923600,18.139999389648438,19.860000610351562,19.860000610351562,17.969999313354492,-0.043753292237694086,38.83211239823878,47.22222222222222,0.0
2023-11-01,16.78270149230957,16.860601973389905,16.05238378569619,16.066989545494387,332635600,16.8700008392334,18.020000457763672,18.420000076293945,16.6299991607666,-0.16443782105026983,29.562050502690752,32.34126984126984,0.0
2023-11-02,17.67369270324707,17.712643882516357,17.235503080234338,17.410777815062758,234134000,15.65999984741211,16.59000015258789,16.6200008392334,15.579999923706055,-0.24274663364039062,20.729926966650357,24.6031746031746,0.0
2023-11-03,18.29689598083496,18.491646277733953,17.834361007596797,17.868442355986478,228661200,14.90999984741211,15.699999809265137,15.829999923706055,14.90999984741211,-0.29901271619531755,15.255474716772666,22.22222222222222,0.0
2023-11-06,18.50625228881836,18.60362836722815,18.170306768463504,18.408878067702783,183599600,14.890000343322754,15.390000343322754,15.579999923706055,14.84000015258789,-0.24607593198365807,15.109492943228119,22.22222222222222,0.0
2023-11-07,19.0272159576416,19.168409335483236,18.48678043213735,18.671792956838637,204502200,14.8100004196167,15.100000381469727,15.170000076293945,14.710000038146973,-0.18357216549477928,14.525551926797913,20.634920634920633,0.0
2023-11-08,19.061296463012695,19.197621866165782,18.710743303711247,19.085640019676557,187960200,14.449999809265137,14.90999984741211,15.09000015258789,14.300000190734863,-0.14344996500179374,11.897810391735975,18.650793650793652,0.0
2023-11-09,18.608501434326172,19.333949537401562,18.530600929486642,19.153804968202877,258365200,15.289999961853027,14.609999656677246,15.569999694824219,14.130000114440918,-0.02362706827358152,18.029198025379152,25.396825396825395,0.0
2023-11-10,19.85003662109375,19.87924999965077,18.78377337723253,18.86654183053631,248927600,14.170000076293945,15.09000015258789,15.449999809265137,14.15999984741211,-0.049631105210682036,9.854016834230253,16.26984126984127,0.0
2023-11-13,19.669893264770508,19.830562213141178,19.35342147880322,19.596860742687536,180430400,14.760000228881836,15.15999984741211,15.1899995803833,14.579999923706055,-0.00873069922387304,14.16058705124753,21.428571428571427,0.0
2023-11-14,20.906566619873047,21.072105419784055,20.59009664115415,20.67773493859495,233552400,14.15999984741211,14.829999923706055,14.859999656677246,13.90999984741211,-0.04388930140363989,9.781022466894973,16.26984126984127,0.0
2023-11-15,20.964994430541992,21.31554578041446,20.741028849688284,21.237645274076737,218432600,14.180000305175781,14.210000038146973,14.350000381469727,13.970000267028809,-0.018685087034827186,9.927011201565529,17.261904761904763,0.0
2023-11-16,20.999073028564453,21.038022347971534,20.609570548021985,20.818926622261916,178045000,14.319999694824219,14.119999885559082,14.420000076293945,13.680000305175781,-0.06344017458789142,10.948904499755386,18.650793650793652,0.0
2023-11-17,21.013675689697266,21.179214451657153,20.726417304451992,20.877350305951733,157517000,13.800000190734863,14.180000305175781,14.1899995803833,13.670000076293945,-0.02611149495885201,7.153287892959044,10.515873015873016,0.0
2023-11-20,21.763471603393555,21.885191241156054,21.003940395129625,21.00881022072492,165655600,13.40999984741211,14.260000228881836,14.3100004196167,13.390000343322754,-0.09146343906066445,4.3065702170172795,3.571428571428571,0.0
2023-11-21,21.369098663330078,21.50055609102047,21.076972284436458,21.466474742059358,148275200,13.350000381469727,13.449999809265137,14.3100004196167,13.130000114440918,-0.0572033527309973,3.8686179352576295,3.571428571428571,0.0
2023-11-22,21.61740493774414,22.114019345639022,21.446996357867995,21.700173386628627,171446400,12.850000381469727,13.079999923706055,13.25,12.819999694824219,-0.0937940687646246,0.21898310200583454,0.7936507936507936,0.0
2023-11-24,21.510295867919922,21.641753307730983,21.349625044608267,21.544377220023414,63975400,12.460000038146973,13.029999732971191,13.170000076293945,12.449999809265137,-0.1298882469494409,0.0,0.3968253968253968,0.0
2023-11-27,21.447002410888672,21.782949840642736,21.310676994347606,21.427526820727234,121856400,12.6899995803833,13.140000343322754,13.279999732971191,12.640000343322754,-0.08043482572535054,1.6358430680800673,0.7936507936507936,0.0
2023-11-28,21.61740493774414,21.714779146480247,21.261982018140227,21.32527673965388,158349000,12.6899995803833,12.779999732971191,14.300000190734863,12.5600004196167,-0.05369129569138331,1.6358430680800673,0.992063492063492,0.0
2023-11-29,21.539506912231445,22.26495487941575,21.485949976943843,22.026385440599935,177523200,12.979999542236328,12.710000038146973,13.100000381469727,12.479999542236328,-0.027715417877213877,3.698431639901271,2.7777777777777777,0.0
2023-11-30,21.35936164855957,21.6466200697735,20.857877332165227,21.568719575408416,186394600,12.920000076293945,13.069999694824219,13.390000343322754,12.819999694824219,0.00544744690631771,3.2716929190498067,2.7777777777777777,0.0
2023-12-01,21.539506912231445,21.636881132069792,20.896825546074382,21.17434801595508,172937600,12.630000114440918,12.9399995803833,12.960000038146973,12.479999542236328,0.013643665792414161,1.209104347228603,0.7936507936507936,0.0
2023-12-04,20.926040649414062,20.96985979486698,20.317442438842594,20.891959298205606,181143600,13.079999923706055,13.279999732971191,13.699999809265137,12.979999542236328,0.030732888590921048,4.409671885173275,3.968253968253968,0.0
2023-12-05,21.07697296142578,21.276593093450177,20.575486789915303,20.59983220335026,167540400,12.850000381469727,13.260000228881836,13.760000228881836,12.8100004196167,0.012608416578181902,2.7738288170932073,2.579365079365079,0.0
2023-12-06,20.702075958251953,21.57845696787678,20.648519021129758,21.558981380324298,163000600,12.970000267028809,12.779999732971191,13.029999732971191,12.640000343322754,-0.0007703602126473141,3.627313041685808,3.968253968253968,0.0
2023-12-07,21.56871795654297,21.685569617967303,20.989333189269942,21.169477720725563,162755400,13.0600004196167,13.170000076293945,13.279999732971191,12.949999809265137,0.010835939821674634,4.267427905852678,4.761904761904762,0.0
2023-12-08,21.826766967773438,21.909535432349927,21.2230367297614,21.25225011229716,181789000,12.350000381469727,13.140000343322754,13.239999771118164,12.350000381469727,-0.022169416503096007,0.0,0.3968253968253968,0.0
2023-12-11,22.38180923461914,22.435366176346424,21.7147842332995,21.7488655857997,151540000,12.630000114440918,13.050000190734863,13.140000343322754,12.609999656677246,-0.034403655343266615,1.9760037506254071,1.3888888888888888,0.0
2023-12-12,22.922243118286133,22.931979054906584,22.18705546472544,22.386675596741693,142899400,12.069999694824219,12.6899995803833,12.739999771118164,11.8100004196167,-0.060700440738531314,0.0,0.3968253968253968,0.0
2023-12-13,23.73046112060547,23.891130074798518,22.931978746002105,23.068306001677644,230081400,12.1899995803833,12.199999809265137,12.460000038146973,11.819999694824219,-0.06013883350707072,0.8304489911644224,0.7936507936507936,0.0
2023-12-14,23.691513061523438,24.212473025050897,23.151077507867313,23.978771515390452,202697800,12.479999542236328,11.960000038146973,12.739999771118164,11.84000015258789,-0.04441047923009134,2.837369036433921,1.984126984126984,0.0
2023-12-15,23.973899841308594,24.24168266366077,23.710984987088985,23.82783479521267,156731000,12.279999732971191,12.119999885559082,12.539999961853027,12.010000228881836,-0.005668068529258163,1.4532873844932168,1.1904761904761905,0.0
2023-12-18,24.475383758544922,24.636052706552842,24.03719234162481,24.095619102076945,116436000,12.5600004196167,12.619999885559082,12.640000343322754,12.399999618530273,-0.005542335248610364,3.391008297032113,2.7777777777777777,0.0
2023-12-19,24.840543746948242,24.860019334622876,24.519203979493874,24.548415503711556,120349600,12.529999732971191,12.600000381469727,12.600000381469727,12.329999923706055,0.03811102317958026,3.1833910993745747,2.7777777777777777,0.0
2023-12-20,23.736833572387695,25.07184683082439,23.697711402766476,24.685523800329598,176165000,13.670000076293945,12.630000114440918,13.930000305175781,12.289999961853027,0.12141103747799376,11.072666415169454,17.46031746031746,0.0
2023-12-21,24.524150848388672,24.58283224056508,23.932440126088533,24.397005655650663,149089400,13.649999618530273,13.399999618530273,14.489999771118164,13.34000015258789,0.09375000955202673,10.934254950064428,17.261904761904763,0.0
2023-12-22,24.621950149536133,24.91046960902935,24.274749303580055,24.744204126178214,132420000,13.029999732971191,13.720000267028809,13.960000038146973,13.0,0.061074919894850366,6.64359852913729,7.936507936507936,0.0
2023-12-26,25.071849822998047,25.1892126149728,24.75398868595786,24.763769229530414,87371200,12.989999771118164,13.770000457763672,13.800000190734863,12.960000038146973,0.03423561601398317,6.366782198749149,7.936507936507936,0.0
2023-12-27,25.203882217407227,25.26256360839896,24.949593702512672,25.11096799410188,111495600,12.430000305175781,13.020000457763672,13.039999961853027,12.369999885559082,-0.007980800472985883,2.4913535733151777,1.984126984126984,0.0
2023-12-28,25.140308380126953,25.43371718603593,25.071846449778036,25.389705678604813,85768200,12.470000267028809,12.4399995803833,12.649999618530273,12.380000114440918,-0.08778345300422752,2.7681699037033187,2.7777777777777777,0.0
2023-12-29,24.793109893798828,25.194102837402873,24.45079834389473,25.125640900511627,134245400,12.449999809265137,12.550000190734863,13.1899995803833,12.359999656677246,-0.08791207639567267,2.629758438598293,2.380952380952381,0.0
2024-01-02,23.536340713500977,24.172061143414247,23.115786653042782,24.13293896781441,176270600,13.199999809265137,13.220000267028809,14.229999542236328,13.100000381469727,0.013046821164836686,7.820069583242366,11.706349206349206,0.0
2024-01-03,22.783252716064453,23.247818232089706,22.705010240293195,23.066880991192356,167812200,14.039999961853027,13.350000381469727,14.220000267028809,13.329999923706055,0.08083142488342632,13.633219121215234,27.77777777777778,0.0
2024-01-04,22.40182113647461,22.96907955867616,22.36269896541695,22.431160899320066,143735400,14.130000114440918,13.930000305175781,14.199999809265137,13.640000343322754,0.1367658702757446,14.256057514544027,28.57142857142857,0.0
2024-01-05,22.484952926635742,22.944627243362056,22.235555615489538,22.426271535562716,170481600,13.350000381469727,14.239999771118164,14.579999923706055,13.289999961853027,0.07056937414569875,8.858135772064326,13.690476190476192,0.0
2024-01-08,23.839529037475586,23.912882180693142,22.656111260671288,22.685451025599974,135374200,13.079999923706055,14.0,14.180000305175781,13.020000457763672,0.05060241960582834,6.989620592077943,10.515873015873016,0.0
2024-01-09,23.996013641357422,24.162279146764043,23.282050768619307,23.306501194175123,148431600,12.760000228881836,13.199999809265137,13.449999809265137,12.739999771118164,-0.033333302025842726,4.775089948972817,6.349206349206349,0.0
2024-01-10,24.47035789489746,24.65129326896418,23.883538398374096,24.044912687285564,147621000,12.6899995803833,12.859999656677246,12.949999809265137,12.670000076293945,-0.09615387358530669,4.290656420927138,5.952380952380952,0.0
2024-01-11,24.58772087097168,24.925143063522956,23.66837224671778,24.67085455082046,190228400,12.4399995803833,12.640000343322754,13.3100004196167,12.350000381469727,-0.11960371694055616,2.56055270604578,2.380952380952381,0.0
2024-01-12,24.617063522338867,24.930033438538278,24.3725555421271,24.778437819245756,128214000,12.699999809265137,12.65999984741211,13.079999923706055,12.470000267028809,-0.048689180047276515,4.35986215347965,7.142857142857142,0.0
2024-01-16,24.602394104003906,24.895802939607016,24.12315867761329,24.39211708782412,145874000,13.84000015258789,14.119999885559082,14.350000381469727,13.520000457763672,0.058103993372692564,12.24913746927453,25.595238095238095,0.0
2024-01-17,24.17694854736328,24.250301688017316,23.40919363442857,23.99601316331728,166554600,14.789999961853027,14.59000015258789,15.399999618530273,14.380000114440918,0.159090885310202,18.823530265859308,38.492063492063494,0.0
2024-01-18,25.21366310119629,25.291905578726197,24.504589599267106,24.73931703185683,182140800,14.130000114440918,14.850000381469727,14.890000343322754,13.890000343322754,0.11347522314213676,14.256057514544027,31.547619047619047,0.0
2024-01-19,26.670930862426758,26.71005116912981,25.47773072809432,25.585314836061432,186359400,13.300000190734863,13.800000190734863,14.579999923706055,13.279999732971191,0.06913188419296268,8.512113709123673,14.484126984126986,0.0
2024-01-22,26.77851104736328,27.345769441829848,26.656257066957146,27.096372142598316,149656600,13.1899995803833,13.770000457763672,13.84000015258789,13.170000076293945,0.038582659722615986,7.750863850689853,13.293650793650794,0.0
2024-01-23,27.096376419067383,27.13060738974777,26.54378781809433,26.900769273366908,112172000,12.550000190734863,13.199999809265137,13.289999961853027,12.529999732971191,-0.09320808870163311,3.3218025644796,4.761904761904762,0.0
2024-01-24,27.541378021240234,28.3140241139093,27.443574458624838,27.84945859057201,179718600,13.140000343322754,12.65999984741211,13.180000305175781,12.40999984741211,-0.11156184062109664,7.40484838757111,13.492063492063492,0.0
2024-01-25,27.61962127685547,28.133087663251462,27.15016640160472,28.001053129815716,151395200,13.449999809265137,13.180000305175781,13.579999923706055,13.0600004196167,-0.04812457888664967,9.550173298123724,19.047619047619047,0.0
2024-01-26,27.111042022705078,27.57560752132768,26.98389870388249,27.228406664689363,128382600,13.260000228881836,13.729999542236328,14.100000381469727,13.199999809265137,-0.003007515885668388,8.235297378735531,15.476190476190476,0.0
2024-01-29,27.908140182495117,27.971712778469094,27.062142810871464,27.194177341533813,115977200,13.600000381469727,13.979999542236328,15.350000381469727,13.59000015258789,0.03108421638588954,10.588239486945685,23.214285714285715,0.0
2024-01-30,27.35066032409668,27.834785036161737,27.18928417644321,27.72231159936432,119554400,13.3100004196167,13.6899995803833,13.739999771118164,13.229999542236328,0.06055778624154229,8.581319441676186,16.666666666666664,0.0
2024-01-31,25.74180030822754,26.88609775024052,25.712460543975848,26.49977468704495,203451600,14.350000381469727,13.420000076293945,14.609999656677246,13.180000305175781,0.09208523641796162,15.778550631589757,38.095238095238095,0.0
2024-02-01,26.651369094848633,26.719831028914214,25.873833664986513,26.059660247055795,162261400,13.880000114440918,14.210000038146973,14.630000114440918,13.869999885559082,0.03197028336606911,12.52595379966267,30.357142857142854,0.0
2024-02-02,27.991273880004883,28.206440227067908,26.793184425939444,26.983900348521097,198505000,13.850000381469727,13.949999809265137,14.229999542236328,13.390000343322754,0.04449473170466467,12.318343201827043,29.365079365079367,0.0
2024-02-05,27.849458694458008,28.079294922196574,27.174616161886995,27.96682147767604,139947800,13.670000076293945,14.369999885559082,14.529999732971191,13.579999923706055,0.005147036239763203,11.072666415169454,25.992063492063494,0.0
2024-02-06,27.688081741333008,28.186878219318345,27.208846348472058,28.059734896905336,140124200,13.0600004196167,13.569999694824219,13.779999732971191,12.979999542236328,-0.018782869430382765,6.851215726794828,12.103174603174603,0.0
2024-02-07,28.51451873779297,28.685673562239536,27.9570390264934,28.21132752670522,131823400,12.829999923706055,13.0600004196167,13.130000114440918,12.8100004196167,-0.10592337403185448,5.259516877196586,8.73015873015873,0.0
2024-02-08,28.63188362121582,28.798149119541055,28.372705763556525,28.514520837367307,98922200,12.789999961853027,12.949999809265137,13.170000076293945,12.739999771118164,-0.07853026971187427,4.982700546808445,8.333333333333332,0.0
2024-02-09,29.472991943359375,29.63925744330717,28.710126379108114,28.866611336065116,110222000,12.930000305175781,12.789999961853027,13.010000228881836,12.6899995803833,-0.0664259964588042,5.951561003077893,11.11111111111111,0.0
2024-02-12,29.125791549682617,29.89843580442192,28.988865810965276,29.443650807693597,116255000,13.930000305175781,13.479999542236328,13.9399995803833,13.34000015258789,0.019019767917391572,12.871975862603325,34.32539682539682,0.0
2024-02-13,27.746768951416016,28.299355694081235,27.11104665239908,27.502260948855046,188933000,15.850000381469727,13.960000038146973,17.940000534057617,13.430000305175781,0.21362939297171257,26.159172920877904,53.37301587301587,0.0
2024-02-14,28.62699317932129,28.729686077593314,27.80544626224961,28.265120567929916,156151400,14.380000114440918,15.380000114440918,15.470000267028809,14.220000267028809,0.12081061574060659,15.986161229425386,41.66666666666667,0.0
2024-02-15,28.866609573364258,28.954632589458544,28.23088924136487,28.759027337930583,130057200,14.010000228881836,14.270000457763672,14.640000343322754,13.9399995803833,0.0953870422726768,13.425608523379607,36.7063492063492,0.0
2024-02-16,28.07440757751465,28.95463597596031,27.92770315534836,28.930185549840584,151933000,14.239999771118164,13.9399995803833,14.710000038146973,13.75,0.10131472815340925,15.017300773155936,40.87301587301587,0.0
2024-02-20,27.42401695251465,27.961933782348492,26.67582123737379,27.668524941611473,163321000,15.420000076293945,15.09000015258789,15.90999984741211,15.069999694824219,0.10696336959623354,23.183392419338958,51.98412698412699,0.0
2024-02-21,27.08170509338379,27.101264314553507,26.318839504327944,26.881208619172995,152898600,15.34000015258789,15.539999961853027,16.1200008392334,15.220000267028809,-0.032176669817502224,22.629759758562678,51.98412698412699,0.0
2024-02-22,29.424091339111328,29.63436836487777,28.602546188878314,28.744359408798033,179279200,14.539999961853027,14.279999732971191,14.640000343322754,14.119999885559082,0.011126553973489273,17.09342655097795,45.23809523809524,0.0
2024-02-23,29.15513038635254,29.937557024807482,28.95952512582466,29.74684110297748,140390800,13.75,14.3100004196167,14.3100004196167,13.640000343322754,-0.018558188767609063,11.626299075945735,28.57142857142857,0.0
2024-02-26,29.116008758544922,29.52189100816268,29.062216708071404,29.31161401019223,109875400,13.739999771118164,14.170000076293945,14.199999809265137,13.65999984741211,-0.035112360114928465,11.557093343393223,28.373015873015873,0.0
2024-02-27,29.296945571899414,29.38496859238166,28.788368534768168,29.3213959963783,109399800,13.430000305175781,13.630000114440918,13.75,13.40999984741211,-0.12905316220961016,9.411768432840608,20.833333333333336,0.0
2024-02-28,28.822599411010742,29.11111889602427,28.631883489051393,28.86661092111273,123503400,13.84000015258789,13.520000457763672,13.899999618530273,13.4399995803833,-0.09778357138718452,12.24913746927453,32.142857142857146,0.0
2024-02-29,29.51700210571289,29.756618868973817,28.744356033766472,29.38007824099236,136959800,13.399999618530273,14.140000343322754,14.149999618530273,13.300000190734863,-0.07840442546861381,9.204151235183069,20.238095238095237,0.0
2024-03-01,30.871578216552734,31.057402939069537,29.697939161073013,29.707719704170927,140959600,13.109999656677246,13.34000015258789,13.65999984741211,13.079999923706055,-0.04654547951438215,7.197231189913571,15.079365079365079,0.0
2024-03-04,30.50481605529785,30.944929299281394,30.470585087391836,30.852016938600475,120418600,13.489999771118164,13.489999771118164,13.579999923706055,13.319999694824219,-0.018195051249237038,9.826989628511864,23.809523809523807,0.0
2024-03-05,28.871503829956055,29.87887555218443,28.37270730783175,29.87887555218443,193207000,14.460000038146973,13.75,15.100000381469727,13.75,0.07669394710097222,16.53979389020167,47.61904761904761,0.0
2024-03-06,29.404529571533203,30.04024993291845,29.023095862343812,29.70282959925842,181677400,14.5,14.270000457763672,14.930000305175781,13.890000343322754,0.04768784972077467,16.81661022058981,48.214285714285715,0.0
2024-03-07,30.7150936126709,30.964490935480995,29.7859625275631,30.09893244852004,142370800,14.4399995803833,14.979999542236328,14.979999542236328,14.25,0.07761193966116653,16.401382425096642,46.42857142857143,0.0
2024-03-08,29.37030029296875,31.360593307574526,29.228485211724653,30.768884422250004,296451200,14.739999771118164,14.220000267028809,15.529999732971191,13.970000267028809,0.12433258254211466,18.477508202918653,50.79365079365079,0.0
2024-03-11,29.02798843383789,29.282276963459672,28.636776028822805,29.052438859379855,146770000,15.220000267028809,15.510000228881836,16.040000915527344,15.130000114440918,0.12824318200616602,21.799310767398254,56.34920634920635,0.0
2024-03-12,30.26030731201172,30.33854978888621,28.832379777242533,29.482771881938064,170560000,13.84000015258789,14.970000267028809,15.199999809265137,13.8100004196167,-0.0428768937706403,12.24913746927453,33.53174603174603,0.0
2024-03-13,29.556123733520508,30.05492023290673,29.326287502514965,30.045139689924905,143779800,13.75,13.890000343322754,14.039999961853027,13.670000076293945,-0.051724137931034475,11.940300935427775,30.753968253968257,0.0
2024-03-14,29.31650733947754,29.87887457736222,28.749248897314637,29.766401129785287,162480400,14.399999618530273,13.619999885559082,15.329999923706055,13.420000076293945,-0.0027700805412326224,16.56005667550346,46.62698412698413,0.0
2024-03-15,28.245559692382812,28.812818104525437,28.015723470561895,28.700344662900786,140883800,14.40999984741211,14.329999923706055,15.529999732971191,14.140000343322754,-0.022388054873152874,17.410714729201207,47.42063492063492,0.0
2024-03-18,29.04265785217285,29.732170287950773,28.993757001870023,29.282276495731583,129193800,14.329999923706055,14.75,14.850000381469727,14.260000228881836,-0.05847571141314423,16.81547722527901,45.63492063492063,0.0
2024-03-19,29.243154525756836,29.33117754927013,28.206441195481,28.626995226611655,118810000,13.819999694824219,14.5,14.859999656677246,13.800000190734863,-0.0014451197646795366,14.486755058381764,32.93650793650794,0.0
2024-03-20,30.281152725219727,30.344954704950066,29.13272645096735,29.48118010487065,156556000,13.039999961853027,13.829999923706055,14.170000076293945,13.010000228881836,-0.051636366410688916,9.203037787215191,13.095238095238097,0.0
2024-03-21,30.673778533935547,31.385410570358626,30.634515198766255,31.28725410461426,126541800,12.920000076293945,12.979999542236328,13.079999923706055,12.399999618530273,-0.1027777487113144,8.064519047787947,10.912698412698413,0.0
2024-03-22,30.737577438354492,31.002597435483338,30.37930796562929,30.560896192149478,91574800,13.0600004196167,12.920000076293945,13.149999618530273,12.579999923706055,-0.09368490229636306,9.392795434524382,14.285714285714285,0.0
2024-03-25,30.42348289489746,30.737582103745805,29.96705689698378,30.173183800723397,86669400,13.1899995803833,13.670000076293945,13.670000076293945,13.109999656677246,-0.07955340888989515,11.582211755145353,17.46031746031746,0.0
2024-03-26,30.13882827758789,30.92407627263361,30.07502629293452,30.72776520996163,93986000,13.239999771118164,13.119999885559082,13.430000305175781,12.84000015258789,-0.041968157490138935,12.136931020455325,19.047619047619047,0.0
2024-03-27,30.403846740722656,30.737577568932387,29.795278209228833,30.708130070380225,111388600,12.779999732971191,13.130000114440918,13.34000015258789,12.65999984741211,-0.01993866791736476,7.365146090251627,8.333333333333332,0.0
2024-03-28,30.212446212768555,30.54126822690672,30.133921412961016,30.374402793293335,87023400,13.010000228881836,12.930000305175781,13.100000381469727,12.84000015258789,0.006965956041519394,9.751043501797339,13.492063492063492,0.0
2024-04-01,30.398941040039062,30.914262021148726,29.99650121232711,30.389125206170615,112290600,13.649999618530273,13.609999656677246,14.149999618530273,13.550000190734863,0.045176047469904335,16.390041740071894,31.349206349206348,0.0
2024-04-02,29.584243774414062,29.65295273518881,28.95604542198349,29.38302387263997,109672800,14.609999656677246,13.739999771118164,15.430000305175781,13.680000305175781,0.10765732535775263,26.34854899037145,55.75396825396825,0.0
2024-04-03,29.780559539794922,30.163367713344595,29.142545293152484,29.15236112736901,111683800,14.329999923706055,15.0,15.180000305175781,14.25,0.08232629693586735,23.443987261126335,49.404761904761905,0.0
2024-04-04,28.37692642211914,30.727765305882922,28.337664958333743,30.600161336177845,167520400,16.350000381469727,14.289999961853027,16.920000076293945,13.739999771118164,0.2793427795845935,44.39835018289971,70.63492063492063,0.0
2024-04-05,29.378116607666016,29.903251513850382,28.4947122150685,28.661577634839713,154897200,16.030000686645508,16.450000762939453,16.75,15.529999732971191,0.2321291625390871,41.078851063762436,69.04761904761905,0.0
2024-04-08,29.397747039794922,29.770739324235002,29.10818652564826,29.549887767313198,89725400,15.1899995803833,16.239999771118164,16.5,15.109999656677246,0.11282051317880137,32.36514609025163,62.698412698412696,0.0
2024-04-09,29.7020320892334,29.908158972859894,28.749918721293277,29.844358864410996,119965000,14.979999542236328,15.34000015258789,16.6299991607666,14.9399995803833,0.02532511254303693,30.18672232009586,61.111111111111114,0.0
2024-04-10,28.92169189453125,29.093464302127817,28.494713429806342,28.641947189486086,202080600,15.800000190734863,15.239999771118164,16.6200008392334,14.59000015258789,0.10258201499338426,38.69295365221672,67.46031746031747,0.0
2024-04-11,30.281152725219727,30.457833978516824,28.798995610779222,29.255421557737137,146931200,14.90999984741211,16.020000457763672,17.610000610351562,14.90999984741211,-0.08807342510460381,29.460584361006507,60.912698412698404,0.0
2024-04-12,28.818628311157227,29.618599088029377,28.52415892103733,29.38793355210777,172589800,17.309999465942383,14.90999984741211,19.200000762939453,14.90999984741211,0.07985020115209562,54.356847540311534,84.92063492063492,0.0
2024-04-15,27.370824813842773,29.559705082966143,27.208866373249148,29.544982269159004,203656200,19.229999542236328,16.940000534057617,19.459999084472656,16.260000228881836,0.2659644551320708,74.27386204091066,95.63492063492063,0.0
2024-04-16,27.375730514526367,27.88123560702401,27.11071051749409,27.33156020299121,163766200,18.399999618530273,19.489999771118164,19.559999465942383,17.639999389648438,0.22830441794415313,65.66390378098255,91.66666666666666,0.0
2024-04-17,26.359817504882812,27.753634056961257,26.18313624343671,27.748727076222796,171026400,18.209999084472656,18.239999771118164,19.110000610351562,17.540000915527344,0.15253157371169013,63.69294375932899,90.47619047619048,0.0
2024-04-18,25.888669967651367,26.776983298345716,25.770881830295743,26.448159407688003,172781600,18.0,17.90999984741211,18.3700008392334,17.209999084472656,0.20724347311943236,61.514529882060955,89.68253968253968,0.0
2024-04-19,24.283815383911133,25.75124968927108,23.974623189664687,25.658000209637127,250807600,18.709999084472656,21.329999923706055,21.360000610351562,18.170000076293945,0.08087808559929699,68.87966607942485,92.85714285714286,0.0
2024-04-22,24.99053955078125,25.407704055510646,24.13167376550047,24.725519531321954,142604800,16.940000534057617,18.59000015258789,18.719999313354492,16.690000534057617,-0.11908471464853698,50.518684103474854,77.18253968253968,0.0
2024-04-23,26.1046142578125,26.31565002369272,25.27028890118358,25.33408901854901,151835000,15.6899995803833,16.719999313354492,16.760000228881836,15.6899995803833,-0.14728261382232777,37.55186841034748,67.06349206349206,0.0
2024-04-24,26.359817504882812,26.948754418976872,25.92793205710216,26.659193878757726,144316800,15.970000267028809,15.760000228881836,16.3799991607666,15.579999923706055,-0.12300927677442086,40.45644003248033,70.23809523809523,0.0
2024-04-25,25.9377498626709,26.10461531519145,24.774600548671856,24.980729341634476,172827200,15.369999885559082,16.25,17.549999237060547,15.270000457763672,-0.1461111174689399,34.232369291210205,65.07936507936508,0.0
2024-04-26,27.130342483520508,27.4199030218437,26.38926483306152,26.5168669253933,135994600,15.029999732971191,15.489999771118164,16.059999465942383,14.920000076293945,-0.1966862389937517,30.70539653068299,62.301587301587304,0.0
2024-04-29,27.45425796508789,27.645663915073122,26.93403188124059,27.522968801384025,102355000,14.670000076293945,15.369999885559082,15.420000076293945,14.630000114440918,-0.13400238407312148,26.97096002165355,56.74603174603175,0.0
2024-04-30,25.883760452270508,27.41008600221662,25.878851599597755,27.140157142756248,125248600,15.649999618530273,14.819999694824219,15.899999618530273,14.670000076293945,-0.002549392155691166,37.13693102045533,67.26190476190477,0.0
2024-05-01,25.324270248413086,26.894768049037044,25.16231367487042,25.594200991282243,208076800,15.390000343322754,15.75,16.219999313354492,14.350000381469727,-0.03631809104621653,34.43984293260015,66.26984126984127,0.0
2024-05-02,26.261661529541016,26.42852696043867,25.127959867781797,25.972100983929757,124829800,14.680000305175781,15.140000343322754,16.09000015258789,14.600000381469727,-0.044892621048851944,27.074696842348523,57.14285714285714,0.0
2024-05-03,27.827255249023438,28.028475182929586,27.351197555951707,27.64566698481034,150878000,13.489999771118164,14.510000228881836,14.579999923706055,13.479999542236328,-0.10246174246262574,14.730292180503254,26.785714285714285,0.0
2024-05-06,28.74010467529297,28.759734471017136,28.03337960821384,28.180613373129024,82530800,13.489999771118164,13.979999542236328,14.020000457763672,13.4399995803833,-0.08043628486973275,14.730292180503254,26.984126984126984,0.0
2024-05-07,28.74010467529297,29.068926687864256,28.60268487215042,28.81862947472633,93320400,13.229999542236328,13.520000457763672,13.640000343322754,13.15999984741211,-0.1546325965036166,12.033194199760356,19.841269841269842,0.0
2024-05-08,28.686115264892578,28.96585994809622,28.195334856159356,28.21987350216028,78027200,13.0,13.239999771118164,13.510000228881836,12.9399995803833,-0.1552956653675256,9.64730668110237,13.492063492063492,0.0
2024-05-09,28.84316635131836,28.956045626557042,28.34257008362151,28.71065540938283,81439200,12.6899995803833,13.079999923706055,13.289999961853027,12.680000305175781,-0.13555862966098564,6.4315344897723365,6.944444444444445,0.0
2024-05-10,29.039478302001953,29.481181455480268,28.730287966745973,29.132727785613397,92669600,12.550000190734863,12.770000457763672,12.960000038146973,12.5,-0.06968121544344441,4.9792585715936415,4.9603174603174605,0.0
2024-05-13,29.230884552001953,29.432104463514854,28.94623098966822,29.407563943040053,67722000,13.600000381469727,13.260000228881836,13.65999984741211,13.25,0.008154233670712996,15.871377422372488,32.142857142857146,0.0
2024-05-14,29.775651931762695,29.888533093883733,29.093467338707615,29.132730677215633,92952800,13.420000076293945,13.710000038146973,14.029999732971191,13.270000457763672,0.014361340939661238,14.00415422141391,25.793650793650798,0.0
2024-05-15,31.14983558654785,31.223451530329218,29.96705478354378,30.27624511734742,130481400,12.449999809265137,13.729999542236328,13.9399995803833,12.380000114440918,-0.04230770697960484,3.9419101504193796,2.976190476190476,0.0
2024-05-16,30.958431243896484,31.508102943681994,30.914260929138173,31.09584916884286,87715200,12.420000076293945,12.520000457763672,12.670000076293945,12.329999923706055,-0.02127655736937384,3.6307095812221912,1.984126984126984,0.0
2024-05-17,30.889719009399414,31.095847759656554,30.43820192093505,30.96333682138669,70099600,11.989999771118164,12.279999732971191,12.479999542236328,11.90999984741211,-0.04462154670165852,0.0,0.3968253968253968,0.0
2024-05-20,31.527734756469727,31.670061534924308,30.894629404912372,30.928983886307776,74539000,12.149999618530273,12.270000457763672,12.59000015258789,12.069999694824219,-0.10661770016676675,1.6460890814290752,1.1904761904761905,0.0
2024-05-21,31.689693450927734,31.738770746969784,31.090940703884765,31.13511101919415,62314000,11.859999656677246,12.300000190734863,12.5600004196167,11.84000015258789,-0.11624444193352845,0.0,0.3968253968253968,0.0
2024-05-22,31.670061111450195,31.900728516745414,31.12529452492332,31.748587778936905,80039400,12.289999961853027,12.050000190734863,12.8100004196167,11.779999732971191,-0.01285139356331877,4.365485585332895,2.7777777777777777,0.0
2024-05-23,31.198915481567383,32.641811314906576,30.821014281034692,32.6369024616049,130877800,12.770000457763672,11.529999732971191,13.369999885559082,11.520000457763672,0.028180384808352166,9.238587349746666,11.507936507936508,0.0
2024-05-24,32.072505950927734,32.33752787871884,31.380505498703695,31.532648132549497,82558000,11.930000305175781,12.859999656677246,12.890000343322754,11.890000343322754,-0.005004125695390882,0.7106665235025545,0.7936507936507936,0.0
2024-05-28,32.420955657958984,32.44058732548122,31.802574980618413,32.322801064705544,83186400,12.920000076293945,12.510000228881836,13.4399995803833,12.359999656677246,0.06337452526248022,10.761426205015978,15.476190476190476,0.0
2024-05-29,31.743677139282227,32.11667130013312,31.508100894440243,31.527732560206857,79282200,14.279999732971191,13.75,14.319999694824219,13.6899995803833,0.20404722987757196,24.568530120570582,55.55555555555556,0.0
2024-05-30,30.722854614257812,31.55718360396054,30.423480120250474,31.53264308436197,84703600,14.470000267028809,14.819999694824219,14.880000114440918,13.670000076293945,0.17738000910840457,26.497469664683248,61.50793650793651,0.0
2024-05-31,30.688501358032227,30.865182621990993,28.936415277405892,30.722855840226558,143746400,12.920000076293945,14.5,14.869999885559082,12.84000015258789,0.011746250051156482,10.761426205015978,15.674603174603174,0.0
2024-06-03,30.987878799438477,31.483568126128823,29.917977217358303,31.277439353711166,111435000,13.109999656677246,13.079999923706055,14.3100004196167,13.0,0.09891025325368408,12.690356067155328,22.42063492063492,0.0
2024-06-04,31.218544006347656,31.473748186963242,30.5608981435795,30.919167639181577,88491800,13.15999984741211,13.510000228881836,14.079999923706055,13.109999656677246,0.018575833568184263,13.197972246236207,23.41269841269841,0.0
2024-06-05,33.10314178466797,33.11786834428698,31.728958691167794,31.959626115212917,104871400,12.630000114440918,13.140000343322754,13.25,12.600000381469727,-0.11554619393448429,7.8172639847148755,9.126984126984127,0.0
2024-06-06,33.06387710571289,33.31417241536341,32.80866919925386,33.24546345847613,73031200,12.579999923706055,12.75,12.979999542236328,12.539999961853027,-0.1306150869692303,7.309647805633998,8.73015873015873,0.0
2024-06-07,32.941184997558594,33.53502888995206,32.69579477370885,32.941184997558594,89943400,12.220000267028809,12.6899995803833,13.079999923706055,12.109999656677246,-0.05417955148077125,3.654828743803658,2.7777777777777777,0.0
2024-06-10,33.289642333984375,33.4025197525519,32.62708940546093,32.68107181584666,72041800,12.739999771118164,13.09000015258789,13.279999732971191,12.619999885559082,-0.02822272274970139,8.93401183311415,12.698412698412698,0.0
2024-06-11,33.97673416137695,34.02090260713366,32.71542848187756,33.03934165050042,71386800,12.850000381469727,12.850000381469727,13.470000267028809,12.779999732971191,-0.023556190694283607,10.050769363486742,15.873015873015872,0.0
2024-06-12,35.316558837890625,35.83678488878525,34.70799216096129,34.850318933148166,124402600,12.039999961853027,13.100000381469727,13.149999618530273,11.9399995803833,-0.04671418426301477,1.827414371901829,1.5873015873015872,0.0
2024-06-13,35.88096237182617,36.26377055971256,35.370550206524975,36.10672095072435,87285000,11.9399995803833,12.050000190734863,12.680000305175781,11.880000114440918,-0.05087443141527548,0.8121820137400756,1.1904761904761905,0.0
2024-06-14,36.401180267333984,36.42081193206252,35.694459058892434,35.802427598363636,71555000,12.65999984741211,12.220000267028809,13.449999809265137,12.119999885559082,0.03600651151951917,8.121829819374074,11.507936507936508,0.0
2024-06-17,37.72138977050781,38.1434613027526,36.15579876731245,36.45517517377347,93354600,12.75,13.069999694824219,13.289999961853027,12.5,0.0007849473360672654,9.035537005324988,14.285714285714285,0.0
2024-06-18,37.74101638793945,37.90297483094018,37.328758873424654,37.70666190709302,66433200,12.300000190734863,12.699999809265137,12.739999771118164,12.239999771118164,-0.04280156999279072,4.467010757543734,4.761904761904762,0.0
2024-06-20,36.85270309448242,38.11401247641253,36.42572648892915,38.01585413739735,105455000,13.279999732971191,12.5,13.550000190734863,12.180000305175781,0.10299001453878076,14.41624526684632,30.952380952380953,0.0
2024-06-21,36.514068603515625,37.06864920011327,36.18033772603757,36.75945884447425,77341800,13.199999809265137,13.220000267028809,13.779999732971191,12.989999771118164,0.10552766106892841,13.604063253106244,29.166666666666668,0.0
2024-06-24,35.27729415893555,36.626940272513544,35.238034572252126,36.22940934270856,93754600,13.329999923706055,13.850000381469727,13.880000114440918,13.149999618530273,0.05292259750152395,14.923861445927194,32.34126984126984,0.0
2024-06-25,36.455177307128906,36.52879513577889,35.51778843835123,35.723915363084544,77675000,12.84000015258789,13.479999542236328,13.520000457763672,12.84000015258789,0.007058835497089522,9.949244191275904,17.46031746031746,0.0
2024-06-26,36.68327331542969,36.80151005112705,36.16598524757992,36.259587607279556,72549600,12.550000190734863,12.8100004196167,13.239999771118164,12.369999885559082,0.020325202936851694,7.0050819709748,9.523809523809524,0.0
2024-06-27,36.94930648803711,37.29416517845432,36.41723557252669,36.61429929219846,74115400,12.239999771118164,12.6899995803833,12.770000457763672,12.210000038146973,-0.07831325171422598,3.857869406252018,3.968253968253968,0.0
2024-06-28,36.36797332763672,38.195732042178115,36.18568871541135,37.0921803908599,107803000,12.4399995803833,12.239999771118164,12.760000228881836,11.869999885559082,-0.057575775747238156,5.888324440602207,6.944444444444445,0.0
2024-07-01,36.964088439941406,37.09218043133897,35.678252174994576,36.535478857411206,86557400,12.220000267028809,12.979999542236328,13.260000228881836,12.100000381469727,-0.08327079242537905,3.654828743803658,3.7698412698412698,0.0
2024-07-02,38.09720230102539,38.1218329188296,36.574888794427764,36.5995231709101,74950200,12.029999732971191,12.670000076293945,12.880000114440918,11.850000381469727,-0.06308414408028218,1.72588919969099,1.984126984126984,0.0
2024-07-03,39.03325271606445,39.07266245678041,37.909990535400794,37.909990535400794,56150400,12.09000015258789,12.130000114440918,12.229999542236328,11.949999809265137,-0.03665338893672454,2.335030550982706,3.1746031746031744,0.0
2024-07-05,40.21562957763672,40.324014826884714,39.131784602513505,39.20075635045707,79624600,12.479999542236328,12.369999885559082,12.609999656677246,11.84000015258789,0.01960782480441492,6.294415447472244,10.515873015873016,0.0
2024-07-08,40.481658935546875,40.62945766368988,40.04319413638117,40.30430196524639,73365600,12.369999885559082,12.90999984741211,12.90999984741211,12.3100004196167,-0.005626985304292287,5.17766759907297,7.142857142857142,0.0
2024-07-09,40.570335388183594,41.13196451310575,40.21069759769222,40.85114995064467,72033600,12.510000228881836,12.479999542236328,12.609999656677246,12.350000381469727,0.023731583921113852,6.598990964104762,11.507936507936508,0.0
2024-07-10,41.84139633178711,41.97441218614011,40.727989470219704,41.04821755644176,77554800,12.850000381469727,12.510000228881836,12.920000076293945,12.390000343322754,0.06816298143807265,10.050769363486742,22.023809523809522,0.0
2024-07-11,39.092369079589844,41.905442752516564,38.77214097573875,41.86110538485071,149329000,12.920000076293945,12.880000114440918,13.329999923706055,12.229999542236328,0.06865177115224363,10.761426205015978,23.809523809523807,0.0
2024-07-12,39.72789764404297,40.861011316076926,39.06773844565457,39.17119606217761,101019800,12.460000038146973,12.869999885559082,12.890000343322754,12.109999656677246,-0.0016025244249144865,6.091374785023885,10.119047619047619,0.0
2024-07-15,40.02348709106445,41.19601413696185,39.52590581128427,40.13679994962176,109900400,13.119999885559082,12.779999732971191,13.260000228881836,12.75,0.060630558362054776,12.791881239366168,31.746031746031743,0.0
2024-07-16,40.05304718017578,40.57033518278645,39.28449909837515,40.36834760805588,83637600,13.1899995803833,13.380000114440918,13.470000267028809,12.949999809265137,0.05435646195525634,13.502538080895404,33.53174603174603,0.0
2024-07-17,36.530548095703125,38.21543555392213,36.50098609488465,38.09719882668161,142840000,14.479999542236328,13.600000381469727,14.880000114440918,13.539999961853027,0.1268481799515846,26.598985154920772,65.87301587301587,0.0
2024-07-18,35.983699798583984,37.40255186989752,35.24964126684297,37.34835925090879,131678400,15.930000305175781,14.270000457763672,16.43000030517578,14.079999923706055,0.2329721525624977,41.319805938399604,79.36507936507937,0.0
2024-07-19,35.00823974609375,36.441874834261796,34.70279451038275,35.86546647782815,118249600,16.520000457763672,16.440000534057617,17.190000534057617,10.619999885559082,0.3258427293087307,47.30965555121266,82.93650793650794,0.0
2024-07-22,36.53548049926758,36.76702635744031,35.530458789623054,36.28422413218688,112808600,14.90999984741211,16.790000915527344,16.889999389648438,14.75,0.13643292511177862,30.964470740253663,70.23809523809523,0.0
2024-07-23,36.141353607177734,37.013355706800866,36.03296835846878,36.32363823079538,87127000,14.720000267028809,15.210000038146973,15.350000381469727,13.899999618530273,0.11599702314782379,29.035540878114315,66.66666666666666,0.0
2024-07-24,32.24443054199219,34.673232067192416,32.047370557060326,34.59933645218211,159575200,18.040000915527344,15.350000381469727,18.459999084472656,15.180000305175781,0.24585645620408636,62.74113317622072,92.06349206349206,0.0
2024-07-25,31.17043685913086,33.175550636285145,30.608807670931224,32.298620983084945,188128000,18.459999084472656,18.40999984741211,19.360000610351562,16.420000076293945,0.15881975711418272,67.00507422539614,93.65079365079364,0.0
2024-07-26,32.06214904785156,32.6828947537678,31.42169283341686,32.02273554817104,137407000,16.389999389648438,17.969999313354492,18.049999237060547,16.3700008392334,-0.007869313832502889,45.989847676418385,81.34920634920636,0.0
2024-07-29,32.249359130859375,33.101658249949615,31.786259883368164,32.64841049852744,115640800,16.600000381469727,16.59000015258789,17.209999084472656,16.229999542236328,0.11334678412830068,48.12183756495273,82.14285714285714,0.0
2024-07-30,30.933961868286133,32.80605793105238,30.219608186875963,32.653335323678924,143063600,17.690000534057617,16.639999389648438,18.31999969482422,16.260000228881836,0.20176631882821927,59.18782960462791,89.68253968253968,0.0
2024-07-31,33.638648986816406,33.99336294062883,32.702599110628725,32.99819657792436,173408400,16.360000610351562,16.65999984741211,16.770000457763672,15.710000038146973,-0.09312639799977929,45.6852915237325,80.15873015873017,0.0
2024-08-01,31.21477699279785,34.59440747196165,30.39696568367703,33.78644953756989,210693200,18.59000015258789,16.200000762939453,19.479999542236328,15.949999809265137,0.0070423117314553085,68.32488210019042,94.44444444444444,0.0
2024-08-02,28.93869972229004,29.91416125728781,28.081474924016153,29.38701793099112,209844000,23.389999389648438,20.520000457763672,29.65999984741211,20.010000228881836,0.4270897047391622,100.0,100.0,0.0
2024-08-05,26.416292190551758,27.68242169858006,24.04168340962668,24.302793138526248,287924400,38.56999969482422,23.389999389648438,65.7300033569336,23.389999389648438,1.3234939041253995,100.0,100.0,0.0
2024-08-06,27.076452255249023,28.450966953935033,26.179815871290312,26.667547560266918,192909400,27.709999084472656,33.709999084472656,34.77000045776367,24.020000457763672,0.5664216081352891,59.34106853297861,99.60317460317461,0.0
2024-08-07,26.204450607299805,28.82538824281741,26.110846362938155,28.362290889546255,182751600,27.850000381469727,24.770000457763672,29.760000228881836,21.969999313354492,0.7023226981940347,59.865221647157284,99.60317460317461,0.0
2024-08-08,28.603689193725586,28.74655841079455,26.60842522910205,27.317853084733112,152879200,23.790000915527344,28.34000015258789,29.469999313354492,23.360000610351562,0.27972031846463263,44.664924155042236,98.80952380952381,0.0
2024-08-09,28.992889404296875,29.327896611672067,28.081473897941386,28.29824249357399,125592400,20.3700008392334,23.780000686645508,24.520000457763672,20.260000228881836,-0.12911494780763355,31.8607307016183,96.23015873015873,0.0
2024-08-12,29.18995475769043,29.756511593330604,28.628325549122792,29.180101382884445,108972600,20.709999084472656,20.790000915527344,21.190000534057617,18.889999389648438,-0.46305420668043795,33.13365561645797,96.82539682539682,0.0
2024-08-13,31.313308715820312,31.387206206937595,30.002839952346502,30.03239819705779,108962800,18.1200008392334,20.059999465942383,20.790000915527344,17.950000762939453,-0.34608439415694636,23.436919407022376,88.4920634920635,0.0
2024-08-14,31.36749839782715,31.845376717464607,30.480715379006117,31.52515050809704,124710600,16.190000534057617,18.40999984741211,18.489999771118164,16.1200008392334,-0.41867144300544445,16.21116013177201,76.19047619047619,0.0
2024-08-15,33.72732925415039,33.811080120251724,32.510464726793096,32.57943647048574,106424800,15.229999542236328,16.270000457763672,16.68000030517578,14.770000457763672,-0.3598150922181782,12.61699693278203,69.84126984126983,0.0
2024-08-16,33.816009521484375,34.12145851577627,33.10165767061189,33.3135005398334,89675200,14.800000190734863,15.289999961853027,15.760000228881836,14.649999618530273,-0.2734413558673253,11.007115424405601,65.47619047619048,0.0
2024-08-19,35.12648010253906,35.15111072152497,33.44651627841806,33.835716141707195,91599800,14.649999618530273,15.9399995803833,16.06999969482422,14.460000038146973,-0.2926122517545582,10.445525862479878,63.095238095238095,0.0
2024-08-20,34.90970993041992,35.5008974130574,34.530361559473555,34.92941668099829,97859000,15.880000114440918,14.890000343322754,15.930000305175781,14.779999732971191,-0.12362034332484328,15.050544560173511,75.39682539682539,0.0
2024-08-21,35.38758087158203,35.79648740327184,34.692932154469645,35.06735281955173,103000800,16.270000457763672,16.25,17.170000076293945,15.920000076293945,0.004941316928172235,16.5106731366084,78.17460317460318,0.0
2024-08-22,33.68791198730469,36.04281753955227,33.46129003213664,35.89501881464029,127496400,17.549999237060547,16.270000457763672,18.059999465942383,15.760000228881836,0.1523309103450936,21.302881213990627,85.71428571428571,0.0
2024-08-23,34.747127532958984,35.33339107062706,33.74703356306252,34.58454968086446,128753200,15.859999656677246,17.1200008392334,17.209999084472656,15.609999656677246,0.071621584613625,14.975664523726085,75.39682539682539,0.0
2024-08-26,33.72732925415039,34.81610178950215,33.269157666090315,34.61903805380396,84981400,16.149999618530273,16.270000457763672,16.670000076293945,15.8100004196167,0.1023890811643915,16.061400058877158,77.77777777777779,0.0
2024-08-27,34.01306915283203,34.23969111782232,32.934148186774095,33.36768912734496,71532600,15.430000305175781,16.209999084472656,16.809999465942383,15.369999885559082,-0.02833751927091721,13.365783015349658,73.01587301587301,0.0
2024-08-28,32.860252380371094,34.05248633739985,32.101563169550445,33.89483609430126,118625800,17.110000610351562,15.510000228881836,17.889999389648438,15.460000038146973,0.051628772523301336,19.655563257867144,82.53968253968253,0.0
2024-08-29,32.68782043457031,34.20520625381689,32.4119334705902,33.229742867536096,120033600,15.649999618530273,16.540000915527344,16.56999969482422,15.1899995803833,-0.1082620912323472,14.1894419934114,72.81746031746032,0.0
2024-08-30,33.80122756958008,33.92931955758652,32.6040698290363,33.55982647419249,92946800,15.0,15.670000076293945,16.040000915527344,14.779999732971191,-0.05422444358724665,11.755897936496574,67.85714285714286,0.0
2024-09-03,30.71718978881836,33.16569779977463,30.19497411953454,33.13613955696321,147572600,20.719999313354492,15.760000228881836,21.989999771118164,15.710000038146973,0.28297212401049654,33.17109563468168,96.82539682539682,0.0
2024-09-04,30.456083297729492,31.21970196658053,29.87967498541155,30.07181108951753,96798400,21.31999969482422,23.200000762939453,23.309999465942383,19.34000015258789,0.38172386734643937,35.417446741431256,97.22222222222221,0.0
2024-09-05,30.55461883544922,31.392136973923943,29.914164451676516,30.121079702708315,110171600,19.899999618530273,20.75,21.530000686645508,19.209999084472656,0.16306247274420071,30.101085549870366,94.04761904761905,0.0
2024-09-06,28.076549530029297,30.529983460352405,27.94353179003515,30.352626473693544,169904600,22.3799991607666,21.979999542236328,23.760000228881836,18.829999923706055,0.4300319301137694,39.38599584075174,98.01587301587301,0.0
2024-09-09,29.120981216430664,29.308191567514122,28.24897733296965,28.854945751102427,110835000,19.450000762939453,21.31999969482422,21.40999984741211,19.290000915527344,0.29666671752929696,28.41632757552317,92.46031746031747,0.0
2024-09-10,29.904306411743164,30.012689768519078,28.67266283530678,29.451060598358318,91582400,19.079999923706055,19.860000610351562,20.739999771118164,18.899999618530273,-0.0791505523164483,27.031075465059047,90.87301587301587,0.0
2024-09-11,31.810888290405273,31.998096750003715,28.460818333345735,30.140779998654846,163475200,17.690000534057617,19.40999984741211,21.40999984741211,17.549999237060547,-0.17026262723858498,21.827034328169294,83.92857142857143,0.0
2024-09-12,32.75186538696289,32.95385296510077,31.475880774976915,31.84044619611106,109802600,17.06999969482422,17.6200008392334,18.59000015258789,16.889999389648438,-0.14221105416860635,19.505803184972294,79.36507936507937,0.0
2024-09-13,33.18047332763672,33.4366572665165,32.54002099779221,32.589285983368335,87966600,16.559999465942383,17.030000686645508,17.18000030517578,16.229999542236328,-0.2600536154186729,17.59640510128282,76.5873015873016,0.0
2024-09-16,32.737083435058594,32.86517541426064,32.03751081400036,32.72230431412716,82331000,17.139999389648438,17.15999984741211,17.690000534057617,16.90999984741211,-0.11876613278558601,19.76787617158497,79.76190476190477,0.0
2024-09-17,32.75679397583008,33.628799798542474,32.25428501258087,33.352909060721835,103114400,17.610000610351562,17.15999984741211,18.079999923706055,16.670000076293945,-0.07704398947759339,21.527521323332905,83.13492063492063,0.0
2024-09-18,32.328182220458984,33.87512626483381,32.214869356651555,33.01789962214615,166396200,18.229999542236328,17.579999923706055,19.389999389648438,17.110000610351562,0.03052566375784327,23.848745325576594,87.3015873015873,0.0
2024-09-19,34.77176284790039,35.372805523161034,34.19535454799094,34.633819366760825,114801400,16.329999923706055,17.209999084472656,17.270000457763672,16.209999084472656,-0.04335089539237302,16.735306104997363,73.4126984126984,0.0
2024-09-20,34.55006408691406,34.82102717589814,33.65342771792752,34.559919340337785,96759600,16.149999618530273,16.350000381469727,16.68000030517578,15.8100004196167,-0.024758445690491904,16.061400058877158,72.02380952380952,0.0
2024-09-23,34.80624771118164,35.052576422855005,34.50572638224591,34.791468589869694,69837000,15.890000343322754,16.709999084472656,16.950000762939453,15.75,-0.07292876842694695,15.087984578397224,70.23809523809523,0.0
2024-09-24,35.29890441894531,35.51567112492261,34.18056998575964,35.11661982287829,81259600,15.390000343322754,15.869999885559082,16.670000076293945,15.270000457763672,-0.1260647467396362,13.216026512931464,66.07142857142857,0.0
2024-09-25,35.42246627807617,35.82774620384753,35.12097713894087,35.16051756359721,64724800,15.40999984741211,15.819999694824219,15.819999694824219,15.170000076293945,-0.154690058455058,13.290902978902233,66.66666666666666,0.0
2024-09-26,36.1737174987793,37.10289480818117,35.377984402604795,37.02875745826274,107003200,15.369999885559082,15.0600004196167,15.829999923706055,14.899999618530273,-0.05878751026528495,13.141146476484037,65.67460317460318,0.0
2024-09-27,35.55097198486328,36.40601578599114,35.28407976550746,36.38624557298894,82930600,16.959999084472656,15.640000343322754,16.969999313354492,15.199999809265137,0.05015476687770337,19.093970125464764,78.96825396825396,0.0
2024-09-30,35.82775115966797,35.89200530131799,34.6860485779646,35.31868037684409,85862800,16.729999542236328,17.010000228881836,17.790000915527344,16.469999313354492,0.05286338456666906,18.23287112917931,78.17460317460318,0.0
2024-10-01,34.31041717529297,35.798092653780515,33.46031690187151,35.723955300487724,134760200,19.260000228881836,16.959999084472656,20.729999542236328,16.610000610351562,0.25146197525837977,27.70498151117925,91.66666666666666,0.0
2024-10-02,34.43892288208008,34.86397303375522,33.54434242765759,34.107780299267425,79119400,18.899999618530273,19.649999618530273,20.360000610351562,18.579999923706055,0.22647630147149278,26.35716941893884,89.68253968253968,0.0
2024-10-03,34.359840393066406,34.99741559019999,33.80134604400321,33.9693909607616,97749400,20.489999771118164,19.6299991607666,20.75,19.15999984741211,0.33311645567216885,32.30999663839623,94.84126984126983,0.0
2024-10-04,35.57073974609375,35.664647308685815,34.488344226220356,35.5855664621278,110700400,19.209999084472656,20.479999542236328,20.479999542236328,18.479999542236328,0.13266510150109245,27.51778142006069,90.47619047619048,0.0
2024-10-07,34.399375915527344,35.37798053165373,34.13248374749287,35.11603185861486,82403400,22.639999389648438,20.760000228881836,23.030000686645508,20.649999618530273,0.353257621585213,40.35941489170833,98.01587301587301,0.0
2024-10-08,35.891998291015625,36.06992642104604,34.75029216152343,34.92328056684016,77914000,21.420000076293945,22.920000076293945,23.139999389648438,21.139999389648438,0.11214952345499074,35.79183978271507,96.82539682539682,0.0
2024-10-09,36.756927490234375,36.885428214756224,35.61522129067594,35.842573077271275,78696200,20.860000610351562,21.979999542236328,22.010000228881836,20.709999084472656,0.10370375827413403,33.695248748860344,95.23809523809523,0.0
2024-10-10,36.628421783447266,37.04358491807705,35.94142295058441,36.23796858543173,86060600,20.93000030517578,20.90999984741211,21.389999389648438,20.639999389648438,0.02147391600647186,33.95732173547302,95.23809523809523,0.0
2024-10-11,36.72233200073242,36.969454009429725,36.03038962222345,36.16383384777565,70735200,20.459999084472656,20.8700008392334,21.15999984741211,20.139999389648438,0.0650702789991473,32.19767658372509,92.85714285714286,0.0
2024-10-14,37.6613883972168,37.96782101114758,37.17208793064113,37.2857657010487,67691200,19.700000762939453,20.860000610351562,20.860000610351562,19.690000534057617,-0.12985860008694272,29.35230660825605,90.47619047619048,0.0
2024-10-15,36.15889358520508,37.883804124459104,35.65476258331625,37.735529413131204,106307600,20.639999389648438,19.610000610351562,20.889999389648438,19.440000534057617,-0.03641459775290823,32.87158262984529,93.25396825396825,0.0
2024-10-16,36.13912582397461,36.32199370679783,35.42246969831545,36.198432695903094,70784200,19.579999923706055,20.770000457763672,21.010000228881836,19.450000762939453,-0.06136148845606071,28.90303353052481,89.68253968253968,0.0
2024-10-17,36.24784851074219,37.36484086359989,36.203368366410686,37.35495764400911,97697800,19.110000610351562,19.549999237060547,19.649999618530273,18.8799991607666,-0.0869565058904539,27.143395519730184,87.3015873015873,0.0
2024-10-18,36.89037322998047,37.14243873517176,36.63830772478918,36.80140915584135,64151600,18.030000686645508,19.299999237060547,19.31999969482422,17.989999771118164,-0.11876825545272407,23.099966383962276,82.53968253968253,0.0
2024-10-21,37.093013763427734,37.27588163039867,36.168776124572766,36.603709487737326,74995800,18.3700008392334,18.780000686645508,19.34000015258789,18.360000610351562,-0.06751268386791698,24.372898439755257,84.92063492063492,0.0
2024-10-22,37.201744079589844,37.53783014914493,36.30716364963722,36.48014829482385,76308000,18.200000762939453,18.790000915527344,19.440000534057617,18.049999237060547,-0.11821699122397822,23.736432411858768,84.12698412698413,0.0
2024-10-23,35.481773376464844,36.806347304092924,34.73546396133125,36.65807261181031,118172200,19.239999771118164,18.209999084472656,20.469999313354492,18.18000030517578,-0.017364665674806434,27.630101474731827,89.68253968253968,0.0
2024-10-24,36.326934814453125,36.475209526090445,35.70418630467196,36.28739438857883,78612800,19.079999923706055,18.8700008392334,20.239999771118164,18.6299991607666,-0.0015698945937896447,27.031075465059047,87.89682539682539,0.0
2024-10-25,36.93979263305664,38.05678504205814,36.766808000658266,36.92002242209937,114826000,20.329999923706055,19.219999313354492,20.510000228881836,18.229999542236328,0.12756512198938053,31.71097062872345,92.46031746031747,0.0
2024-10-28,36.97439193725586,37.6564510614053,36.900258354876506,37.6564510614053,69162200,19.799999237060547,19.110000610351562,19.8799991607666,18.90999984741211,0.07784422060411966,29.72669250858655,92.06349206349206,0.0
2024-10-29,37.997474670410156,38.28413707508802,36.60865033545828,37.03370044700622,78545200,19.34000015258789,19.75,20.530000686645508,19.059999465942383,0.06263732647582132,28.004494516015644,90.47619047619048,0.0
2024-10-30,37.152320861816406,38.04690507285439,37.03864685257707,37.83438000038247,80473200,20.350000381469727,19.329999923706055,20.440000534057617,19.299999237060547,0.05769234010167823,31.785850665170873,93.25396825396825,0.0
2024-10-31,34.32524490356445,36.24291407104936,34.31536168253256,36.23302707923493,138905200,23.15999984741211,21.440000534057617,23.420000076293945,21.1200008392334,0.21383647484384083,42.30625299362153,98.01587301587301,0.0
2024-11-01,35.056724548339844,35.76349356831589,34.58225079497429,34.63661793272493,96678800,21.8799991607666,22.959999084472656,23.09000015258789,21.15999984741211,0.0762419696447294,37.51403777528598,96.82539682539682,0.0
2024-11-04,34.730525970458984,35.466952282520964,34.35490322649979,34.91339761715311,82214400,21.979999542236328,22.5,23.06999969482422,21.729999542236328,0.11010102975637381,37.888430816569795,96.82539682539682,0.0
2024-11-05,36.05015563964844,36.19842656514047,35.0517807290708,35.06660744454179,79352600,20.489999771118164,21.979999542236328,22.059999465942383,20.200000762939453,0.05946223420150232,32.30999663839623,93.05555555555556,0.0
2024-11-06,38.976078033447266,39.154006156355614,37.65644759752873,37.8887428563692,118794200,16.270000457763672,16.059999465942383,16.81999969482422,15.4399995803833,-0.20049139298401264,16.5106731366084,73.21428571428571,0.0
2024-11-07,40.79984664916992,40.9876580252257,39.58894649941864,39.618603705688415,99545200,15.199999809265137,15.859999656677246,15.859999656677246,15.130000114440918,-0.3436960315453724,12.504680448587546,62.698412698412696,0.0
2024-11-08,40.89868927001953,41.07661740415592,40.48352613755617,40.63674056442494,70060000,14.9399995803833,15.130000114440918,15.329999923706055,14.65999984741211,-0.31718463649795436,11.531261397630953,60.71428571428571,0.0
2024-11-11,40.82455062866211,41.23477402333191,40.12272510551906,41.18535038114111,70806000,14.970000267028809,15.329999923706055,15.5600004196167,14.890000343322754,-0.3189262703002903,11.643581452302092,61.111111111111114,0.0
2024-11-12,40.602142333984375,41.007422233006515,39.86077638913055,40.7948971779838,68286000,14.710000038146973,15.09000015258789,15.369999885559082,14.6899995803833,-0.28208881393539276,10.670162401345499,57.53968253968254,0.0
2024-11-13,40.424217224121094,41.06673216183641,39.8756060823007,40.45881415329974,74989000,14.020000457763672,15.09000015258789,15.260000228881836,13.770000457763672,-0.1382913298521975,8.086861842012476,48.01587301587302,0.0
2024-11-14,39.56917190551758,40.54283315124808,39.351707118046335,40.32536459299451,77651400,14.3100004196167,14.170000076293945,14.319999694824219,13.59000015258789,-0.05855259215897746,9.172597377163552,50.79365079365079,0.0
2024-11-15,36.70750045776367,38.2791965387386,36.22314344627585,38.19023246733313,120601600,16.139999389648438,15.020000457763672,17.549999237060547,14.5600004196167,0.08032127462980498,16.02396004065345,71.42857142857143,0.0
2024-11-18,37.44886016845703,37.92827737429992,36.72726449757356,37.03369708553032,77551200,15.579999923706055,16.600000381469727,17.0,15.350000381469727,0.040748139331751476,13.927369006798724,66.66666666666666,0.0
2024-11-19,38.20011901855469,38.32862351372137,36.781637388274525,36.845891521249094,80088200,16.350000381469727,15.4399995803833,17.93000030517578,15.369999885559082,0.11148880619101242,16.81018614144479,74.0079365079365,0.0
2024-11-20,38.15563201904297,38.20011593603442,36.62842000000895,38.130922083631845,101260600,17.15999984741211,16.190000534057617,18.790000915527344,16.040000915527344,0.22396571234843576,19.842756208032394,78.57142857142857,0.0
2024-11-21,38.53126525878906,38.98596887476553,36.85083475324253,38.82287120586674,109865600,16.8700008392334,17.100000381469727,17.989999771118164,15.729999542236328,0.17889590108658227,18.757024243357975,76.19047619047619,0.0
2024-11-22,38.674591064453125,38.85251919721096,37.997475460859036,38.37310193787915,79934800,15.239999771118164,16.670000076293945,17.559999465942383,15.239999771118164,-0.05576206025803809,12.65443695100574,61.904761904761905,0.0
2024-11-25,38.85252380371094,39.96951637606272,38.323682838307775,39.618603564513215,91515800,14.600000381469727,15.229999542236328,15.720000267028809,14.539999961853027,-0.06290112625387057,10.258332912314627,53.57142857142857,0.0
2024-11-26,39.45550537109375,39.663086977389355,38.990914734427655,39.1886131183781,69747200,14.100000381469727,14.949999809265137,15.029999732971191,13.880000114440918,-0.1376146756883283,8.386374846848867,46.42857142857143,0.0
2024-11-27,38.50161361694336,39.19849579139333,37.725650581708244,39.188612569186674,78463600,14.100000381469727,14.279999732971191,15.130000114440918,13.960000038146973,-0.17832164878508783,8.386374846848867,46.230158730158735,0.0
2024-11-29,39.48515701293945,39.62354474417533,38.47689869435729,38.615286425593155,40865800,13.510000228881836,14.0,14.149999618530273,13.489999771118164,-0.1991701507528939,6.177463758323004,38.095238095238095,0.0
2024-12-02,40.76524353027344,40.997535024303204,39.6828480498868,39.77675560905303,73638200,13.34000015258789,14.079999923706055,14.100000381469727,13.300000190734863,-0.1246718928520607,5.540997730426513,34.523809523809526,0.0
2024-12-03,41.12604522705078,41.185355868050706,40.29571510696535,40.4291631065195,84810800,13.300000190734863,13.380000114440918,13.770000457763672,13.1899995803833,-0.08904110662797105,5.391241228008319,33.13492063492063,0.0
2024-12-04,42.628543853759766,42.68785448964665,41.76856037270298,41.946488509581265,69992600,13.449999809265137,13.15999984741211,13.609999656677246,12.890000343322754,-0.04609933011482914,5.952827219457384,36.30952380952381,0.0
2024-12-05,42.27762985229492,42.82129746778754,42.178778795343916,42.6285426202109,54020400,13.539999961853027,13.460000038146973,13.699999809265137,13.260000228881836,-0.03971634074227781,6.289780242517486,38.095238095238095,0.0
2024-12-06,43.364967346191406,43.429221479258096,42.366596128973015,42.396249562214585,62740600,12.770000457763672,13.619999885559082,13.739999771118164,12.699999809265137,-0.05477422343311167,3.4069666783480757,18.055555555555554,0.0
2024-12-09,42.351768493652344,43.32542975230947,42.050279359628085,43.12278790746789,69577600,14.1899995803833,13.359999656677246,14.229999542236328,13.350000381469727,0.06371809730680655,8.723324299432313,47.22222222222222,0.0
2024-12-10,41.89212417602539,43.058540364470524,41.541211374444906,42.62854670974268,71541600,14.180000305175781,14.300000190734863,14.539999961853027,13.859999656677246,0.06616542118953883,8.685887851685257,46.82539682539682,0.0
2024-12-11,44.13105010986328,44.294151545559295,42.84107288350883,42.93992018168554,74897800,13.579999923706055,14.420000076293945,14.430000305175781,13.520000457763672,0.009665436154977947,6.4395367449356815,37.301587301587304,0.0
2024-12-12,43.256229400634766,43.87403434607265,43.13761190692969,43.55771851567103,66348400,13.920000076293945,13.729999542236328,13.949999809265137,13.390000343322754,0.028065001145606505,7.712468800728662,43.25396825396825,0.0
2024-12-13,44.1854133605957,44.862525212069265,43.419333669508916,44.19529658122918,79663600,13.8100004196167,13.569999694824219,14.25,13.239999771118164,0.0814408711489707,7.3006393116977915,40.476190476190474,0.0
2024-12-16,46.1080207824707,46.35514276944668,44.813100213234996,44.8378139202455,69967600,14.6899995803833,14.369999885559082,14.6899995803833,13.989999771118164,0.03523608278968626,10.595282364898074,55.158730158730165,0.0
2024-12-17,45.49021911621094,45.92021276223496,45.060225470186914,45.63355033155228,69168200,15.869999885559082,14.979999542236328,15.9399995803833,14.779999732971191,0.1191819142462529,15.013104541949799,67.85714285714286,0.0
2024-12-18,40.572486877441406,45.752165494121634,40.17709395231265,45.29746193337151,134849200,27.6200008392334,15.569999694824219,28.31999969482422,14.819999694824219,1.0338734163774395,59.00412265087183,98.80952380952381,0.0
2024-12-19,39.99916458129883,41.77844211640079,39.910200516004615,41.64993762857977,113317600,24.09000015258789,21.610000610351562,24.1200008392334,20.15999984741211,0.7306034497523941,45.788096137940364,98.4126984126984,0.0
2024-12-20,41.037078857421875,42.435790287206906,38.79815413306811,39.07492956736699,145241000,18.360000610351562,24.139999389648438,26.510000228881836,17.81999969482422,0.3294714013383897,24.335458421531545,82.53968253968253,0.0
2024-12-23,42.180091857910156,42.269351552533784,40.578381060841245,41.38171452914124,83645800,16.780000686645508,18.09000015258789,20.020000457763672,16.739999771118164,0.14227373491917228,18.420071220297874,74.60317460317461,0.0
2024-12-24,43.8561897277832,43.87602563565549,42.46770644322405,42.62143000009352,48139600,14.270000457763672,16.969999313354492,17.040000915527344,14.270000457763672,-0.10081912031085338,9.022840874745357,45.23809523809524,0.0
2024-12-26,43.76197814941406,44.17356480091082,42.938804846420545,43.44957105549601,59062000,14.729999542236328,14.989999771118164,15.930000305175781,14.550000190734863,-0.4666908365436109,10.745038867316268,53.96825396825397,0.0
2024-12-27,41.98174285888672,42.93879994286186,40.80153085001519,42.829708116953356,102139000,15.949999809265137,15.380000114440918,18.450000762939453,15.289999961853027,-0.337899555490385,15.312617546786186,67.46031746031747,0.0
2024-12-30,40.29573059082031,41.188323855618194,39.378341492286495,40.26597483367458,102844000,17.399999618530273,17.209999084472656,19.219999313354492,16.440000534057617,-0.052287633981887294,20.741295222541563,77.77777777777779,0.0
2024-12-31,39.2394905090332,40.74202951880198,39.01634313644966,40.563510107409904,105177600,17.350000381469727,17.389999389648438,17.809999465942383,16.68000030517578,0.03396899115015284,20.554102272376312,77.38095238095238,0.0
2025-01-02,38.99154281616211,40.46928582192232,37.95018222506774,39.938687572254885,141370600,17.93000030517578,17.209999084472656,19.5,16.959999084472656,0.2564821114228393,22.72557334267846,79.36507936507937,0.0
2025-01-03,40.86104202270508,41.113945157829875,39.482478371729385,39.665953926967646,92431600,16.1299991607666,17.65999984741211,17.940000534057617,16.110000610351562,0.09504410468689839,15.986520022429735,67.06349206349206,0.0
2025-01-06,42.25448226928711,43.06773571226443,41.66933613023629,42.13547058535007,92050000,16.040000915527344,16.770000457763672,16.8700008392334,15.710000038146973,0.0056427026544494385,15.649574140322947,66.66666666666666,0.0
2025-01-07,39.978363037109375,42.5916827074537,39.52710459591005,42.50738292722295,111021000,17.81999969482422,16.479999542236328,18.899999618530273,15.789999961853027,0.02413793594838154,22.313740283170933,78.96825396825396,0.0
2025-01-08,40.00811767578125,40.37011643752445,38.897333122134675,39.948609941664856,96021200,17.700000762939453,17.90999984741211,19.5,17.3700008392334,0.020172932206015126,21.864474346393006,78.57142857142857,0.0
2025-01-10,38.09895324707031,39.08576612962422,37.30553575900403,39.075850066222834,145651600,19.540000915527344,18.290000915527344,20.309999465942383,18.049999237060547,0.08979367445335784,28.75328059858327,88.4920634920635,0.0
2025-01-13,37.70224380493164,37.78654358810767,36.368308128092245,36.72039081465213,113382000,19.190000534057617,21.18000030517578,22.040000915527344,19.149999618530273,0.18970871249230647,27.442908524566572,85.71428571428571,0.0
2025-01-14,37.56835174560547,38.708888105217106,36.78981031064632,38.42127689133146,125271000,18.709999084472656,18.790000915527344,19.65999984741211,18.239999771118164,0.1664587292112092,25.645823354594928,83.53174603174604,0.0
2025-01-15,40.1072883605957,40.399863287071746,38.97666803902786,39.328746908757296,106919200,16.1200008392334,19.079999923706055,19.139999389648438,15.960000038146973,-0.09539836614501074,15.949087145159336,64.68253968253968,0.0
2025-01-16,39.28908157348633,40.68748108570166,39.27420180333798,40.667645175483564,93055400,16.600000381469727,15.869999885559082,16.600000381469727,15.640000343322754,-0.06214691152855345,17.74616517417767,70.43650793650794,0.0
2025-01-17,41.227996826171875,41.624707477133285,40.58334296418787,41.50073587162199,87352200,15.970000267028809,16.190000534057617,16.229999542236328,15.529999732971191,-0.18270217406497946,15.387497583233614,62.89682539682539,0.0
2025-01-21,41.912315368652344,42.22472621083136,40.826326764034036,41.87760347322277,83451800,15.0600004196167,16.290000915527344,16.290000915527344,14.930000305175781,-0.21521625844205505,11.980534475362195,52.38095238095239,0.0
2025-01-22,43.5388298034668,44.089264040096054,42.99831163071963,43.0627755042362,86265400,15.100000381469727,14.890000343322754,15.289999961853027,14.59000015258789,-0.1929448893452299,12.130290977780387,52.38095238095239,0.0
2025-01-23,43.80660629272461,43.8264422043218,42.78012151327788,42.91401297073062,60481000,15.020000457763672,15.279999732971191,15.390000343322754,14.59000015258789,-0.06823823351128544,11.830777972944,51.19047619047619,0.0
2025-01-24,43.01814270019531,44.04958726025269,42.651187844846866,43.85123195511662,72479200,14.850000381469727,15.020000457763672,15.15999984741211,14.579999923706055,-0.1054216843243867,11.194311945047508,48.41269841269841,0.0
2025-01-27,39.244449615478516,40.18167461411865,38.272512719974415,38.47086803775981,161821600,17.899999618530273,18.829999923706055,22.510000228881836,17.56999969482422,0.120851554115881,22.613253288007325,77.77777777777779,0.0
2025-01-28,40.98501205444336,41.24287131991081,38.67913951877676,39.462640945229154,101033400,16.40999984741211,18.290000915527344,18.389999389648438,16.25,0.0896413937702778,17.034819109833755,68.65079365079364,0.0
2025-01-29,40.73210906982422,41.14865561801979,39.79984398891114,41.113943720946246,118481200,16.559999465942383,16.420000076293945,18.079999923706055,16.170000076293945,0.09668867864826836,17.59640510128282,69.24603174603175,0.0
2025-01-30,41.24287033081055,41.94702809973145,40.09737397550169,41.39163776179403,115171000,15.84000015258789,15.930000305175781,16.420000076293945,15.319999694824219,0.05459385285174001,14.900788057755316,58.333333333333336,0.0
2025-01-31,41.01972579956055,43.18674706173608,40.75194667529115,42.110674424379695,118146600,16.43000030517578,15.449999809265137,17.09000015258789,14.899999618530273,0.10639729852651225,17.10969914628118,68.25396825396825,0.0
2025-02-03,40.027950286865234,40.65772434192446,38.351851855589686,38.941957874488516,153257000,18.6200008392334,20.360000610351562,20.420000076293945,17.65999984741211,0.04022353274006618,25.30887747248814,82.93650793650794,0.0
2025-02-04,41.48089599609375,41.62470349873964,40.032908690112265,40.12216838888169,84634600,17.209999084472656,18.780000686645508,19.110000610351562,16.780000686645508,0.048750715691609825,20.029949158197642,73.4126984126984,0.0
2025-02-05,42.02141189575195,42.06108371519863,40.54367256283607,40.83624371880122,79694800,15.770000457763672,17.540000915527344,17.75,15.770000457763672,-0.0477052556555595,14.638715071142641,56.34920634920635,0.0
2025-02-06,42.651187896728516,42.71069184002278,41.748674851408666,42.13050569302705,76431000,15.5,15.880000114440918,16.149999618530273,14.989999771118164,-0.021464655890949702,13.627856001962336,54.36507936507936,0.0
2025-02-07,41.02468490600586,43.236337869830265,40.8362456463957,42.77516335110437,110870400,16.540000915527344,15.380000114440918,16.65999984741211,14.789999961853027,0.006695107018160451,17.521532205788706,67.85714285714286,0.0
2025-02-10,42.46771240234375,42.745407584897066,41.90240219025273,42.01645773069462,65594200,15.8100004196167,16.579999923706055,16.610000610351562,15.699999809265137,-0.1509130125115714,14.788471573560836,56.34920634920635,0.0
2025-02-11,42.165218353271484,42.64126882483266,41.659415909523005,41.68916788171031,62602800,16.020000457763672,16.1299991607666,16.420000076293945,15.75,-0.06914576932096617,15.574694103875519,60.317460317460316,0.0
2025-02-12,42.24951934814453,42.452834586120694,40.712272280035336,40.80153198248364,96986600,15.890000343322754,15.90999984741211,17.18000030517578,15.640000343322754,0.007609377430297215,15.087984578397224,58.13492063492064,0.0
2025-02-13,44.029754638671875,44.11405442007188,42.43795972232588,42.63631504227118,92920200,15.100000381469727,15.970000267028809,16.329999923706055,14.979999542236328,-0.025806427001953125,12.130290977780387,47.023809523809526,0.0
2025-02-14,44.545475006103516,44.719034484711315,43.93553308606709,44.039668773231774,76057400,14.770000457763672,15.079999923706055,15.420000076293945,14.739999771118164,-0.10701332284099452,10.89479894021112,42.46031746031746,0.0
2025-02-18,44.82316970825195,45.00168910820573,44.00991634549045,44.94218138045019,68825200,15.350000381469727,15.569999694824219,16.030000686645508,15.350000381469727,-0.029095510812018333,13.066270010513268,50.0,0.0
2025-02-19,44.828128814697266,45.18516760810015,44.09421531900102,44.629773509105355,68515800,15.270000457763672,15.140000343322754,15.960000038146973,15.050000190734863,-0.04681647806299105,12.76675700567688,49.2063492063492,0.0
2025-02-20,44.28265380859375,44.743828278342825,43.08756585563167,44.65456858151034,80266000,15.65999984741211,15.609999656677246,16.6299991607666,15.119999885559082,-0.014474543168106035,14.226882011635112,54.36507936507936,0.0
2025-02-21,41.51064682006836,44.525636802562516,41.391635152770945,44.51571695668866,118627200,18.209999084472656,15.630000114440918,19.030000686645508,15.279999732971191,0.20596017380366605,23.773865289129166,79.96031746031747,0.0
2025-02-24,40.01803207397461,42.17514100031225,39.91885630455561,41.90240195944036,106467400,18.979999542236328,18.079999923706055,20.239999771118164,17.309999465942383,0.28503716682417046,26.656682423775237,84.12698412698413,0.0
2025-02-25,38.49070739746094,39.859351267882595,37.57827436719982,39.83455921550815,151194400,19.43000030517578,19.09000015258789,21.479999542236328,18.850000381469727,0.2657980340268502,28.34144753907574,87.6984126984127,0.0
2025-02-26,38.7386474609375,39.8940599134555,38.029529747885945,38.96675475406634,126351400,19.100000381469727,18.959999084472656,20.059999465942383,17.829999923706055,0.2508185860439043,27.10595550150647,84.52380952380952,0.0
2025-02-27,35.52530288696289,39.75521345147542,35.445963026949876,39.5320660754186,206751000,21.1299991607666,18.25,21.469999313354492,17.670000076293945,0.34929753299189437,34.70610067708734,94.44444444444444,0.0
2025-02-28,37.15180969238281,37.275781297429454,34.751721234670114,35.436043132534856,186358000,19.6299991607666,21.209999084472656,22.399999618530273,19.049999237060547,0.07797914045502363,29.090226480690056,88.4920634920635,0.0
2025-03-03,34.75171661376953,38.208045108215536,33.93846329546607,37.87084223599366,183891600,22.780000686645508,19.829999923706055,24.309999465942383,19.25,0.20021081328021162,40.883568005887,96.82539682539682,0.0
2025-03-04,34.3698844909668,36.08565094690474,32.73346167344381,34.097149246369426,261673800,23.510000228881836,22.959999084472656,26.350000381469727,21.709999084472656,0.2099845527341151,43.61662506763822,97.61904761904762,0.0
2025-03-05,35.70878219604492,36.04598511328451,33.46737345694848,34.48890205573164,201266600,21.93000030517578,23.030000686645508,24.84000015258789,21.3700008392334,0.14816753231333113,37.70123786640455,94.84126984126983,0.0
2025-03-06,32.74834060668945,34.95999365179855,32.31691804644044,33.91367297175342,245645400,24.8700008392334,22.600000381469727,25.920000076293945,22.389999389648438,0.17699961320448576,48.708353290810145,98.4126984126984,0.0
2025-03-07,33.427703857421875,33.72523493913428,31.18629522300825,32.51031099578191,270354600,23.3700008392334,24.850000381469727,26.559999465942383,23.09000015258789,0.1905248007316136,43.092479094412866,96.42857142857143,0.0
2025-03-10,29.658966064453125,31.83094901143078,28.701905167591907,31.736729385407703,312271600,27.860000610351562,24.700000762939453,29.559999465942383,24.68000030517578,0.2230026238183629,59.902661665381,99.60317460317461,0.0
2025-03-11,29.311845779418945,30.670573473370023,28.449002600117453,29.45565329124528,278978600,26.920000076293945,27.940000534057617,29.56999969482422,26.18000030517578,0.14504465394359944,56.38337850283845,98.01587301587301,0.0
2025-03-12,30.313535690307617,31.07224126518015,29.336638892167663,30.715202457401798,283837200,24.229999542236328,26.8799991607666,26.90999984741211,23.889999389648438,0.10487912471746363,46.312242111165716,97.22222222222221,0.0
2025-03-13,28.657276153564453,30.174687360981352,28.285361345212227,30.149893418755845,242454600,24.65999984741211,24.920000076293945,26.1299991607666,23.459999084472656,-0.008443947918570394,47.922127190018806,97.22222222222221,0.0
2025-03-14,30.69040870666504,30.859010156756444,29.505240524400378,29.60937621343012,198217000,21.770000457763672,24.350000381469727,24.360000610351562,21.479999542236328,-0.0684638563976282,37.10221185673177,91.66666666666666,0.0
2025-03-17,31.28547477722168,31.875578944772634,30.323455789157705,30.685452654124923,180300800,20.510000228881836,22.889999389648438,22.950000762939453,20.31999969482422,-0.2638191033900691,32.38487667484365,88.09523809523809,0.0
2025-03-18,29.708553314208984,30.63586032650924,29.262254810077078,30.630902294977304,175652400,21.700000762939453,20.829999923706055,22.56999969482422,20.40999984741211,-0.19390784912929038,36.84013887011909,91.26984126984127,0.0
2025-03-19,30.863971710205078,31.692101126214634,29.723431427292493,30.09038821157557,185186400,19.899999618530273,21.84000015258789,22.100000381469727,19.420000076293945,-0.1787040860714112,30.101085549870366,84.72222222222221,0.0
2025-03-20,30.546602249145508,31.553252952708817,29.936662188852996,30.08046970245583,176818200,19.799999237060547,19.520000457763672,21.170000076293945,19.299999237060547,-0.19708031794094216,29.72669250858655,83.92857142857143,0.0
2025-03-21,30.834217071533203,30.953228750398665,29.292010036448985,29.520117330654898,160982000,19.280000686645508,20.020000457763672,21.139999389648438,19.149999618530273,-0.11437757091227685,27.779861547626677,80.55555555555556,0.0
2025-03-24,32.792964935302734,32.99132024389208,32.14335498840263,32.2623666602311,126823000,17.479999542236328,19.1299991607666,19.139999389648438,17.459999084472656,-0.1477328450917671,21.04080822737795,66.26984126984127,0.0
2025-03-25,33.37811279296875,33.40786854999567,32.77313077203285,32.966529951112214,111139400,17.149999618530273,17.579999923706055,17.770000457763672,17.020000457763672,-0.20967746472064375,19.805316189808682,63.888888888888886,0.0
2025-03-26,31.522005081176758,33.31743479745825,31.213647091294455,33.143363268683856,157006400,18.329999923706055,17.229999542236328,19.06999969482422,16.969999313354492,-0.07889445853869681,24.223138366860404,72.61904761904762,0.0
2025-03-27,30.984867095947266,31.944753482483897,30.711325306671352,31.134071535803454,144736000,18.690000534057617,18.360000610351562,19.280000686645508,17.950000762939453,-0.05606054271584493,25.570950459100818,75.0,0.0
2025-03-28,28.51801300048828,30.741165295308374,28.333994264499836,30.60688073751012,207264200,21.649999618530273,19.079999923706055,22.18000030517578,18.920000076293945,0.12292525142524346,36.65293877900053,90.87301587301587,0.0
2025-03-31,28.49812126159668,28.66224748015102,26.379413576471073,27.214960750186442,213709000,22.280000686645508,24.110000610351562,24.799999237060547,21.670000076293945,0.27459961499490326,39.011609940421245,92.85714285714286,0.0
2025-04-01,29.15462303161621,29.338643686577267,27.66257474283204,28.18976582120795,194196400,21.770000457763672,22.059999465942383,23.520000457763672,21.579999923706055,0.2693878100289617,37.10221185673177,91.07142857142857,0.0
2025-04-02,29.806150436401367,30.43778441780706,27.896328616928525,27.946062799272696,246174800,21.510000228881836,22.299999237060547,23.65999984741211,20.68000030517578,0.17348610575077572,36.12879280577517,89.68253968253968,0.0
2025-04-03,25.01667594909668,26.7723207270862,24.922180240403904,26.076030766203882,280231400,30.020000457763672,26.3799991607666,30.020000457763672,24.93000030517578,0.6062065061507145,67.98951993691682,99.60317460317461,0.0
2025-04-04,20.436086654663086,23.26600402065305,20.40624500804784,22.87309944169117,516053400,45.310001373291016,30.1200008392334,45.61000061035156,29.989999771118164,1.0928407469582635,100.0,100.0,0.0
2025-04-07,20.515663146972656,23.290873763346198,17.407229336825285,18.27759080366655,791455200,46.97999954223633,60.130001068115234,60.130001068115234,38.58000183105469,1.1086175087236798,100.0,100.0,0.0
2025-04-08,19.346891403198242,23.280924874775057,18.45166101240722,22.574687777288506,502295400,52.33000183105469,44.040000915527344,57.52000045776367,36.47999954223633,1.4037666849195052,100.0,100.0,0.0
2025-04-09,26.16555404663086,26.56343321469254,19.26234336611997,19.27726324203556,713864000,33.619998931884766,50.97999954223633,57.959999084472656,31.899999618530273,0.5629938900113367,53.768218695536206,98.4126984126984,0.0
2025-04-10,22.94770050048828,24.53921892442964,20.674813944974435,24.21096840364227,563385400,40.720001220703125,34.439998626708984,54.869998931884766,34.439998626708984,0.35642906728111834,71.31208305765267,98.80952380952381,0.0
2025-04-11,24.161235809326172,24.404935963430194,22.191730658107808,22.713947171282477,358585800,37.560001373291016,40.79999923706055,46.119998931884766,36.849998474121094,-0.17104391448040013,63.50383082728144,98.01587301587301,0.0
2025-04-14,24.668529510498047,25.8870359213974,23.907585534707334,25.812434649650946,294861400,30.889999389648438,34.7599983215332,35.16999816894531,29.75,-0.3424861709102941,47.02248260569542,97.22222222222221,0.0
2025-04-15,24.763029098510742,25.469264393366075,24.46461829586003,24.847577592724033,209340200,30.1200008392334,30.010000228881836,31.450000762939453,28.290000915527344,-0.4244219418054941,45.11984235601798,96.82539682539682,0.0
2025-04-16,22.524953842163086,23.877742863637362,21.465599133106217,23.290872341565226,269148800,32.63999938964844,33.2400016784668,34.959999084472656,29.479999542236328,-0.029149303193668707,51.34667313195136,97.22222222222221,0.0
2025-04-17,22.460298538208008,23.02230388418049,22.057444846402312,22.922833626016907,202191600,29.649999618530273,30.790000915527344,32.54999923706055,29.56999969482422,-0.27185661272879746,43.95848531265045,95.63492063492063,0.0
2025-04-21,20.819047927856445,21.704329326742606,20.01334236373266,21.57004474984905,229539400,33.81999969482422,32.75,35.75,31.790000915527344,-0.09957405595640678,54.262413783734345,97.61904761904762,0.0
2025-04-22,22.410564422607422,22.8681249553519,21.43575816646778,21.614804252232968,260222800,30.56999969482422,32.61000061035156,32.68000030517578,30.079999923706055,-0.010359329917353555,46.23177423497332,96.03174603174604,0.0
2025-04-23,23.89763641357422,25.280268927100337,23.688750592654568,24.489483367321057,303995400,28.450000762939453,28.75,30.290000915527344,27.110000610351562,-0.055444888106332746,40.99332892244257,94.44444444444444,0.0
2025-04-24,25.931798934936523,26.00142755146654,24.141341748711078,24.240812013998603,240615400,26.469999313354492,28.690000534057617,29.65999984741211,26.360000610351562,-0.18903186861733579,36.10081263086069,92.06349206349206,0.0
2025-04-25,26.78723907470703,26.89168199370985,25.603546967629562,25.882063315541142,226103200,24.84000015258789,26.219999313354492,27.200000762939453,24.84000015258789,-0.16222595372096704,32.073140100122366,91.26984126984127,0.0
2025-04-28,26.76734733581543,27.175173734386245,25.68312537944787,26.866817605592175,191356800,25.149999618530273,25.75,26.93000030517578,24.700000762939453,-0.2563571896667046,32.839138245135196,91.66666666666666,0.0
2025-04-29,27.289562225341797,27.438766672338087,26.27497084742454,26.379413770598195,169808000,24.170000076293945,24.760000228881836,25.989999771118164,23.760000228881836,-0.20935556697482893,30.41759268155035,89.68253968253968,0.0
2025-04-30,27.294536590576172,27.563103834390873,25.026622561531426,25.84227530347878,268446600,24.700000762939453,24.350000381469727,28.170000076293945,24.229999542236328,-0.13181018978688241,31.72720636617986,90.47619047619048,0.0
2025-05-01,28.234525680541992,29.288905877870953,28.164897068063297,28.627432162085945,205481600,24.600000381469727,23.940000534057617,25.18000030517578,23.299999237060547,-0.07064597583655108,31.480108822080787,89.68253968253968,0.0
2025-05-02,29.55747413635254,29.935458834603207,28.861184237656104,29.164567666413305,195097800,22.68000030517578,23.6299991607666,24.31999969482422,22.34000015258789,-0.08695651506214164,26.735853884754533,85.71428571428571,0.0
2025-05-05,29.04520606994629,29.59228965766359,28.697061106290995,28.796531366940712,138579000,23.639999389648438,24.25,24.6299991607666,22.809999465942383,-0.06003977144275119,29.107978996920835,87.6984126984127,0.0
2025-05-06,28.219606399536133,28.866160254036075,27.63770660241998,27.88140864846156,165885800,24.760000228881836,23.969999313354492,25.110000610351562,23.899999618530273,0.024410432384175618,31.87546300744184,90.47619047619048,0.0
2025-05-07,28.547855377197266,28.975574253408848,27.398977618089415,28.32902043418396,207867200,23.549999237060547,24.559999465942383,25.6200008392334,23.290000915527344,-0.0465587647917971,28.885591678531043,86.90476190476191,0.0
2025-05-08,29.39832305908203,30.194081332649244,28.67716605646572,29.443084580547524,197621600,22.479999542236328,22.84000015258789,23.610000610351562,21.8799991607666,-0.08617889456742922,26.241658796556393,83.73015873015873,0.0
2025-05-09,29.32869529724121,29.975249150406288,29.01039197858994,29.741494320730382,146818800,21.899999618530273,22.399999618530273,22.81999969482422,21.829999923706055,-0.03439156420414613,24.808498696374173,81.74603174603175,0.0
2025-05-12,32.87976837158203,32.90463735879259,31.755757691314344,32.75045646814157,202490000,18.389999389648438,19.84000015258789,20.440000534057617,18.139999389648438,-0.22208122400793662,16.135407418153033,62.301587301587304,0.0
2025-05-13,34.38673782348633,34.74483000496551,33.00410707403327,33.158284176541024,170595400,18.219999313354492,18.690000534057617,18.850000381469727,17.649999618530273,-0.2641357372807541,15.71534300708271,60.317460317460316,0.0
2025-05-14,34.99350357055664,35.11784091871966,34.42155101011183,34.620491526067596,161184800,18.6200008392334,18.100000381469727,18.81999969482422,18.059999465942383,-0.20934176465147514,16.703733183478985,63.29365079365079,0.0
2025-05-15,35.10292053222656,35.654978653578866,34.28229328742115,34.55583696718118,161694800,17.829999923706055,19.190000534057617,19.3799991607666,17.770000457763672,-0.20685052105066404,14.751667769389357,56.74603174603175,0.0
2025-05-16,35.535614013671875,35.570428320776045,34.64038734764679,35.36651703473015,127627200,17.239999771118164,17.959999084472656,17.959999084472656,17.149999618530273,-0.21278538486681697,13.293797443497862,52.77777777777778,0.0
2025-05-19,35.63011169433594,35.73952917246723,34.03362053167684,34.053514963562066,143794200,18.139999389648438,19.84000015258789,19.920000076293945,17.920000076293945,-0.013594345203770009,15.517665914402185,58.730158730158735,0.0
2025-05-20,35.25709915161133,35.39635637842746,34.51604959778269,35.102922049704155,134069400,18.09000015258789,18.459999084472656,18.68000030517578,17.700000762939453,-0.007134970673205121,15.394119498849475,57.936507936507944,0.0
2025-05-21,33.7899169921875,35.80417963897527,33.411930413231154,34.436468888469264,219255200,20.8700008392334,18.770000457763672,21.049999237060547,17.770000457763672,0.12083780336137906,22.263406717236617,77.38095238095238,0.0
2025-05-22,33.9639892578125,34.69011888962761,33.630766087396076,33.899335205104336,173542000,20.280000686645508,20.6200008392334,22.06999969482422,19.639999389648438,0.13740890484705104,20.805536391345125,72.61904761904762,0.0
2025-05-23,32.98421096801758,33.49150566971218,32.25808132331077,32.372469556631025,214220800,22.290000915527344,20.139999389648438,25.530000686645508,19.829999923706055,0.2929235041446665,25.643564898667858,82.93650793650794,0.0
2025-05-27,35.2819709777832,35.38641390629656,34.01372837038142,34.31213727963033,130539600,18.959999084472656,20.6299991607666,21.010000228881836,18.950000762939453,0.04520395382660003,17.400986420244788,63.49206349206349,0.0
2025-05-28,34.82938003540039,35.77931926967438,34.705042677687565,35.48090657558358,132542600,19.309999465942383,19.209999084472656,19.43000030517578,18.68000030517578,0.06744053637721859,18.267323965419205,67.46031746031747,0.0
2025-05-29,34.998477935791016,36.33634521447543,34.48123411492085,36.30650546531119,193248800,19.18000030517578,18.25,20.200000762939453,18.110000610351562,-0.08097750196926656,17.925229812712214,65.07936507936508,0.0
2025-05-30,34.814456939697266,35.11286581171402,33.34230321586988,34.87911099371725,187118200,18.56999969482422,19.610000610351562,20.549999237060547,18.56999969482422,-0.08431957267868018,16.414953565224696,59.92063492063492,0.0
2025-06-02,35.61519241333008,35.669901153308615,34.162933011749715,34.41657848495025,137925400,18.360000610351562,19.809999465942383,20.450000762939453,18.360000610351562,-0.17631225409408213,15.895025185004897,58.13492063492064,0.0
2025-06-03,36.445762634277344,36.74417150890909,35.51074714857127,35.689793232245265,128728400,17.690000534057617,18.829999923706055,19.209999084472656,17.639999389648438,-0.06698304914239728,14.23619864635867,51.19047619047619,0.0
2025-06-04,36.73920440673828,36.96301013638736,36.16227723643608,36.594972614162735,128889000,17.610000610351562,17.68000030517578,18.06999969482422,17.40999984741211,-0.08803722954985882,14.03813001737085,50.198412698412696,0.0
2025-06-05,35.883758544921875,37.62448137584487,35.461012330592645,37.02765984284363,198008800,18.479999542236328,17.68000030517578,18.799999237060547,17.079999923706055,-0.036496389562129194,16.19212576732232,59.523809523809526,0.0
2025-06-06,36.90829849243164,37.306179529938774,36.575075305342416,36.938138242178496,131215400,16.770000457763672,18.15999984741211,18.350000381469727,16.649999618530273,-0.09693049362635353,11.958407051834428,43.65079365079365,0.0
2025-06-09,37.072425842285156,37.42056891492803,36.72427897516737,36.95803380728827,100363800,17.15999984741211,17.690000534057617,17.719999313354492,16.81999969482422,-0.06535951650583716,12.923991027858978,46.62698412698413,0.0
2025-06-10,37.788612365722656,37.942789478890035,36.68449599464953,37.156976447922204,122693000,16.950000762939453,17.5,17.989999771118164,16.68000030517578,-0.041831529043398374,12.404062647639178,44.047619047619044,0.0
2025-06-11,37.400672912597656,38.33569220182118,36.91327263136283,38.09198826672902,181652000,17.260000228881836,17.040000915527344,18.09000015258789,16.229999542236328,-0.019875091955646407,13.171577994675904,47.61904761904761,0.0
2025-06-12,37.644378662109375,37.86320982578327,37.06247695925682,37.102265823370224,126110000,18.020000457763672,17.8700008392334,18.8700008392334,17.43000030517578,-0.024891725966838973,15.053232331224505,53.17460317460318,0.0
2025-06-13,36.22195816040039,37.246496722832404,35.943439912714865,36.3562408304913,210666200,20.81999969482422,21.760000228881836,22.0,18.8799991607666,0.24150263127664973,21.98563906812684,76.19047619047619,0.0
2025-06-16,37.6990852355957,37.922890943043456,36.913272289642975,36.913272289642975,116668600,19.110000610351562,19.780000686645508,20.219999313354492,18.670000076293945,0.11363640910716732,17.751920352638944,64.0873015873016,0.0
2025-06-17,36.58502197265625,37.49019776160777,36.346296376929985,37.142054686809075,135418200,21.600000381469727,20.530000686645508,21.790000915527344,19.549999237060547,0.2743362483320546,23.746898635902667,78.96825396825396,0.0
2025-06-18,36.53528594970703,37.28131003911032,36.2269279600761,36.76406621512041,142661400,20.139999389648438,20.899999618530273,21.579999923706055,19.59000015258789,0.16685974058953867,20.12406757929902,71.03174603174604,0.0
2025-06-20,36.03296661376953,37.46533547727704,35.66990363534869,37.18184643878705,163355000,20.6200008392334,20.739999771118164,21.06999969482422,19.110000610351562,0.14428414624981611,21.315138111793576,74.20634920634922,0.0
2025-06-23,37.15199661254883,37.26638863780677,35.520691277663275,36.17222153596146,167572800,19.829999923706055,21.149999618530273,22.510000228881836,19.81999969482422,-0.04755042198027859,19.35483817532059,69.44444444444444,0.0
2025-06-24,38.842987060546875,39.04690213421193,38.12680651070013,38.251143859674016,113191600,17.479999542236328,18.190000534057617,18.719999313354492,17.329999923706055,-0.08529570989298085,13.523572023645917,45.83333333333333,0.0
2025-06-25,39.141239166259766,39.61005364355608,38.76219451655745,39.34073274548571,101438200,16.760000228881836,17.280000686645508,17.510000228881836,16.68000030517578,-0.22407407718103767,11.736973324216239,38.88888888888889,0.0
2025-06-26,40.213531494140625,40.323255248560315,39.211063676243356,39.61005464992853,100144200,16.59000015258789,16.670000076293945,16.780000686645508,16.110000610351562,-0.17626610450073676,11.315136928574885,37.301587301587304,0.0
2025-06-27,40.60753631591797,41.02149271796671,39.82451223022263,40.413027414732866,146023600,16.31999969482422,16.309999465942383,17.290000915527344,16.1200008392334,-0.20853544953439695,10.645160641460718,32.93650793650794,0.0
2025-06-30,41.395545959472656,41.639928237662,40.81201929712236,41.295799177994176,113721400,16.729999542236328,17.190000534057617,17.43000030517578,16.549999237060547,-0.15632881459388137,11.662529936911962,38.2936507936508,0.0
2025-07-01,40.34320068359375,41.1661249410921,39.80455893631165,40.956654418847656,140390000,16.829999923706055,16.979999542236328,17.479999542236328,16.510000228881836,-0.037185333841668666,11.910669828384778,39.682539682539684,0.0
2025-07-02,41.14617919921875,41.19106411371718,40.11378430969674,40.12874594786289,100285000,16.639999389648438,16.75,17.3700008392334,16.540000915527344,-0.007159954510418509,11.439204507873907,37.301587301587304,0.0
2025-07-03,42.29827117919922,42.53766880616502,41.639932461413494,41.639932461413494,83484600,16.3799991607666,16.649999618530273,16.829999923706055,16.139999389648438,-0.012658287515960653,10.794042683194496,32.93650793650794,0.0
2025-07-07,41.355648040771484,41.879328185599256,40.79705994505761,41.69479244392463,139674800,17.790000915527344,17.829999923706055,18.5,17.510000228881836,0.09007360589408142,14.165011245488177,48.80952380952381,0.0
2025-07-08,41.41050720214844,41.78456333677716,41.13121317258964,41.63494316598313,115515400,16.809999465942383,17.40999984741211,17.440000534057617,16.540000915527344,0.004781824620143427,11.111109520062946,38.88888888888889,0.0
2025-07-09,42.26834487915039,42.58753915554102,41.57010597263492,41.87932709261781,117976200,15.9399995803833,16.760000228881836,16.760000228881836,15.760000228881836,-0.052881779403286644,8.933932735272649,25.396825396825395,0.0
2025-07-10,42.07383728027344,42.502755315824366,41.46537198309206,42.407993204103846,110317800,15.779999732971191,16.229999542236328,16.239999771118164,15.699999809265137,-0.05168267357102441,8.327061814717043,21.825396825396826,0.0
2025-07-11,41.754642486572266,42.118721681217345,41.270862582231054,41.55514510884137,106937600,16.399999618530273,16.40999984741211,17.239999771118164,15.979999542236328,0.001221029230061177,9.882115383010012,32.53968253968254,0.0
2025-07-14,42.198524475097656,42.36311010615939,41.171118060159934,41.70975606303148,97311400,17.200000762939453,17.729999542236328,17.850000381469727,16.90999984741211,-0.03316470613966804,11.888639357010655,42.857142857142854,0.0
2025-07-15,42.30824661254883,43.22592923838092,42.29328497485966,43.10623233177153,123257600,17.3799991607666,16.889999389648438,17.389999389648438,16.559999465942383,0.03390837078722431,12.340102586839672,44.44444444444444,0.0
2025-07-16,42.42794418334961,42.567591210762686,41.11625525575262,42.42295570234311,166357600,17.15999984741211,17.65999984741211,19.479999542236328,16.690000534057617,0.0765370325686967,11.097065817121916,41.66666666666667,0.0
2025-07-17,43.41545104980469,43.55010958661934,42.39302940677932,42.57756513991392,97330800,16.520000457763672,17.15999984741211,17.3700008392334,16.479999542236328,0.046894850273431876,9.479271662846344,32.34126984126984,0.0
2025-07-18,43.265830993652344,43.75958408019908,42.98653693339903,43.709710684453306,98496200,16.40999984741211,16.43000030517578,16.809999465942383,16.280000686645508,0.0006097700679539297,9.201211484552646,31.150793650793652,0.0
2025-07-21,43.924163818359375,44.37802041048275,43.45036091469043,43.46532255089745,87720400,16.649999618530273,16.8700008392334,16.989999771118164,16.299999237060547,-0.03197680930307034,9.807884292405985,35.317460317460316,0.0
2025-07-22,43.24089050292969,43.969056508351365,42.62744053239118,43.95409106569529,108345200,16.5,16.75,17.479999542236328,16.43000030517578,-0.050632865550022665,9.428714390173509,31.349206349206348,0.0
2025-07-23,43.80945587158203,43.82940599016898,42.84189985323935,43.480288427637504,118025200,15.369999885559082,16.229999542236328,16.31999969482422,15.319999694824219,-0.10431235301688979,6.5722935731513985,15.674603174603174,0.0
2025-07-24,44.09872817993164,44.368049081129286,43.689760249615844,44.113689818037706,90378200,15.390000343322754,15.390000343322754,15.539999961853027,14.949999809265137,-0.0684019420780263,6.622850845824233,16.071428571428573,0.0
2025-07-25,44.34809494018555,44.67726616905225,43.8792804999606,44.043862309298135,79003200,14.930000305175781,15.329999923706055,15.390000343322754,14.920000076293945,-0.09018888214491527,5.460060092086943,9.920634920634921,0.0
2025-07-28,44.78200149536133,44.98149886419317,44.47776886403934,44.6822509083975,95592000,15.029999732971191,15.149999618530273,15.539999961853027,15.0,-0.09729729265315634,5.712839223340778,11.904761904761903,0.0
2025-07-29,44.5775146484375,45.69968304227406,44.378021089165365,45.38048878132376,116251200,15.979999542236328,14.949999809265137,16.1200008392334,14.699999809265137,-0.0315151792584043,8.114254229121162,24.206349206349206,0.0
2025-07-30,44.73213195800781,45.32563182991414,44.01893137143292,44.75706675307498,145527600,15.479999542236328,15.869999885559082,17.270000457763672,15.4399995803833,0.007156776675099064,6.850351340741651,17.857142857142858,0.0
2025-07-31,43.99399185180664,46.25827895483262,43.719686281223765,46.238328836138145,178874600,16.719999313354492,14.989999771118164,17.170000076293945,14.739999771118164,0.08641968423404123,9.984829925354015,36.11111111111111,0.0
2025-08-01,41.355648040771484,42.55262851102353,40.82698322015771,42.517716755041405,219781200,20.3799991607666,17.399999618530273,21.899999618530273,17.389999389648438,0.3650367544668749,19.236598682579494,72.22222222222221,0.0
2025-08-04,43.61993408203125,43.67479595514749,42.47283083754618,42.50275411193833,108586000,17.520000457763672,19.559999465942383,19.579999923706055,17.479999542236328,0.16566871384103798,12.00707743960537,46.42857142857143,0.0
2025-08-05,42.71222686767578,44.1934899087785,42.602503115728005,43.914195852981344,152088400,17.850000381469727,17.209999084472656,18.940000534057617,17.110000610351562,0.11702133246567659,12.841253153079574,50.39682539682539,0.0
2025-08-06,44.308197021484375,44.42290925105107,42.79701074928635,42.906734497977276,128995200,16.770000457763672,17.219999313354492,17.8799991607666,16.559999465942383,0.08333339494020309,10.1112231070361,37.5,0.0
2025-08-07,44.75706481933594,45.719636145571336,43.799481973936906,45.33061835244648,169239200,16.56999969482422,16.40999984741211,17.639999389648438,15.979999542236328,-0.008971269419279615,9.605660023121539,34.12698412698413,0.0
2025-08-08,45.964019775390625,46.02386632183368,44.9366096686674,45.00643317624815,104522600,15.149999618530273,16.479999542236328,16.520000457763672,15.149999618530273,-0.25662412942119084,6.016175627267447,13.492063492063492,0.0
2025-08-11,45.56003952026367,46.502660738917015,45.24583371574457,45.99893451652709,94617000,16.25,15.8100004196167,16.360000610351562,15.520000457763672,-0.07248860870896234,8.796762945983753,28.57142857142857,0.0
2025-08-12,47.24079895019531,47.32558409818464,45.450314855355025,46.09369189410738,119469600,14.729999542236328,16.09000015258789,16.559999465942383,14.65999984741211,-0.1747899592468527,4.954497008172381,8.531746031746032,0.0
2025-08-13,47.31061935424805,48.0387814931749,46.971474979464716,47.9041229613928,96058600,14.489999771118164,14.619999885559082,14.8100004196167,14.300000190734863,-0.13595710342333245,4.347824200319042,6.746031746031746,0.0
2025-08-14,47.18095016479492,47.67470323696375,46.702158730404534,46.801905518991504,106385800,14.829999923706055,14.65999984741211,15.390000343322754,14.569999694824219,-0.10500904062549066,5.2072785501296615,10.317460317460316,0.0
2025-08-15,46.512638092041016,47.136065030527696,46.09369321072802,47.116114911884594,96167400,15.09000015258789,14.430000305175781,15.180000305175781,14.399999618530273,-0.003960360887996117,5.864508630655836,13.88888888888889,0.0
2025-08-18,46.452789306640625,46.61238645608521,45.9989364587279,46.28321900008533,73371400,14.989999771118164,15.729999542236328,15.949999809265137,14.949999809265137,-0.07753847562349758,5.611727088698554,12.3015873015873,0.0
2025-08-19,44.55756378173828,46.313135992520316,44.298219875990945,46.268247278872394,111118600,15.569999694824219,15.229999542236328,15.90999984741211,14.760000228881836,0.05702648870960925,7.077854246362514,20.634920634920633,0.0
2025-08-20,43.7446174621582,44.333132597193504,42.08380731772438,44.303209324171696,164404200,15.6899995803833,15.949999809265137,17.190000534057617,15.569999694824219,0.08281572313458607,7.3811906502891835,21.825396825396826,0.0
2025-08-21,43.13615417480469,43.864316357235126,42.58753924887446,43.36557482364475,119920000,16.600000381469727,15.720000267028809,17.239999771118164,15.649999618530273,0.11935269500131884,9.68149593213079,37.10317460317461,0.0
2025-08-22,45.07625961303711,45.54507788448394,43.07630875078862,43.40048771201016,132726400,14.220000267028809,16.809999465942383,16.829999923706055,14.210000038146973,-0.057654067379838914,3.665317894159897,5.952380952380952,0.0
2025-08-25,44.6822509765625,45.37550519045729,44.40295694282934,44.697216418451774,80452600,14.789999961853027,15.050000190734863,15.1899995803833,14.239999771118164,-0.013342215631682919,5.106166415487439,9.920634920634921,0.0
2025-08-26,45.20094299316406,45.27076650218263,44.30819520774568,44.54260433306338,84374600,14.619999885559082,15.75,15.75,14.619999885559082,-0.061014760943183255,4.676439240582129,7.936507936507936,0.0
2025-08-27,45.40542984008789,45.60492721526998,44.65731753697701,44.95656169720217,90055200,14.850000381469727,14.65999984741211,15.229999542236328,14.65999984741211,-0.05353723526951515,5.257835822802496,11.30952380952381,0.0
2025-08-28,46.233341217041016,46.437827083649225,45.141099785104196,45.52512911311746,90658000,14.430000305175781,14.420000076293945,14.6899995803833,14.119999885559082,-0.13072289315826013,4.196157203707431,7.142857142857142,0.0
2025-08-29,44.567543029785156,45.679734500963605,44.133636532700436,45.594949354838874,121887000,15.359999656677246,14.3100004196167,15.970000267028809,14.3100004196167,0.0801687319438169,6.547014936814981,18.650793650793652,0.0
2025-09-02,43.43041229248047,43.510208956695614,42.018972883583395,42.44789089339025,166668000,17.170000076293945,16.649999618530273,19.3799991607666,16.549999237060547,0.16091954838265798,11.122344453458332,46.03174603174603,0.0
2025-09-03,44.4428596496582,44.826888967401615,43.68477036579375,44.25333923124011,119929800,16.350000381469727,17.399999618530273,17.56999969482422,16.34000015258789,0.11833108819784965,9.049544487941034,31.944444444444443,0.0
2025-09-04,45.64482498168945,45.71465229937772,44.198477530768464,44.58749533095251,101759600,15.300000190734863,16.219999313354492,16.350000381469727,15.279999732971191,0.030303016680501837,6.3953479402033695,17.857142857142858,0.0
2025-09-05,45.79444885253906,47.00140248725195,44.73213072357052,46.85178230568942,172625800,15.180000305175781,15.229999542236328,16.920000076293945,14.739999771118164,0.05197505087584697,6.0920115362767,16.666666666666664,0.0
2025-09-08,46.44779968261719,46.93157960015025,46.20341738590835,46.33807973671451,101696800,15.109999656677246,15.579999923706055,15.649999618530273,14.989999771118164,-0.01627604203046451,5.915063492625224,16.26984126984127,0.0
2025-09-09,46.82684326171875,46.93656701021403,46.00391895310013,46.63233436396657,94620800,15.039999961853027,15.020000457763672,15.819999694824219,14.970000267028809,-0.12405358794271293,5.738117859677195,14.682539682539684,0.0
2025-09-10,46.87671661376953,47.60986729161797,46.353040276089224,47.60487881075549,120818800,15.350000381469727,14.979999542236328,15.630000114440918,14.630000114440918,-0.06116207808370144,6.521738711182009,19.642857142857142,0.0
2025-09-11,47.664730072021484,47.869215935214825,47.08619184914271,47.475209651700105,91247200,14.710000038146973,15.1899995803833,15.239999771118164,14.649999618530273,-0.03856210099560475,4.903942146202993,9.325396825396826,0.0
2025-09-12,48.25823211669922,48.56246475824286,47.644778352822186,47.859237365630065,92235200,14.760000228881836,14.619999885559082,14.970000267028809,14.40999984741211,-0.027667988659443088,5.030332917181633,10.714285714285714,0.0
2025-09-15,49.4901237487793,49.51007006151612,48.662210981652706,48.697122736586,78114400,15.6899995803833,15.140000343322754,15.84000015258789,14.920000076293945,0.038385171203478397,7.3811906502891835,25.595238095238095,0.0
2025-09-16,49.35546112060547,49.77939065809715,49.180902346943704,49.709567148632445,77137200,16.360000610351562,15.600000381469727,16.3799991607666,15.4399995803833,0.08776600078766905,9.074823124277453,35.317460317460316,0.0
2025-09-17,49.041255950927734,49.475158650241774,47.63480497726635,49.3205499923341,147697200,15.720000267028809,16.420000076293945,16.75,15.260000228881836,0.024104226473228074,7.457026559298435,26.190476190476193,0.0
2025-09-18,50.36292266845703,51.05617310857261,49.76941901486755,50.253198920220726,123401600,15.699999809265137,14.930000305175781,15.800000190734863,14.329999923706055,0.06730113994227249,7.4064692866256,26.190476190476193,0.0
2025-09-19,51.36040496826172,51.51501362654038,50.44770704563827,50.81178623547433,84365400,15.449999809265137,15.760000228881836,16.1299991607666,15.289999961853027,0.04674793832544366,6.774517842435844,23.41269841269841,0.0
2025-09-22,52.228214263916016,52.4077615213015,51.08110720896385,51.08110720896385,81054600,16.100000381469727,16.139999389648438,16.350000381469727,15.779999732971191,0.026131345573714215,8.417593043751278,32.53968253968254,0.0
2025-09-23,51.17586898803711,52.31798755482805,50.86166319218909,52.26312568180914,99930600,16.639999389648438,16.100000381469727,17.06999969482422,15.949999809265137,0.01711483917180967,9.782605656069569,42.26190476190476,0.0
2025-09-24,50.625732421875,51.59920663704326,49.91683950216077,51.52432312616872,101055600,16.18000030517578,16.56999969482422,17.209999084472656,16.18000030517578,0.0292620884435848,8.619817313035725,34.12698412698413,0.0
2025-09-25,49.94679260253906,50.356151457534224,48.67378440986463,49.62229994472662,122820600,16.739999771118164,16.549999237060547,17.739999771118164,16.31999969482422,0.0662420365915728,10.035387198026848,44.047619047619044,0.0
2025-09-26,50.54585266113281,50.61074966871421,49.29281366698927,50.12151786967491,124097400,15.289999961853027,16.889999389648438,17.049999237060547,15.289999961853027,-0.010355977306624964,6.370069303866951,19.841269841269842,0.0
2025-09-29,51.21979904174805,52.05848597450549,50.890316929986305,51.31465174166036,92393200,16.1200008392334,15.84000015258789,16.290000915527344,15.739999771118164,0.0012422644279370676,8.468150316424113,32.34126984126984,0.0
2025-09-30,51.61917495727539,51.70404115742731,50.53087886927564,51.12494988780614,92323800,16.280000686645508,16.489999771118164,16.700000762939453,16.020000457763672,-0.02163453823363004,8.872598854993004,34.523809523809526,0.0
2025-10-01,52.3480339050293,52.487814426740954,50.57081788543784,50.785481917704615,93996400,16.290000915527344,17.280000686645508,17.280000686645508,15.979999542236328,0.00679855428163223,8.897877491329423,34.92063492063492,0.0
2025-10-02,52.987030029296875,53.33648131561884,52.24818907857805,53.32150537602409,89158600,16.6299991607666,16.1200008392334,16.920000076293945,15.930000305175781,-0.0065711237667606115,9.75732701973315,42.06349206349206,0.0
2025-10-03,52.26815414428711,53.35146074283165,51.79889153529824,53.1367967228878,103096400,16.649999618530273,16.350000381469727,17.059999465942383,16.200000762939453,0.08894700196666472,9.807884292405985,43.452380952380956,0.0
2025-10-06,53.43632888793945,53.85567044429474,52.98203839315441,53.61604778601557,82476800,16.3700008392334,16.739999771118164,17.09000015258789,16.290000915527344,0.015508684056116273,9.10010176061387,36.904761904761905,0.0
2025-10-07,52.57268142700195,53.94553184268841,52.17829848690217,53.76581293811804,100185800,17.239999771118164,16.579999923706055,17.549999237060547,16.190000534057617,0.058968000244628005,11.299290086406362,51.78571428571429,0.0
2025-10-08,54.354888916015625,54.43975892443722,52.747409136616874,52.7773610168048,86931000,16.299999237060547,17.170000076293945,17.200000762939453,16.229999542236328,0.0006137704709194836,8.923151306258948,35.317460317460316,0.0
2025-10-09,54.14022445678711,54.39482686255884,53.29654809876207,54.35488848347043,87956200,16.43000030517578,16.309999465942383,17.270000457763672,16.260000228881836,-0.012026389999023945,9.25176875722548,39.48412698412698,0.0
2025-10-10,48.45912170410156,54.744282273009276,48.33931037489897,54.280009087524064,238009400,21.65999984741211,16.360000610351562,22.440000534057617,16.229999542236328,0.30090092154152726,22.472191812537528,82.14285714285714,0.0
2025-10-13,51.53430938720703,51.75895611005783,50.34616733561923,50.95022105207455,114511200,19.030000686645508,19.450000762939453,20.770000457763672,18.610000610351562,0.16249234642902288,15.824064741080324,67.46031746031747,0.0
2025-10-14,50.48594665527344,51.68407136899682,48.45912152197426,49.78704406360715,147230000,20.809999465942383,21.459999084472656,22.940000534057617,19.18000030517578,0.20707655117287005,20.32355593801098,79.36507936507937,0.0
2025-10-15,51.51932907104492,52.67252597952425,49.941801161288474,51.9885955103713,127069400,20.639999389648438,20.020000457763672,22.440000534057617,19.110000610351562,0.2662576905353613,19.89382876310567,78.76984126984127,0.0
2025-10-16,50.94523239135742,53.08188624657991,49.79702870229722,52.258175235622254,159344000,25.309999465942383,20.489999771118164,25.43000030517578,19.850000381469727,0.5404746802085709,31.69868193342659,92.85714285714286,0.0
2025-10-17,51.91371154785156,52.30310122443509,49.9817391049974,50.38111147204539,142274000,20.780000686645508,28.40999984741211,28.989999771118164,20.729999542236328,-0.040627847043671284,20.24772485040862,78.57142857142857,0.0
2025-10-20,53.86066436767578,54.17517053887665,52.69249532430094,52.72244720477716,79928800,18.229999542236328,20.530000686645508,21.020000457763672,18.229999542236328,-0.0420389445897702,13.80181722682897,62.301587301587304,0.0
2025-10-21,53.80075454711914,54.15520289201507,53.25161517853958,53.86565536374705,79811400,17.8700008392334,18.649999618530273,18.889999389648438,17.399999618530273,-0.14127816925322767,12.891810425752407,58.730158730158735,0.0
2025-10-22,52.21823501586914,53.785780221129485,50.71059737958568,53.64100645265213,134380800,18.600000381469727,17.84000015258789,21.010000228881836,17.729999542236328,-0.09883716417171162,14.737107485648842,65.47619047619048,0.0
2025-10-23,53.526187896728516,53.73086542362795,51.958642705416935,52.05349159453613,91245000,17.299999237060547,18.360000610351562,19.350000381469727,17.079999923706055,-0.31647571702481636,11.450957083017974,53.57142857142857,0.0
2025-10-24,55.19357681274414,55.543031925607984,54.679382547209485,54.90902251974275,84387600,16.3700008392334,17.020000457763672,17.219999313354492,16.020000457763672,-0.21222327727093115,9.10010176061387,37.5,0.0
2025-10-27,58.12398910522461,58.25378693477012,57.04567570666225,57.17048028656622,77489400,15.789999961853027,15.729999542236328,16.06999969482422,15.619999885559082,-0.13384529027168468,7.633972192246465,27.380952380952383,0.0
2025-10-28,59.451908111572266,59.94613699241417,58.43849552777355,58.73303631816015,92239400,16.420000076293945,15.949999809265137,16.549999237060547,15.65999984741211,-0.08114161694698929,9.226490120889064,40.07936507936508,0.0
2025-10-29,60.21072006225586,60.5901270404477,58.678120018471375,60.19075087301067,133060800,16.920000076293945,16.34000015258789,17.579999923706055,16.260000228881836,-0.09032259520002395,10.490393009268576,50.39682539682539,0.0
2025-10-30,57.45503234863281,59.57671012473417,57.425080469411945,59.20229639953982,127234200,16.90999984741211,16.260000228881836,17.40999984741211,15.729999542236328,-0.022543318314891536,10.46511437293216,50.39682539682539,0.0
2025-10-31,58.268760681152344,59.65159369858212,57.59980617751168,59.65159369858212,122666800,17.440000534057617,16.43000030517578,18.540000915527344,15.960000038146973,0.06536344776841974,11.804853170320923,57.14285714285714,0.0
2025-11-03,59.06751251220703,60.115870240957,58.448482850930574,59.90619945695372,83598000,17.170000076293945,18.059999465942383,18.829999923706055,17.0,0.08739709422259989,11.122344453458332,53.37301587301587,0.0
2025-11-04,55.45317077636719,57.61478697227483,55.23351350122211,56.591387913512676,124762800,19.0,19.729999542236328,20.479999542236328,17.899999618530273,0.15712545138357692,15.748228832071073,70.63492063492063,0.0
2025-11-05,56.5314826965332,57.4101080249253,54.88406449062334,55.25348498886006,109730000,18.010000228881836,19.3700008392334,20.020000457763672,17.309999465942383,0.06442081251022302,13.245701691648465,63.095238095238095,0.0
2025-11-06,53.361446380615234,56.16206148468347,52.97704994674061,56.09716447366747,156461400,19.5,18.360000610351562,20.309999465942383,17.639999389648438,0.15316381880300622,17.012131720450586,74.60317460317461,0.0
2025-11-07,52.80731201171875,52.83726389140455,49.901861611459886,52.427905031187095,183589400,19.079999923706055,19.520000457763672,22.719999313354492,19.079999923706055,0.09403665937083971,15.950453101355519,71.82539682539682,0.0
2025-11-10,56.26689529418945,56.536473638786646,54.619477155517856,55.12867815615693,119878800,17.600000381469727,18.579999923706055,18.81999969482422,17.600000381469727,0.025043698501170608,12.209301708889816,58.730158730158735,0.0
2025-11-11,55.8026237487793,56.1221231720215,54.71432764813128,55.548021336631,102665600,17.280000686645508,17.899999618530273,18.010000228881836,17.25,-0.09052627965023641,11.400404631752032,55.158730158730165,0.0
2025-11-12,55.68780517578125,56.68124856714001,54.77922798481222,56.67625531748958,125708400,17.510000228881836,17.209999084472656,18.059999465942383,17.100000381469727,-0.027762353894819625,11.981798803268951,57.936507936507944,0.0
2025-11-13,52.248191833496094,54.85410829618633,51.61917567621673,54.699351833902874,201264400,20.0,17.610000610351562,21.309999465942383,17.510000228881836,0.02564102564102555,18.2760346088301,76.98412698412699,0.0
2025-11-14,52.288124084472656,53.46128633690067,49.30779020076769,49.91184770017707,222397600,19.829999923706055,21.329999923706055,23.030000686645508,19.559999465942383,0.039308176257808025,17.84630743392479,75.9920634920635,0.0
2025-11-17,50.94523239135742,53.23164946119628,49.97674760682375,51.62416962873906,186327000,22.3799991607666,19.579999923706055,23.440000534057617,19.540000915527344,0.2715908338462043,24.292210236097546,85.71428571428571,0.0
2025-11-18,49.10311508178711,50.59078356739695,47.8251173799907,49.90685689513883,267348000,24.690000534057617,23.540000915527344,25.84000015258789,22.90999984741211,0.4288194185743739,30.131445051823857,90.47619047619048,0.0
2025-11-19,49.94679260253906,51.49436857587526,48.638839281099195,49.247886218496895,184263600,23.65999984741211,24.520000457763672,24.790000915527344,21.93000030517578,0.351227843411799,27.52780336605558,88.09523809523809,0.0
2025-11-20,46.37738037109375,53.45629594713029,46.157723102480865,52.867218206632096,178246300,26.420000076293945,20.780000686645508,28.270000457763672,19.280000686645508,0.3210000038146972,34.504547888479316,92.85714285714286,0.0
2025-11-21,47.40576934814453,49.02323557496818,45.169273495280564,46.776753223205695,179618600,23.43000030517578,25.969999313354492,27.84000015258789,22.540000915527344,0.18154313642563635,26.946409194538656,86.11111111111111,0.0
2025-11-24,51.000144958496094,51.36956544565707,48.59390902051381,48.62386470939364,93894200,20.520000457763672,22.690000534057617,23.68000030517578,20.40999984741211,-0.08310986473420479,19.590494769882447,76.5873015873016,0.0
2025-11-25,51.928688049316406,52.27814315908653,49.00327219371433,50.56083091688719,101851900,18.559999465942383,20.549999237060547,21.770000457763672,18.389999389648438,-0.24827869321669127,14.635992940303172,64.28571428571429,0.0
2025-11-26,53.28656005859375,53.775795666444466,52.28812346265897,52.82728013855976,75598100,17.190000534057617,18.25,18.700000762939453,16.93000030517578,-0.27345728466106345,11.172901726131167,48.80952380952381,0.0
2025-11-28,54.454734802246094,54.5246250617603,53.54615761982799,53.73585920869032,34381600,16.350000381469727,17.40999984741211,18.520000457763672,15.779999732971191,-0.3811506308003305,9.049544487941034,32.34126984126984,0.0
2025-12-01,53.96549987792969,54.56456414991923,52.73742326214141,53.02697080316635,66359600,17.239999771118164,18.049999237060547,18.329999923706055,16.579999923706055,-0.264191227205841,11.299290086406362,50.0,0.0
2025-12-02,55.21354675292969,55.672826704235995,54.05536037513392,54.54459601629663,79504400,16.59000015258789,17.280000686645508,17.309999465942383,16.389999389648438,-0.1915204784358998,9.656217295794374,38.2936507936508,0.0
2025-12-03,55.602935791015625,55.792641192527,54.145219192869746,54.57454725802325,69844900,16.079999923706055,16.43000030517578,17.280000686645508,15.930000305175781,-0.13362066883607027,8.367035771078443,26.984126984126984,0.0
2025-12-04,55.423213958740234,55.96237063653062,54.52462330448963,55.95238794637896,63958000,15.779999732971191,16.229999542236328,16.6299991607666,15.680000305175781,-0.08202447686332925,7.608693555910047,22.023809523809522,0.0
2025-12-05,56.062217712402344,56.990764073302,55.592951282409295,55.77267017863074,73206000,15.40999984741211,15.579999923706055,16.18000030517578,15.279999732971191,-0.05749238606275309,6.673405707793621,17.46031746031746,0.0
2025-12-08,55.712764739990234,56.950827871427165,55.033827508030235,56.481561423495926,69700000,16.65999984741211,16.149999618530273,17.09000015258789,16.100000381469727,-0.03364268743655774,9.833162928742402,41.269841269841265,0.0
2025-12-09,55.92243576049805,56.13211035414704,55.00387585968761,55.36331366739034,48736000,16.93000030517578,16.65999984741211,17.200000762939453,16.450000762939453,0.020494282667915087,10.515671645604993,45.63492063492063,0.0
2025-12-10,56.56143569946289,57.00074643842348,54.804185126153705,55.562999085588764,100261100,15.770000457763672,16.940000534057617,17.65999984741211,15.5600004196167,-0.019278573844105806,5.6516140032558315,20.436507936507937,0.0
2025-12-11,56.022281646728516,56.07220271802166,53.89561049278506,55.54303250659389,99683900,14.850000381469727,16.84000015258789,16.8799991607666,14.850000381469727,-0.05893532111780064,3.277420374843456,7.5396825396825395,0.0
2025-12-12,52.737422943115234,55.433202628926644,52.14834517402583,55.023843759473564,138448500,15.739999771118164,14.989999771118164,17.850000381469727,14.850000381469727,0.021414661062535645,5.574192880239529,19.841269841269842,0.0
2025-12-15,51.93867492675781,53.975486604371895,51.63914469386952,53.975486604371895,98696300,16.5,16.510000228881836,17.350000381469727,15.989999771118164,-0.009603832465638562,6.9833839091826775,35.11904761904761,0.0
2025-12-16,52.248191833496094,52.68750258928367,51.020111399706146,51.349597323097,105953700,16.479999542236328,17.280000686645508,17.610000610351562,16.190000534057617,-0.026580080025272124,6.931461642747523,34.523809523809526,0.0
2025-12-17,49.32276916503906,52.71745129237508,49.29281347734237,52.567688088824966,125606200,17.6200008392334,16.450000762939453,18.0,15.819999694824219,0.11731137145014858,8.921544037442489,55.55555555555556,0.0
2025-12-18,51.42947006225586,52.377985639595536,50.90029985761452,51.589219773585334,109222100,16.8700008392334,17.610000610351562,17.68000030517578,15.930000305175781,0.13602696335848496,6.9535567133276395,44.047619047619044,0.0
2025-12-19,53.43632888793945,53.55614021707903,52.10840634201409,52.11839284120359,72957800,14.90999984741211,16.309999465942383,16.530000686645508,14.90999984741211,-0.05273188918522398,1.8105472371185343,6.349206349206349,0.0
2025-12-22,54.16518783569336,54.80418667726086,53.79576734454969,54.72431372643169,64783100,14.079999923706055,15.15999984741211,15.260000228881836,14.029999732971191,-0.14666667129054212,0.0,0.3968253968253968,0.0
2025-12-23,54.92399597167969,54.983903539130765,53.775796161034414,53.8856247969947,48197100,14.0,14.09000015258789,14.449999809265137,13.640000343322754,-0.1504854132963036,0.0,0.3968253968253968,0.0
2025-12-24,55.36000061035156,55.45000076293945,54.779998779296875,54.869998931884766,25855000,13.470000267028809,14.09000015258789,14.15999984741211,13.380000114440918,-0.235527830564232,0.0,0.3968253968253968,0.0
2025-12-26,55.310001373291016,55.75,55.11000061035156,55.52000045776367,37244200,13.600000381469727,14.119999885559082,14.289999961853027,13.520000457763672,-0.1938352279247585,0.3345345064557687,0.7936507936507936,0.0
2025-12-29,54.4900016784668,54.9900016784668,53.91999816894531,54.290000915527344,50635300,14.199999809265137,14.6899995803833,15.079999923706055,13.989999771118164,-0.04761905066486005,1.8785370891804476,1.984126984126984,0.0
2025-12-30,54.099998474121094,54.81999969482422,54.040000915527344,54.20000076293945,38976800,14.329999923706055,14.430000305175781,14.619999885559082,14.039999961853027,0.017755681914392918,2.213071595636216,2.7777777777777777,0.0
2025-12-31,52.720001220703125,54.20000076293945,52.63999938964844,54.130001068115234,57199400,14.949999809265137,14.770000457763672,15.170000076293945,14.380000114440918,0.06785712923322396,3.808542158182561,8.73015873015873,0.0
2026-01-02,52.349998474121094,54.880001068115234,51.61000061035156,54.16999816894531,107226600,14.510000228881836,14.850000381469727,15.420000076293945,14.460000038146973,0.07720860736719404,2.6762735975177967,3.968253968253968,0.0
2026-01-05,53.599998474121094,54.33000183105469,53.290000915527344,53.95000076293945,77968000,14.899999618530273,15.140000343322754,15.270000457763672,14.649999618530273,0.0955881765144524,3.679874662756749,8.333333333333332,0.0
2026-01-06,55.0099983215332,55.16999816894531,53.7400016784668,53.91999816894531,68915800,14.75,15.0,15.210000038146973,14.630000114440918,0.03873240831848479,3.293874630607668,5.555555555555555,0.0
2026-01-07,55.16999816894531,56.189998626708984,54.77000045776367,54.88999938964844,65588300,15.380000114440918,14.949999809265137,15.479999542236328,14.829999923706055,0.07327286785241727,4.9150791830648455,17.46031746031746,0.0
2026-01-08,54.189998626708984,54.97999954223633,53.5,54.869998931884766,83760300,15.449999809265137,15.6899995803833,15.850000381469727,15.149999618530273,0.03344481648020681,5.09521220418397,18.849206349206348,0.0
2026-01-09,55.7599983215332,56.099998474121094,53.790000915527344,54.38999938964844,78706300,14.489999771118164,15.680000305175781,15.8100004196167,14.430000305175781,-0.0013783912783034147,2.6248056176961305,3.7698412698412698,0.0
2026-01-12,55.88999938964844,56.34000015258789,54.58000183105469,54.599998474121094,59673900,15.119999885559082,16.059999465942383,16.65999984741211,15.029999732971191,0.014765118970553992,4.246010170153308,14.285714285714285,0.0
2026-01-13,55.599998474121094,56.5,54.959999084472656,55.90999984741211,88611000,15.979999542236328,15.359999656677246,16.5,14.75,0.08338979947364944,6.4590817657895245,27.976190476190478,0.0
2026-01-14,53.83000183105469,54.880001068115234,52.5,54.54999923706055,117421500,16.75,16.329999923706055,18.100000381469727,16.219999313354492,0.08907671491320301,8.440554814613304,45.63492063492063,0.0
2026-01-15,54.380001068115234,55.83000183105469,54.130001068115234,55.650001525878906,90483000,15.84000015258789,16.520000457763672,16.540000915527344,15.300000190734863,0.02524274097976864,6.098815723551276,26.38888888888889,0.0
2026-01-16,54.13999938964844,55.459999084472656,53.58000183105469,55.31999969482422,75855900,15.859999656677246,15.4399995803833,16.290000915527344,15.300000190734863,0.09454795770872271,6.150281249244589,26.984126984126984,0.0
2026-01-20,50.72999954223633,52.560001373291016,50.47999954223633,51.38999938964844,129209100,20.09000015258789,19.940000534057617,20.989999771118164,18.639999389648438,0.32870372385224633,17.03551111456325,75.39682539682539,0.0
2026-01-21,52.72999954223633,53.79999923706055,50.66999816894531,51.06999969482422,150230100,16.899999618530273,19.309999465942383,20.809999465942383,16.670000076293945,0.05757197137974357,8.826554846762386,48.01587301587302,0.0
2026-01-22,53.900001525878906,54.33000183105469,53.150001525878906,54.31999969482422,90992300,15.640000343322754,16.649999618530273,16.670000076293945,15.270000457763672,-0.06626863621953705,5.584148195976383,21.03174603174603,0.0
2026-01-23,54.380001068115234,55.06999969482422,53.31999969482422,53.59000015258789,78066100,16.09000015258789,15.680000305175781,16.209999084472656,15.300000190734863,0.015782828130791238,6.742150746551981,29.365079365079367,0.0
2026-01-26,55.08000183105469,55.630001068115234,54.209999084472656,54.470001220703125,58084300,16.149999618530273,16.899999618530273,17.389999389648438,15.800000190734863,0.018284991685414864,6.896549777760272,30.158730158730158,0.0
2026-01-27,56.540000915527344,56.79999923706055,55.560001373291016,55.97999954223633,51981200,16.350000381469727,16.020000457763672,16.3700008392334,15.739999771118164,-0.18616225697919653,7.411219759463518,32.93650793650794,0.0
2026-01-28,57.060001373291016,58.0099983215332,56.72999954223633,57.70000076293945,76172100,16.350000381469727,16.09000015258789,17.18000030517578,16.049999237060547,-0.03254433428847481,7.411219759463518,33.13492063492063,0.0
2026-01-29,56.040000915527344,57.209999084472656,53.060001373291016,56.95000076293945,122642300,16.8799991607666,16.040000915527344,19.739999771118164,16.020000457763672,0.07928381011661845,8.77508686694072,48.01587301587302,0.0
2026-01-30,54.0,55.709999084472656,53.31999969482422,55.02000045776367,110170700,17.440000534057617,18.719999313354492,19.270000457763672,16.670000076293945,0.0839030682826063,10.216160852407127,56.15079365079365,0.0
2026-02-02,55.099998474121094,55.709999084472656,53.150001525878906,53.15999984741211,74665800,16.34000015258789,19.950000762939453,19.959999084472656,16.079999923706055,0.01176473922882404,7.385485769552686,32.142857142857146,0.0
2026-02-03,52.52000045776367,55.7599983215332,51.08000183105469,55.63999938964844,129992200,18.0,16.15999984741211,20.3700008392334,16.049999237060547,0.1009174055066262,11.657229929616825,61.111111111111114,0.0
2026-02-04,49.7599983215332,52.150001525878906,48.43000030517578,52.13999938964844,142536200,18.639999389648438,17.6299991607666,21.239999771118164,17.469999313354492,0.14006109814982515,13.304166017856483,67.46031746031747,0.0
2026-02-05,47.63999938964844,49.529998779296875,47.060001373291016,48.38999938964844,158712900,21.770000457763672,19.239999771118164,23.100000381469727,19.059999465942383,0.28969203436707947,21.358723254449057,82.53968253968253,0.0
2026-02-06,50.59000015258789,51.0099983215332,48.0,48.34000015258789,117934600,20.3700008392334,21.239999771118164,21.489999771118164,19.989999771118164,0.16800459950984203,17.756048107296454,75.79365079365078,0.0
2026-02-09,51.7400016784668,52.27000045776367,49.439998626708984,50.060001373291016,71272700,17.360000610351562,17.950000762939453,19.200000762939453,16.899999618530273,0.06242352804397777,10.010293841377168,53.96825396825397,0.0
2026-02-10,51.02000045776367,52.400001525878906,50.88999938964844,51.970001220703125,70660900,17.790000915527344,17.469999313354492,17.969999313354492,17.139999389648438,-0.011666615804036495,11.116830866259452,58.53174603174603,0.0
2026-02-11,51.400001525878906,52.5,50.040000915527344,52.209999084472656,92393800,17.649999618530273,17.8700008392334,18.959999084472656,16.75,-0.053111577442859326,10.756559915764498,57.53968253968254,0.0
2026-02-12,48.2599983215332,52.06999969482422,47.9900016784668,51.79999923706055,131150000,20.81999969482422,17.440000534057617,21.209999084472656,17.079999923706055,-0.04363806811959259,18.9140482037437,78.76984126984127,0.0
2026-02-13,48.470001220703125,49.59000015258789,47.18000030517578,48.150001525878906,123216600,20.600000381469727,21.479999542236328,22.399999618530273,18.920000076293945,0.011291091446267387,18.347915150475494,76.5873015873016,0.0
2026-02-17,48.349998474121094,48.97999954223633,46.41999816894531,47.63999938964844,117089700,20.290000915527344,21.739999771118164,22.959999084472656,19.760000228881836,0.16877881348855817,17.5501810962665,74.60317460317461,0.0
2026-02-18,49.38999938964844,50.36000061035156,48.20000076293945,48.529998779296875,81370800,19.6200008392334,19.780000686645508,20.34000015258789,18.479999542236328,0.10286676950695406,15.82604303829434,70.63492063492063,0.0
2026-02-19,48.83000183105469,49.400001525878906,48.15999984741211,48.66999816894531,83447500,20.229999542236328,19.34000015258789,21.110000610351562,19.229999542236328,0.14617563623046093,17.3957771568015,73.80952380952381,0.0
2026-02-20,50.060001373291016,50.45000076293945,47.7599983215332,47.959999084472656,118813800,19.09000015258789,20.040000915527344,21.209999084472656,18.760000228881836,-0.08309315886620305,14.462171022560433,67.06349206349206,0.0
2026-02-23,48.2400016784668,49.880001068115234,47.65999984741211,49.529998779296875,91951800,21.010000228881836,20.489999771118164,22.040000915527344,19.5,0.019902904845619185,19.402984195536114,79.36507936507937,0.0
2026-02-24,49.779998779296875,50.040000915527344,47.81999969482422,48.45000076293945,70458800,19.549999237060547,21.239999771118164,22.079999923706055,19.229999542236328,-0.03647124914127009,15.645905108918512,69.44444444444444,0.0
