Date,close,high,low,open,volume,vix_level,vix_open,vix_high,vix_low,vix_roc_5,iv_rank,iv_percentile,term_slope
2023-01-03,8.130949974060059,8.674296055573214,7.919381531525169,8.53004446956713,359851800,22.899999618530273,23.09000015258789,23.760000228881836,22.729999542236328,0.09726874449763767,31.738030811030566,32.53968253968254,0.0
2023-01-04,8.25596809387207,8.409835726881877,7.953041306024443,8.332901910376973,435272800,22.010000228881836,22.93000030517578,23.270000457763672,21.940000534057617,0.016628204004375036,26.100307791782352,23.015873015873016,0.0
2023-01-05,7.866490364074707,8.102100286696649,7.828023456649154,8.082866374422164,362504000,22.459999084472656,22.200000762939453,22.920000076293945,21.969999313354492,0.014453464482651945,25.703655150555445,26.984126984126984,0.0
2023-01-06,8.48196029663086,8.606977966403841,7.741472150588862,8.005932006220286,466895200,21.1299991607666,22.690000534057617,22.899999618530273,21.0,-0.014459018916467614,18.64045850108733,13.492063492063492,0.0
2023-01-09,8.659871101379395,9.116665522885363,8.602170280357079,8.693529531507647,372042800,21.969999313354492,21.75,21.979999542236328,21.270000457763672,0.013843988740393831,23.10142587225748,22.023809523809522,0.0
2023-01-10,8.89067268371582,8.89067268371582,8.510812073163075,8.568511977921832,328723000,20.579999923706055,22.219999313354492,22.459999084472656,20.579999923706055,-0.10131003202929822,15.719591590365123,10.515873015873016,0.0
2023-01-11,9.33304214477539,9.34265910081303,8.905097689457905,8.982031503512207,302550000,21.09000015258789,20.799999237060547,21.25,20.6200008392334,-0.04179918522157522,18.428036789240405,12.698412698412698,0.0
2023-01-12,9.477293968200684,9.578270184616237,8.938757204396126,9.385935626114609,561852600,18.829999923706055,21.559999465942383,21.799999237060547,18.829999923706055,-0.16162062817162537,6.425911255311935,1.1904761904761905,0.0
2023-01-13,9.664819717407227,9.698478146158964,9.183982924671778,9.217641353423515,319566000,18.350000381469727,19.0,19.40999984741211,18.010000228881836,-0.13156644059213563,0.0,0.3968253968253968,0.0
2023-01-17,9.717711448669434,9.861963041331745,9.52537690890978,9.645586110899993,279515800,19.360000610351562,19.889999389648438,20.219999313354492,19.209999084472656,-0.11879830607989317,5.580111644173477,3.1746031746031744,0.0
2023-01-18,9.357083320617676,10.054297020109036,9.323424892678146,9.895620919020272,373300200,20.34000015258789,19.280000686645508,20.579999923706055,18.709999084472656,-0.01166179650184107,10.994473641865058,8.333333333333332,0.0
2023-01-19,9.063773155212402,9.284957625710565,8.933947009246955,9.169556912782392,332741400,20.520000457763672,20.43000030517578,21.709999084472656,20.170000076293945,-0.027027012361319325,11.988950445081374,9.523809523809524,0.0
2023-01-20,9.804262161254883,9.833113029886055,9.116665383310124,9.22245006737758,322650400,19.850000381469727,20.280000686645508,20.700000762939453,19.40999984741211,0.054168903977505733,8.287292643019267,5.952380952380952,0.0
2023-01-23,10.448583602905273,10.578409760990692,9.799453729601614,9.88119602353057,388084200,19.809999465942383,20.209999084472656,20.329999923706055,19.549999237060547,0.07956398115103025,8.066293114376741,5.555555555555555,0.0
2023-01-24,10.386073112487793,10.51589924421066,10.21297160352397,10.270672412219657,290013000,19.200000762939453,19.889999389648438,20.469999313354492,18.90999984741211,-0.00826445466776271,4.696134605278424,2.380952380952381,0.0
2023-01-25,10.30914306640625,10.381268415698035,9.607120737728064,9.886006094213585,436167200,19.079999923706055,19.559999465942383,20.899999618530273,18.989999771118164,-0.06194691344294434,4.0331465571883705,2.380952380952381,0.0
2023-01-26,10.905378341674805,10.92461133601392,10.386074654791404,10.684192945473024,406837800,18.729999542236328,19.049999237060547,19.479999542236328,18.670000076293945,-0.0872320114812718,2.099442832916369,1.1904761904761905,0.0
2023-01-27,11.21792221069336,11.453532126408607,10.737085423407535,10.75151085719053,376822200,18.510000228881836,18.899999618530273,19.0,17.969999313354492,-0.06750630361895615,0.883977038895053,0.7936507936507936,0.0
2023-01-30,10.544751167297363,11.011162532980673,10.506284259994858,10.84286946961093,347816000,19.940000534057617,19.760000228881836,20.25,19.540000915527344,0.006562396346286414,8.784531044627427,8.73015873015873,0.0
2023-01-31,11.015971183776855,11.020779661905499,10.530325898265117,10.549559810779687,316513800,19.399999618530273,20.1200008392334,20.700000762939453,19.1299991607666,0.010416606648103066,5.801100634978476,4.761904761904762,0.0
2023-02-01,11.72761058807373,11.996879886929511,10.751512360372958,10.991930787629071,543277600,17.8700008392334,19.6200008392334,20.040000915527344,17.700000762939453,-0.06341714304564994,0.0,0.3968253968253968,0.0
2023-02-02,12.93931770324707,13.198970005204423,12.381547110660952,12.482522394451005,535770200,18.729999542236328,17.739999771118164,19.25,17.059999465942383,0.0,4.628625977041394,2.1825396825396823,0.0
2023-02-03,12.270954132080078,13.049909156790084,12.073811137114996,12.121894078619984,534808400,18.329999923706055,18.56999969482422,19.299999237060547,17.93000030517578,-0.009724489624528432,2.4757754917197152,0.7936507936507936,0.0
2023-02-06,11.958412170410156,12.237297490572344,11.790119099232891,11.948795213857522,323632400,19.43000030517578,19.229999542236328,19.809999465942383,19.209999084472656,-0.025576740984071367,8.396122025554982,6.349206349206349,0.0
2023-02-07,12.698899269104004,12.833533897484726,11.799735005319896,11.939177194425488,519789200,18.65999984741211,19.540000915527344,19.989999771118164,18.43000030517578,-0.038144318848921,4.251878425310209,2.380952380952381,0.0
2023-02-08,12.016112327575684,12.64600832101304,11.929561551033066,12.525799112953512,362514400,19.6299991607666,18.8799991607666,20.1200008392334,18.549999237060547,0.09848898930486594,9.47254213541539,8.333333333333332,0.0
2023-02-09,11.693952560424805,12.54503404252793,11.506426474143067,12.525800127461316,395196800,20.709999084472656,19.239999771118164,21.079999923706055,19.020000457763672,0.10571273842113071,15.285243578584353,17.063492063492063,0.0
2023-02-10,11.453532218933105,11.66510066384252,11.165029960806338,11.424682268257447,367863400,20.530000686645508,20.739999771118164,21.940000534057617,20.440000534057617,0.12002186427148898,14.316468559390247,15.079365079365079,0.0
2023-02-13,11.996879577636719,12.069004920529379,11.467958867884724,11.607401075194067,279739800,20.34000015258789,21.65999984741211,21.690000534057617,20.329999923706055,0.046834782970626154,13.293860729262125,13.690476190476192,0.0
2023-02-14,12.256529808044434,12.376739006927322,11.564124565684446,11.799735402563503,511474400,18.90999984741211,20.719999313354492,20.75,18.479999542236328,0.013397642124561626,5.597411261836366,4.365079365079365,0.0
2023-02-15,12.530608177185059,12.54984209159311,11.948796023194241,12.030538325181427,275527400,18.229999542236328,19.3700008392334,19.40999984741211,18.110000610351562,-0.07131939268384568,1.937560303989079,0.7936507936507936,0.0
2023-02-16,11.814160346984863,12.439248754069752,11.794927351371795,11.939178028401841,388993000,20.170000076293945,18.260000228881836,20.270000457763672,18.229999542236328,-0.026074313474189204,12.378897989800304,13.492063492063492,0.0
2023-02-17,11.55931568145752,11.650674001820727,11.203495686430765,11.554507203997883,389804800,20.020000457763672,20.940000534057617,21.299999237060547,19.81999969482422,-0.0248417053981681,11.571580341004783,13.095238095238097,0.0
2023-02-21,10.746703147888184,11.275623835156717,10.717853195382178,11.107330764145349,300937600,22.8700008392334,21.799999237060547,23.34000015258789,21.799999237060547,0.12438548021955698,26.91065673052315,38.88888888888889,0.0
2023-02-22,10.756319999694824,10.98712145174242,10.56879301742314,10.794786908369424,334677400,22.290000915527344,23.030000686645508,23.6299991607666,22.020000457763672,0.17874146458958307,23.7890209604065,32.73809523809524,0.0
2023-02-23,11.025588035583496,11.169838709582498,10.554368188921774,11.15060571437356,359540000,21.139999389648438,21.959999084472656,22.43000030517578,20.889999389648438,0.15962698411868037,17.599561699905482,22.023809523809522,0.0
2023-02-24,10.467816352844238,10.592834018917,10.265864879514908,10.458199397656337,345563600,21.670000076293945,21.350000381469727,22.899999618530273,21.31999969482422,0.0743678727975301,20.45209500895725,27.380952380952383,0.0
2023-02-27,10.69381046295166,10.963078817707624,10.626493603543526,10.809211186418501,277508800,20.950000762939453,21.989999771118164,22.020000457763672,20.68000030517578,0.04645356063491657,16.576964135378226,20.634920634920633,0.0
2023-02-28,10.64091682434082,10.924610578887654,10.578408450666593,10.616875353802268,254631600,20.700000762939453,21.299999237060547,21.3700008392334,20.100000381469727,-0.09488412753231379,15.231431298852069,19.047619047619047,0.0
2023-03-01,10.381266593933105,10.679384896589903,10.275482828010276,10.607259559955093,308773800,20.579999923706055,20.389999389648438,21.31999969482422,20.219999313354492,-0.07671605749599109,14.585571020455134,18.253968253968253,0.0
2023-03-02,10.631301879882812,10.722660211024635,10.073531268484352,10.102381219522643,315874600,19.59000015258789,21.40999984741211,21.420000076293945,19.549999237060547,-0.07332068504313816,9.257262219683653,8.73015873015873,0.0
2023-03-03,11.280428886413574,11.31408822682542,10.761125271233059,10.818826080530116,303353200,18.489999771118164,19.760000228881836,19.760000228881836,18.15999984741211,-0.14674666792708346,3.3369156858483864,1.984126984126984,0.0
2023-03-06,11.328514099121094,11.770883966342632,11.29966414957629,11.424681820434916,303699800,18.610000610351562,19.049999237060547,19.190000534057617,18.489999771118164,-0.11169451395569163,3.982775964245323,3.1746031746031744,0.0
2023-03-07,10.905378341674805,11.434298984289452,10.828444530071588,11.328514305492497,352663000,19.59000015258789,18.639999389648438,19.739999771118164,18.510000228881836,-0.053623215914990086,9.257262219683653,9.722222222222223,0.0
2023-03-08,11.054437637329102,11.126562972047424,10.737085430869769,10.939036918355107,290985600,19.110000610351562,19.709999084472656,20.010000228881836,19.0,-0.07142853832867135,7.184239598347303,6.746031746031746,0.0
2023-03-09,10.472626686096191,11.400641015205036,10.381267429869704,11.112139645434631,393667400,22.610000610351562,19.329999923706055,23.139999389648438,18.8799991607666,0.15416030802657854,28.080568760543102,39.682539682539684,0.0
2023-03-10,10.039870262145996,10.655341590972759,9.914853522611164,10.4918570335832,629715200,24.799999237060547,23.34000015258789,28.969999313354492,21.790000915527344,0.34126552428620127,41.05449491925463,57.53968253968254,0.0
2023-03-13,10.256248474121094,10.650534486727858,9.679243971642713,9.842728550107475,659081400,26.520000457763672,24.049999237060547,30.809999465942383,23.850000381469727,0.42504027877421335,51.24407611722557,69.84126984126983,0.0
2023-03-14,10.953463554382324,11.015971940099451,10.539943578162362,10.63611131309093,434325800,23.729999542236328,26.850000381469727,27.239999771118164,22.270000457763672,0.2113322796019239,34.715633852773244,48.61111111111111,0.0
2023-03-15,11.112139701843262,11.165031130770469,10.49666821448687,10.660152813985858,549118800,26.139999389648438,23.209999084472656,29.90999984741211,23.190000534057617,0.3678701493860155,48.99288484348158,67.06349206349206,0.0
2023-03-16,11.992070198059082,12.035345583967601,10.924611901813511,11.00154571740123,456714200,22.989999771118164,26.190000534057617,27.489999771118164,22.969999313354492,0.016806685117585873,30.33174873482779,44.84126984126984,0.0
2023-03-17,11.814160346984863,12.266147207934946,11.58816737507154,11.987261893119669,403540600,25.510000228881836,22.920000076293945,26.139999389648438,22.579999923706055,0.02862907313159435,45.26066214153454,61.111111111111114,0.0
2023-03-20,11.939177513122559,11.982452897788551,11.487190671679636,11.746842979675591,328356000,24.149999618530273,27.770000457763672,28.90999984741211,24.0,-0.08936654593984317,37.203786087224366,53.57142857142857,0.0
2023-03-21,12.444055557250977,12.501756374822909,11.987261163060323,12.169978737311908,270290200,21.3799991607666,24.15999984741211,24.15999984741211,21.290000915527344,-0.09903078073335103,20.793829952855265,28.174603174603174,0.0
2023-03-22,11.936235427856445,13.038934044890315,11.921725895669647,12.43438404082522,475836200,22.260000228881836,21.799999237060547,22.3799991607666,19.940000534057617,-0.14843149393121635,26.007106681923947,36.904761904761905,0.0
2023-03-23,12.361837387084961,12.869659909567194,12.03296205956581,12.381183428689635,392994400,22.610000610351562,21.540000915527344,24.90999984741211,20.15999984741211,-0.016528889280111536,28.080568760543102,40.67460317460318,0.0
2023-03-24,12.487584114074707,12.497257135050534,12.013617155899878,12.303801327884281,338830200,21.739999771118164,22.110000610351562,25.209999084472656,21.600000381469727,-0.14778519889997355,22.926535096516027,31.746031746031743,0.0
2023-03-27,12.231254577636719,12.70038498935162,12.120016689884334,12.569801983600984,273591200,20.600000381469727,22.049999237060547,22.93000030517578,20.56999969482422,-0.14699790033688598,16.172983874202668,21.23015873015873,0.0
2023-03-28,12.02812671661377,12.158708810224757,11.747615564923041,12.158708810224757,236041400,19.969999313354492,20.530000686645508,21.399999618530273,19.90999984741211,-0.0659494809522505,12.440749872796337,15.079365079365079,0.0
2023-03-29,12.68587589263916,12.753586114122523,12.36667359376192,12.45856544418719,238730600,19.1200008392334,19.389999389648438,19.450000762939453,19.09000015258789,-0.14106016879435435,7.405213638311765,7.142857142857142,0.0
2023-03-30,13.029260635375977,13.101806444072869,12.811622286815295,12.97122343493646,260300000,19.020000457763672,19.1200008392334,20.079999923706055,18.850000381469727,-0.15877930365664283,6.812794287354968,5.555555555555555,0.0
2023-03-31,13.667665481567383,13.69668362109079,13.014751346235592,13.058279016755714,254044200,18.700000762939453,19.209999084472656,19.43000030517578,18.520000457763672,-0.13983436247397685,4.917061403860641,3.968253968253968,0.0
2023-04-03,13.570937156677246,13.599956218749396,13.217880203696307,13.387154375903751,250232600,18.549999237060547,19.790000915527344,19.829999923706055,18.540000915527344,-0.09951461681783336,4.0284267276958,2.7777777777777777,0.0
2023-04-04,13.435518264770508,13.749884050623622,13.261407586003243,13.619301041548173,232180800,19.0,18.790000915527344,20.030000686645508,18.579999923706055,-0.04857282657520312,6.69430815727175,6.349206349206349,0.0
2023-04-05,13.005077362060547,13.309771033127474,12.77293041813238,13.2855884832579,258274000,19.079999923706055,19.420000076293945,20.079999923706055,19.0,-0.0020920980006059464,7.168241378145332,7.341269841269842,0.0
2023-04-06,13.266242980957031,13.329115763853968,12.62783844244075,12.797111674267091,241920600,18.399999618530273,19.299999237060547,19.8799991607666,18.350000381469727,-0.0325973093749492,3.1398033509902454,1.984126984126984,0.0
2023-04-10,13.237225532531738,13.242061120146776,12.656857236909698,12.884167676085509,237057600,18.969999313354492,19.389999389648438,20.049999237060547,18.93000030517578,0.014438424566812547,6.516578962146924,6.349206349206349,0.0
2023-04-11,12.98089599609375,13.237225495053915,12.913186700035205,13.232388984982595,208521600,19.100000381469727,19.079999923706055,19.280000686645508,18.559999465942383,0.029649658600003903,7.286727508228549,8.73015873015873,0.0
2023-04-12,12.637511253356934,13.295261868354885,12.57463846690918,13.222716061693635,348038600,19.09000015258789,19.3799991607666,19.979999542236328,18.25,0.00473685013620484,7.227484443186941,8.73015873015873,0.0
2023-04-13,13.362971305847168,13.41617199511251,12.811622062442678,12.830968103073708,247523000,17.799999237060547,18.829999923706055,19.059999465942383,17.770000457763672,-0.06708599013436911,0.0,0.3968253968253968,0.0
2023-04-14,13.285587310791016,13.508062137607672,12.913185300364017,13.159840829976362,285332200,17.06999969482422,17.940000534057617,18.1200008392334,17.06999969482422,-0.07228260604780878,0.0,0.3968253968253968,0.0
2023-04-17,13.30009651184082,13.358133702506496,12.966384741070346,13.227550715361113,228617800,16.950000762939453,17.579999923706055,17.790000915527344,16.899999618530273,-0.10648384942180789,0.0,0.3968253968253968,0.0
2023-04-18,13.309772491455078,13.62897480494821,13.155007845212353,13.575774111876003,212829800,16.829999923706055,16.940000534057617,17.34000015258789,16.579999923706055,-0.11884818913228723,0.0,0.3968253968253968,0.0
2023-04-19,13.280752182006836,13.416171695994855,12.98089593867118,12.995405468820957,191850600,16.459999084472656,17.299999237060547,17.719999313354492,16.170000076293945,-0.13776852001537065,0.0,0.3968253968253968,0.0
2023-04-20,12.971223831176758,13.338790318601971,12.801949657399746,12.898678020263763,273695200,17.170000076293945,16.850000381469727,17.690000534057617,16.329999923706055,-0.03539321279603824,3.8819079074978715,1.984126984126984,0.0
2023-04-21,12.995406150817871,13.101806610090213,12.695548969275787,12.913187320594236,228888000,16.770000457763672,17.510000228881836,17.709999084472656,16.579999923706055,-0.017574648062325893,1.6949226778214053,0.7936507936507936,0.0
2023-04-24,12.918022155761719,13.140497004421455,12.642347541800493,12.966386333511224,215290800,16.889999389648438,18.219999313354492,18.239999771118164,16.739999771118164,-0.0035399038696332097,2.351013032540263,1.5873015873015872,0.0
2023-04-25,12.187727928161621,12.792277906295231,12.173218396597193,12.710059072370258,276576000,18.760000228881836,17.6200008392334,19.860000610351562,17.329999923706055,0.11467619215239933,12.57518332028397,8.73015873015873,0.0
2023-04-26,12.390854835510254,12.763256863192293,12.33765415049714,12.58431061400805,249724600,18.84000015258789,18.65999984741211,19.610000610351562,17.8700008392334,0.14459302554642184,13.012580366219261,9.523809523809524,0.0
2023-04-27,13.391990661621094,13.459699960380352,12.763258164320803,12.845476993872763,255631200,17.030000686645508,18.43000030517578,18.43000030517578,16.719999313354492,-0.008153720968337663,3.1164656842031495,2.380952380952381,0.0
2023-04-28,13.662829399108887,13.677338930559992,13.217880581778928,13.367808716893464,261072200,15.779999732971191,17.209999084472656,17.649999618530273,15.720000267028809,-0.0590340308747076,0.0,0.3968253968253968,0.0
2023-05-01,13.624136924743652,13.798247595497553,13.479045314095378,13.60962739469084,178002600,16.079999923706055,16.40999984741211,16.6200008392334,15.529999732971191,-0.047957341338852655,1.5814453690666765,0.7936507936507936,0.0
2023-05-02,13.261408805847168,13.648320435953176,13.038933926683645,13.609629272942575,249312000,17.780000686645508,16.270000457763672,19.809999465942383,16.260000228881836,-0.052238780931760154,10.54296745135243,4.365079365079365,0.0
2023-05-03,13.00024127960205,13.638646780103523,12.976059651407216,13.300098450555923,340267600,18.34000015258789,17.81999969482422,18.829999923706055,17.190000534057617,-0.026539277916689308,13.494994114819066,6.349206349206349,0.0
2023-05-04,12.85515022277832,13.096970205089779,12.710058602379455,12.951878584690913,242621600,20.09000015258789,19.170000076293945,21.329999923706055,18.670000076293945,0.1796828739027565,22.720086235885734,24.206349206349206,0.0
2023-05-05,13.643482208251953,13.764392192752464,13.072787856284325,13.116315524502106,195603200,17.190000534057617,19.5,19.6299991607666,16.690000534057617,0.08935366444527437,7.432792731885756,4.365079365079365,0.0
2023-05-08,13.754721641540527,13.803085825272408,13.454864440378929,13.590283970334179,151477000,16.979999542236328,17.729999542236328,17.8799991607666,16.829999923706055,0.0559701257960481,6.3257764489904655,3.1746031746031744,0.0
2023-05-09,13.48871898651123,13.64832014584626,13.450027824323044,13.537083169863982,129681400,17.709999084472656,17.290000915527344,17.860000610351562,17.219999313354492,-0.00393709783292806,10.173955320685678,5.158730158730158,0.0
2023-05-10,13.923993110656738,14.035230065839523,13.479044367455701,13.793410116762217,303102000,16.940000534057617,17.579999923706055,18.309999465942383,16.360000610351562,-0.07633585642760887,6.359653262018296,2.7777777777777777,0.0
2023-05-11,14.040066719055176,14.117449029753434,13.778900728596122,13.982029524796529,194683000,16.93000030517578,16.799999237060547,18.190000534057617,16.6299991607666,-0.15729217637686554,6.3048274479587425,2.7777777777777777,0.0
2023-05-12,13.894975662231445,14.170650288519496,13.624137546181608,14.112614010600963,210763400,17.030000686645508,16.829999923706055,17.920000076293945,16.3799991607666,-0.009307727890706552,6.853075131599469,4.563492063492063,0.0
2023-05-15,14.10777759552002,14.146468755216683,13.749884137708374,13.953012956733364,172935200,17.1200008392334,17.440000534057617,18.15999984741211,17.079999923706055,0.008245070716805802,7.3464970011806425,5.555555555555555,0.0
2023-05-16,14.160977363586426,14.383451286732841,14.00621181241115,14.01588483232272,159327000,17.989999771118164,17.540000915527344,18.299999237060547,17.260000228881836,0.015810316268790814,12.116227797858906,8.333333333333332,0.0
2023-05-17,14.668801307678223,14.74134712389922,14.136797117940722,14.291561771870882,202209200,16.8700008392334,17.959999084472656,18.260000228881836,16.68000030517578,-0.004132213259585571,5.975883020556229,2.380952380952381,0.0
2023-05-18,15.457132339477539,15.49582442099933,14.702654276732513,14.702654276732513,271867600,16.049999237060547,16.920000076293945,17.149999618530273,16.049999237060547,-0.05197879812478223,1.4802603802661158,0.7936507936507936,0.0
2023-05-19,15.350729942321777,15.592550808916076,15.21047485441395,15.490985030229604,198058400,16.809999465942383,16.1299991607666,17.360000610351562,15.850000381469727,-0.012918450489297073,5.646928136198909,2.380952380952381,0.0
2023-05-22,15.510334014892578,15.65059005191336,15.316878207338098,15.321714717835716,166624800,17.209999084472656,17.450000762939453,18.1299991607666,16.81999969482422,0.005256906590390464,7.839908413807008,7.936507936507936,0.0
2023-05-23,14.91062068939209,15.428115325356117,14.862256506434598,15.26367765678268,212630000,18.530000686645508,17.350000381469727,19.309999465942383,17.299999237060547,0.030016727203870275,15.076759015345948,13.095238095238097,0.0
2023-05-24,14.668801307678223,14.847748515328783,14.397963163300442,14.639783165683843,235945000,20.030000686645508,18.799999237060547,20.809999465942383,18.799999237060547,0.18731474156557937,23.300442899092424,28.968253968253972,0.0
2023-05-25,15.727972030639648,15.897245282000533,15.321714382433456,15.650589709311804,261747000,19.139999389648438,19.540000915527344,19.950000762939453,18.700000762939453,0.19252338314464645,18.421050017340246,21.428571428571427,0.0
2023-05-26,16.917722702026367,17.048305690409503,15.858552033949437,15.868225052897046,252784400,17.950000762939453,19.06999969482422,19.559999465942383,17.270000457763672,0.06781685503957036,11.896934998575501,9.920634920634921,0.0
2023-05-30,17.154712677001953,17.735079244577893,16.946747313809123,17.560970381269307,270612800,17.459999084472656,17.559999465942383,18.34000015258789,16.979999542236328,0.01452643889014249,9.210522394431422,8.333333333333332,0.0
2023-05-31,16.806489944458008,17.212747616913017,16.637216682993493,16.91289133448723,210289000,17.940000534057617,18.040000915527344,18.399999618530273,17.1200008392334,-0.031840266094167013,11.842109184515948,10.317460317460316,0.0
2023-06-01,17.415874481201172,17.619004227658298,16.642051268364657,16.801653343790974,216759200,15.649999618530273,17.239999771118164,17.59000015258789,15.579999923706055,-0.2186720378414908,0.0,0.3968253968253968,0.0
2023-06-02,17.8076229095459,17.986569175448906,17.4158738837085,17.68187733362649,216505600,14.600000381469727,15.649999618530273,15.649999618530273,14.420000076293945,-0.23719953777188185,0.0,0.3968253968253968,0.0
2023-06-05,17.846315383911133,18.233226985566706,17.68187772259001,17.77860423929887,206261800,14.729999542236328,15.279999732971191,15.289999961853027,14.65999984741211,-0.17938724701066944,0.6694086521930139,0.7936507936507936,0.0
2023-06-06,17.82697105407715,17.97206268801005,17.536785941271127,17.74475129305303,159509000,13.960000038146973,14.90999984741211,14.970000267028809,13.949999809265137,-0.20045814603955314,0.0,0.3968253968253968,0.0
2023-06-07,16.917722702026367,18.165514472172084,16.816158770486055,17.865656419615377,228485400,13.9399995803833,14.140000343322754,14.289999961853027,13.770000457763672,-0.22296548687836681,0.0,0.3968253968253968,0.0
2023-06-08,17.498092651367188,17.594821005450648,16.903215764422786,16.93707041161101,188153800,13.649999618530273,14.140000343322754,14.210000038146973,13.529999732971191,-0.12779553027157353,0.0,0.3968253968253968,0.0
2023-06-09,17.710893630981445,18.194533558550113,17.50776574697376,17.73991269081393,207944000,13.829999923706055,13.779999732971191,14.140000343322754,13.5,-0.05273975600308567,0.8836538918009949,0.7936507936507936,0.0
2023-06-12,18.61530113220215,18.624972306950955,17.81729453481578,17.96722357258033,154857400,15.010000228881836,14.4399995803833,15.020000457763672,14.319999694824219,0.019008872732320325,6.676487748258456,2.7777777777777777,0.0
2023-06-13,19.031230926513672,19.166651364454218,18.53308237802726,19.04090394671942,266534200,14.609999656677246,14.989999771118164,15.0600004196167,14.470000267028809,0.04656157713138187,4.712812953340562,2.380952380952381,0.0
2023-06-14,19.437488555908203,19.490689244584775,18.581445639328713,19.031230931852512,305313000,13.880000114440918,14.479999542236328,14.729999542236328,13.829999923706055,-0.004304122507063468,1.151153549668147,1.1904761904761905,0.0
2023-06-15,20.119417190551758,20.356401530810256,19.10860982178728,19.21984861176592,255874000,14.5,14.09000015258789,14.520000457763672,13.789999961853027,0.062271091957821545,4.254255854858226,2.380952380952381,0.0
2023-06-16,19.732511520385742,20.525680820748576,19.65996662775656,20.511172211210773,224810400,13.539999961853027,14.489999771118164,14.539999961853027,13.479999542236328,-0.020968905528042536,0.0,0.3968253968253968,0.0
2023-06-20,19.63578224182129,19.867931053307057,19.152142266949433,19.485855030372672,168249800,13.880000114440918,14.359999656677246,14.670000076293945,13.859999656677246,-0.07528315104663375,1.6923849371113773,1.7857142857142856,0.0
2023-06-21,18.848834991455078,19.513518562173008,18.67902640084821,19.44559512593026,199266600,13.199999809265137,13.880000114440918,13.890000343322754,13.100000381469727,-0.09650923207022077,0.0,0.3968253968253968,0.0
2023-06-22,19.474702835083008,19.498960939182187,18.5528819238913,18.615952624394218,210199200,12.90999984741211,13.880000114440918,13.979999542236328,12.729999542236328,-0.06988474488696927,0.0,0.3968253968253968,0.0
2023-06-23,18.897354125976562,19.26608216540772,18.62080763370946,18.839134298861104,225152400,13.4399995803833,13.239999771118164,13.800000190734863,12.880000114440918,-0.07310347721494481,2.557913618468436,1.1904761904761905,0.0
2023-06-26,18.15019416809082,19.24667661991378,18.116232445076953,18.805172369958395,216900000,14.25,14.430000305175781,14.710000038146973,13.779999732971191,0.05243722600792422,6.467181822600386,4.365079365079365,0.0
2023-06-27,19.047754287719727,19.16419578531318,18.242372969254014,18.36366534764207,195354000,13.739999771118164,14.109999656677246,14.34000015258789,13.59000015258789,-0.010086479983317576,4.005790901579343,2.380952380952381,0.0
2023-06-28,19.164196014404297,19.474704210665607,18.742099050785004,18.76150442497021,217352600,13.430000305175781,13.899999618530273,13.960000038146973,13.359999656677246,0.017424280245004642,2.50965457108224,1.1904761904761905,0.0
2023-06-29,19.033201217651367,19.193308057466517,18.76150560346882,19.096273777345967,198266400,13.539999961853027,13.640000343322754,13.850000381469727,13.40999984741211,0.0487993897666239,3.0405409137304056,2.1825396825396823,0.0
2023-06-30,19.891948699951172,20.061757277811612,19.547478812991603,19.60084775196908,184308800,13.59000015258789,13.510000228881836,13.59000015258789,12.960000038146973,0.01116075720891585,3.28185456136139,2.7777777777777777,0.0
2023-07-03,20.027799606323242,20.12968662438758,19.81432565808261,19.988987002449974,79868000,13.569999694824219,13.850000381469727,13.850000381469727,13.470000267028809,-0.04771931966145837,3.185327261238996,2.7777777777777777,0.0
2023-07-05,20.013242721557617,20.29949281269695,19.751250736289446,19.756103467928586,139007400,14.180000305175781,14.1899995803833,14.739999771118164,14.050000190734863,0.032023329067480066,6.129345477522008,6.349206349206349,0.0
2023-07-06,19.542627334594727,19.61055077009335,19.062310554554582,19.392225970497726,170473400,15.4399995803833,14.850000381469727,17.079999923706055,14.789999961853027,0.14966487189377697,12.210422702307817,9.126984126984127,0.0
2023-07-07,19.34370994567871,20.018095341674474,19.30004461100686,19.49896405767306,168624800,14.829999923706055,15.970000267028809,16.059999465942383,14.329999923706055,0.09527326185283713,9.266409088699806,8.73015873015873,0.0
2023-07-10,19.358264923095703,19.460150079871763,18.887649888308843,19.290339634470122,172013600,15.069999694824219,16.079999923706055,16.209999084472656,15.039999961853027,0.10890357068572198,10.424709074118532,9.523809523809524,0.0
2023-07-11,19.634809494018555,19.70758380572487,19.06716023868091,19.41648285735023,162478600,14.84000015258789,15.020000457763672,15.25,14.630000114440918,0.0935888346591538,9.314672738761004,9.126984126984127,0.0
2023-07-12,20.362567901611328,20.59059634609597,19.964728993355063,20.29464445641271,230335400,13.539999961853027,14.819999694824219,14.819999694824219,13.510000228881836,-0.045134014777781784,3.0405409137304056,2.380952380952381,0.0
2023-07-13,21.376571655273438,21.52212215431268,20.779813313670044,20.871994864547396,164773200,13.609999656677246,13.4399995803833,13.609999656677246,13.119999885559082,-0.11852331434199592,3.3783772588087833,3.968253968253968,0.0
2023-07-14,21.357162475585938,22.007289705902267,21.211611989856127,21.45419674966409,186056400,13.34000015258789,13.720000267028809,13.760000228881836,13.220000267028809,-0.10047200126659273,2.0752909258814674,1.1904761904761905,0.0
2023-07-17,21.949071884155273,22.109176877831818,21.400829758756792,21.483307696243948,145525200,13.479999542236328,13.779999732971191,14.0,13.430000305175781,-0.10550764331693885,2.7509636160382236,2.380952380952381,0.0
2023-07-18,22.473054885864258,22.72534329054884,21.497864840572483,21.842334799540343,196113200,13.300000190734863,13.609999656677246,13.670000076293945,13.289999961853027,-0.10377358126808867,1.8822409283116799,1.1904761904761905,0.0
2023-07-19,22.473054885864258,22.870893794965887,22.23047009491082,22.671974340415073,200573800,13.760000228881836,13.319999694824219,13.84000015258789,13.119999885559082,0.01624817338616147,4.102318201701738,6.349206349206349,0.0
2023-07-20,20.896255493164062,22.172252118565353,20.711890518395666,21.910260078227402,233862800,13.989999771118164,13.960000038146973,14.229999542236328,13.579999923706055,0.027920655696305197,5.212354537059266,8.73015873015873,0.0
2023-07-21,20.711885452270508,21.434788827319743,20.62455479351893,21.28923834632537,205108600,13.600000381469727,13.869999885559082,13.890000343322754,13.369999885559082,0.019490271807185655,3.3301182114225876,5.158730158730158,0.0
2023-07-24,20.79436492919922,21.012691572916555,20.47415313533871,20.852584750598925,126429200,13.90999984741211,14.289999961853027,14.300000190734863,13.729999542236328,0.03189913351469187,4.826254541919691,8.333333333333332,0.0
2023-07-25,21.21161460876465,21.48330838879855,20.90110637399729,20.90110637399729,138199200,13.859999656677246,14.020000457763672,14.09000015258789,13.819999694824219,0.04210522239935699,4.584940894288706,7.5396825396825395,0.0
2023-07-26,20.993288040161133,21.27468543538415,20.590596398634563,21.017546149111812,205764600,13.1899995803833,13.859999656677246,14.15999984741211,13.149999618530273,-0.04142446504485664,1.3513499829885132,0.7936507936507936,0.0
2023-07-27,20.81377601623535,22.1673977569617,20.595449331997198,21.886000358990934,261103200,14.40999984741211,13.140000343322754,15.020000457763672,12.739999771118164,0.030021449833117275,7.239381812879536,11.507936507936508,0.0
2023-07-28,21.939367294311523,22.11887950673947,21.410532419191423,21.49301035300767,204487600,13.329999923706055,14.029999732971191,14.180000305175781,13.270000457763672,-0.01985297427870314,2.0270272758202705,1.984126984126984,0.0
2023-07-31,21.983030319213867,22.177097005287848,21.74529645411293,21.992733931133778,159009200,13.630000114440918,13.979999542236328,14.09000015258789,13.569999694824219,-0.020129384330890843,3.474904558931178,6.746031746031746,0.0
2023-08-01,21.813222885131836,21.944218887894667,21.449345716604512,21.730744948637636,153056600,13.930000305175781,13.75,14.300000190734863,13.75,0.005050551964827177,4.9227818420420855,10.317460317460316,0.0
2023-08-02,20.386823654174805,21.201908603900225,20.149089772682032,21.197055872218307,258044000,16.09000015258789,15.699999809265137,16.479999542236328,14.949999809265137,0.21986358335580136,15.347490916160616,18.253968253968253,0.0
2023-08-03,20.241273880004883,20.600298304571407,19.916209324533916,19.945320163326443,201340200,15.920000076293945,16.770000457763672,17.420000076293945,15.720000267028809,0.10478835842271139,14.52702727582027,17.46031746031746,0.0
2023-08-04,19.959877014160156,20.944770708248445,19.877399070671547,20.56633901313573,247452800,17.100000381469727,16.010000228881836,17.389999389648438,14.569999694824219,0.2828207411358725,20.222009108141506,24.206349206349206,0.0
2023-08-07,20.45475196838379,20.47415919818885,19.862844414756516,20.24612887491763,149792200,15.770000457763672,16.899999618530273,17.360000610351562,15.770000457763672,0.15700662695192746,13.803090935602317,17.063492063492063,0.0
2023-08-08,19.930763244628906,20.03264839184546,19.40677931475857,20.03264839184546,188780000,15.989999771118164,16.280000686645508,18.139999389648438,15.960000038146973,0.14788222690684205,14.86486362089865,18.253968253968253,0.0
2023-08-09,19.266082763671875,19.99383710292614,19.139939492542133,19.969578995105994,199430600,15.960000038146973,15.8100004196167,16.8700008392334,15.380000114440918,-0.008079559553018978,14.720077273390059,18.253968253968253,0.0
2023-08-10,19.353412628173828,20.25582826747139,19.10112424562371,19.726993395559106,260554200,15.850000381469727,15.579999923706055,16.860000610351562,14.600000381469727,-0.004396965734218439,14.189190930741894,17.857142857142858,0.0
2023-08-11,18.96527671813965,19.246674078928923,18.72754283765358,18.93616588049599,201573800,14.84000015258789,15.529999732971191,16.510000228881836,14.84000015258789,-0.13216375312662954,9.314672738761004,15.277777777777779,0.0
2023-08-14,19.595996856689453,19.620254962831602,18.727542961066597,18.839133580715227,142553600,14.819999694824219,15.880000114440918,16.059999465942383,14.770000457763672,-0.060241010485942104,9.21814543863861,14.682539682539684,0.0
2023-08-15,18.994388580322266,19.57173967725183,18.86339258002229,19.440743676951854,162553600,16.459999084472656,14.949999809265137,16.56999969482422,14.90999984741211,0.029393328335340252,17.133199941674903,21.626984126984127,0.0
2023-08-16,18.36366844177246,19.12538455833052,18.34911394616152,18.882799760680815,190222000,16.780000686645508,16.540000915527344,16.93000030517578,15.800000190734863,0.051378486625225595,18.677609127583207,22.61904761904762,0.0
2023-08-17,17.742650985717773,18.61110495819106,17.674727542199197,18.557736009490743,210232800,17.889999389648438,16.959999084472656,18.1299991607666,16.399999618530273,0.12870655893255867,24.03474540947606,31.349206349206348,0.0
2023-08-18,17.660171508789062,17.85909094066676,17.160445637857386,17.23807268808344,247002000,17.299999237060547,17.799999237060547,18.8799991607666,17.139999389648438,0.16576813067240215,21.187254493315443,29.365079365079367,0.0
2023-08-21,18.514070510864258,18.620808407322873,17.810574272048402,17.888201328352395,191487200,17.1299991607666,18.030000686645508,18.110000610351562,16.8799991607666,0.15587041251756117,20.366790852975093,28.174603174603174,0.0
2023-08-22,18.43159294128418,18.911909783388552,18.3248550426943,18.907058901986762,180368000,16.969999313354492,16.959999084472656,17.579999923706055,16.610000610351562,0.030984219759947473,19.594590862695945,25.793650793650798,0.0
2023-08-23,19.300046920776367,19.465004665858867,18.57229248966685,18.60625421505661,175454000,15.979999542236328,16.639999389648438,17.100000381469727,15.90999984741211,-0.047675870779067764,14.816599970837451,19.841269841269842,0.0
2023-08-24,18.028900146484375,19.848285933000323,17.999789307621146,19.83373143895617,232397200,17.200000762939453,15.569999694824219,17.31999969482422,15.479999542236328,-0.038568957532118975,20.704636403403477,30.158730158730158,0.0
2023-08-25,18.455852508544922,18.708140929204365,17.63591467870793,18.159898748717975,278289400,15.680000305175781,17.209999084472656,17.360000610351562,15.449999809265137,-0.09364156088598885,13.368727290401544,17.857142857142858,0.0
2023-08-28,18.868244171142578,19.004091057702354,18.475258006230366,18.897355011451825,182641000,15.079999923706055,16.239999771118164,16.280000686645508,15.0,-0.11967304947426538,10.47297272417973,17.063492063492063,0.0
2023-08-29,20.071462631225586,20.14423879992364,18.77120816262925,18.824577106237843,187495600,14.449999809265137,15.079999923706055,15.300000190734863,14.34000015258789,-0.14849732504739988,7.432431810449325,13.095238095238097,0.0
2023-08-30,20.406232833862305,20.51296888101451,19.930766876111473,20.100575485745686,185958200,13.880000114440918,14.529999732971191,14.699999809265137,13.829999923706055,-0.13141423579174427,4.681468194411101,9.523809523809524,0.0
2023-08-31,20.590595245361328,20.852587249214753,20.386824920658647,20.396528533850436,162242800,13.569999694824219,13.979999542236328,14.0,13.4399995803833,-0.21104656436624902,3.185327261238996,5.357142857142857,0.0
2023-09-01,20.517822265625,21.03695357532936,20.255830244622306,20.96417739701469,165058400,13.09000015258789,13.5600004196167,13.5600004196167,13.020000457763672,-0.16517857794511415,0.8687272904015447,0.7936507936507936,0.0
2023-09-05,20.571189880371094,20.774960205178957,20.212163595189416,20.362566823577346,123778600,14.010000228881836,14.149999618530273,14.470000267028809,13.699999809265137,-0.07095488728366361,5.30888183718166,13.095238095238097,0.0
2023-09-06,20.027799606323242,20.4935638082279,19.68818238202566,20.445045739917486,148058200,14.449999809265137,14.270000457763672,15.300000190734863,14.130000114440918,0.0,7.432431810449325,14.880952380952381,0.0
2023-09-07,19.591148376464844,19.69788442672467,19.105978791069898,19.280640137936093,168623000,14.399999618530273,14.8100004196167,15.6899995803833,14.399999618530273,0.03746394090792138,7.19111816281834,14.285714285714285,0.0
2023-09-08,19.649368286132812,20.008394595084678,19.48926143394783,19.557186730822583,149541600,13.84000015258789,14.220000267028809,14.869999885559082,13.579999923706055,0.01989686542636049,4.488418196841313,9.523809523809524,0.0
2023-09-11,20.31890106201172,20.420786222271698,19.814324291045732,20.129685235593207,141712800,13.800000190734863,14.170000076293945,14.329999923706055,13.739999771118164,0.054239880051231815,4.295368199271525,9.126984126984127,0.0
2023-09-12,19.668777465820312,20.284943124950235,19.600854012979664,20.05691280403495,155524200,14.229999542236328,14.020000457763672,14.420000076293945,13.710000038146973,0.015703019968619225,6.370654522477992,14.682539682539684,0.0
2023-09-13,19.86284065246582,20.129685384803164,19.498963491033027,19.688181169629036,170849400,13.479999542236328,14.420000076293945,14.680000305175781,13.40999984741211,-0.06712804704722963,2.7509636160382236,4.166666666666666,0.0
2023-09-14,20.32860565185547,20.49356337910665,19.794918016266347,20.134537084227603,152379800,12.819999694824219,13.390000343322754,13.460000038146973,12.789999961853027,-0.10972221983067776,0.0,0.3968253968253968,0.0
2023-09-15,19.285490036010742,20.178202101645763,19.130235924663346,20.11027865927815,179839600,13.789999961853027,12.699999809265137,14.170000076293945,12.680000305175781,-0.0036127305045956515,4.661221542607746,9.920634920634921,0.0
2023-09-18,19.32915496826172,19.513519915690747,19.08171931181812,19.130235526563936,124798200,14.0,14.399999618530273,14.75,13.859999656677246,0.014492739601511984,5.67035188517707,15.079365079365079,0.0
2023-09-19,19.21271324157715,19.32430386560844,18.72754369658,19.120531694306667,148741400,14.109999656677246,14.109999656677246,14.880000114440918,13.859999656677246,-0.008432880493278172,6.198942223563242,15.873015873015872,0.0
2023-09-20,18.37966537475586,19.426455006566954,18.355321818566033,19.363160274637977,196038400,15.140000343322754,14.180000305175781,15.149999618530273,13.569999694824219,0.12314546420311179,11.148488685234703,23.41269841269841,0.0
2023-09-21,17.332876205444336,17.90739306186685,17.318270442799566,17.79541121457017,216821200,17.540000915527344,15.489999771118164,17.540000915527344,15.100000381469727,0.36817483097200987,22.68140754070828,38.88888888888889,0.0
2023-09-22,17.347484588623047,17.90739384974086,17.293927646843425,17.590923882316293,188181200,17.200000762939453,17.309999465942383,17.40999984741211,15.930000305175781,0.24728069691946608,21.047577025808508,37.5,0.0
2023-09-25,17.576316833496094,17.59579242337576,17.045619081689324,17.191684148492335,162538400,16.899999618530273,17.25,18.40999984741211,16.790000915527344,0.20714282989501953,19.60595701325905,32.142857142857146,0.0
2023-09-26,16.792442321777344,17.27445105523623,16.636639474143365,17.19168259168454,210679400,18.940000534057617,18.030000686645508,19.5,17.170000076293945,0.34231048865367475,29.408940102657695,50.39682539682539,0.0
2023-09-27,16.89468765258789,17.172208303723167,16.373727703453635,16.948244595314776,256871600,18.219999313354492,18.290000915527344,19.709999084472656,18.030000686645508,0.20343453766103248,25.949059404969592,43.25396825396825,0.0
2023-09-28,17.30366325378418,17.610395387805895,16.617164606654242,16.743752206160863,268145800,17.34000015258789,18.219999313354492,18.770000457763672,17.059999465942383,-0.011402551453825849,21.720327532341976,39.285714285714285,0.0
2023-09-29,17.342613220214844,18.014506131092578,17.152730885189328,17.810018034078716,286858200,17.520000457763672,16.8700008392334,17.739999771118164,15.829999923706055,0.018604632594767967,22.585297706764003,40.07936507936508,0.0
2023-10-02,17.75646209716797,17.965820031499213,17.27445149416724,17.366957754127466,236463200,17.610000610351562,17.309999465942383,18.549999237060547,16.93000030517578,0.042011893955476554,23.017782793975012,40.87301587301587,0.0
2023-10-03,16.816787719726562,17.717512409838733,16.573348413502245,17.386434804790103,266539000,19.780000686645508,17.809999465942383,20.479999542236328,17.520000457763672,0.04435058758722921,33.44546147293499,59.523809523809526,0.0
2023-10-04,17.498416900634766,17.620136555401466,16.865475067306832,16.933637776809057,252759200,18.579999923706055,20.719999313354492,20.8799991607666,18.299999237060547,0.01975854137863209,27.678999753813642,48.41269841269841,0.0
2023-10-05,17.31340217590332,17.52762807260926,16.797310236250542,17.474071134109202,218006200,18.489999771118164,18.670000076293945,19.579999923706055,18.260000228881836,0.06632062332240762,27.24651466660263,47.023809523809526,0.0
2023-10-06,18.184913635253906,18.35045242142194,16.753491324714545,16.870342997366116,294897400,17.450000762939453,18.729999542236328,19.93000030517578,17.190000534057617,-0.003995416266852847,22.248922453497265,39.682539682539684,0.0
2023-10-09,18.452699661254883,18.54520592652028,17.595792286175968,17.82462582224155,210966000,17.700000762939453,19.540000915527344,19.600000381469727,17.559999465942383,0.005110741026038701,23.45026788118603,41.66666666666667,0.0
2023-10-10,18.754560470581055,19.168406462101355,18.428350902348782,18.506251389833572,216109600,17.030000686645508,17.700000762939453,17.860000610351562,16.510000228881836,-0.13902931772174643,20.23066176835862,34.92063492063492,0.0
2023-10-11,19.1538028717041,19.18788422276008,18.69613768802789,18.959050702274805,191710800,16.09000015258789,16.950000762939453,17.780000686645508,16.09000015258789,-0.13401505819928428,15.713600393898172,28.76984126984127,0.0
2023-10-12,18.929838180541992,19.49948518160209,18.559809449562678,19.21709659381768,236509200,16.690000534057617,16.079999923706055,18.079999923706055,15.4399995803833,-0.0973498788178565,18.65060645413686,30.158730158730158,0.0
2023-10-13,18.214128494262695,19.124590963346062,17.999902577212044,19.03208469724806,259511000,19.31999969482422,16.530000686645508,20.780000686645508,16.5,0.10716325788685888,33.854165321423004,59.92063492063492,0.0
2023-10-16,18.82759666442871,18.988267511799222,18.389406990071684,18.413750551320184,173152200,17.209999084472656,19.100000381469727,19.56999969482422,17.139999389648438,-0.02768370945456511,22.864579245862195,39.88095238095239,0.0
2023-10-17,18.647451400756836,18.900628514534333,17.94147700659001,18.26768665873789,210387000,17.8799991607666,17.40999984741211,18.540000915527344,16.969999313354492,0.04991182852902876,27.27762347048386,45.23809523809524,0.0
2023-10-18,17.858707427978516,18.58902533744123,17.688300658688345,18.24334197271289,263165200,19.219999313354492,18.360000610351562,20.149999618530273,17.8799991607666,0.19453071044646175,35.6744672687183,60.71428571428571,0.0
2023-10-19,17.381563186645508,18.262812101492337,17.254973733901178,18.087537397936845,370050400,21.399999618530273,19.729999542236328,21.399999618530273,18.549999237060547,0.28220484923660916,47.8260851075095,76.5873015873016,0.0
2023-10-20,16.59769058227539,17.381565379819538,16.563609230842545,17.29392708833669,277722800,21.709999084472656,21.59000015258789,21.829999923706055,20.420000076293945,0.1237059745031317,51.80652371036666,78.96825396825396,0.0
2023-10-23,16.74375343322754,17.24036978884501,16.096205912209744,16.393200274604784,263599000,20.3700008392334,21.829999923706055,23.079999923706055,19.479999542236328,0.18361428953309966,44.33353399879601,69.44444444444444,0.0
2023-10-24,17.21602439880371,17.3280062331506,16.748621475279098,16.99206073010993,245074600,18.969999313354492,20.030000686645508,20.239999771118164,18.649999618530273,0.06096198007545972,36.11273852356886,56.15079365079365,0.0
2023-10-25,15.955008506774902,16.8849463580934,15.862502261334823,16.86060280479802,328363200,20.190000534057617,19.389999389648438,21.239999771118164,18.860000610351562,0.05046832754198616,47.12276935324781,68.65079365079364,0.0
2023-10-26,15.025073051452637,15.891716316568482,14.835189776609905,15.765128704869568,374047400,20.68000030517578,21.780000686645508,21.959999084472656,20.219999313354492,-0.03364482832658766,53.94647065877231,73.4126984126984,0.0
2023-10-27,15.239299774169922,15.692097019732225,15.068893007472047,15.37562611617545,294702200,21.270000457763672,20.389999389648438,22.06999969482422,19.719999313354492,-0.02026709559023787,57.99588840033534,77.38095238095238,0.0
2023-10-30,15.731046676635742,15.916059189060238,15.375624628064562,15.55577010082788,264305600,19.75,21.1299991607666,21.15999984741211,19.549999237060547,-0.030436956980347984,50.58394101643021,64.28571428571429,0.0
2023-10-31,15.959879875183105,16.013436818221084,15.385363908632062,15.735916165473801,222923600,18.139999389648438,19.860000610351562,19.860000610351562,17.969999313354492,-0.043753292237694086,38.83211239823878,47.22222222222222,0.0
2023-11-01,16.782703399658203,16.860603889591903,16.05238561004445,16.066991371502585,332635600,16.8700008392334,18.020000457763672,18.420000076293945,16.6299991607666,-0.16443782105026983,29.562050502690752,32.34126984126984,0.0
2023-11-02,17.673688888549805,17.71264005941185,17.235499360116105,17.41077405711315,234134000,15.65999984741211,16.59000015258789,16.6200008392334,15.579999923706055,-0.24274663364039062,20.729926966650357,24.6031746031746,0.0
2023-11-03,18.296897888183594,18.49164820538421,17.834362866728757,17.868444218671225,228661200,14.90999984741211,15.699999809265137,15.829999923706055,14.90999984741211,-0.29901271619531755,15.255474716772666,22.22222222222222,0.0
2023-11-06,18.506254196166992,18.60363028461286,18.17030864118788,18.408879965015533,183599600,14.890000343322754,15.390000343322754,15.579999923706055,14.84000015258789,-0.24607593198365807,15.109492943228119,22.22222222222222,0.0
2023-11-07,19.027217864990234,19.168411256985543,18.48678228531101,18.67179482855854,204502200,14.8100004196167,15.100000381469727,15.170000076293945,14.710000038146973,-0.18357216549477928,14.525551926797913,20.634920634920633,0.0
2023-11-08,19.061296463012695,19.197621866165782,18.710743303711247,19.085640019676557,187960200,14.449999809265137,14.90999984741211,15.09000015258789,14.300000190734863,-0.14344996500179374,11.897810391735975,18.650793650793652,0.0
2023-11-09,18.608495712280273,19.333943592283035,18.530595231394862,19.153799078478144,258365200,15.289999961853027,14.609999656677246,15.569999694824219,14.130000114440918,-0.02362706827358152,18.029198025379152,25.396825396825395,0.0
2023-11-10,19.850040435791016,19.879253819962145,18.783776987019777,18.866545456229648,248927600,14.170000076293945,15.09000015258789,15.449999809265137,14.15999984741211,-0.049631105210682036,9.854016834230253,16.26984126984127,0.0
2023-11-13,19.669893264770508,19.830562213141178,19.35342147880322,19.596860742687536,180430400,14.760000228881836,15.15999984741211,15.1899995803833,14.579999923706055,-0.00873069922387304,14.16058705124753,21.428571428571427,0.0
2023-11-14,20.906564712524414,21.072103497332982,20.59009476267772,20.6777330521231,233552400,14.15999984741211,14.829999923706055,14.859999656677246,13.90999984741211,-0.04388930140363989,9.781022466894973,16.26984126984127,0.0
2023-11-15,20.964990615844727,21.315541901932427,20.7410250757428,21.237641409769136,218432600,14.180000305175781,14.210000038146973,14.350000381469727,13.970000267028809,-0.018685087034827186,9.927011201565529,17.261904761904763,0.0
2023-11-16,20.999073028564453,21.038022347971534,20.609570548021985,20.818926622261916,178045000,14.319999694824219,14.119999885559082,14.420000076293945,13.680000305175781,-0.06344017458789142,10.948904499755386,18.650793650793652,0.0
2023-11-17,21.0136775970459,21.179216374031245,20.72641918572704,20.877352200926516,157517000,13.800000190734863,14.180000305175781,14.1899995803833,13.670000076293945,-0.02611149495885201,7.153287892959044,10.515873015873016,0.0
2023-11-20,21.763473510742188,21.885193159172182,21.003942235913012,21.0088120619351,165655600,13.40999984741211,14.260000228881836,14.3100004196167,13.390000343322754,-0.09146343906066445,4.3065702170172795,3.571428571428571,0.0
2023-11-21,21.36910057067871,21.500558010102644,21.076974165710674,21.46647665809952,148275200,13.350000381469727,13.449999809265137,14.3100004196167,13.130000114440918,-0.0572033527309973,3.8686179352576295,3.571428571428571,0.0
2023-11-22,21.61741065979004,22.11402519913689,21.447002034807383,21.700179130583024,171446400,12.850000381469727,13.079999923706055,13.25,12.819999694824219,-0.0937940687646246,0.21898310200583454,0.7936507936507936,0.0
2023-11-24,21.51029396057129,21.641751388725833,21.34962315150655,21.54437530965274,63975400,12.460000038146973,13.029999732971191,13.170000076293945,12.449999809265137,-0.1298882469494409,0.0,0.3968253968253968,0.0
2023-11-27,21.44700050354004,21.782947903417252,21.310675099122815,21.427524915110624,121856400,12.6899995803833,13.140000343322754,13.279999732971191,12.640000343322754,-0.08043482572535054,1.6358430680800673,0.7936507936507936,0.0
2023-11-28,21.61741065979004,21.714784894300735,21.261987646107013,21.325282384374542,158349000,12.6899995803833,12.779999732971191,14.300000190734863,12.5600004196167,-0.05369129569138331,1.6358430680800673,0.992063492063492,0.0
2023-11-29,21.539508819580078,22.264956851003653,21.485951879549944,22.026387391062233,177523200,12.979999542236328,12.710000038146973,13.100000381469727,12.479999542236328,-0.027715417877213877,3.698431639901271,2.7777777777777777,0.0
2023-11-30,21.359359741210938,21.64661813677326,20.857875469598145,21.568717649364533,186394600,12.920000076293945,13.069999694824219,13.390000343322754,12.819999694824219,0.00544744690631771,3.2716929190498067,2.7777777777777777,0.0
2023-12-01,21.539508819580078,21.636883048041025,20.896827396512826,21.17434989096846,172937600,12.630000114440918,12.9399995803833,12.960000038146973,12.479999542236328,0.013643665792414161,1.209104347228603,0.7936507936507936,0.0
2023-12-04,20.926042556762695,20.969861706209603,20.317444290719244,20.89196120244782,181143600,13.079999923706055,13.279999732971191,13.699999809265137,12.979999542236328,0.030732888590921048,4.409671885173275,3.968253968253968,0.0
2023-12-05,21.076974868774414,21.27659501886332,20.57548865188223,20.599834067520312,167540400,12.850000381469727,13.260000228881836,13.760000228881836,12.8100004196167,0.012608416578181902,2.7738288170932073,2.579365079365079,0.0
2023-12-06,20.70207977294922,21.57846094406163,20.64852282595828,21.558985352920452,163000600,12.970000267028809,12.779999732971191,13.029999732971191,12.640000343322754,-0.0007703602126473141,3.627313041685808,3.968253968253968,0.0
2023-12-07,21.568721771240234,21.685573453331244,20.989336901495776,21.169481464812208,162755400,13.0600004196167,13.170000076293945,13.279999732971191,12.949999809265137,0.010835939821674634,4.267427905852678,4.761904761904762,0.0
2023-12-08,21.826763153076172,21.909531603187087,21.223033020578985,21.252246398009078,181789000,12.350000381469727,13.140000343322754,13.239999771118164,12.350000381469727,-0.022169416503096007,0.0,0.3968253968253968,0.0
2023-12-11,22.381807327270508,22.435364264433737,21.71478238279387,21.748863732389697,151540000,12.630000114440918,13.050000190734863,13.140000343322754,12.609999656677246,-0.034403655343266615,1.9760037506254071,1.3888888888888888,0.0
2023-12-12,22.922243118286133,22.931979054906584,22.18705546472544,22.386675596741693,142899400,12.069999694824219,12.6899995803833,12.739999771118164,11.8100004196167,-0.060700440738531314,0.0,0.3968253968253968,0.0
2023-12-13,23.73046112060547,23.891130074798518,22.931978746002105,23.068306001677644,230081400,12.1899995803833,12.199999809265137,12.460000038146973,11.819999694824219,-0.06013883350707072,0.8304489911644224,0.7936507936507936,0.0
2023-12-14,23.691509246826172,24.21246912647108,23.15107378018847,23.97876765444017,202697800,12.479999542236328,11.960000038146973,12.739999771118164,11.84000015258789,-0.04441047923009134,2.837369036433921,1.984126984126984,0.0
2023-12-15,23.973899841308594,24.24168266366077,23.710984987088985,23.82783479521267,156731000,12.279999732971191,12.119999885559082,12.539999961853027,12.010000228881836,-0.005668068529258163,1.4532873844932168,1.1904761904761905,0.0
2023-12-18,24.475383758544922,24.636052706552842,24.03719234162481,24.095619102076945,116436000,12.5600004196167,12.619999885559082,12.640000343322754,12.399999618530273,-0.005542335248610364,3.391008297032113,2.7777777777777777,0.0
2023-12-19,24.840543746948242,24.860019334622876,24.519203979493874,24.548415503711556,120349600,12.529999732971191,12.600000381469727,12.600000381469727,12.329999923706055,0.03811102317958026,3.1833910993745747,2.7777777777777777,0.0
2023-12-20,23.736833572387695,25.07184683082439,23.697711402766476,24.685523800329598,176165000,13.670000076293945,12.630000114440918,13.930000305175781,12.289999961853027,0.12141103747799376,11.072666415169454,17.46031746031746,0.0
2023-12-21,24.524152755737305,24.582834152477616,23.93244198741728,24.39700755311067,149089400,13.649999618530273,13.399999618530273,14.489999771118164,13.34000015258789,0.09375000955202673,10.934254950064428,17.261904761904763,0.0
2023-12-22,24.6219539642334,24.910473468427156,24.274753064485235,24.744207959816382,132420000,13.029999732971191,13.720000267028809,13.960000038146973,13.0,0.061074919894850366,6.64359852913729,7.936507936507936,0.0
2023-12-26,25.071847915649414,25.18921069869576,24.753986802790614,24.76376734561911,87371200,12.989999771118164,13.770000457763672,13.800000190734863,12.960000038146973,0.03423561601398317,6.366782198749149,7.936507936507936,0.0
2023-12-27,25.203880310058594,25.26256169660951,24.949591814407775,25.1109660937847,111495600,12.430000305175781,13.020000457763672,13.039999961853027,12.369999885559082,-0.007980800472985883,2.4913535733151777,1.984126984126984,0.0
2023-12-28,25.14031410217285,25.433722974862977,25.071852156241697,25.38971145741465,85768200,12.470000267028809,12.4399995803833,12.649999618530273,12.380000114440918,-0.08778345300422752,2.7681699037033187,2.7777777777777777,0.0
2023-12-29,24.79311180114746,25.19410477560013,24.45080022490913,25.12564283344207,134245400,12.449999809265137,12.550000190734863,13.1899995803833,12.359999656677246,-0.08791207639567267,2.629758438598293,2.380952380952381,0.0
2024-01-02,23.536338806152344,24.172059184547813,23.115784779775197,24.13293701211838,176270600,13.199999809265137,13.220000267028809,14.229999542236328,13.100000381469727,0.013046821164836686,7.820069583242366,11.706349206349206,0.0
2024-01-03,22.783252716064453,23.247818232089706,22.705010240293195,23.066880991192356,167812200,14.039999961853027,13.350000381469727,14.220000267028809,13.329999923706055,0.08083142488342632,13.633219121215234,27.77777777777778,0.0
2024-01-04,22.401823043823242,22.96908151432263,22.36270086943462,22.43116280916676,143735400,14.130000114440918,13.930000305175781,14.199999809265137,13.640000343322754,0.1367658702757446,14.256057514544027,28.57142857142857,0.0
2024-01-05,22.484952926635742,22.944627243362056,22.235555615489538,22.426271535562716,170481600,13.350000381469727,14.239999771118164,14.579999923706055,13.289999961853027,0.07056937414569875,8.858135772064326,13.690476190476192,0.0
2024-01-08,23.839527130126953,23.912880267475686,22.656109448005328,22.6854492105866,135374200,13.079999923706055,14.0,14.180000305175781,13.020000457763672,0.05060241960582834,6.989620592077943,10.515873015873016,0.0
2024-01-09,23.996015548706055,24.162281067328465,23.28205261921784,23.30650304671713,148431600,12.760000228881836,13.199999809265137,13.449999809265137,12.739999771118164,-0.033333302025842726,4.775089948972817,6.349206349206349,0.0
2024-01-10,24.470361709594727,24.65129711186756,23.883542121591756,24.044916435659946,147621000,12.6899995803833,12.859999656677246,12.949999809265137,12.670000076293945,-0.09615387358530669,4.290656420927138,5.952380952380952,0.0
2024-01-11,24.58772087097168,24.925143063522956,23.66837224671778,24.67085455082046,190228400,12.4399995803833,12.640000343322754,13.3100004196167,12.350000381469727,-0.11960371694055616,2.56055270604578,2.380952380952381,0.0
2024-01-12,24.617063522338867,24.930033438538278,24.3725555421271,24.778437819245756,128214000,12.699999809265137,12.65999984741211,13.079999923706055,12.470000267028809,-0.048689180047276515,4.35986215347965,7.142857142857142,0.0
2024-01-16,24.602394104003906,24.895802939607016,24.12315867761329,24.39211708782412,145874000,13.84000015258789,14.119999885559082,14.350000381469727,13.520000457763672,0.058103993372692564,12.24913746927453,25.595238095238095,0.0
2024-01-17,24.17694854736328,24.250301688017316,23.40919363442857,23.99601316331728,166554600,14.789999961853027,14.59000015258789,15.399999618530273,14.380000114440918,0.159090885310202,18.823530265859308,38.492063492063494,0.0
2024-01-18,25.213661193847656,25.291903665458722,24.504587745558055,24.739315160391254,182140800,14.130000114440918,14.850000381469727,14.890000343322754,13.890000343322754,0.11347522314213676,14.256057514544027,31.547619047619047,0.0
2024-01-19,26.670930862426758,26.71005116912981,25.47773072809432,25.585314836061432,186359400,13.300000190734863,13.800000190734863,14.579999923706055,13.279999732971191,0.06913188419296268,8.512113709123673,14.484126984126986,0.0
2024-01-22,26.778512954711914,27.345771389582502,26.65625896559801,27.09637407258719,149656600,13.1899995803833,13.770000457763672,13.84000015258789,13.170000076293945,0.038582659722615986,7.750863850689853,13.293650793650794,0.0
2024-01-23,27.096372604370117,27.130603570231376,26.5437840811919,26.900765486207714,112172000,12.550000190734863,13.199999809265137,13.289999961853027,12.529999732971191,-0.09320808870163311,3.3218025644796,4.761904761904762,0.0
2024-01-24,27.541378021240234,28.3140241139093,27.443574458624838,27.84945859057201,179718600,13.140000343322754,12.65999984741211,13.180000305175781,12.40999984741211,-0.11156184062109664,7.40484838757111,13.492063492063492,0.0
2024-01-25,27.61962127685547,28.133087663251462,27.15016640160472,28.001053129815716,151395200,13.449999809265137,13.180000305175781,13.579999923706055,13.0600004196167,-0.04812457888664967,9.550173298123724,19.047619047619047,0.0
2024-01-26,27.111040115356445,27.575605581295374,26.983896805478796,27.228404749083754,128382600,13.260000228881836,13.729999542236328,14.100000381469727,13.199999809265137,-0.003007515885668388,8.235297378735531,15.476190476190476,0.0
2024-01-29,27.908138275146484,27.971710866775666,27.062140961341516,27.19417548298012,115977200,13.600000381469727,13.979999542236328,15.350000381469727,13.59000015258789,0.03108421638588954,10.588239486945685,23.214285714285715,0.0
2024-01-30,27.35066032409668,27.834785036161737,27.18928417644321,27.72231159936432,119554400,13.3100004196167,13.6899995803833,13.739999771118164,13.229999542236328,0.06055778624154229,8.581319441676186,16.666666666666664,0.0
2024-01-31,25.741798400878906,26.886095758104723,25.712458638801156,26.499772723533912,203451600,14.350000381469727,13.420000076293945,14.609999656677246,13.180000305175781,0.09208523641796162,15.778550631589757,38.095238095238095,0.0
2024-02-01,26.6513671875,26.71982911666599,25.87383181328347,26.05965838205377,162261400,13.880000114440918,14.210000038146973,14.630000114440918,13.869999885559082,0.03197028336606911,12.52595379966267,30.357142857142854,0.0
2024-02-02,27.99127197265625,28.206438305057663,26.79318260022962,26.98389850981573,198505000,13.850000381469727,13.949999809265137,14.229999542236328,13.390000343322754,0.04449473170466467,12.318343201827043,29.365079365079367,0.0
2024-02-05,27.849454879760742,28.07929107601735,27.174612439626713,27.966817646902935,139947800,13.670000076293945,14.369999885559082,14.529999732971191,13.579999923706055,0.005147036239763203,11.072666415169454,25.992063492063494,0.0
2024-02-06,27.68808364868164,28.186880161027567,27.208848222807607,28.05973682985604,140124200,13.0600004196167,13.569999694824219,13.779999732971191,12.979999542236328,-0.018782869430382765,6.851215726794828,12.103174603174603,0.0
2024-02-07,28.514522552490234,28.685677399834045,27.957042766610545,28.211331300841298,131823400,12.829999923706055,13.0600004196167,13.130000114440918,12.8100004196167,-0.10592337403185448,5.259516877196586,8.73015873015873,0.0
2024-02-08,28.631887435913086,28.79815295639029,28.37270954372288,28.51452463642804,98922200,12.789999961853027,12.949999809265137,13.170000076293945,12.739999771118164,-0.07853026971187427,4.982700546808445,8.333333333333332,0.0
2024-02-09,29.472990036010742,29.639255525198642,28.710124521128428,28.866609467958483,110222000,12.930000305175781,12.789999961853027,13.010000228881836,12.6899995803833,-0.0664259964588042,5.951561003077893,11.11111111111111,0.0
2024-02-12,29.125789642333984,29.898433846475456,28.988863912583444,29.443648879529448,116255000,13.930000305175781,13.479999542236328,13.9399995803833,13.34000015258789,0.019019767917391572,12.871975862603325,34.32539682539682,0.0
2024-02-13,27.746767044067383,28.29935374874708,27.111044788750817,27.50225905831421,188933000,15.850000381469727,13.960000038146973,17.940000534057617,13.430000305175781,0.21362939297171257,26.159172920877904,53.37301587301587,0.0
2024-02-14,28.626995086669922,28.72968799178413,27.80544811486052,28.265122451167834,156151400,14.380000114440918,15.380000114440918,15.470000267028809,14.220000267028809,0.12081061574060659,15.986161229425386,41.66666666666667,0.0
2024-02-15,28.86661148071289,28.954634502623257,28.230891106708555,28.75902923817076,130057200,14.010000228881836,14.270000457763672,14.640000343322754,13.9399995803833,0.0953870422726768,13.425608523379607,36.7063492063492,0.0
2024-02-16,28.07440757751465,28.95463597596031,27.92770315534836,28.930185549840584,151933000,14.239999771118164,13.9399995803833,14.710000038146973,13.75,0.10131472815340925,15.017300773155936,40.87301587301587,0.0
2024-02-20,27.42401695251465,27.961933782348492,26.67582123737379,27.668524941611473,163321000,15.420000076293945,15.09000015258789,15.90999984741211,15.069999694824219,0.10696336959623354,23.183392419338958,51.98412698412699,0.0
2024-02-21,27.08170509338379,27.101264314553507,26.318839504327944,26.881208619172995,152898600,15.34000015258789,15.539999961853027,16.1200008392334,15.220000267028809,-0.032176669817502224,22.629759758562678,51.98412698412699,0.0
2024-02-22,29.424091339111328,29.63436836487777,28.602546188878314,28.744359408798033,179279200,14.539999961853027,14.279999732971191,14.640000343322754,14.119999885559082,0.011126553973489273,17.09342655097795,45.23809523809524,0.0
2024-02-23,29.155132293701172,29.937558983343,28.95952702037666,29.746843049036233,140390800,13.75,14.3100004196167,14.3100004196167,13.640000343322754,-0.018558188767609063,11.626299075945735,28.57142857142857,0.0
2024-02-26,29.116012573242188,29.521894876037493,29.062220515720988,29.31161785051714,109875400,13.739999771118164,14.170000076293945,14.199999809265137,13.65999984741211,-0.035112360114928465,11.557093343393223,28.373015873015873,0.0
2024-02-27,29.29694366455078,29.384966679302376,28.78836666052994,29.32139408743785,109399800,13.430000305175781,13.630000114440918,13.75,13.40999984741211,-0.12905316220961016,9.411768432840608,20.833333333333336,0.0
2024-02-28,28.822601318359375,29.11112082246581,28.631885383779313,28.866612831373846,123503400,13.84000015258789,13.520000457763672,13.899999618530273,13.4399995803833,-0.09778357138718452,12.24913746927453,32.142857142857146,0.0
2024-02-29,29.517005920410156,29.756622714638503,28.744359748609057,29.380082037993958,136959800,13.399999618530273,14.140000343322754,14.149999618530273,13.300000190734863,-0.07840442546861381,9.204151235183069,20.238095238095237,0.0
2024-03-01,30.871578216552734,31.057402939069537,29.697939161073013,29.707719704170927,140959600,13.109999656677246,13.34000015258789,13.65999984741211,13.079999923706055,-0.04654547951438215,7.197231189913571,15.079365079365079,0.0
2024-03-04,30.50481414794922,30.944927364414173,30.470583182183535,30.852015009542708,120418600,13.489999771118164,13.489999771118164,13.579999923706055,13.319999694824219,-0.018195051249237038,9.826989628511864,23.809523809523807,0.0
2024-03-05,28.871503829956055,29.87887555218443,28.37270730783175,29.87887555218443,193207000,14.460000038146973,13.75,15.100000381469727,13.75,0.07669394710097222,16.53979389020167,47.61904761904761,0.0
2024-03-06,29.404529571533203,30.04024993291845,29.023095862343812,29.70282959925842,181677400,14.5,14.270000457763672,14.930000305175781,13.890000343322754,0.04768784972077467,16.81661022058981,48.214285714285715,0.0
2024-03-07,30.7150936126709,30.964490935480995,29.7859625275631,30.09893244852004,142370800,14.4399995803833,14.979999542236328,14.979999542236328,14.25,0.07761193966116653,16.401382425096642,46.42857142857143,0.0
2024-03-08,29.37030029296875,31.360593307574526,29.228485211724653,30.768884422250004,296451200,14.739999771118164,14.220000267028809,15.529999732971191,13.970000267028809,0.12433258254211466,18.477508202918653,50.79365079365079,0.0
2024-03-11,29.02798843383789,29.282276963459672,28.636776028822805,29.052438859379855,146770000,15.220000267028809,15.510000228881836,16.040000915527344,15.130000114440918,0.12824318200616602,21.799310767398254,56.34920634920635,0.0
2024-03-12,30.26030731201172,30.33854978888621,28.832379777242533,29.482771881938064,170560000,13.84000015258789,14.970000267028809,15.199999809265137,13.8100004196167,-0.0428768937706403,12.24913746927453,33.53174603174603,0.0
2024-03-13,29.55612564086914,30.054922172444257,29.326289395031555,30.04514162883126,143779800,13.75,13.890000343322754,14.039999961853027,13.670000076293945,-0.051724137931034475,11.940300935427775,30.753968253968257,0.0
2024-03-14,29.316505432128906,29.878872633425658,28.749247026872162,29.766399193166308,162480400,14.399999618530273,13.619999885559082,15.329999923706055,13.420000076293945,-0.0027700805412326224,16.56005667550346,46.62698412698413,0.0
2024-03-15,28.245559692382812,28.812818104525437,28.015723470561895,28.700344662900786,140883800,14.40999984741211,14.329999923706055,15.529999732971191,14.140000343322754,-0.022388054873152874,17.410714729201207,47.42063492063492,0.0
2024-03-18,29.04265785217285,29.732170287950773,28.993757001870023,29.282276495731583,129193800,14.329999923706055,14.75,14.850000381469727,14.260000228881836,-0.05847571141314423,16.81547722527901,45.63492063492063,0.0
2024-03-19,29.24315071105957,29.33117372309048,28.206437516020426,28.626991492290845,118810000,13.819999694824219,14.5,14.859999656677246,13.800000190734863,-0.0014451197646795366,14.486755058381764,32.93650793650794,0.0
2024-03-20,30.28115463256836,30.344956616317457,29.13272828597893,29.48118196183062,156556000,13.039999961853027,13.829999923706055,14.170000076293945,13.010000228881836,-0.051636366410688916,9.203037787215191,13.095238095238097,0.0
2024-03-21,30.67378044128418,31.385412521957768,30.634517103673424,31.287256050109864,126541800,12.920000076293945,12.979999542236328,13.079999923706055,12.399999618530273,-0.1027777487113144,8.064519047787947,10.912698412698413,0.0
2024-03-22,30.737579345703125,31.00259935927717,30.37930985074635,30.560898088534568,91574800,13.0600004196167,12.920000076293945,13.149999618530273,12.579999923706055,-0.09368490229636306,9.392795434524382,14.285714285714285,0.0
2024-03-25,30.423480987548828,30.737580176705258,29.967055018250004,30.17318190906684,86669400,13.1899995803833,13.670000076293945,13.670000076293945,13.109999656677246,-0.07955340888989515,11.582211755145353,17.46031746031746,0.0
2024-03-26,30.138826370239258,30.92407431559022,30.07502438962362,30.72776326534187,93986000,13.239999771118164,13.119999885559082,13.430000305175781,12.84000015258789,-0.041968157490138935,12.136931020455325,19.047619047619047,0.0
2024-03-27,30.403852462768555,30.73758335378689,29.795283816741296,30.708135849692667,111388600,12.779999732971191,13.130000114440918,13.34000015258789,12.65999984741211,-0.01993866791736476,7.365146090251627,8.333333333333332,0.0
2024-03-28,30.212446212768555,30.54126822690672,30.133921412961016,30.374402793293335,87023400,13.010000228881836,12.930000305175781,13.100000381469727,12.84000015258789,0.006965956041519394,9.751043501797339,13.492063492063492,0.0
2024-04-01,30.39893913269043,30.914260081466836,29.996499330229128,30.389123299437866,112290600,13.649999618530273,13.609999656677246,14.149999618530273,13.550000190734863,0.045176047469904335,16.390041740071894,31.349206349206348,0.0
2024-04-02,29.584245681762695,29.65295464696723,28.956047288831062,29.3830257670156,109672800,14.609999656677246,13.739999771118164,15.430000305175781,13.680000305175781,0.10765732535775263,26.34854899037145,55.75396825396825,0.0
2024-04-03,29.78055763244629,30.163365781478337,29.142543426666602,29.152359260254453,111683800,14.329999923706055,15.0,15.180000305175781,14.25,0.08232629693586735,23.443987261126335,49.404761904761905,0.0
2024-04-04,28.376928329467773,30.727767371242656,28.337666863043427,30.60016339296071,167520400,16.350000381469727,14.289999961853027,16.920000076293945,13.739999771118164,0.2793427795845935,44.39835018289971,70.63492063492063,0.0
2024-04-05,29.378114700317383,29.90324957240782,28.494710365074127,28.661575774011744,154897200,16.030000686645508,16.450000762939453,16.75,15.529999732971191,0.2321291625390871,41.078851063762436,69.04761904761905,0.0
2024-04-08,29.397747039794922,29.770739324235002,29.10818652564826,29.549887767313198,89725400,15.1899995803833,16.239999771118164,16.5,15.109999656677246,0.11282051317880137,32.36514609025163,62.698412698412696,0.0
2024-04-09,29.702030181884766,29.908157052274596,28.749916875085653,29.844356947922694,119965000,14.979999542236328,15.34000015258789,16.6299991607666,14.9399995803833,0.02532511254303693,30.18672232009586,61.111111111111114,0.0
2024-04-10,28.921693801879883,29.09346622080462,28.494715308996287,28.641949078385913,202080600,15.800000190734863,15.239999771118164,16.6200008392334,14.59000015258789,0.10258201499338426,38.69295365221672,67.46031746031747,0.0
2024-04-11,30.28115463256836,30.45783589699425,28.798997424769773,29.255423400477035,146931200,14.90999984741211,16.020000457763672,17.610000610351562,14.90999984741211,-0.08807342510460381,29.460584361006507,60.912698412698404,0.0
2024-04-12,28.81863021850586,29.618601048323736,28.52416080889663,29.38793549713563,172589800,17.309999465942383,14.90999984741211,19.200000762939453,14.90999984741211,0.07985020115209562,54.356847540311534,84.92063492063492,0.0
2024-04-15,27.37082862854004,29.559709202729685,27.208870165374115,29.54498638687061,203656200,19.229999542236328,16.940000534057617,19.459999084472656,16.260000228881836,0.2659644551320708,74.27386204091066,95.63492063492063,0.0
2024-04-16,27.375732421875,27.881237549592683,27.11071240637799,27.331562107262364,163766200,18.399999618530273,19.489999771118164,19.559999465942383,17.639999389648438,0.22830441794415313,65.66390378098255,91.66666666666666,0.0
2024-04-17,26.359817504882812,27.753634056961257,26.18313624343671,27.748727076222796,171026400,18.209999084472656,18.239999771118164,19.110000610351562,17.540000915527344,0.15253157371169013,63.69294375932899,90.47619047619048,0.0
2024-04-18,25.888668060302734,26.77698132555057,25.770879931625153,26.448157459118963,172781600,18.0,17.90999984741211,18.3700008392334,17.209999084472656,0.20724347311943236,61.514529882060955,89.68253968253968,0.0
2024-04-19,24.283817291259766,25.751251711877913,23.97462507272812,25.65800222491977,250807600,18.709999084472656,21.329999923706055,21.360000610351562,18.170000076293945,0.08087808559929699,68.87966607942485,92.85714285714286,0.0
2024-04-22,24.990537643432617,25.407702116322838,24.1316719237029,24.725517644200398,142604800,16.940000534057617,18.59000015258789,18.719999313354492,16.690000534057617,-0.11908471464853698,50.518684103474854,77.18253968253968,0.0
2024-04-23,26.1046085357666,26.315644255388474,25.270283362019065,25.33408346539972,151835000,15.6899995803833,16.719999313354492,16.760000228881836,15.6899995803833,-0.14728261382232777,37.55186841034748,67.06349206349206,0.0
2024-04-24,26.359817504882812,26.948754418976872,25.92793205710216,26.659193878757726,144316800,15.970000267028809,15.760000228881836,16.3799991607666,15.579999923706055,-0.12300927677442086,40.45644003248033,70.23809523809523,0.0
2024-04-25,25.937746047973633,26.104611475953075,24.774596905040415,24.980725667687416,172827200,15.369999885559082,16.25,17.549999237060547,15.270000457763672,-0.1461111174689399,34.232369291210205,65.07936507936508,0.0
2024-04-26,27.13034439086914,27.419904949549355,26.38926668831006,26.516868789612662,135994600,15.029999732971191,15.489999771118164,16.059999465942383,14.920000076293945,-0.1966862389937517,30.70539653068299,62.301587301587304,0.0
2024-04-29,27.454259872436523,27.645665835719434,26.934033752447196,27.522970713506254,102355000,14.670000076293945,15.369999885559082,15.420000076293945,14.630000114440918,-0.13400238407312148,26.97096002165355,56.74603174603175,0.0
2024-04-30,25.883760452270508,27.41008600221662,25.878851599597755,27.140157142756248,125248600,15.649999618530273,14.819999694824219,15.899999618530273,14.670000076293945,-0.002549392155691166,37.13693102045533,67.26190476190477,0.0
2024-05-01,25.32427215576172,26.894770074670895,25.162315570020965,25.594202918961255,208076800,15.390000343322754,15.75,16.219999313354492,14.350000381469727,-0.03631809104621653,34.43984293260015,66.26984126984127,0.0
2024-05-02,26.261659622192383,26.42852504097083,25.127958042772367,25.97209909761151,124829800,14.680000305175781,15.140000343322754,16.09000015258789,14.600000381469727,-0.044892621048851944,27.074696842348523,57.14285714285714,0.0
2024-05-03,27.827251434326172,28.028471340648103,27.35119380651478,27.64566319500609,150878000,13.489999771118164,14.510000228881836,14.579999923706055,13.479999542236328,-0.10246174246262574,14.730292180503254,26.785714285714285,0.0
2024-05-06,28.74010467529297,28.759734471017136,28.03337960821384,28.180613373129024,82530800,13.489999771118164,13.979999542236328,14.020000457763672,13.4399995803833,-0.08043628486973275,14.730292180503254,26.984126984126984,0.0
2024-05-07,28.74010467529297,29.068926687864256,28.60268487215042,28.81862947472633,93320400,13.229999542236328,13.520000457763672,13.640000343322754,13.15999984741211,-0.1546325965036166,12.033194199760356,19.841269841269842,0.0
2024-05-08,28.68611717224121,28.965861874045164,28.195336730875848,28.219875378508355,78027200,13.0,13.239999771118164,13.510000228881836,12.9399995803833,-0.1552956653675256,9.64730668110237,13.492063492063492,0.0
2024-05-09,28.843168258666992,28.956047541370186,28.342571957866582,28.710657307968745,81439200,12.6899995803833,13.079999923706055,13.289999961853027,12.680000305175781,-0.13555862966098564,6.4315344897723365,6.944444444444445,0.0
2024-05-10,29.03947639465332,29.481179519120026,28.73028607970534,29.13272587214002,92669600,12.550000190734863,12.770000457763672,12.960000038146973,12.5,-0.06968121544344441,4.9792585715936415,4.9603174603174605,0.0
2024-05-13,29.230884552001953,29.432104463514854,28.94623098966822,29.407563943040053,67722000,13.600000381469727,13.260000228881836,13.65999984741211,13.25,0.008154233670712996,15.871377422372488,32.142857142857146,0.0
2024-05-14,29.775650024414062,29.88853117930423,29.0934654750579,29.132728811050814,92952800,13.420000076293945,13.710000038146973,14.029999732971191,13.270000457763672,0.014361340939661238,14.00415422141391,25.793650793650798,0.0
2024-05-15,31.149837493896484,31.223453442185463,29.96705661846907,30.276246971204866,130481400,12.449999809265137,13.729999542236328,13.9399995803833,12.380000114440918,-0.04230770697960484,3.9419101504193796,2.976190476190476,0.0
2024-05-16,30.958433151245117,31.508104884895896,30.914262833765473,31.09585108465781,87715200,12.420000076293945,12.520000457763672,12.670000076293945,12.329999923706055,-0.02127655736937384,3.6307095812221912,1.984126984126984,0.0
2024-05-17,30.889720916748047,31.09584967973303,30.438203800403844,30.96333873328101,70099600,11.989999771118164,12.279999732971191,12.479999542236328,11.90999984741211,-0.04462154670165852,0.0,0.3968253968253968,0.0
2024-05-20,31.527734756469727,31.670061534924308,30.894629404912372,30.928983886307776,74539000,12.149999618530273,12.270000457763672,12.59000015258789,12.069999694824219,-0.10661770016676675,1.6460890814290752,1.1904761904761905,0.0
2024-05-21,31.689697265625,31.738774567574808,31.090944446506217,31.135114767132666,62314000,11.859999656677246,12.300000190734863,12.5600004196167,11.84000015258789,-0.11624444193352845,0.0,0.3968253968253968,0.0
2024-05-22,31.67006492614746,31.90073235922685,31.12529827400279,31.748591603092805,80039400,12.289999961853027,12.050000190734863,12.8100004196167,11.779999732971191,-0.01285139356331877,4.365485585332895,2.7777777777777777,0.0
2024-05-23,31.19891357421875,32.641809319346365,30.821012396789083,32.63690046634479,130877800,12.770000457763672,11.529999732971191,13.369999885559082,11.520000457763672,0.028180384808352166,9.238587349746666,11.507936507936508,0.0
2024-05-24,32.072505950927734,32.33752787871884,31.380505498703695,31.532648132549497,82558000,11.930000305175781,12.859999656677246,12.890000343322754,11.890000343322754,-0.005004125695390882,0.7106665235025545,0.7936507936507936,0.0
2024-05-28,32.42095184326172,32.44058350847406,31.802571238680724,32.32279726155729,83186400,12.920000076293945,12.510000228881836,13.4399995803833,12.359999656677246,0.06337452526248022,10.761426205015978,15.476190476190476,0.0
2024-05-29,31.74367904663086,32.11667322989346,31.50810278763406,31.52773445458026,79282200,14.279999732971191,13.75,14.319999694824219,13.6899995803833,0.20404722987757196,24.568530120570582,55.55555555555556,0.0
2024-05-30,30.722856521606445,31.55718556310632,30.423482009013217,31.532645041984217,84703600,14.470000267028809,14.819999694824219,14.880000114440918,13.670000076293945,0.17738000910840457,26.497469664683248,61.50793650793651,0.0
2024-05-31,30.688499450683594,30.865180703661284,28.936413478952737,30.72285393074273,143746400,12.920000076293945,14.5,14.869999885559082,12.84000015258789,0.011746250051156482,10.761426205015978,15.674603174603174,0.0
2024-06-03,30.987876892089844,31.483566188269798,29.91797537586366,31.277437428539663,111435000,13.109999656677246,13.079999923706055,14.3100004196167,13.0,0.09891025325368408,12.690356067155328,22.42063492063492,0.0
2024-06-04,31.21854591369629,31.473750109903996,30.560900010748167,30.919169528239312,88491800,13.15999984741211,13.510000228881836,14.079999923706055,13.109999656677246,0.018575833568184263,13.197972246236207,23.41269841269841,0.0
2024-06-05,33.10314178466797,33.11786834428698,31.728958691167794,31.959626115212917,104871400,12.630000114440918,13.140000343322754,13.25,12.600000381469727,-0.11554619393448429,7.8172639847148755,9.126984126984127,0.0
2024-06-06,33.063880920410156,33.31417625893814,32.808672984506885,33.245467294123664,73031200,12.579999923706055,12.75,12.979999542236328,12.539999961853027,-0.1306150869692303,7.309647805633998,8.73015873015873,0.0
2024-06-07,32.94118118286133,33.535025006485725,32.69579098742857,32.94118118286133,89943400,12.220000267028809,12.6899995803833,13.079999923706055,12.109999656677246,-0.05417955148077125,3.654828743803658,2.7777777777777777,0.0
2024-06-10,33.289642333984375,33.4025197525519,32.62708940546093,32.68107181584666,72041800,12.739999771118164,13.09000015258789,13.279999732971191,12.619999885559082,-0.02822272274970139,8.93401183311415,12.698412698412698,0.0
2024-06-11,33.97673416137695,34.02090260713366,32.71542848187756,33.03934165050042,71386800,12.850000381469727,12.850000381469727,13.470000267028809,12.779999732971191,-0.023556190694283607,10.050769363486742,15.873015873015872,0.0
2024-06-12,35.316558837890625,35.83678488878525,34.70799216096129,34.850318933148166,124402600,12.039999961853027,13.100000381469727,13.149999618530273,11.9399995803833,-0.04671418426301477,1.827414371901829,1.5873015873015872,0.0
2024-06-13,35.88096237182617,36.26377055971256,35.370550206524975,36.10672095072435,87285000,11.9399995803833,12.050000190734863,12.680000305175781,11.880000114440918,-0.05087443141527548,0.8121820137400756,1.1904761904761905,0.0
2024-06-14,36.401187896728516,36.4208195655717,35.69446654016389,35.802435102264425,71555000,12.65999984741211,12.220000267028809,13.449999809265137,12.119999885559082,0.03600651151951917,8.121829819374074,11.507936507936508,0.0
2024-06-17,37.72138595581055,38.14345744537198,36.15579511094062,36.455171487126236,93354600,12.75,13.069999694824219,13.289999961853027,12.5,0.0007849473360672654,9.035537005324988,14.285714285714285,0.0
2024-06-18,37.74102020263672,37.9029786620075,37.32876264645273,37.706665718317886,66433200,12.300000190734863,12.699999809265137,12.739999771118164,12.239999771118164,-0.04280156999279072,4.467010757543734,4.761904761904762,0.0
2024-06-20,36.85270690917969,38.114016421670456,36.42573025942921,38.01585807249471,105455000,13.279999732971191,12.5,13.550000190734863,12.180000305175781,0.10299001453878076,14.41624526684632,30.952380952380953,0.0
2024-06-21,36.51406478881836,37.068645327477874,36.180333946205835,36.759455004140584,77341800,13.199999809265137,13.220000267028809,13.779999732971191,12.989999771118164,0.10552766106892841,13.604063253106244,29.166666666666668,0.0
2024-06-24,35.27729797363281,36.6269442331543,35.23803838270407,36.22941326036245,93754600,13.329999923706055,13.850000381469727,13.880000114440918,13.149999618530273,0.05292259750152395,14.923861445927194,32.34126984126984,0.0
2024-06-25,36.455169677734375,36.528787490977514,35.51778100513486,35.72390788672962,77675000,12.84000015258789,13.479999542236328,13.520000457763672,12.84000015258789,0.007058835497089522,9.949244191275904,17.46031746031746,0.0
2024-06-26,36.68327713012695,36.80151387811977,36.16598900848435,36.25959137791771,72549600,12.550000190734863,12.8100004196167,13.239999771118164,12.369999885559082,0.020325202936851694,7.0050819709748,9.523809523809524,0.0
2024-06-27,36.949310302734375,37.29416902875528,36.417239332292226,36.61430307230912,74115400,12.239999771118164,12.6899995803833,12.770000457763672,12.210000038146973,-0.07831325171422598,3.857869406252018,3.968253968253968,0.0
2024-06-28,36.36797332763672,38.195732042178115,36.18568871541135,37.0921803908599,107803000,12.4399995803833,12.239999771118164,12.760000228881836,11.869999885559082,-0.057575775747238156,5.888324440602207,6.944444444444445,0.0
2024-07-01,36.964088439941406,37.09218043133897,35.678252174994576,36.535478857411206,86557400,12.220000267028809,12.979999542236328,13.260000228881836,12.100000381469727,-0.08327079242537905,3.654828743803658,3.7698412698412698,0.0
2024-07-02,38.09720230102539,38.1218329188296,36.574888794427764,36.5995231709101,74950200,12.029999732971191,12.670000076293945,12.880000114440918,11.850000381469727,-0.06308414408028218,1.72588919969099,1.984126984126984,0.0
2024-07-03,39.03325653076172,39.07266627532916,37.9099942403223,37.9099942403223,56150400,12.09000015258789,12.130000114440918,12.229999542236328,11.949999809265137,-0.03665338893672454,2.335030550982706,3.1746031746031744,0.0
2024-07-05,40.21562957763672,40.324014826884714,39.131784602513505,39.20075635045707,79624600,12.479999542236328,12.369999885559082,12.609999656677246,11.84000015258789,0.01960782480441492,6.294415447472244,10.515873015873016,0.0
2024-07-08,40.48166275024414,40.629461492314626,40.0431979097607,40.30430576323082,73365600,12.369999885559082,12.90999984741211,12.90999984741211,12.3100004196167,-0.005626985304292287,5.17766759907297,7.142857142857142,0.0
2024-07-09,40.570335388183594,41.13196451310575,40.21069759769222,40.85114995064467,72033600,12.510000228881836,12.479999542236328,12.609999656677246,12.350000381469727,0.023731583921113852,6.598990964104762,11.507936507936508,0.0
2024-07-10,41.841400146484375,41.97441601296448,40.72799318340721,41.04822129882459,77554800,12.850000381469727,12.510000228881836,12.920000076293945,12.390000343322754,0.06816298143807265,10.050769363486742,22.023809523809522,0.0
2024-07-11,39.092369079589844,41.905442752516564,38.77214097573875,41.86110538485071,149329000,12.920000076293945,12.880000114440918,13.329999923706055,12.229999542236328,0.06865177115224363,10.761426205015978,23.809523809523807,0.0
2024-07-12,39.72789764404297,40.861011316076926,39.06773844565457,39.17119606217761,101019800,12.460000038146973,12.869999885559082,12.890000343322754,12.109999656677246,-0.0016025244249144865,6.091374785023885,10.119047619047619,0.0
2024-07-15,40.02348709106445,41.19601413696185,39.52590581128427,40.13679994962176,109900400,13.119999885559082,12.779999732971191,13.260000228881836,12.75,0.060630558362054776,12.791881239366168,31.746031746031743,0.0
2024-07-16,40.05304718017578,40.57033518278645,39.28449909837515,40.36834760805588,83637600,13.1899995803833,13.380000114440918,13.470000267028809,12.949999809265137,0.05435646195525634,13.502538080895404,33.53174603174603,0.0
2024-07-17,36.530555725097656,38.215443535204926,36.50099371810517,38.09720678327071,142840000,14.479999542236328,13.600000381469727,14.880000114440918,13.539999961853027,0.1268481799515846,26.598985154920772,65.87301587301587,0.0
2024-07-18,35.983699798583984,37.40255186989752,35.24964126684297,37.34835925090879,131678400,15.930000305175781,14.270000457763672,16.43000030517578,14.079999923706055,0.2329721525624977,41.319805938399604,79.36507936507937,0.0
2024-07-19,35.00823974609375,36.441874834261796,34.70279451038275,35.86546647782815,118249600,16.520000457763672,16.440000534057617,17.190000534057617,10.619999885559082,0.3258427293087307,47.30965555121266,82.93650793650794,0.0
2024-07-22,36.53547668457031,36.76702251856716,35.530455079860864,36.284220343723476,112808600,14.90999984741211,16.790000915527344,16.889999389648438,14.75,0.13643292511177862,30.964470740253663,70.23809523809523,0.0
2024-07-23,36.141353607177734,37.013355706800866,36.03296835846878,36.32363823079538,87127000,14.720000267028809,15.210000038146973,15.350000381469727,13.899999618530273,0.11599702314782379,29.035540878114315,66.66666666666666,0.0
2024-07-24,32.24442672729492,34.67322796515428,32.04736676567636,34.599332358886244,159575200,18.040000915527344,15.350000381469727,18.459999084472656,15.180000305175781,0.24585645620408636,62.74113317622072,92.06349206349206,0.0
2024-07-25,31.17043685913086,33.175550636285145,30.608807670931224,32.298620983084945,188128000,18.459999084472656,18.40999984741211,19.360000610351562,16.420000076293945,0.15881975711418272,67.00507422539614,93.65079365079364,0.0
2024-07-26,32.06214904785156,32.6828947537678,31.42169283341686,32.02273554817104,137407000,16.389999389648438,17.969999313354492,18.049999237060547,16.3700008392334,-0.007869313832502889,45.989847676418385,81.34920634920636,0.0
2024-07-29,32.24935531616211,33.101654334435985,31.786256123449764,32.64840663662737,115640800,16.600000381469727,16.59000015258789,17.209999084472656,16.229999542236328,0.11334678412830068,48.12183756495273,82.14285714285714,0.0
2024-07-30,30.933961868286133,32.80605793105238,30.219608186875963,32.653335323678924,143063600,17.690000534057617,16.639999389648438,18.31999969482422,16.260000228881836,0.20176631882821927,59.18782960462791,89.68253968253968,0.0
2024-07-31,33.638648986816406,33.99336294062883,32.702599110628725,32.99819657792436,173408400,16.360000610351562,16.65999984741211,16.770000457763672,15.710000038146973,-0.09312639799977929,45.6852915237325,80.15873015873017,0.0
2024-08-01,31.21477508544922,34.594405358103984,30.396963826299967,33.7864474730817,210693200,18.59000015258789,16.200000762939453,19.479999542236328,15.949999809265137,0.0070423117314553085,68.32488210019042,94.44444444444444,0.0
2024-08-02,28.93869972229004,29.91416125728781,28.081474924016153,29.38701793099112,209844000,23.389999389648438,20.520000457763672,29.65999984741211,20.010000228881836,0.4270897047391622,100.0,100.0,0.0
2024-08-05,26.416292190551758,27.68242169858006,24.04168340962668,24.302793138526248,287924400,38.56999969482422,23.389999389648438,65.7300033569336,23.389999389648438,1.3234939041253995,100.0,100.0,0.0
2024-08-06,27.076452255249023,28.450966953935033,26.179815871290312,26.667547560266918,192909400,27.709999084472656,33.709999084472656,34.77000045776367,24.020000457763672,0.5664216081352891,59.34106853297861,99.60317460317461,0.0
2024-08-07,26.204448699951172,28.82538614469806,26.110844462402714,28.362288825134467,182751600,27.850000381469727,24.770000457763672,29.760000228881836,21.969999313354492,0.7023226981940347,59.865221647157284,99.60317460317461,0.0
2024-08-08,28.60369300842285,28.7465622445454,26.608428777703292,27.317856727946364,152879200,23.790000915527344,28.34000015258789,29.469999313354492,23.360000610351562,0.27972031846463263,44.664924155042236,98.80952380952381,0.0
2024-08-09,28.992889404296875,29.327896611672067,28.081473897941386,28.29824249357399,125592400,20.3700008392334,23.780000686645508,24.520000457763672,20.260000228881836,-0.12911494780763355,31.8607307016183,96.23015873015873,0.0
2024-08-12,29.18995475769043,29.756511593330604,28.628325549122792,29.180101382884445,108972600,20.709999084472656,20.790000915527344,21.190000534057617,18.889999389648438,-0.46305420668043795,33.13365561645797,96.82539682539682,0.0
2024-08-13,31.31330680847168,31.387204295087734,30.002838124820826,30.032396367731668,108962800,18.1200008392334,20.059999465942383,20.790000915527344,17.950000762939453,-0.34608439415694636,23.436919407022376,88.4920634920635,0.0
2024-08-14,31.36749839782715,31.845376717464607,30.480715379006117,31.52515050809704,124710600,16.190000534057617,18.40999984741211,18.489999771118164,16.1200008392334,-0.41867144300544445,16.21116013177201,76.19047619047619,0.0
2024-08-15,33.727333068847656,33.811083944421554,32.51046840385806,32.57944015535169,106424800,15.229999542236328,16.270000457763672,16.68000030517578,14.770000457763672,-0.3598150922181782,12.61699693278203,69.84126984126983,0.0
2024-08-16,33.81600570678711,34.121454666622085,33.101653936498835,33.313496781822884,89675200,14.800000190734863,15.289999961853027,15.760000228881836,14.649999618530273,-0.2734413558673253,11.007115424405601,65.47619047619048,0.0
2024-08-19,35.12648010253906,35.15111072152497,33.44651627841806,33.835716141707195,91599800,14.649999618530273,15.9399995803833,16.06999969482422,14.460000038146973,-0.2926122517545582,10.445525862479878,63.095238095238095,0.0
2024-08-20,34.909706115722656,35.50089353375916,34.53035778622892,34.9294128641476,97859000,15.880000114440918,14.890000343322754,15.930000305175781,14.779999732971191,-0.12362034332484328,15.050544560173511,75.39682539682539,0.0
2024-08-21,35.38758087158203,35.79648740327184,34.692932154469645,35.06735281955173,103000800,16.270000457763672,16.25,17.170000076293945,15.920000076293945,0.004941316928172235,16.5106731366084,78.17460317460318,0.0
2024-08-22,33.68791580200195,36.04282162091052,33.46129382117205,35.89502287926234,127496400,17.549999237060547,16.270000457763672,18.059999465942383,15.760000228881836,0.1523309103450936,21.302881213990627,85.71428571428571,0.0
2024-08-23,34.747127532958984,35.33339107062706,33.74703356306252,34.58454968086446,128753200,15.859999656677246,17.1200008392334,17.209999084472656,15.609999656677246,0.071621584613625,14.975664523726085,75.39682539682539,0.0
2024-08-26,33.727333068847656,34.81610572734399,33.26916142896653,34.6190419693571,84981400,16.149999618530273,16.270000457763672,16.670000076293945,15.8100004196167,0.1023890811643915,16.061400058877158,77.77777777777779,0.0
2024-08-27,34.01306915283203,34.23969111782232,32.934148186774095,33.36768912734496,71532600,15.430000305175781,16.209999084472656,16.809999465942383,15.369999885559082,-0.02833751927091721,13.365783015349658,73.01587301587301,0.0
2024-08-28,32.86024856567383,34.05248238429794,32.10155944292827,33.89483215950072,118625800,17.110000610351562,15.510000228881836,17.889999389648438,15.460000038146973,0.051628772523301336,19.655563257867144,82.53968253968253,0.0
2024-08-29,32.68782424926758,34.20521024559441,32.41193725309122,33.229746745476184,120033600,15.649999618530273,16.540000915527344,16.56999969482422,15.1899995803833,-0.1082620912323472,14.1894419934114,72.81746031746032,0.0
2024-08-30,33.80122756958008,33.92931955758652,32.6040698290363,33.55982647419249,92946800,15.0,15.670000076293945,16.040000915527344,14.779999732971191,-0.05422444358724665,11.755897936496574,67.85714285714286,0.0
2024-09-03,30.71718978881836,33.16569779977463,30.19497411953454,33.13613955696321,147572600,20.719999313354492,15.760000228881836,21.989999771118164,15.710000038146973,0.28297212401049654,33.17109563468168,96.82539682539682,0.0
2024-09-04,30.45608139038086,31.219700011409365,29.879673114161175,30.071809206234402,96798400,21.31999969482422,23.200000762939453,23.309999465942383,19.34000015258789,0.38172386734643937,35.417446741431256,97.22222222222221,0.0
2024-09-05,30.554615020751953,31.392133054663827,29.914160716938998,30.121075942137747,110171600,19.899999618530273,20.75,21.530000686645508,19.209999084472656,0.16306247274420071,30.101085549870366,94.04761904761905,0.0
2024-09-06,28.07655143737793,30.5299855343723,27.943533688347372,30.35262853566489,169904600,22.3799991607666,21.979999542236328,23.760000228881836,18.829999923706055,0.4300319301137694,39.38599584075174,98.01587301587301,0.0
2024-09-09,29.120983123779297,29.308193487124548,28.24897918320429,28.85494764102643,110835000,19.450000762939453,21.31999969482422,21.40999984741211,19.290000915527344,0.29666671752929696,28.41632757552317,92.46031746031747,0.0
2024-09-10,29.904308319091797,30.012691682780588,28.672664664099045,29.451062476798146,91582400,19.079999923706055,19.860000610351562,20.739999771118164,18.899999618530273,-0.0791505523164483,27.031075465059047,90.87301587301587,0.0
2024-09-11,31.810890197753906,31.998098668577178,28.46082003982757,30.14078180586548,163475200,17.690000534057617,19.40999984741211,21.40999984741211,17.549999237060547,-0.17026262723858498,21.827034328169294,83.92857142857143,0.0
2024-09-12,32.751869201660156,32.95385680332407,31.475884441056845,31.840449904652896,109802600,17.06999969482422,17.6200008392334,18.59000015258789,16.889999389648438,-0.14221105416860635,19.505803184972294,79.36507936507937,0.0
2024-09-13,33.18048095703125,33.436664954817005,32.54002847992352,32.58929347682745,87966600,16.559999465942383,17.030000686645508,17.18000030517578,16.229999542236328,-0.2600536154186729,17.59640510128282,76.5873015873016,0.0
2024-09-16,32.737083435058594,32.86517541426064,32.03751081400036,32.72230431412716,82331000,17.139999389648438,17.15999984741211,17.690000534057617,16.90999984741211,-0.11876613278558601,19.76787617158497,79.76190476190477,0.0
2024-09-17,32.75679397583008,33.628799798542474,32.25428501258087,33.352909060721835,103114400,17.610000610351562,17.15999984741211,18.079999923706055,16.670000076293945,-0.07704398947759339,21.527521323332905,83.13492063492063,0.0
2024-09-18,32.328189849853516,33.87513425930443,32.21487695930445,33.01790741431279,166396200,18.229999542236328,17.579999923706055,19.389999389648438,17.110000610351562,0.03052566375784327,23.848745325576594,87.3015873015873,0.0
2024-09-19,34.77176284790039,35.372805523161034,34.19535454799094,34.633819366760825,114801400,16.329999923706055,17.209999084472656,17.270000457763672,16.209999084472656,-0.04335089539237302,16.735306104997363,73.4126984126984,0.0
2024-09-20,34.5500602722168,34.82102333128364,33.65342400222852,34.559915524552395,96759600,16.149999618530273,16.350000381469727,16.68000030517578,15.8100004196167,-0.024758445690491904,16.061400058877158,72.02380952380952,0.0
2024-09-23,34.80625534057617,35.052584106243835,34.50573394576733,34.791476216024705,69837000,15.890000343322754,16.709999084472656,16.950000762939453,15.75,-0.07292876842694695,15.087984578397224,70.23809523809523,0.0
2024-09-24,35.29890823364258,35.51567496304552,34.18057367960026,35.11662361787634,81259600,15.390000343322754,15.869999885559082,16.670000076293945,15.270000457763672,-0.1260647467396362,13.216026512931464,66.07142857142857,0.0
2024-09-25,35.422462463378906,35.82774234550507,35.12097335671141,35.16051377710958,64724800,15.40999984741211,15.819999694824219,15.819999694824219,15.170000076293945,-0.154690058455058,13.290902978902233,66.66666666666666,0.0
2024-09-26,36.17372131347656,37.10289872086478,35.37798813338807,37.0287613631282,107003200,15.369999885559082,15.0600004196167,15.829999923706055,14.899999618530273,-0.05878751026528495,13.141146476484037,65.67460317460318,0.0
2024-09-27,35.55097579956055,36.40601969243648,35.2840835515666,36.386249477312894,82930600,16.959999084472656,15.640000343322754,16.969999313354492,15.199999809265137,0.05015476687770337,19.093970125464764,78.96825396825396,0.0
2024-09-30,35.82775115966797,35.89200530131799,34.6860485779646,35.31868037684409,85862800,16.729999542236328,17.010000228881836,17.790000915527344,16.469999313354492,0.05286338456666906,18.23287112917931,78.17460317460318,0.0
2024-10-01,34.310420989990234,35.79809663388036,33.46032062205302,35.72395927234484,134760200,19.260000228881836,16.959999084472656,20.729999542236328,16.610000610351562,0.25146197525837977,27.70498151117925,91.66666666666666,0.0
2024-10-02,34.438926696777344,34.86397689553404,33.54434614326483,34.10778407728501,79119400,18.899999618530273,19.649999618530273,20.360000610351562,18.579999923706055,0.22647630147149278,26.35716941893884,89.68253968253968,0.0
2024-10-03,34.35983657836914,34.99741170471787,33.801342291311094,33.9693871894128,97749400,20.489999771118164,19.6299991607666,20.75,19.15999984741211,0.33311645567216885,32.30999663839623,94.84126984126983,0.0
2024-10-04,35.570735931396484,35.664643483917665,34.48834052760196,35.58556264584048,110700400,19.209999084472656,20.479999542236328,20.479999542236328,18.479999542236328,0.13266510150109245,27.51778142006069,90.47619047619048,0.0
2024-10-07,34.39938735961914,35.37799230131077,34.132495102794145,35.11604354112599,82403400,22.639999389648438,20.760000228881836,23.030000686645508,20.649999618530273,0.353257621585213,40.35941489170833,98.01587301587301,0.0
2024-10-08,35.89200210571289,36.06993025465398,34.75029585487712,34.92328427857952,77914000,21.420000076293945,22.920000076293945,23.139999389648438,21.139999389648438,0.11214952345499074,35.79183978271507,96.82539682539682,0.0
2024-10-09,36.756927490234375,36.885428214756224,35.61522129067594,35.842573077271275,78696200,20.860000610351562,21.979999542236328,22.010000228881836,20.709999084472656,0.10370375827413403,33.695248748860344,95.23809523809523,0.0
2024-10-10,36.62842559814453,37.04358877601182,35.94142669373361,36.237972359464926,86060600,20.93000030517578,20.90999984741211,21.389999389648438,20.639999389648438,0.02147391600647186,33.95732173547302,95.23809523809523,0.0
2024-10-11,36.72233200073242,36.969454009429725,36.03038962222345,36.16383384777565,70735200,20.459999084472656,20.8700008392334,21.15999984741211,20.139999389648438,0.0650702789991473,32.19767658372509,92.85714285714286,0.0
2024-10-14,37.66139221191406,37.9678248568832,37.172091695777475,37.28576947769939,67691200,19.700000762939453,20.860000610351562,20.860000610351562,19.690000534057617,-0.12985860008694272,29.35230660825605,90.47619047619048,0.0
2024-10-15,36.15889358520508,37.883804124459104,35.65476258331625,37.735529413131204,106307600,20.639999389648438,19.610000610351562,20.889999389648438,19.440000534057617,-0.03641459775290823,32.87158262984529,93.25396825396825,0.0
2024-10-16,36.13912582397461,36.32199370679783,35.42246969831545,36.198432695903094,70784200,19.579999923706055,20.770000457763672,21.010000228881836,19.450000762939453,-0.06136148845606071,28.90303353052481,89.68253968253968,0.0
2024-10-17,36.24785614013672,37.36484872809735,36.203375986443106,37.35496550642637,97697800,19.110000610351562,19.549999237060547,19.649999618530273,18.8799991607666,-0.0869565058904539,27.143395519730184,87.3015873015873,0.0
2024-10-18,36.8903694152832,37.14243489440933,36.63830393615707,36.80140535034352,64151600,18.030000686645508,19.299999237060547,19.31999969482422,17.989999771118164,-0.11876825545272407,23.099966383962276,82.53968253968253,0.0
2024-10-21,37.09300994873047,37.27587779689502,36.168772404925384,36.60370572336079,74995800,18.3700008392334,18.780000686645508,19.34000015258789,18.360000610351562,-0.06751268386791698,24.372898439755257,84.92063492063492,0.0
2024-10-22,37.20174026489258,37.53782629998512,36.30715992667096,36.480144554119605,76308000,18.200000762939453,18.790000915527344,19.440000534057617,18.049999237060547,-0.11821699122397822,23.736432411858768,84.12698412698413,0.0
2024-10-23,35.481773376464844,36.806347304092924,34.73546396133125,36.65807261181031,118172200,19.239999771118164,18.209999084472656,20.469999313354492,18.18000030517578,-0.017364665674806434,27.630101474731827,89.68253968253968,0.0
2024-10-24,36.326934814453125,36.475209526090445,35.70418630467196,36.28739438857883,78612800,19.079999923706055,18.8700008392334,20.239999771118164,18.6299991607666,-0.0015698945937896447,27.031075465059047,87.89682539682539,0.0
2024-10-25,36.939796447753906,38.05678897210494,36.76681179749176,36.92002623475501,114826000,20.329999923706055,19.219999313354492,20.510000228881836,18.229999542236328,0.12756512198938053,31.71097062872345,92.46031746031747,0.0
2024-10-28,36.974388122558594,37.656447176339086,36.90025454782769,37.656447176339086,69162200,19.799999237060547,19.110000610351562,19.8799991607666,18.90999984741211,0.07784422060411966,29.72669250858655,92.06349206349206,0.0
2024-10-29,37.997474670410156,38.28413707508802,36.60865033545828,37.03370044700622,78545200,19.34000015258789,19.75,20.530000686645508,19.059999465942383,0.06263732647582132,28.004494516015644,90.47619047619048,0.0
2024-10-30,37.152320861816406,38.04690507285439,37.03864685257707,37.83438000038247,80473200,20.350000381469727,19.329999923706055,20.440000534057617,19.299999237060547,0.05769234010167823,31.785850665170873,93.25396825396825,0.0
2024-10-31,34.32524490356445,36.24291407104936,34.31536168253256,36.23302707923493,138905200,23.15999984741211,21.440000534057617,23.420000076293945,21.1200008392334,0.21383647484384083,42.30625299362153,98.01587301587301,0.0
2024-11-01,35.056724548339844,35.76349356831589,34.58225079497429,34.63661793272493,96678800,21.8799991607666,22.959999084472656,23.09000015258789,21.15999984741211,0.0762419696447294,37.51403777528598,96.82539682539682,0.0
2024-11-04,34.730525970458984,35.466952282520964,34.35490322649979,34.91339761715311,82214400,21.979999542236328,22.5,23.06999969482422,21.729999542236328,0.11010102975637381,37.888430816569795,96.82539682539682,0.0
2024-11-05,36.0501594543457,36.198430395527225,35.05178443812364,35.066611155163535,79352600,20.489999771118164,21.979999542236328,22.059999465942383,20.200000762939453,0.05946223420150232,32.30999663839623,93.05555555555556,0.0
2024-11-06,38.97608184814453,39.1540099884672,37.6564512830701,37.88874656464594,118794200,16.270000457763672,16.059999465942383,16.81999969482422,15.4399995803833,-0.20049139298401264,16.5106731366084,73.21428571428571,0.0
2024-11-07,40.79984664916992,40.9876580252257,39.58894649941864,39.618603705688415,99545200,15.199999809265137,15.859999656677246,15.859999656677246,15.130000114440918,-0.3436960315453724,12.504680448587546,62.698412698412696,0.0
2024-11-08,40.89868927001953,41.07661740415592,40.48352613755617,40.63674056442494,70060000,14.9399995803833,15.130000114440918,15.329999923706055,14.65999984741211,-0.31718463649795436,11.531261397630953,60.71428571428571,0.0
2024-11-11,40.824554443359375,41.234777876360965,40.12272885463686,41.185354229551955,70806000,14.970000267028809,15.329999923706055,15.5600004196167,14.890000343322754,-0.3189262703002903,11.643581452302092,61.111111111111114,0.0
2024-11-12,40.602142333984375,41.007422233006515,39.86077638913055,40.7948971779838,68286000,14.710000038146973,15.09000015258789,15.369999885559082,14.6899995803833,-0.28208881393539276,10.670162401345499,57.53968253968254,0.0
2024-11-13,40.424217224121094,41.06673216183641,39.8756060823007,40.45881415329974,74989000,14.020000457763672,15.09000015258789,15.260000228881836,13.770000457763672,-0.1382913298521975,8.086861842012476,48.01587301587302,0.0
2024-11-14,39.569175720214844,40.54283705981193,39.35171091177874,40.325368480593134,77651400,14.3100004196167,14.170000076293945,14.319999694824219,13.59000015258789,-0.05855259215897746,9.172597377163552,50.79365079365079,0.0
2024-11-15,36.70750427246094,38.27920051676883,36.22314721063802,38.190236436118084,120601600,16.139999389648438,15.020000457763672,17.549999237060547,14.5600004196167,0.08032127462980498,16.02396004065345,71.42857142857143,0.0
2024-11-18,37.4488639831543,37.92828123783262,36.72726823876608,37.03370085793734,77551200,15.579999923706055,16.600000381469727,17.0,15.350000381469727,0.040748139331751476,13.927369006798724,66.66666666666666,0.0
2024-11-19,38.20011901855469,38.32862351372137,36.781637388274525,36.845891521249094,80088200,16.350000381469727,15.4399995803833,17.93000030517578,15.369999885559082,0.11148880619101242,16.81018614144479,74.0079365079365,0.0
2024-11-20,38.1556396484375,38.200123574323726,36.6284273240304,38.13092970808551,101260600,17.15999984741211,16.190000534057617,18.790000915527344,16.040000915527344,0.22396571234843576,19.842756208032394,78.57142857142857,0.0
2024-11-21,38.5312614440918,38.985965015051406,36.85083110491233,38.82286736229971,109865600,16.8700008392334,17.100000381469727,17.989999771118164,15.729999542236328,0.17889590108658227,18.757024243357975,76.19047619047619,0.0
2024-11-22,38.674591064453125,38.85251919721096,37.997475460859036,38.37310193787915,79934800,15.239999771118164,16.670000076293945,17.559999465942383,15.239999771118164,-0.05576206025803809,12.65443695100574,61.904761904761905,0.0
2024-11-25,38.85252380371094,39.96951637606272,38.323682838307775,39.618603564513215,91515800,14.600000381469727,15.229999542236328,15.720000267028809,14.539999961853027,-0.06290112625387057,10.258332912314627,53.57142857142857,0.0
2024-11-26,39.455501556396484,39.66308314262237,38.99091096464865,39.18860932948492,69747200,14.100000381469727,14.949999809265137,15.029999732971191,13.880000114440918,-0.1376146756883283,8.386374846848867,46.42857142857143,0.0
2024-11-27,38.501609802246094,39.19849190764974,37.72564684389254,39.18860868642231,78463600,14.100000381469727,14.279999732971191,15.130000114440918,13.960000038146973,-0.17832164878508783,8.386374846848867,46.230158730158735,0.0
2024-11-29,39.48514938354492,39.62353708804126,38.476891259780274,38.61527896427661,40865800,13.510000228881836,14.0,14.149999618530273,13.489999771118164,-0.1991701507528939,6.177463758323004,38.095238095238095,0.0
2024-12-02,40.7652473449707,40.99753886073766,39.68285176329653,39.776759331250375,73638200,13.34000015258789,14.079999923706055,14.100000381469727,13.300000190734863,-0.1246718928520607,5.540997730426513,34.523809523809526,0.0
2024-12-03,41.12604522705078,41.185355868050706,40.29571510696535,40.4291631065195,84810800,13.300000190734863,13.380000114440918,13.770000457763672,13.1899995803833,-0.08904110662797105,5.391241228008319,33.13492063492063,0.0
2024-12-04,42.628543853759766,42.68785448964665,41.76856037270298,41.946488509581265,69992600,13.449999809265137,13.15999984741211,13.609999656677246,12.890000343322754,-0.04609933011482914,5.952827219457384,36.30952380952381,0.0
2024-12-05,42.27763366699219,42.82130133153976,42.17878260112188,42.62854646657092,54020400,13.539999961853027,13.460000038146973,13.699999809265137,13.260000228881836,-0.03971634074227781,6.289780242517486,38.095238095238095,0.0
2024-12-06,43.36497116088867,43.429225299607616,42.366599855846296,42.396253291696404,62740600,12.770000457763672,13.619999885559082,13.739999771118164,12.699999809265137,-0.05477422343311167,3.4069666783480757,18.055555555555554,0.0
2024-12-09,42.35177230834961,43.32543365470609,42.0502831471697,43.12279179161221,69577600,14.1899995803833,13.359999656677246,14.229999542236328,13.350000381469727,0.06371809730680655,8.723324299432313,47.22222222222222,0.0
2024-12-10,41.89212417602539,43.058540364470524,41.541211374444906,42.62854670974268,71541600,14.180000305175781,14.300000190734863,14.539999961853027,13.859999656677246,0.06616542118953883,8.685887851685257,46.82539682539682,0.0
2024-12-11,44.131046295166016,44.29414771676351,42.84106918031747,42.93991646994979,74897800,13.579999923706055,14.420000076293945,14.430000305175781,13.520000457763672,0.009665436154977947,6.4395367449356815,37.301587301587304,0.0
2024-12-12,43.25623321533203,43.87403821525314,43.13761571116627,43.55772235695613,66348400,13.920000076293945,13.729999542236328,13.949999809265137,13.390000343322754,0.028065001145606505,7.712468800728662,43.25396825396825,0.0
2024-12-13,44.18541717529297,44.86252908522421,43.41933741806756,44.1953003967797,79663600,13.8100004196167,13.569999694824219,14.25,13.239999771118164,0.0814408711489707,7.3006393116977915,40.476190476190474,0.0
2024-12-16,46.10802459716797,46.35514660458931,44.813103920798405,44.83781762985357,69967600,14.6899995803833,14.369999885559082,14.6899995803833,13.989999771118164,0.03523608278968626,10.595282364898074,55.158730158730165,0.0
2024-12-17,45.49021911621094,45.92021276223496,45.060225470186914,45.63355033155228,69168200,15.869999885559082,14.979999542236328,15.9399995803833,14.779999732971191,0.1191819142462529,15.013104541949799,67.85714285714286,0.0
2024-12-18,40.57249069213867,45.75216979582148,40.17709772983437,45.29746619231931,134849200,27.6200008392334,15.569999694824219,28.31999969482422,14.819999694824219,1.0338734163774395,59.00412265087183,98.80952380952381,0.0
2024-12-19,39.99916458129883,41.77844211640079,39.910200516004615,41.64993762857977,113317600,24.09000015258789,21.610000610351562,24.1200008392334,20.15999984741211,0.7306034497523941,45.788096137940364,98.4126984126984,0.0
2024-12-20,41.03708267211914,42.43579423192465,38.798157739640914,39.0749331996681,145241000,18.360000610351562,24.139999389648438,26.510000228881836,17.81999969482422,0.3294714013383897,24.335458421531545,82.53968253968253,0.0
2024-12-23,42.18009567260742,42.26935537530355,40.57838473068245,41.3817182716346,83645800,16.780000686645508,18.09000015258789,20.020000457763672,16.739999771118164,0.14227373491917228,18.420071220297874,74.60317460317461,0.0
2024-12-24,43.85619354248047,43.876029452078114,42.46771013714832,42.62143370738897,48139600,14.270000457763672,16.969999313354492,17.040000915527344,14.270000457763672,-0.10081912031085338,9.022840874745357,45.23809523809524,0.0
2024-12-26,43.76197052001953,44.17355709976092,42.93879736053675,43.44956348056604,59062000,14.729999542236328,14.989999771118164,15.930000305175781,14.550000190734863,-0.4666908365436109,10.745038867316268,53.96825396825397,0.0
2024-12-27,41.98174285888672,42.93879994286186,40.80153085001519,42.829708116953356,102139000,15.949999809265137,15.380000114440918,18.450000762939453,15.289999961853027,-0.337899555490385,15.312617546786186,67.46031746031747,0.0
2024-12-30,40.29573059082031,41.188323855618194,39.378341492286495,40.26597483367458,102844000,17.399999618530273,17.209999084472656,19.219999313354492,16.440000534057617,-0.052287633981887294,20.741295222541563,77.77777777777779,0.0
2024-12-31,39.2394905090332,40.74202951880198,39.01634313644966,40.563510107409904,105177600,17.350000381469727,17.389999389648438,17.809999465942383,16.68000030517578,0.03396899115015284,20.554102272376312,77.38095238095238,0.0
2025-01-02,38.99155044555664,40.46929374046377,37.950189650701404,39.93869538697527,141370600,17.93000030517578,17.209999084472656,19.5,16.959999084472656,0.2564821114228393,22.72557334267846,79.36507936507937,0.0
2025-01-03,40.86103820800781,41.11394131952213,39.482474685731795,39.665950223841186,92431600,16.1299991607666,17.65999984741211,17.940000534057617,16.110000610351562,0.09504410468689839,15.986520022429735,67.06349206349206,0.0
2025-01-06,42.254478454589844,43.06773182414736,41.669332368365495,42.13546678139708,92050000,16.040000915527344,16.770000457763672,16.8700008392334,15.710000038146973,0.0056427026544494385,15.649574140322947,66.66666666666666,0.0
2025-01-07,39.978363037109375,42.5916827074537,39.52710459591005,42.50738292722295,111021000,17.81999969482422,16.479999542236328,18.899999618530273,15.789999961853027,0.02413793594838154,22.313740283170933,78.96825396825396,0.0
2025-01-08,40.008113861083984,40.370112588311294,38.89732941334859,39.94860613264154,96021200,17.700000762939453,17.90999984741211,19.5,17.3700008392334,0.020172932206015126,21.864474346393006,78.57142857142857,0.0
2025-01-10,38.09895324707031,39.08576612962422,37.30553575900403,39.075850066222834,145651600,19.540000915527344,18.290000915527344,20.309999465942383,18.049999237060547,0.08979367445335784,28.75328059858327,88.4920634920635,0.0
2025-01-13,37.70224380493164,37.78654358810767,36.368308128092245,36.72039081465213,113382000,19.190000534057617,21.18000030517578,22.040000915527344,19.149999618530273,0.18970871249230647,27.442908524566572,85.71428571428571,0.0
2025-01-14,37.56835174560547,38.708888105217106,36.78981031064632,38.42127689133146,125271000,18.709999084472656,18.790000915527344,19.65999984741211,18.239999771118164,0.1664587292112092,25.645823354594928,83.53174603174604,0.0
2025-01-15,40.1072883605957,40.399863287071746,38.97666803902786,39.328746908757296,106919200,16.1200008392334,19.079999923706055,19.139999389648438,15.960000038146973,-0.09539836614501074,15.949087145159336,64.68253968253968,0.0
2025-01-16,39.28908157348633,40.68748108570166,39.27420180333798,40.667645175483564,93055400,16.600000381469727,15.869999885559082,16.600000381469727,15.640000343322754,-0.06214691152855345,17.74616517417767,70.43650793650794,0.0
2025-01-17,41.227989196777344,41.62469977432597,40.58333545408894,41.50072819175608,87352200,15.970000267028809,16.190000534057617,16.229999542236328,15.529999732971191,-0.18270217406497946,15.387497583233614,62.89682539682539,0.0
2025-01-21,41.91231918334961,42.224730053963064,40.82633047988881,41.87760728476069,83451800,15.0600004196167,16.290000915527344,16.290000915527344,14.930000305175781,-0.21521625844205505,11.980534475362195,52.38095238095239,0.0
2025-01-22,43.5388298034668,44.089264040096054,42.99831163071963,43.0627755042362,86265400,15.100000381469727,14.890000343322754,15.289999961853027,14.59000015258789,-0.1929448893452299,12.130290977780387,52.38095238095239,0.0
2025-01-23,43.806602478027344,43.82643838789722,42.78011778796733,42.914009233760744,60481000,15.020000457763672,15.279999732971191,15.390000343322754,14.59000015258789,-0.06823823351128544,11.830777972944,51.19047619047619,0.0
2025-01-24,43.018150329589844,44.04959507257696,42.65119540916088,43.85123973226199,72479200,14.850000381469727,15.020000457763672,15.15999984741211,14.579999923706055,-0.1054216843243867,11.194311945047508,48.41269841269841,0.0
2025-01-27,39.24444580078125,40.18167070831984,38.2725089997528,38.47086429825737,161821600,17.899999618530273,18.829999923706055,22.510000228881836,17.56999969482422,0.120851554115881,22.613253288007325,77.77777777777779,0.0
2025-01-28,40.98501205444336,41.24287131991081,38.67913951877676,39.462640945229154,101033400,16.40999984741211,18.290000915527344,18.389999389648438,16.25,0.0896413937702778,17.034819109833755,68.65079365079364,0.0
2025-01-29,40.73210906982422,41.14865561801979,39.79984398891114,41.113943720946246,118481200,16.559999465942383,16.420000076293945,18.079999923706055,16.170000076293945,0.09668867864826836,17.59640510128282,69.24603174603175,0.0
2025-01-30,41.24287033081055,41.94702809973145,40.09737397550169,41.39163776179403,115171000,15.84000015258789,15.930000305175781,16.420000076293945,15.319999694824219,0.05459385285174001,14.900788057755316,58.333333333333336,0.0
2025-01-31,41.01972579956055,43.18674706173608,40.75194667529115,42.110674424379695,118146600,16.43000030517578,15.449999809265137,17.09000015258789,14.899999618530273,0.10639729852651225,17.10969914628118,68.25396825396825,0.0
2025-02-03,40.027950286865234,40.65772434192446,38.351851855589686,38.941957874488516,153257000,18.6200008392334,20.360000610351562,20.420000076293945,17.65999984741211,0.04022353274006618,25.30887747248814,82.93650793650794,0.0
2025-02-04,41.480899810791016,41.62470732666184,40.032912371648635,40.122172078626626,84634600,17.209999084472656,18.780000686645508,19.110000610351562,16.780000686645508,0.048750715691609825,20.029949158197642,73.4126984126984,0.0
2025-02-05,42.02141571044922,42.0610875334973,40.54367624338439,40.8362474259091,79694800,15.770000457763672,17.540000915527344,17.75,15.770000457763672,-0.0477052556555595,14.638715071142641,56.34920634920635,0.0
2025-02-06,42.65119171142578,42.71069566004204,41.74867858538569,42.130509461154794,76431000,15.5,15.880000114440918,16.149999618530273,14.989999771118164,-0.021464655890949702,13.627856001962336,54.36507936507936,0.0
2025-02-07,41.024681091308594,43.23633384948154,40.836241849220535,42.77515937363814,110870400,16.540000915527344,15.380000114440918,16.65999984741211,14.789999961853027,0.006695107018160451,17.521532205788706,67.85714285714286,0.0
2025-02-10,42.46771240234375,42.745407584897066,41.90240219025273,42.01645773069462,65594200,15.8100004196167,16.579999923706055,16.610000610351562,15.699999809265137,-0.1509130125115714,14.788471573560836,56.34920634920635,0.0
2025-02-11,42.165218353271484,42.64126882483266,41.659415909523005,41.68916788171031,62602800,16.020000457763672,16.1299991607666,16.420000076293945,15.75,-0.06914576932096617,15.574694103875519,60.317460317460316,0.0
2025-02-12,42.249515533447266,42.45283075306615,40.71226860413568,40.801528298524744,96986600,15.890000343322754,15.90999984741211,17.18000030517578,15.640000343322754,0.007609377430297215,15.087984578397224,58.13492063492064,0.0
2025-02-13,44.029754638671875,44.11405442007188,42.43795972232588,42.63631504227118,92920200,15.100000381469727,15.970000267028809,16.329999923706055,14.979999542236328,-0.025806427001953125,12.130290977780387,47.023809523809526,0.0
2025-02-14,44.54547882080078,44.71903831427152,43.935536848531356,44.0396725446138,76057400,14.770000457763672,15.079999923706055,15.420000076293945,14.739999771118164,-0.10701332284099452,10.89479894021112,42.46031746031746,0.0
2025-02-18,44.82316970825195,45.00168910820573,44.00991634549045,44.94218138045019,68825200,15.350000381469727,15.569999694824219,16.030000686645508,15.350000381469727,-0.029095510812018333,13.066270010513268,50.0,0.0
2025-02-19,44.82813262939453,45.18517145318002,44.09421907124514,44.629777306923366,68515800,15.270000457763672,15.140000343322754,15.960000038146973,15.050000190734863,-0.04681647806299105,12.76675700567688,49.2063492063492,0.0
2025-02-20,44.282657623291016,44.743832132767636,43.08756956737895,44.654572428245935,80266000,15.65999984741211,15.609999656677246,16.6299991607666,15.119999885559082,-0.014474543168106035,14.226882011635112,54.36507936507936,0.0
2025-02-21,41.510650634765625,44.525640894327836,41.391638956531416,44.51572104754238,118627200,18.209999084472656,15.630000114440918,19.030000686645508,15.279999732971191,0.20596017380366605,23.773865289129166,79.96031746031747,0.0
2025-02-24,40.01803207397461,42.17514100031225,39.91885630455561,41.90240195944036,106467400,18.979999542236328,18.079999923706055,20.239999771118164,17.309999465942383,0.28503716682417046,26.656682423775237,84.12698412698413,0.0
2025-02-25,38.49070358276367,39.85934731754318,37.578270642931024,39.83455526762581,151194400,19.43000030517578,19.09000015258789,21.479999542236328,18.850000381469727,0.2657980340268502,28.34144753907574,87.6984126984127,0.0
2025-02-26,38.7386474609375,39.8940599134555,38.029529747885945,38.96675475406634,126351400,19.100000381469727,18.959999084472656,20.059999465942383,17.829999923706055,0.2508185860439043,27.10595550150647,84.52380952380952,0.0
2025-02-27,35.525299072265625,39.75520918257152,35.4459592207721,39.532061830476195,206751000,21.1299991607666,18.25,21.469999313354492,17.670000076293945,0.34929753299189437,34.70610067708734,94.44444444444444,0.0
2025-02-28,37.15180969238281,37.275781297429454,34.751721234670114,35.436043132534856,186358000,19.6299991607666,21.209999084472656,22.399999618530273,19.049999237060547,0.07797914045502363,29.090226480690056,88.4920634920635,0.0
2025-03-03,34.7517204284668,38.208049302314116,33.93846702089249,37.87084639307747,183891600,22.780000686645508,19.829999923706055,24.309999465942383,19.25,0.20021081328021162,40.883568005887,96.82539682539682,0.0
2025-03-04,34.36988067626953,36.085646941775366,32.73345804037234,34.09714546194291,261673800,23.510000228881836,22.959999084472656,26.350000381469727,21.709999084472656,0.2099845527341151,43.61662506763822,97.61904761904762,0.0
2025-03-05,35.708778381347656,36.04598126256454,33.4673698816964,34.488898371351716,201266600,21.93000030517578,23.030000686645508,24.84000015258789,21.3700008392334,0.14816753231333113,37.70123786640455,94.84126984126983,0.0
2025-03-06,32.74833297729492,34.95998550715429,32.31691051755461,33.91366507087093,245645400,24.8700008392334,22.600000381469727,25.920000076293945,22.389999389648438,0.17699961320448576,48.708353290810145,98.4126984126984,0.0
2025-03-07,33.427703857421875,33.72523493913428,31.18629522300825,32.51031099578191,270354600,23.3700008392334,24.850000381469727,26.559999465942383,23.09000015258789,0.1905248007316136,43.092479094412866,96.42857142857143,0.0
2025-03-10,29.658966064453125,31.83094901143078,28.701905167591907,31.736729385407703,312271600,27.860000610351562,24.700000762939453,29.559999465942383,24.68000030517578,0.2230026238183629,59.902661665381,99.60317460317461,0.0
2025-03-11,29.311845779418945,30.670573473370023,28.449002600117453,29.45565329124528,278978600,26.920000076293945,27.940000534057617,29.56999969482422,26.18000030517578,0.14504465394359944,56.38337850283845,98.01587301587301,0.0
2025-03-12,30.313535690307617,31.07224126518015,29.336638892167663,30.715202457401798,283837200,24.229999542236328,26.8799991607666,26.90999984741211,23.889999389648438,0.10487912471746363,46.312242111165716,97.22222222222221,0.0
2025-03-13,28.65727424621582,30.174685352638047,28.28535946261721,30.149891412062757,242454600,24.65999984741211,24.920000076293945,26.1299991607666,23.459999084472656,-0.008443947918570394,47.922127190018806,97.22222222222221,0.0
2025-03-14,30.690410614013672,30.859012074583326,29.505242358093138,29.609378053594707,198217000,21.770000457763672,24.350000381469727,24.360000610351562,21.479999542236328,-0.0684638563976282,37.10221185673177,91.66666666666666,0.0
2025-03-17,31.28547477722168,31.875578944772634,30.323455789157705,30.685452654124923,180300800,20.510000228881836,22.889999389648438,22.950000762939453,20.31999969482422,-0.2638191033900691,32.38487667484365,88.09523809523809,0.0
2025-03-18,29.708553314208984,30.63586032650924,29.262254810077078,30.630902294977304,175652400,21.700000762939453,20.829999923706055,22.56999969482422,20.40999984741211,-0.19390784912929038,36.84013887011909,91.26984126984127,0.0
2025-03-19,30.863969802856445,31.692099167688806,29.723429590427592,30.09038635203327,185186400,19.899999618530273,21.84000015258789,22.100000381469727,19.420000076293945,-0.1787040860714112,30.101085549870366,84.72222222222221,0.0
2025-03-20,30.546602249145508,31.553252952708817,29.936662188852996,30.08046970245583,176818200,19.799999237060547,19.520000457763672,21.170000076293945,19.299999237060547,-0.19708031794094216,29.72669250858655,83.92857142857143,0.0
2025-03-21,30.83421516418457,30.953226835688188,29.292008224498478,29.520115504594088,160982000,19.280000686645508,20.020000457763672,21.139999389648438,19.149999618530273,-0.11437757091227685,27.779861547626677,80.55555555555556,0.0
2025-03-24,32.79296875,32.991324081663365,32.14335872753291,32.26237041320562,126823000,17.479999542236328,19.1299991607666,19.139999389648438,17.459999084472656,-0.1477328450917671,21.04080822737795,66.26984126984127,0.0
2025-03-25,33.378108978271484,33.407864731897696,32.7731270264774,32.966526183453674,111139400,17.149999618530273,17.579999923706055,17.770000457763672,17.020000457763672,-0.20967746472064375,19.805316189808682,63.888888888888886,0.0
2025-03-26,31.522005081176758,33.31743479745825,31.213647091294455,33.143363268683856,157006400,18.329999923706055,17.229999542236328,19.06999969482422,16.969999313354492,-0.07889445853869681,24.223138366860404,72.61904761904762,0.0
2025-03-27,30.984867095947266,31.944753482483897,30.711325306671352,31.134071535803454,144736000,18.690000534057617,18.360000610351562,19.280000686645508,17.950000762939453,-0.05606054271584493,25.570950459100818,75.0,0.0
2025-03-28,28.518014907836914,30.741167351346416,28.333996159540884,30.60688278456691,207264200,21.649999618530273,19.079999923706055,22.18000030517578,18.920000076293945,0.12292525142524346,36.65293877900053,90.87301587301587,0.0
2025-03-31,28.49812126159668,28.66224748015102,26.379413576471073,27.214960750186442,213709000,22.280000686645508,24.110000610351562,24.799999237060547,21.670000076293945,0.27459961499490326,39.011609940421245,92.85714285714286,0.0
2025-04-01,29.15462303161621,29.338643686577267,27.66257474283204,28.18976582120795,194196400,21.770000457763672,22.059999465942383,23.520000457763672,21.579999923706055,0.2693878100289617,37.10221185673177,91.07142857142857,0.0
2025-04-02,29.806150436401367,30.43778441780706,27.896328616928525,27.946062799272696,246174800,21.510000228881836,22.299999237060547,23.65999984741211,20.68000030517578,0.17348610575077572,36.12879280577517,89.68253968253968,0.0
2025-04-03,25.01667594909668,26.7723207270862,24.922180240403904,26.076030766203882,280231400,30.020000457763672,26.3799991607666,30.020000457763672,24.93000030517578,0.6062065061507145,67.98951993691682,99.60317460317461,0.0
2025-04-04,20.436086654663086,23.26600402065305,20.40624500804784,22.87309944169117,516053400,45.310001373291016,30.1200008392334,45.61000061035156,29.989999771118164,1.0928407469582635,100.0,100.0,0.0
2025-04-07,20.51566505432129,23.290875928707166,17.4072309551817,18.277592502940784,791455200,46.97999954223633,60.130001068115234,60.130001068115234,38.58000183105469,1.1086175087236798,100.0,100.0,0.0
2025-04-08,19.346893310546875,23.280927169967566,18.45166283149793,22.57469000285534,502295400,52.33000183105469,44.040000915527344,57.52000045776367,36.47999954223633,1.4037666849195052,100.0,100.0,0.0
2025-04-09,26.165552139282227,26.563431278340342,19.26234196198367,19.277261836811665,713864000,33.619998931884766,50.97999954223633,57.959999084472656,31.899999618530273,0.5629938900113367,53.768218695536206,98.4126984126984,0.0
2025-04-10,22.947702407836914,24.539220964060828,20.6748156634071,24.210970415990193,563385400,40.720001220703125,34.439998626708984,54.869998931884766,34.439998626708984,0.35642906728111834,71.31208305765267,98.80952380952381,0.0
2025-04-11,24.161235809326172,24.404935963430194,22.191730658107808,22.713947171282477,358585800,37.560001373291016,40.79999923706055,46.119998931884766,36.849998474121094,-0.17104391448040013,63.50383082728144,98.01587301587301,0.0
2025-04-14,24.668529510498047,25.8870359213974,23.907585534707334,25.812434649650946,294861400,30.889999389648438,34.7599983215332,35.16999816894531,29.75,-0.3424861709102941,47.02248260569542,97.22222222222221,0.0
2025-04-15,24.763029098510742,25.469264393366075,24.46461829586003,24.847577592724033,209340200,30.1200008392334,30.010000228881836,31.450000762939453,28.290000915527344,-0.4244219418054941,45.11984235601798,96.82539682539682,0.0
2025-04-16,22.52495574951172,23.8777448855363,21.465600950751725,23.290874313769645,269148800,32.63999938964844,33.2400016784668,34.959999084472656,29.479999542236328,-0.029149303193668707,51.34667313195136,97.22222222222221,0.0
2025-04-17,22.460298538208008,23.02230388418049,22.057444846402312,22.922833626016907,202191600,29.649999618530273,30.790000915527344,32.54999923706055,29.56999969482422,-0.27185661272879746,43.95848531265045,95.63492063492063,0.0
2025-04-21,20.819047927856445,21.704329326742606,20.01334236373266,21.57004474984905,229539400,33.81999969482422,32.75,35.75,31.790000915527344,-0.09957405595640678,54.262413783734345,97.61904761904762,0.0
2025-04-22,22.410564422607422,22.8681249553519,21.43575816646778,21.614804252232968,260222800,30.56999969482422,32.61000061035156,32.68000030517578,30.079999923706055,-0.010359329917353555,46.23177423497332,96.03174603174604,0.0
2025-04-23,23.897640228271484,25.280272962502462,23.68875437400811,24.489487276492813,303995400,28.450000762939453,28.75,30.290000915527344,27.110000610351562,-0.055444888106332746,40.99332892244257,94.44444444444444,0.0
2025-04-24,25.931798934936523,26.00142755146654,24.141341748711078,24.240812013998603,240615400,26.469999313354492,28.690000534057617,29.65999984741211,26.360000610351562,-0.18903186861733579,36.10081263086069,92.06349206349206,0.0
2025-04-25,26.78723907470703,26.89168199370985,25.603546967629562,25.882063315541142,226103200,24.84000015258789,26.219999313354492,27.200000762939453,24.84000015258789,-0.16222595372096704,32.073140100122366,91.26984126984127,0.0
2025-04-28,26.767343521118164,27.17516986156838,25.68312171926642,26.86681377671909,191356800,25.149999618530273,25.75,26.93000030517578,24.700000762939453,-0.2563571896667046,32.839138245135196,91.66666666666666,0.0
2025-04-29,27.289562225341797,27.438766672338087,26.27497084742454,26.379413770598195,169808000,24.170000076293945,24.760000228881836,25.989999771118164,23.760000228881836,-0.20935556697482893,30.41759268155035,89.68253968253968,0.0
2025-04-30,27.294536590576172,27.563103834390873,25.026622561531426,25.84227530347878,268446600,24.700000762939453,24.350000381469727,28.170000076293945,24.229999542236328,-0.13181018978688241,31.72720636617986,90.47619047619048,0.0
2025-05-01,28.234525680541992,29.288905877870953,28.164897068063297,28.627432162085945,205481600,24.600000381469727,23.940000534057617,25.18000030517578,23.299999237060547,-0.07064597583655108,31.480108822080787,89.68253968253968,0.0
2025-05-02,29.557476043701172,29.935460766343255,28.861186100073038,29.16456954840762,195097800,22.68000030517578,23.6299991607666,24.31999969482422,22.34000015258789,-0.08695651506214164,26.735853884754533,85.71428571428571,0.0
2025-05-05,29.04520606994629,29.59228965766359,28.697061106290995,28.796531366940712,138579000,23.639999389648438,24.25,24.6299991607666,22.809999465942383,-0.06003977144275119,29.107978996920835,87.6984126984127,0.0
2025-05-06,28.2196044921875,28.866158302987202,27.63770473440165,27.881406763971537,165885800,24.760000228881836,23.969999313354492,25.110000610351562,23.899999618530273,0.024410432384175618,31.87546300744184,90.47619047619048,0.0
2025-05-07,28.5478572845459,28.975576189334372,27.39897944867885,28.329022326911723,207867200,23.549999237060547,24.559999465942383,25.6200008392334,23.290000915527344,-0.0465587647917971,28.885591678531043,86.90476190476191,0.0
2025-05-08,29.398324966430664,30.194083291626278,28.677167917026043,29.443086490800262,197621600,22.479999542236328,22.84000015258789,23.610000610351562,21.8799991607666,-0.08617889456742922,26.241658796556393,83.73015873015873,0.0
2025-05-09,29.32869529724121,29.975249150406288,29.01039197858994,29.741494320730382,146818800,21.899999618530273,22.399999618530273,22.81999969482422,21.829999923706055,-0.03439156420414613,24.808498696374173,81.74603174603175,0.0
2025-05-12,32.87976837158203,32.90463735879259,31.755757691314344,32.75045646814157,202490000,18.389999389648438,19.84000015258789,20.440000534057617,18.139999389648438,-0.22208122400793662,16.135407418153033,62.301587301587304,0.0
2025-05-13,34.38673782348633,34.74483000496551,33.00410707403327,33.158284176541024,170595400,18.219999313354492,18.690000534057617,18.850000381469727,17.649999618530273,-0.2641357372807541,15.71534300708271,60.317460317460316,0.0
2025-05-14,34.99350357055664,35.11784091871966,34.42155101011183,34.620491526067596,161184800,18.6200008392334,18.100000381469727,18.81999969482422,18.059999465942383,-0.20934176465147514,16.703733183478985,63.29365079365079,0.0
2025-05-15,35.10292053222656,35.654978653578866,34.28229328742115,34.55583696718118,161694800,17.829999923706055,19.190000534057617,19.3799991607666,17.770000457763672,-0.20685052105066404,14.751667769389357,56.74603174603175,0.0
2025-05-16,35.535614013671875,35.570428320776045,34.64038734764679,35.36651703473015,127627200,17.239999771118164,17.959999084472656,17.959999084472656,17.149999618530273,-0.21278538486681697,13.293797443497862,52.77777777777778,0.0
2025-05-19,35.63011169433594,35.73952917246723,34.03362053167684,34.053514963562066,143794200,18.139999389648438,19.84000015258789,19.920000076293945,17.920000076293945,-0.013594345203770009,15.517665914402185,58.730158730158735,0.0
2025-05-20,35.257102966308594,35.396360208191886,34.516053332300935,35.10292584771999,134069400,18.09000015258789,18.459999084472656,18.68000030517578,17.700000762939453,-0.007134970673205121,15.394119498849475,57.936507936507944,0.0
2025-05-21,33.7899169921875,35.80417963897527,33.411930413231154,34.436468888469264,219255200,20.8700008392334,18.770000457763672,21.049999237060547,17.770000457763672,0.12083780336137906,22.263406717236617,77.38095238095238,0.0
2025-05-22,33.963993072509766,34.6901227858808,33.630769864667066,33.89933901253992,173542000,20.280000686645508,20.6200008392334,22.06999969482422,19.639999389648438,0.13740890484705104,20.805536391345125,72.61904761904762,0.0
2025-05-23,32.98421096801758,33.49150566971218,32.25808132331077,32.372469556631025,214220800,22.290000915527344,20.139999389648438,25.530000686645508,19.829999923706055,0.2929235041446665,25.643564898667858,82.93650793650794,0.0
2025-05-27,35.28196716308594,35.386410080306895,34.01372469280693,34.31213356979177,130539600,18.959999084472656,20.6299991607666,21.010000228881836,18.950000762939453,0.04520395382660003,17.400986420244788,63.49206349206349,0.0
2025-05-28,34.82938003540039,35.77931926967438,34.705042677687565,35.48090657558358,132542600,19.309999465942383,19.209999084472656,19.43000030517578,18.68000030517578,0.06744053637721859,18.267323965419205,67.46031746031747,0.0
2025-05-29,34.998477935791016,36.33634521447543,34.48123411492085,36.30650546531119,193248800,19.18000030517578,18.25,20.200000762939453,18.110000610351562,-0.08097750196926656,17.925229812712214,65.07936507936508,0.0
2025-05-30,34.81446075439453,35.11286965910861,33.34230686926,34.8791148154988,187118200,18.56999969482422,19.610000610351562,20.549999237060547,18.56999969482422,-0.08431957267868018,16.414953565224696,59.92063492063492,0.0
2025-06-02,35.61519241333008,35.669901153308615,34.162933011749715,34.41657848495025,137925400,18.360000610351562,19.809999465942383,20.450000762939453,18.360000610351562,-0.17631225409408213,15.895025185004897,58.13492063492064,0.0
2025-06-03,36.44576644897461,36.74417535484016,35.510750865402535,35.68979696781689,128728400,17.690000534057617,18.829999923706055,19.209999084472656,17.639999389648438,-0.06698304914239728,14.23619864635867,51.19047619047619,0.0
2025-06-04,36.739200592041016,36.963006298451944,36.162273481642195,36.59496881444131,128889000,17.610000610351562,17.68000030517578,18.06999969482422,17.40999984741211,-0.08803722954985882,14.03813001737085,50.198412698412696,0.0
2025-06-05,35.88376235961914,37.62448537559328,35.461016100349,37.02766377914569,198008800,18.479999542236328,17.68000030517578,18.799999237060547,17.079999923706055,-0.036496389562129194,16.19212576732232,59.523809523809526,0.0
2025-06-06,36.90829849243164,37.306179529938774,36.575075305342416,36.938138242178496,131215400,16.770000457763672,18.15999984741211,18.350000381469727,16.649999618530273,-0.09693049362635353,11.958407051834428,43.65079365079365,0.0
2025-06-09,37.072425842285156,37.42056891492803,36.72427897516737,36.95803380728827,100363800,17.15999984741211,17.690000534057617,17.719999313354492,16.81999969482422,-0.06535951650583716,12.923991027858978,46.62698412698413,0.0
2025-06-10,37.78860855102539,37.94278564862885,36.68449229141097,37.15697269698753,122693000,16.950000762939453,17.5,17.989999771118164,16.68000030517578,-0.041831529043398374,12.404062647639178,44.047619047619044,0.0
2025-06-11,37.40066909790039,38.335688291756234,36.913268866378154,38.09198438152076,181652000,17.260000228881836,17.040000915527344,18.09000015258789,16.229999542236328,-0.019875091955646407,13.171577994675904,47.61904761904761,0.0
2025-06-12,37.64437484741211,37.86320598891072,37.06247320352662,37.10226206360802,126110000,18.020000457763672,17.8700008392334,18.8700008392334,17.43000030517578,-0.024891725966838973,15.053232331224505,53.17460317460318,0.0
2025-06-13,36.22195816040039,37.246496722832404,35.943439912714865,36.3562408304913,210666200,20.81999969482422,21.760000228881836,22.0,18.8799991607666,0.24150263127664973,21.98563906812684,76.19047619047619,0.0
2025-06-16,37.69908905029297,37.92289478038718,36.91327602482535,36.91327602482535,116668600,19.110000610351562,19.780000686645508,20.219999313354492,18.670000076293945,0.11363640910716732,17.751920352638944,64.0873015873016,0.0
2025-06-17,36.58502197265625,37.49019776160777,36.346296376929985,37.142054686809075,135418200,21.600000381469727,20.530000686645508,21.790000915527344,19.549999237060547,0.2743362483320546,23.746898635902667,78.96825396825396,0.0
2025-06-18,36.53528594970703,37.28131003911032,36.2269279600761,36.76406621512041,142661400,20.139999389648438,20.899999618530273,21.579999923706055,19.59000015258789,0.16685974058953867,20.12406757929902,71.03174603174604,0.0
2025-06-20,36.032962799072266,37.46533151093937,35.66989985908777,37.18184250246148,163355000,20.6200008392334,20.739999771118164,21.06999969482422,19.110000610351562,0.14428414624981611,21.315138111793576,74.20634920634922,0.0
2025-06-23,37.152000427246094,37.2663924642496,35.520694924861175,36.17222525005727,167572800,19.829999923706055,21.149999618530273,22.510000228881836,19.81999969482422,-0.04755042198027859,19.35483817532059,69.44444444444444,0.0
2025-06-24,38.842987060546875,39.04690213421193,38.12680651070013,38.251143859674016,113191600,17.479999542236328,18.190000534057617,18.719999313354492,17.329999923706055,-0.08529570989298085,13.523572023645917,45.83333333333333,0.0
2025-06-25,39.1412353515625,39.61004978316825,38.7621907388018,39.34072891134584,101438200,16.760000228881836,17.280000686645508,17.510000228881836,16.68000030517578,-0.22407407718103767,11.736973324216239,38.88888888888889,0.0
2025-06-26,40.213531494140625,40.323255248560315,39.211063676243356,39.61005464992853,100144200,16.59000015258789,16.670000076293945,16.780000686645508,16.110000610351562,-0.17626610450073676,11.315136928574885,37.301587301587304,0.0
2025-06-27,40.60753631591797,41.02149271796671,39.82451223022263,40.413027414732866,146023600,16.31999969482422,16.309999465942383,17.290000915527344,16.1200008392334,-0.20853544953439695,10.645160641460718,32.93650793650794,0.0
2025-06-30,41.395545959472656,41.639928237662,40.81201929712236,41.295799177994176,113721400,16.729999542236328,17.190000534057617,17.43000030517578,16.549999237060547,-0.15632881459388137,11.662529936911962,38.2936507936508,0.0
2025-07-01,40.343204498291016,41.16612883360191,39.804562700077035,40.95665829155074,140390000,16.829999923706055,16.979999542236328,17.479999542236328,16.510000228881836,-0.037185333841668666,11.910669828384778,39.682539682539684,0.0
2025-07-02,41.14617919921875,41.19106411371718,40.11378430969674,40.12874594786289,100285000,16.639999389648438,16.75,17.3700008392334,16.540000915527344,-0.007159954510418509,11.439204507873907,37.301587301587304,0.0
2025-07-03,42.29826736450195,42.537664969877525,41.63992870608894,41.63992870608894,83484600,16.3799991607666,16.649999618530273,16.829999923706055,16.139999389648438,-0.012658287515960653,10.794042683194496,32.93650793650794,0.0
2025-07-07,41.355648040771484,41.879328185599256,40.79705994505761,41.69479244392463,139674800,17.790000915527344,17.829999923706055,18.5,17.510000228881836,0.09007360589408142,14.165011245488177,48.80952380952381,0.0
2025-07-08,41.4105110168457,41.78456718593213,41.1312169615586,41.63494700135523,115515400,16.809999465942383,17.40999984741211,17.440000534057617,16.540000915527344,0.004781824620143427,11.111109520062946,38.88888888888889,0.0
2025-07-09,42.268348693847656,42.58754299904541,41.57010972431647,41.87933087220641,117976200,15.9399995803833,16.760000228881836,16.760000228881836,15.760000228881836,-0.052881779403286644,8.933932735272649,25.396825396825395,0.0
2025-07-10,42.07383346557617,42.50275146223851,41.46536822356236,42.407989359109756,110317800,15.779999732971191,16.229999542236328,16.239999771118164,15.699999809265137,-0.05168267357102441,8.327061814717043,21.825396825396826,0.0
2025-07-11,41.754642486572266,42.118721681217345,41.270862582231054,41.55514510884137,106937600,16.399999618530273,16.40999984741211,17.239999771118164,15.979999542236328,0.001221029230061177,9.882115383010012,32.53968253968254,0.0
2025-07-14,42.19852066040039,42.36310627658377,41.171114338339,41.7097522925183,97311400,17.200000762939453,17.729999542236328,17.850000381469727,16.90999984741211,-0.03316470613966804,11.888639357010655,42.857142857142854,0.0
2025-07-15,42.30824661254883,43.22592923838092,42.29328497485966,43.10623233177153,123257600,17.3799991607666,16.889999389648438,17.389999389648438,16.559999465942383,0.03390837078722431,12.340102586839672,44.44444444444444,0.0
2025-07-16,42.42794418334961,42.567591210762686,41.11625525575262,42.42295570234311,166357600,17.15999984741211,17.65999984741211,19.479999542236328,16.690000534057617,0.0765370325686967,11.097065817121916,41.66666666666667,0.0
2025-07-17,43.41545104980469,43.55010958661934,42.39302940677932,42.57756513991392,97330800,16.520000457763672,17.15999984741211,17.3700008392334,16.479999542236328,0.046894850273431876,9.479271662846344,32.34126984126984,0.0
2025-07-18,43.265830993652344,43.75958408019908,42.98653693339903,43.709710684453306,98496200,16.40999984741211,16.43000030517578,16.809999465942383,16.280000686645508,0.0006097700679539297,9.201211484552646,31.150793650793652,0.0
2025-07-21,43.92416763305664,44.378024264596256,43.45036468823916,43.465326325745565,87720400,16.649999618530273,16.8700008392334,16.989999771118164,16.299999237060547,-0.03197680930307034,9.807884292405985,35.317460317460316,0.0
2025-07-22,43.24089050292969,43.969056508351365,42.62744053239118,43.95409106569529,108345200,16.5,16.75,17.479999542236328,16.43000030517578,-0.050632865550022665,9.428714390173509,31.349206349206348,0.0
2025-07-23,43.809452056884766,43.829402173734564,42.84189612279178,43.48028464160241,118025200,15.369999885559082,16.229999542236328,16.31999969482422,15.319999694824219,-0.10431235301688979,6.5722935731513985,15.674603174603174,0.0
2025-07-24,44.098724365234375,44.3680452431348,43.68975647029576,44.11368600204621,90378200,15.390000343322754,15.390000343322754,15.539999961853027,14.949999809265137,-0.0684019420780263,6.622850845824233,16.071428571428573,0.0
2025-07-25,44.34809494018555,44.67726616905225,43.8792804999606,44.043862309298135,79003200,14.930000305175781,15.329999923706055,15.390000343322754,14.920000076293945,-0.09018888214491527,5.460060092086943,9.920634920634921,0.0
2025-07-28,44.782005310058594,44.98150269588436,44.47777265282093,44.68225471459764,95592000,15.029999732971191,15.149999618530273,15.539999961853027,15.0,-0.09729729265315634,5.712839223340778,11.904761904761903,0.0
2025-07-29,44.577518463134766,45.699686953000295,44.378024886791074,45.38049266473512,116251200,15.979999542236328,14.949999809265137,16.1200008392334,14.699999809265137,-0.0315151792584043,8.114254229121162,24.206349206349206,0.0
2025-07-30,44.73212814331055,45.32562796460399,44.01892761755646,44.757062936251316,145527600,15.479999542236328,15.869999885559082,17.270000457763672,15.4399995803833,0.007156776675099064,6.850351340741651,17.857142857142858,0.0
2025-07-31,43.99399185180664,46.25827895483262,43.719686281223765,46.238328836138145,178874600,16.719999313354492,14.989999771118164,17.170000076293945,14.739999771118164,0.08641968423404123,9.984829925354015,36.11111111111111,0.0
2025-08-01,41.355648040771484,42.55262851102353,40.82698322015771,42.517716755041405,219781200,20.3799991607666,17.399999618530273,21.899999618530273,17.389999389648438,0.3650367544668749,19.236598682579494,72.22222222222221,0.0
2025-08-04,43.61993408203125,43.67479595514749,42.47283083754618,42.50275411193833,108586000,17.520000457763672,19.559999465942383,19.579999923706055,17.479999542236328,0.16566871384103798,12.00707743960537,46.42857142857143,0.0
2025-08-05,42.712223052978516,44.19348596178727,42.602499310830346,43.91419193093431,152088400,17.850000381469727,17.209999084472656,18.940000534057617,17.110000610351562,0.11702133246567659,12.841253153079574,50.39682539682539,0.0
2025-08-06,44.30819320678711,44.4229054264777,42.797007064694085,42.90673080393839,128995200,16.770000457763672,17.219999313354492,17.8799991607666,16.559999465942383,0.08333339494020309,10.1112231070361,37.5,0.0
2025-08-07,44.75706481933594,45.719636145571336,43.799481973936906,45.33061835244648,169239200,16.56999969482422,16.40999984741211,17.639999389648438,15.979999542236328,-0.008971269419279615,9.605660023121539,34.12698412698413,0.0
2025-08-08,45.964019775390625,46.02386632183368,44.9366096686674,45.00643317624815,104522600,15.149999618530273,16.479999542236328,16.520000457763672,15.149999618530273,-0.25662412942119084,6.016175627267447,13.492063492063492,0.0
2025-08-11,45.56003952026367,46.502660738917015,45.24583371574457,45.99893451652709,94617000,16.25,15.8100004196167,16.360000610351562,15.520000457763672,-0.07248860870896234,8.796762945983753,28.57142857142857,0.0
2025-08-12,47.24080276489258,47.325587919728314,45.45031852547059,46.09369561617568,119469600,14.729999542236328,16.09000015258789,16.559999465942383,14.65999984741211,-0.1747899592468527,4.954497008172381,8.531746031746032,0.0
2025-08-13,47.31062316894531,48.03878536658453,46.97147876681647,47.904126823944786,96058600,14.489999771118164,14.619999885559082,14.8100004196167,14.300000190734863,-0.13595710342333245,4.347824200319042,6.746031746031746,0.0
2025-08-14,47.18095016479492,47.67470323696375,46.702158730404534,46.801905518991504,106385800,14.829999923706055,14.65999984741211,15.390000343322754,14.569999694824219,-0.10500904062549066,5.2072785501296615,10.317460317460316,0.0
2025-08-15,46.512638092041016,47.136065030527696,46.09369321072802,47.116114911884594,96167400,15.09000015258789,14.430000305175781,15.180000305175781,14.399999618530273,-0.003960360887996117,5.864508630655836,13.88888888888889,0.0
2025-08-18,46.45278549194336,46.61238262828185,45.99893268130097,46.283215199313155,73371400,14.989999771118164,15.729999542236328,15.949999809265137,14.949999809265137,-0.07753847562349758,5.611727088698554,12.3015873015873,0.0
2025-08-19,44.55756759643555,46.31313995751701,44.29822366848506,46.26825124002604,111118600,15.569999694824219,15.229999542236328,15.90999984741211,14.760000228881836,0.05702648870960925,7.077854246362514,20.634920634920633,0.0
2025-08-20,43.74462127685547,44.33313646321153,42.08381098759268,44.303213187580305,164404200,15.6899995803833,15.949999809265137,17.190000534057617,15.569999694824219,0.08281572313458607,7.3811906502891835,21.825396825396826,0.0
2025-08-21,43.13615417480469,43.864316357235126,42.58753924887446,43.36557482364475,119920000,16.600000381469727,15.720000267028809,17.239999771118164,15.649999618530273,0.11935269500131884,9.68149593213079,37.10317460317461,0.0
2025-08-22,45.07625961303711,45.54507788448394,43.07630875078862,43.40048771201016,132726400,14.220000267028809,16.809999465942383,16.829999923706055,14.210000038146973,-0.057654067379838914,3.665317894159897,5.952380952380952,0.0
2025-08-25,44.682254791259766,45.375509064340356,44.40296073368219,44.697220234426695,80452600,14.789999961853027,15.050000190734863,15.1899995803833,14.239999771118164,-0.013342215631682919,5.106166415487439,9.920634920634921,0.0
2025-08-26,45.20094680786133,45.27077032277259,44.308198947100216,44.54260809220069,84374600,14.619999885559082,15.75,15.75,14.619999885559082,-0.061014760943183255,4.676439240582129,7.936507936507936,0.0
2025-08-27,45.40542984008789,45.60492721526998,44.65731753697701,44.95656169720217,90055200,14.850000381469727,14.65999984741211,15.229999542236328,14.65999984741211,-0.05353723526951515,5.257835822802496,11.30952380952381,0.0
2025-08-28,46.23333740234375,46.437823252079895,45.141096060527396,45.52512535685453,90658000,14.430000305175781,14.420000076293945,14.6899995803833,14.119999885559082,-0.13072289315826013,4.196157203707431,7.142857142857142,0.0
2025-08-29,44.567543029785156,45.679734500963605,44.133636532700436,45.594949354838874,121887000,15.359999656677246,14.3100004196167,15.970000267028809,14.3100004196167,0.0801687319438169,6.547014936814981,18.650793650793652,0.0
2025-09-02,43.43041229248047,43.510208956695614,42.018972883583395,42.44789089339025,166668000,17.170000076293945,16.649999618530273,19.3799991607666,16.549999237060547,0.16091954838265798,11.122344453458332,46.03174603174603,0.0
2025-09-03,44.4428596496582,44.826888967401615,43.68477036579375,44.25333923124011,119929800,16.350000381469727,17.399999618530273,17.56999969482422,16.34000015258789,0.11833108819784965,9.049544487941034,31.944444444444443,0.0
2025-09-04,45.64482116699219,45.714648478844744,44.1984738369475,44.58749160461997,101759600,15.300000190734863,16.219999313354492,16.350000381469727,15.279999732971191,0.030303016680501837,6.3953479402033695,17.857142857142858,0.0
2025-09-05,45.79444885253906,47.00140248725195,44.73213072357052,46.85178230568942,172625800,15.180000305175781,15.229999542236328,16.920000076293945,14.739999771118164,0.05197505087584697,6.0920115362767,16.666666666666664,0.0
2025-09-08,46.44779586791992,46.93157574572077,46.203413591281894,46.338075931028406,101696800,15.109999656677246,15.579999923706055,15.649999618530273,14.989999771118164,-0.01627604203046451,5.915063492625224,16.26984126984127,0.0
2025-09-09,46.82684326171875,46.93656701021403,46.00391895310013,46.63233436396657,94620800,15.039999961853027,15.020000457763672,15.819999694824219,14.970000267028809,-0.12405358794271293,5.738117859677195,14.682539682539684,0.0
2025-09-10,46.87671661376953,47.60986729161797,46.353040276089224,47.60487881075549,120818800,15.350000381469727,14.979999542236328,15.630000114440918,14.630000114440918,-0.06116207808370144,6.521738711182009,19.642857142857142,0.0
2025-09-11,47.66472625732422,47.869212104152176,47.086188080746936,47.47520585217052,91247200,14.710000038146973,15.1899995803833,15.239999771118164,14.649999618530273,-0.03856210099560475,4.903942146202993,9.325396825396826,0.0
2025-09-12,48.258235931396484,48.562468596988985,47.644782119027404,47.85924114878775,92235200,14.760000228881836,14.619999885559082,14.970000267028809,14.40999984741211,-0.027667988659443088,5.030332917181633,10.714285714285714,0.0
2025-09-15,49.4901237487793,49.51007006151612,48.662210981652706,48.697122736586,78114400,15.6899995803833,15.140000343322754,15.84000015258789,14.920000076293945,0.038385171203478397,7.3811906502891835,25.595238095238095,0.0
2025-09-16,49.355464935302734,49.77939450556005,49.180906148149276,49.709570990698666,77137200,16.360000610351562,15.600000381469727,16.3799991607666,15.4399995803833,0.08776600078766905,9.074823124277453,35.317460317460316,0.0
2025-09-17,49.041255950927734,49.475158650241774,47.63480497726635,49.3205499923341,147697200,15.720000267028809,16.420000076293945,16.75,15.260000228881836,0.024104226473228074,7.457026559298435,26.190476190476193,0.0
2025-09-18,50.36292266845703,51.05617310857261,49.76941901486755,50.253198920220726,123401600,15.699999809265137,14.930000305175781,15.800000190734863,14.329999923706055,0.06730113994227249,7.4064692866256,26.190476190476193,0.0
2025-09-19,51.36040496826172,51.51501362654038,50.44770704563827,50.81178623547433,84365400,15.449999809265137,15.760000228881836,16.1299991607666,15.289999961853027,0.04674793832544366,6.774517842435844,23.41269841269841,0.0
2025-09-22,52.228214263916016,52.4077615213015,51.08110720896385,51.08110720896385,81054600,16.100000381469727,16.139999389648438,16.350000381469727,15.779999732971191,0.026131345573714215,8.417593043751278,32.53968253968254,0.0
2025-09-23,51.17586898803711,52.31798755482805,50.86166319218909,52.26312568180914,99930600,16.639999389648438,16.100000381469727,17.06999969482422,15.949999809265137,0.01711483917180967,9.782605656069569,42.26190476190476,0.0
2025-09-24,50.625732421875,51.59920663704326,49.91683950216077,51.52432312616872,101055600,16.18000030517578,16.56999969482422,17.209999084472656,16.18000030517578,0.0292620884435848,8.619817313035725,34.12698412698413,0.0
2025-09-25,49.94679260253906,50.356151457534224,48.67378440986463,49.62229994472662,122820600,16.739999771118164,16.549999237060547,17.739999771118164,16.31999969482422,0.0662420365915728,10.035387198026848,44.047619047619044,0.0
2025-09-26,50.54585266113281,50.61074966871421,49.29281366698927,50.12151786967491,124097400,15.289999961853027,16.889999389648438,17.049999237060547,15.289999961853027,-0.010355977306624964,6.370069303866951,19.841269841269842,0.0
2025-09-29,51.21979904174805,52.05848597450549,50.890316929986305,51.31465174166036,92393200,16.1200008392334,15.84000015258789,16.290000915527344,15.739999771118164,0.0012422644279370676,8.468150316424113,32.34126984126984,0.0
2025-09-30,51.61917495727539,51.70404115742731,50.53087886927564,51.12494988780614,92323800,16.280000686645508,16.489999771118164,16.700000762939453,16.020000457763672,-0.02163453823363004,8.872598854993004,34.523809523809526,0.0
2025-10-01,52.3480339050293,52.487814426740954,50.57081788543784,50.785481917704615,93996400,16.290000915527344,17.280000686645508,17.280000686645508,15.979999542236328,0.00679855428163223,8.897877491329423,34.92063492063492,0.0
2025-10-02,52.987030029296875,53.33648131561884,52.24818907857805,53.32150537602409,89158600,16.6299991607666,16.1200008392334,16.920000076293945,15.930000305175781,-0.0065711237667606115,9.75732701973315,42.06349206349206,0.0
2025-10-03,52.26815414428711,53.35146074283165,51.79889153529824,53.1367967228878,103096400,16.649999618530273,16.350000381469727,17.059999465942383,16.200000762939453,0.08894700196666472,9.807884292405985,43.452380952380956,0.0
2025-10-06,53.43632888793945,53.85567044429474,52.98203839315441,53.61604778601557,82476800,16.3700008392334,16.739999771118164,17.09000015258789,16.290000915527344,0.015508684056116273,9.10010176061387,36.904761904761905,0.0
2025-10-07,52.57268142700195,53.94553184268841,52.17829848690217,53.76581293811804,100185800,17.239999771118164,16.579999923706055,17.549999237060547,16.190000534057617,0.058968000244628005,11.299290086406362,51.78571428571429,0.0
2025-10-08,54.354888916015625,54.43975892443722,52.747409136616874,52.7773610168048,86931000,16.299999237060547,17.170000076293945,17.200000762939453,16.229999542236328,0.0006137704709194836,8.923151306258948,35.317460317460316,0.0
2025-10-09,54.14022445678711,54.39482686255884,53.29654809876207,54.35488848347043,87956200,16.43000030517578,16.309999465942383,17.270000457763672,16.260000228881836,-0.012026389999023945,9.25176875722548,39.48412698412698,0.0
2025-10-10,48.45912170410156,54.744282273009276,48.33931037489897,54.280009087524064,238009400,21.65999984741211,16.360000610351562,22.440000534057617,16.229999542236328,0.30090092154152726,22.472191812537528,82.14285714285714,0.0
2025-10-13,51.53430938720703,51.75895611005783,50.34616733561923,50.95022105207455,114511200,19.030000686645508,19.450000762939453,20.770000457763672,18.610000610351562,0.16249234642902288,15.824064741080324,67.46031746031747,0.0
2025-10-14,50.48594665527344,51.68407136899682,48.45912152197426,49.78704406360715,147230000,20.809999465942383,21.459999084472656,22.940000534057617,19.18000030517578,0.20707655117287005,20.32355593801098,79.36507936507937,0.0
2025-10-15,51.51932907104492,52.67252597952425,49.941801161288474,51.9885955103713,127069400,20.639999389648438,20.020000457763672,22.440000534057617,19.110000610351562,0.2662576905353613,19.89382876310567,78.76984126984127,0.0
2025-10-16,50.94523239135742,53.08188624657991,49.79702870229722,52.258175235622254,159344000,25.309999465942383,20.489999771118164,25.43000030517578,19.850000381469727,0.5404746802085709,31.69868193342659,92.85714285714286,0.0
2025-10-17,51.91371154785156,52.30310122443509,49.9817391049974,50.38111147204539,142274000,20.780000686645508,28.40999984741211,28.989999771118164,20.729999542236328,-0.040627847043671284,20.24772485040862,78.57142857142857,0.0
2025-10-20,53.86066436767578,54.17517053887665,52.69249532430094,52.72244720477716,79928800,18.229999542236328,20.530000686645508,21.020000457763672,18.229999542236328,-0.0420389445897702,13.80181722682897,62.301587301587304,0.0
2025-10-21,53.80075454711914,54.15520289201507,53.25161517853958,53.86565536374705,79811400,17.8700008392334,18.649999618530273,18.889999389648438,17.399999618530273,-0.14127816925322767,12.891810425752407,58.730158730158735,0.0
2025-10-22,52.21823501586914,53.785780221129485,50.71059737958568,53.64100645265213,134380800,18.600000381469727,17.84000015258789,21.010000228881836,17.729999542236328,-0.09883716417171162,14.737107485648842,65.47619047619048,0.0
2025-10-23,53.526187896728516,53.73086542362795,51.958642705416935,52.05349159453613,91245000,17.299999237060547,18.360000610351562,19.350000381469727,17.079999923706055,-0.31647571702481636,11.450957083017974,53.57142857142857,0.0
2025-10-24,55.19357681274414,55.543031925607984,54.679382547209485,54.90902251974275,84387600,16.3700008392334,17.020000457763672,17.219999313354492,16.020000457763672,-0.21222327727093115,9.10010176061387,37.5,0.0
2025-10-27,58.12398910522461,58.25378693477012,57.04567570666225,57.17048028656622,77489400,15.789999961853027,15.729999542236328,16.06999969482422,15.619999885559082,-0.13384529027168468,7.633972192246465,27.380952380952383,0.0
2025-10-28,59.451908111572266,59.94613699241417,58.43849552777355,58.73303631816015,92239400,16.420000076293945,15.949999809265137,16.549999237060547,15.65999984741211,-0.08114161694698929,9.226490120889064,40.07936507936508,0.0
2025-10-29,60.21072006225586,60.5901270404477,58.678120018471375,60.19075087301067,133060800,16.920000076293945,16.34000015258789,17.579999923706055,16.260000228881836,-0.09032259520002395,10.490393009268576,50.39682539682539,0.0
2025-10-30,57.45503234863281,59.57671012473417,57.425080469411945,59.20229639953982,127234200,16.90999984741211,16.260000228881836,17.40999984741211,15.729999542236328,-0.022543318314891536,10.46511437293216,50.39682539682539,0.0
2025-10-31,58.268760681152344,59.65159369858212,57.59980617751168,59.65159369858212,122666800,17.440000534057617,16.43000030517578,18.540000915527344,15.960000038146973,0.06536344776841974,11.804853170320923,57.14285714285714,0.0
2025-11-03,59.06751251220703,60.115870240957,58.448482850930574,59.90619945695372,83598000,17.170000076293945,18.059999465942383,18.829999923706055,17.0,0.08739709422259989,11.122344453458332,53.37301587301587,0.0
2025-11-04,55.45317077636719,57.61478697227483,55.23351350122211,56.591387913512676,124762800,19.0,19.729999542236328,20.479999542236328,17.899999618530273,0.15712545138357692,15.748228832071073,70.63492063492063,0.0
2025-11-05,56.5314826965332,57.4101080249253,54.88406449062334,55.25348498886006,109730000,18.010000228881836,19.3700008392334,20.020000457763672,17.309999465942383,0.06442081251022302,13.245701691648465,63.095238095238095,0.0
2025-11-06,53.361446380615234,56.16206148468347,52.97704994674061,56.09716447366747,156461400,19.5,18.360000610351562,20.309999465942383,17.639999389648438,0.15316381880300622,17.012131720450586,74.60317460317461,0.0
2025-11-07,52.80731201171875,52.83726389140455,49.901861611459886,52.427905031187095,183589400,19.079999923706055,19.520000457763672,22.719999313354492,19.079999923706055,0.09403665937083971,15.950453101355519,71.82539682539682,0.0
2025-11-10,56.26689529418945,56.536473638786646,54.619477155517856,55.12867815615693,119878800,17.600000381469727,18.579999923706055,18.81999969482422,17.600000381469727,0.025043698501170608,12.209301708889816,58.730158730158735,0.0
2025-11-11,55.8026237487793,56.1221231720215,54.71432764813128,55.548021336631,102665600,17.280000686645508,17.899999618530273,18.010000228881836,17.25,-0.09052627965023641,11.400404631752032,55.158730158730165,0.0
2025-11-12,55.68780517578125,56.68124856714001,54.77922798481222,56.67625531748958,125708400,17.510000228881836,17.209999084472656,18.059999465942383,17.100000381469727,-0.027762353894819625,11.981798803268951,57.936507936507944,0.0
2025-11-13,52.248191833496094,54.85410829618633,51.61917567621673,54.699351833902874,201264400,20.0,17.610000610351562,21.309999465942383,17.510000228881836,0.02564102564102555,18.2760346088301,76.98412698412699,0.0
2025-11-14,52.288124084472656,53.46128633690067,49.30779020076769,49.91184770017707,222397600,19.829999923706055,21.329999923706055,23.030000686645508,19.559999465942383,0.039308176257808025,17.84630743392479,75.9920634920635,0.0
2025-11-17,50.94523239135742,53.23164946119628,49.97674760682375,51.62416962873906,186327000,22.3799991607666,19.579999923706055,23.440000534057617,19.540000915527344,0.2715908338462043,24.292210236097546,85.71428571428571,0.0
2025-11-18,49.10311508178711,50.59078356739695,47.8251173799907,49.90685689513883,267348000,24.690000534057617,23.540000915527344,25.84000015258789,22.90999984741211,0.4288194185743739,30.131445051823857,90.47619047619048,0.0
2025-11-19,49.94679260253906,51.49436857587526,48.638839281099195,49.247886218496895,184263600,23.65999984741211,24.520000457763672,24.790000915527344,21.93000030517578,0.351227843411799,27.52780336605558,88.09523809523809,0.0
2025-11-20,46.37738037109375,53.45629594713029,46.157723102480865,52.867218206632096,178246300,26.420000076293945,20.780000686645508,28.270000457763672,19.280000686645508,0.3210000038146972,34.504547888479316,92.85714285714286,0.0
2025-11-21,47.40576934814453,49.02323557496818,45.169273495280564,46.776753223205695,179618600,23.43000030517578,25.969999313354492,27.84000015258789,22.540000915527344,0.18154313642563635,26.946409194538656,86.11111111111111,0.0
2025-11-24,51.000144958496094,51.36956544565707,48.59390902051381,48.62386470939364,93894200,20.520000457763672,22.690000534057617,23.68000030517578,20.40999984741211,-0.08310986473420479,19.590494769882447,76.5873015873016,0.0
2025-11-25,51.928688049316406,52.27814315908653,49.00327219371433,50.56083091688719,101851900,18.559999465942383,20.549999237060547,21.770000457763672,18.389999389648438,-0.24827869321669127,14.635992940303172,64.28571428571429,0.0
2025-11-26,53.28656005859375,53.775795666444466,52.28812346265897,52.82728013855976,75598100,17.190000534057617,18.25,18.700000762939453,16.93000030517578,-0.27345728466106345,11.172901726131167,48.80952380952381,0.0
2025-11-28,54.454734802246094,54.5246250617603,53.54615761982799,53.73585920869032,34381600,16.350000381469727,17.40999984741211,18.520000457763672,15.779999732971191,-0.3811506308003305,9.049544487941034,32.34126984126984,0.0
2025-12-01,53.96549987792969,54.56456414991923,52.73742326214141,53.02697080316635,66359600,17.239999771118164,18.049999237060547,18.329999923706055,16.579999923706055,-0.264191227205841,11.299290086406362,50.0,0.0
2025-12-02,55.21354675292969,55.672826704235995,54.05536037513392,54.54459601629663,79504400,16.59000015258789,17.280000686645508,17.309999465942383,16.389999389648438,-0.1915204784358998,9.656217295794374,38.2936507936508,0.0
2025-12-03,55.602935791015625,55.792641192527,54.145219192869746,54.57454725802325,69844900,16.079999923706055,16.43000030517578,17.280000686645508,15.930000305175781,-0.13362066883607027,8.367035771078443,26.984126984126984,0.0
2025-12-04,55.423213958740234,55.96237063653062,54.52462330448963,55.95238794637896,63958000,15.779999732971191,16.229999542236328,16.6299991607666,15.680000305175781,-0.08202447686332925,7.608693555910047,22.023809523809522,0.0
2025-12-05,56.062217712402344,56.990764073302,55.592951282409295,55.77267017863074,73206000,15.40999984741211,15.579999923706055,16.18000030517578,15.279999732971191,-0.05749238606275309,6.673405707793621,17.46031746031746,0.0
2025-12-08,55.712764739990234,56.950827871427165,55.033827508030235,56.481561423495926,69700000,16.65999984741211,16.149999618530273,17.09000015258789,16.100000381469727,-0.03364268743655774,9.833162928742402,41.269841269841265,0.0
2025-12-09,55.92243576049805,56.13211035414704,55.00387585968761,55.36331366739034,48736000,16.93000030517578,16.65999984741211,17.200000762939453,16.450000762939453,0.020494282667915087,10.515671645604993,45.63492063492063,0.0
2025-12-10,56.56143569946289,57.00074643842348,54.804185126153705,55.562999085588764,100261100,15.770000457763672,16.940000534057617,17.65999984741211,15.5600004196167,-0.019278573844105806,5.6516140032558315,20.436507936507937,0.0
2025-12-11,56.022281646728516,56.07220271802166,53.89561049278506,55.54303250659389,99683900,14.850000381469727,16.84000015258789,16.8799991607666,14.850000381469727,-0.05893532111780064,3.277420374843456,7.5396825396825395,0.0
2025-12-12,52.737422943115234,55.433202628926644,52.14834517402583,55.023843759473564,138448500,15.739999771118164,14.989999771118164,17.850000381469727,14.850000381469727,0.021414661062535645,5.574192880239529,19.841269841269842,0.0
2025-12-15,51.93867492675781,53.975486604371895,51.63914469386952,53.975486604371895,98696300,16.5,16.510000228881836,17.350000381469727,15.989999771118164,-0.009603832465638562,6.9833839091826775,35.11904761904761,0.0
2025-12-16,52.248191833496094,52.68750258928367,51.020111399706146,51.349597323097,105953700,16.479999542236328,17.280000686645508,17.610000610351562,16.190000534057617,-0.026580080025272124,6.931461642747523,34.523809523809526,0.0
2025-12-17,49.32276916503906,52.71745129237508,49.29281347734237,52.567688088824966,125606200,17.6200008392334,16.450000762939453,18.0,15.819999694824219,0.11731137145014858,8.921544037442489,55.55555555555556,0.0
2025-12-18,51.42947006225586,52.377985639595536,50.90029985761452,51.589219773585334,109222100,16.8700008392334,17.610000610351562,17.68000030517578,15.930000305175781,0.13602696335848496,6.9535567133276395,44.047619047619044,0.0
2025-12-19,53.43632888793945,53.55614021707903,52.10840634201409,52.11839284120359,72957800,14.90999984741211,16.309999465942383,16.530000686645508,14.90999984741211,-0.05273188918522398,1.8105472371185343,6.349206349206349,0.0
2025-12-22,54.16518783569336,54.80418667726086,53.79576734454969,54.72431372643169,64783100,14.079999923706055,15.15999984741211,15.260000228881836,14.029999732971191,-0.14666667129054212,0.0,0.3968253968253968,0.0
2025-12-23,54.92399597167969,54.983903539130765,53.775796161034414,53.8856247969947,48197100,14.0,14.09000015258789,14.449999809265137,13.640000343322754,-0.1504854132963036,0.0,0.3968253968253968,0.0
2025-12-24,55.36000061035156,55.45000076293945,54.779998779296875,54.869998931884766,25855000,13.470000267028809,14.09000015258789,14.15999984741211,13.380000114440918,-0.235527830564232,0.0,0.3968253968253968,0.0
2025-12-26,55.310001373291016,55.75,55.11000061035156,55.52000045776367,37244200,13.600000381469727,14.119999885559082,14.289999961853027,13.520000457763672,-0.1938352279247585,0.3345345064557687,0.7936507936507936,0.0
2025-12-29,54.4900016784668,54.9900016784668,53.91999816894531,54.290000915527344,50635300,14.199999809265137,14.6899995803833,15.079999923706055,13.989999771118164,-0.04761905066486005,1.8785370891804476,1.984126984126984,0.0
2025-12-30,54.099998474121094,54.81999969482422,54.040000915527344,54.20000076293945,38976800,14.329999923706055,14.430000305175781,14.619999885559082,14.039999961853027,0.017755681914392918,2.213071595636216,2.7777777777777777,0.0
2025-12-31,52.720001220703125,54.20000076293945,52.63999938964844,54.130001068115234,57199400,14.949999809265137,14.770000457763672,15.170000076293945,14.380000114440918,0.06785712923322396,3.808542158182561,8.73015873015873,0.0
2026-01-02,52.349998474121094,54.880001068115234,51.61000061035156,54.16999816894531,107226600,14.510000228881836,14.850000381469727,15.420000076293945,14.460000038146973,0.07720860736719404,2.6762735975177967,3.968253968253968,0.0
2026-01-05,53.599998474121094,54.33000183105469,53.290000915527344,53.95000076293945,77968000,14.899999618530273,15.140000343322754,15.270000457763672,14.649999618530273,0.0955881765144524,3.679874662756749,8.333333333333332,0.0
2026-01-06,55.0099983215332,55.16999816894531,53.7400016784668,53.91999816894531,68915800,14.75,15.0,15.210000038146973,14.630000114440918,0.03873240831848479,3.293874630607668,5.555555555555555,0.0
2026-01-07,55.16999816894531,56.189998626708984,54.77000045776367,54.88999938964844,65588300,15.380000114440918,14.949999809265137,15.479999542236328,14.829999923706055,0.07327286785241727,4.9150791830648455,17.46031746031746,0.0
2026-01-08,54.189998626708984,54.97999954223633,53.5,54.869998931884766,83760300,15.449999809265137,15.6899995803833,15.850000381469727,15.149999618530273,0.03344481648020681,5.09521220418397,18.849206349206348,0.0
2026-01-09,55.7599983215332,56.099998474121094,53.790000915527344,54.38999938964844,78706300,14.489999771118164,15.680000305175781,15.8100004196167,14.430000305175781,-0.0013783912783034147,2.6248056176961305,3.7698412698412698,0.0
2026-01-12,55.88999938964844,56.34000015258789,54.58000183105469,54.599998474121094,59673900,15.119999885559082,16.059999465942383,16.65999984741211,15.029999732971191,0.014765118970553992,4.246010170153308,14.285714285714285,0.0
2026-01-13,55.599998474121094,56.5,54.959999084472656,55.90999984741211,88611000,15.979999542236328,15.359999656677246,16.5,14.75,0.08338979947364944,6.4590817657895245,27.976190476190478,0.0
2026-01-14,53.83000183105469,54.880001068115234,52.5,54.54999923706055,117421500,16.75,16.329999923706055,18.100000381469727,16.219999313354492,0.08907671491320301,8.440554814613304,45.63492063492063,0.0
2026-01-15,54.380001068115234,55.83000183105469,54.130001068115234,55.650001525878906,90483000,15.84000015258789,16.520000457763672,16.540000915527344,15.300000190734863,0.02524274097976864,6.098815723551276,26.38888888888889,0.0
2026-01-16,54.13999938964844,55.459999084472656,53.58000183105469,55.31999969482422,75855900,15.859999656677246,15.4399995803833,16.290000915527344,15.300000190734863,0.09454795770872271,6.150281249244589,26.984126984126984,0.0
2026-01-20,50.72999954223633,52.560001373291016,50.47999954223633,51.38999938964844,129209100,20.09000015258789,19.940000534057617,20.989999771118164,18.639999389648438,0.32870372385224633,17.03551111456325,75.39682539682539,0.0
2026-01-21,52.72999954223633,53.79999923706055,50.66999816894531,51.06999969482422,150230100,16.899999618530273,19.309999465942383,20.809999465942383,16.670000076293945,0.05757197137974357,8.826554846762386,48.01587301587302,0.0
2026-01-22,53.900001525878906,54.33000183105469,53.150001525878906,54.31999969482422,90992300,15.640000343322754,16.649999618530273,16.670000076293945,15.270000457763672,-0.06626863621953705,5.584148195976383,21.03174603174603,0.0
2026-01-23,54.380001068115234,55.06999969482422,53.31999969482422,53.59000015258789,78066100,16.09000015258789,15.680000305175781,16.209999084472656,15.300000190734863,0.015782828130791238,6.742150746551981,29.365079365079367,0.0
2026-01-26,55.08000183105469,55.630001068115234,54.209999084472656,54.470001220703125,58084300,16.149999618530273,16.899999618530273,17.389999389648438,15.800000190734863,0.018284991685414864,6.896549777760272,30.158730158730158,0.0
2026-01-27,56.540000915527344,56.79999923706055,55.560001373291016,55.97999954223633,51981200,16.350000381469727,16.020000457763672,16.3700008392334,15.739999771118164,-0.18616225697919653,7.411219759463518,32.93650793650794,0.0
2026-01-28,57.060001373291016,58.0099983215332,56.72999954223633,57.70000076293945,76172100,16.350000381469727,16.09000015258789,17.18000030517578,16.049999237060547,-0.03254433428847481,7.411219759463518,33.13492063492063,0.0
2026-01-29,56.040000915527344,57.209999084472656,53.060001373291016,56.95000076293945,122642300,16.8799991607666,16.040000915527344,19.739999771118164,16.020000457763672,0.07928381011661845,8.77508686694072,48.01587301587302,0.0
2026-01-30,54.0,55.709999084472656,53.31999969482422,55.02000045776367,110170700,17.440000534057617,18.719999313354492,19.270000457763672,16.670000076293945,0.0839030682826063,10.216160852407127,56.15079365079365,0.0
2026-02-02,55.099998474121094,55.709999084472656,53.150001525878906,53.15999984741211,74665800,16.34000015258789,19.950000762939453,19.959999084472656,16.079999923706055,0.01176473922882404,7.385485769552686,32.142857142857146,0.0
2026-02-03,52.52000045776367,55.7599983215332,51.08000183105469,55.63999938964844,129992200,18.0,16.15999984741211,20.3700008392334,16.049999237060547,0.1009174055066262,11.657229929616825,61.111111111111114,0.0
2026-02-04,49.7599983215332,52.150001525878906,48.43000030517578,52.13999938964844,142536200,18.639999389648438,17.6299991607666,21.239999771118164,17.469999313354492,0.14006109814982515,13.304166017856483,67.46031746031747,0.0
2026-02-05,47.63999938964844,49.529998779296875,47.060001373291016,48.38999938964844,158712900,21.770000457763672,19.239999771118164,23.100000381469727,19.059999465942383,0.28969203436707947,21.358723254449057,82.53968253968253,0.0
2026-02-06,50.59000015258789,51.0099983215332,48.0,48.34000015258789,117934600,20.3700008392334,21.239999771118164,21.489999771118164,19.989999771118164,0.16800459950984203,17.756048107296454,75.79365079365078,0.0
2026-02-09,51.7400016784668,52.27000045776367,49.439998626708984,50.060001373291016,71272700,17.360000610351562,17.950000762939453,19.200000762939453,16.899999618530273,0.06242352804397777,10.010293841377168,53.96825396825397,0.0
2026-02-10,51.02000045776367,52.400001525878906,50.88999938964844,51.970001220703125,70660900,17.790000915527344,17.469999313354492,17.969999313354492,17.139999389648438,-0.011666615804036495,11.116830866259452,58.53174603174603,0.0
2026-02-11,51.400001525878906,52.5,50.040000915527344,52.209999084472656,92393800,17.649999618530273,17.8700008392334,18.959999084472656,16.75,-0.053111577442859326,10.756559915764498,57.53968253968254,0.0
2026-02-12,48.2599983215332,52.06999969482422,47.9900016784668,51.79999923706055,131150000,20.81999969482422,17.440000534057617,21.209999084472656,17.079999923706055,-0.04363806811959259,18.9140482037437,78.76984126984127,0.0
2026-02-13,48.470001220703125,49.59000015258789,47.18000030517578,48.150001525878906,123216600,20.600000381469727,21.479999542236328,22.399999618530273,18.920000076293945,0.011291091446267387,18.347915150475494,76.5873015873016,0.0
2026-02-17,48.349998474121094,48.97999954223633,46.41999816894531,47.63999938964844,117089700,20.290000915527344,21.739999771118164,22.959999084472656,19.760000228881836,0.16877881348855817,17.5501810962665,74.60317460317461,0.0
2026-02-18,49.38999938964844,50.36000061035156,48.20000076293945,48.529998779296875,81370800,19.6200008392334,19.780000686645508,20.34000015258789,18.479999542236328,0.10286676950695406,15.82604303829434,70.63492063492063,0.0
2026-02-19,48.83000183105469,49.400001525878906,48.15999984741211,48.66999816894531,83447500,20.229999542236328,19.34000015258789,21.110000610351562,19.229999542236328,0.14617563623046093,17.3957771568015,73.80952380952381,0.0
2026-02-20,50.060001373291016,50.45000076293945,47.7599983215332,47.959999084472656,118813800,19.09000015258789,20.040000915527344,21.209999084472656,18.760000228881836,-0.08309315886620305,14.462171022560433,67.06349206349206,0.0
2026-02-23,48.2400016784668,49.880001068115234,47.65999984741211,49.529998779296875,91951800,21.010000228881836,20.489999771118164,22.040000915527344,19.5,0.019902904845619185,19.402984195536114,79.36507936507937,0.0
2026-02-24,49.779998779296875,50.040000915527344,47.81999969482422,48.45000076293945,71023300,19.549999237060547,21.239999771118164,22.079999923706055,19.229999542236328,-0.03647124914127009,15.645905108918512,69.44444444444444,0.0
