Date,close,high,low,open,volume,vix_level,vix_open,vix_high,vix_low,vix_roc_5,iv_rank,iv_percentile,term_slope
2015-12-31,2.272066831588745,2.3464557486002753,2.2694805429834233,2.3339249276424363,175905600,18.209999084472656,17.969999313354492,20.389999389648438,17.510000228881836,0.16955680419994001,21.74365706417062,74.20634920634922,0.0
2016-01-04,2.1332316398620605,2.1332316398620605,2.0435269272554883,2.1207008233211058,265867200,20.700000762939453,22.479999542236328,23.360000610351562,20.670000076293945,0.31512077915798686,30.39249873420363,85.11904761904762,0.0
2016-01-05,2.1141371726989746,2.166647558081202,2.085296488790913,2.1580949620963117,132326400,19.34000015258789,20.75,21.059999465942383,19.25,0.1437019708517422,25.668634468649575,79.56349206349206,0.0
2016-01-06,2.057450532913208,2.0894741234332086,2.005735455961077,2.0085204623939745,243787200,20.59000015258789,21.670000076293945,21.860000610351562,19.799999237060547,0.2804726523806096,30.01041952889022,84.92063492063492,0.0
2016-01-07,1.8617299795150757,1.998972845790378,1.8589449734880539,1.9233895804636423,340348800,24.989999771118164,23.219999313354492,25.860000610351562,22.399999618530273,0.44534403978404713,45.293501615929635,94.44444444444444,0.0
2016-01-08,1.8177721500396729,1.9367167240075405,1.8094182697127321,1.9021076448933931,331819200,27.010000228881836,22.959999084472656,27.079999923706055,22.479999542236328,0.48325104815149533,52.309827863287694,96.82539682539682,0.0
2016-01-11,1.8336845636367798,1.8702824098762745,1.7483552592222869,1.855564216818518,336177600,24.299999237060547,25.579999923706055,27.389999389648438,23.829999923706055,0.17391296335439765,42.8968344076661,92.06349206349206,0.0
2016-01-12,1.8955436944961548,1.9239861512872443,1.8179716609436853,1.8830127610008036,317520000,22.469999313354492,22.969999313354492,23.93000030517578,21.90999984741211,0.16184069990029326,36.540461344475325,88.88888888888889,0.0
2016-01-13,1.6972367763519287,1.931743119911577,1.6906729496547903,1.9184169765436598,413400000,25.219999313354492,21.719999313354492,26.110000610351562,21.440000534057617,0.22486639759372085,46.09238847700474,94.04761904761905,0.0
2016-01-14,1.8070313930511475,1.8527793589315387,1.6369696063978532,1.7187185856288956,363417600,23.950000762939453,24.75,26.280000686645508,23.06999969482422,-0.04161660735110029,41.68113989082931,90.87301587301587,0.0
2016-01-15,1.6409474611282349,1.6966399427064556,1.5699391573063042,1.626626478761409,564715200,27.020000457763672,28.959999084472656,30.950000762939453,26.670000076293945,0.0003702417177746664,52.34456293877421,96.82539682539682,0.0
2016-01-19,1.6479097604751587,1.7129509738703224,1.5914210306235677,1.7051937022838852,259228800,26.049999237060547,25.399999618530273,27.59000015258789,25.209999084472656,0.07201646316642796,48.975333492002996,94.24603174603175,0.0
2016-01-20,1.6329920291900635,1.6862976341721236,1.4627306301678729,1.5705361945267475,554697600,27.59000015258789,27.780000686645508,32.09000015258789,26.59000015258789,0.22785941235834617,54.32441586623783,96.82539682539682,0.0
2016-01-21,1.6389590501785278,1.710762576497338,1.5884374294000723,1.6534785246718144,338112000,26.690000534057617,27.790000915527344,28.43000030517578,25.010000228881836,0.05828712374011569,51.19833194787221,95.23809523809523,0.0
2016-01-22,1.7801793813705444,1.782964273407524,1.7207080682583202,1.735426260801135,286881600,22.34000015258789,24.209999084472656,24.549999237060547,22.219999313354492,-0.06722340538890081,36.08891861322712,85.71428571428571,0.0
2016-01-25,1.7000218629837036,1.7919149920270196,1.6966402490083765,1.7642677483659228,277084800,24.149999618530273,23.299999237060547,24.309999465942383,22.3799991607666,-0.10621764584051885,42.37582152544487,89.28571428571429,0.0
2016-01-26,1.7485538721084595,1.7692400814920923,1.6783419028418636,1.7224983032533834,243038400,22.5,23.75,24.020000457763672,22.329999923706055,-0.136276366258394,36.64466657093487,86.11111111111111,0.0
2016-01-27,1.618471622467041,1.7386095315725487,1.5952000327027982,1.71672998968971,358315200,23.110000610351562,22.8799991607666,27.219999313354492,20.420000076293945,-0.1623776555802633,38.763459800344535,87.3015873015873,0.0
2016-01-28,1.6823192834854126,1.6986299487390157,1.6013664349886627,1.6944528951599291,315571200,22.420000076293945,22.149999618530273,23.809999465942383,21.899999618530273,-0.15998502706341133,36.36679259208099,84.52380952380952,0.0
2016-01-29,1.791914939880371,1.791914939880371,1.6817224931832124,1.6860989470876668,257716800,20.200000762939453,21.59000015258789,21.739999771118164,19.5,-0.09579227283042513,28.655784710107373,79.76190476190477,0.0
2016-02-01,1.802059292793274,1.8247341603963716,1.7433832969885759,1.762676550136834,228240000,19.979999542236328,21.31999969482422,23.65999984741211,19.610000610351562,-0.17267081334006762,27.89162629948055,78.96825396825396,0.0
2016-02-02,1.6876894235610962,1.7807759903885299,1.6711811800826104,1.7807759903885299,256867200,21.979999542236328,21.34000015258789,22.420000076293945,21.059999465942383,-0.02311113145616317,34.838482395865576,82.93650793650794,0.0
2016-02-03,1.6638213396072388,1.7199119532076914,1.5741164883382157,1.7195147455615296,471302400,21.649999618530273,21.489999771118164,27.700000762939453,21.420000076293945,-0.06317615548514166,33.69225140496358,82.53968253968253,0.0
2016-02-04,1.6608376502990723,1.701613343601125,1.6041503213207722,1.6473129022405943,284035200,21.84000015258789,22.290000915527344,23.139999389648438,21.239999771118164,-0.025869755652647153,34.352204589130864,82.53968253968253,0.0
2016-02-05,1.489980697631836,1.646516938051944,1.4714827707903522,1.6449262863803251,429777600,23.3799991607666,22.09000015258789,24.110000610351562,21.90999984741211,0.15742565731291602,39.70128033832746,87.6984126984127,0.0
2016-02-08,1.4219557046890259,1.439658416047046,1.33941141539777,1.4068393951749514,514963200,26.0,25.889999389648438,27.719999313354492,25.559999465942383,0.30130133111553925,48.80166473960867,92.85714285714286,0.0
2016-02-09,1.4054464101791382,1.471681058727758,1.3569144726494018,1.363279695670535,459494400,26.540000915527344,28.299999237060547,28.309999465942383,25.989999771118164,0.20746139528022312,50.677319065650984,94.84126984126983,0.0
2016-02-10,1.422154426574707,1.510070016835014,1.419967166959114,1.4569630164817209,375528000,26.290000915527344,25.75,26.600000381469727,24.469999313354492,0.21431877038120994,49.80896205360285,94.44444444444444,0.0
2016-02-11,1.4187735319137573,1.4501994792766026,1.356119102841189,1.3684505198927848,477076800,28.139999389648438,29.010000228881836,30.899999618530273,26.670000076293945,0.28846150151304095,56.234798642728414,98.01587301587301,0.0
2016-02-12,1.4792399406433105,1.485405536453489,1.4245412621140143,1.463128789115848,316430400,25.399999618530273,27.15999984741211,27.56999969482422,24.920000076293945,0.08639865398940572,46.71760658568551,90.87301587301587,0.0
2016-02-16,1.5776968002319336,1.5776968002319336,1.5190208094679176,1.54786138479388,299313600,24.110000610351562,24.959999084472656,25.520000457763672,23.31999969482422,-0.0726922842172476,42.23688784853705,86.90476190476191,0.0
2016-02-17,1.6866955757141113,1.6952480582372145,1.6031564469709454,1.6176760345070735,365232000,22.309999465942383,23.399999618530273,24.15999984741211,21.829999923706055,-0.15938211392864643,35.98471338676758,80.95238095238095,0.0
2016-02-18,1.6294115781784058,1.7051935524574071,1.6240413086921361,1.7045968305560293,257899200,21.639999389648438,22.15999984741211,22.530000686645508,21.290000915527344,-0.1768733877499613,33.65751632947707,78.57142857142857,0.0
2016-02-19,1.6463184356689453,1.660042701145021,1.5955982004170441,1.6109140281674919,238934400,20.530000686645508,22.389999389648438,23.440000534057617,20.520000457763672,-0.27043350632773433,29.802015701009378,75.39682539682539,0.0
2016-02-22,1.7240886688232422,1.729857170175075,1.6862974960691055,1.691071157425745,248265600,19.3799991607666,20.139999389648438,20.350000381469727,19.020000457763672,-0.2370078955974413,25.80756814555739,71.42857142857143,0.0
2016-02-23,1.6381627321243286,1.7083757221919276,1.636572194471338,1.693656619290438,267825600,20.979999542236328,19.75,21.15999984741211,19.540000915527344,-0.12982169178259484,31.36505434767306,77.38095238095238,0.0
2016-02-24,1.686894416809082,1.6926629188408808,1.552236929142078,1.5826690665577623,350558400,20.719999313354492,22.280000686645508,22.8700008392334,20.260000228881836,-0.07126849801207413,30.46196226013842,76.19047619047619,0.0
2016-02-25,1.7334376573562622,1.7354264271514652,1.6518872835101541,1.6980333666802334,259598400,19.110000610351562,20.540000915527344,21.260000228881836,19.100000381469727,-0.11691307073266866,24.86974760757447,69.04761904761905,0.0
2016-02-26,1.7294591665267944,1.7771957832522642,1.7177245835669135,1.7730188435154197,248577600,19.809999465942383,18.889999389648438,20.1299991607666,18.459999084472656,-0.03507068663526525,27.30114326628629,72.22222222222221,0.0
2016-02-29,1.6837122440338135,1.7640682568898864,1.6837122440338135,1.725481755565383,229968000,20.549999237060547,20.489999771118164,20.809999465942383,18.3799991607666,0.06037152357893416,29.871479226944164,74.60317460317461,0.0
2016-03-01,1.8448233604431152,1.8452205680560538,1.71613298781305,1.729857250625026,311136000,17.700000762939453,19.84000015258789,20.170000076293945,17.65999984741211,-0.15633931605640294,19.972214589626084,63.095238095238095,0.0
2016-03-02,1.8468120098114014,1.8488006654472517,1.8042470626785827,1.83786129534761,193972800,17.09000015258789,17.979999542236328,18.40999984741211,16.780000686645508,-0.175193015495275,17.853421360216412,61.111111111111114,0.0
2016-03-03,1.8364694118499756,1.843629847041272,1.7974837706435367,1.842038398948957,206596800,16.700000762939453,17.25,17.559999465942383,16.31999969482422,-0.12611197124225382,16.498786541433567,57.341269841269835,0.0
2016-03-04,1.8396517038345337,1.8748575030125076,1.8026557387648896,1.8434305256245545,237844800,16.860000610351562,16.479999542236328,17.350000381469727,16.049999237060547,-0.14891463579605335,17.05453449914131,58.730158730158735,0.0
2016-03-07,1.8054407835006714,1.8432319613517032,1.7656599253909053,1.811009771301846,189124800,17.350000381469727,17.979999542236328,18.040000915527344,16.8700008392334,-0.15571771164934334,18.756513447751054,61.50793650793651,0.0
2016-03-08,1.7577043771743774,1.8149883281437578,1.7507424302448202,1.7670521879830305,212563200,18.670000076293945,18.3799991607666,18.889999389648438,17.81999969482422,0.05480221873128355,23.34143741135906,66.26984126984127,0.0
2016-03-09,1.7913181781768799,1.7945002776748855,1.7503438812179402,1.7813727372621933,208344000,18.34000015258789,18.559999465942383,19.110000610351562,18.309999465942383,0.07314218776122816,22.19520642045706,65.07936507936508,0.0
2016-03-10,1.7845559120178223,1.847010723657749,1.7159344802942604,1.8199603146333903,343454400,18.049999237060547,18.170000076293945,19.59000015258789,17.059999465942383,0.0808382282902047,21.187909106462875,63.095238095238095,0.0
2016-03-11,1.877045750617981,1.879034406477735,1.8265241266183945,1.8422370459420234,169660800,16.5,17.09000015258789,17.270000457763672,16.280000686645508,-0.02135234859544033,15.80409828177977,54.36507936507936,0.0
2016-03-14,1.887985110282898,1.9019079783159523,1.8559615236330667,1.8581496939317115,157166400,16.920000076293945,17.010000228881836,17.670000076293945,16.690000534057617,-0.02478387871593557,17.262938327022155,57.936507936507944,0.0
2016-03-15,1.8867918252944946,1.8919636056399134,1.8499944618870277,1.8688905067673962,193118400,16.84000015258789,17.600000381469727,17.850000381469727,16.84000015258789,-0.09801820654675197,16.985064348168287,56.34920634920635,0.0
2016-03-16,1.9349265098571777,1.951037433352673,1.8700837872379417,1.8700837872379417,176457600,14.989999771118164,15.960000038146973,16.329999923706055,14.890000343322754,-0.18266086987992858,10.559221134004483,39.285714285714285,0.0
2016-03-17,1.9293562173843384,1.9466608098823448,1.8977306416878392,1.9202070133267646,127507200,14.4399995803833,15.34000015258789,15.380000114440918,13.819999694824219,-0.19999998943297115,8.648835044994776,32.53968253968254,0.0
2016-03-18,1.940495491027832,1.956805133053647,1.9116548012404628,1.9452690392396277,147537600,14.020000457763672,14.050000190734863,14.359999656677246,13.75,-0.15030300255977747,7.189998312271509,29.166666666666668,0.0
2016-03-21,1.9635683298110962,1.9701319292821202,1.928362534347737,1.9321413557390488,136008000,13.789999961853027,14.569999694824219,14.729999542236328,13.789999961853027,-0.18498818559854846,6.391108138677288,24.404761904761905,0.0
2016-03-22,1.9810713529586792,1.9959890585869433,1.9299528991569443,1.9317431786181,127214400,14.170000076293945,14.569999694824219,14.760000228881836,13.75,-0.1585510719774924,7.711011194492738,30.158730158730158,0.0
2016-03-23,1.9339313507080078,1.974905646362807,1.9204055788096714,1.9705290788817933,154454400,14.9399995803833,14.569999694824219,15.029999732971191,14.329999923706055,-0.0033355698130963507,10.385549069091034,38.492063492063494,0.0
2016-03-24,1.933335304260254,1.9369154089743252,1.8955440075285248,1.9025049302274477,127022400,14.739999771118164,16.299999237060547,16.440000534057617,14.710000038146973,0.020775637081209553,9.690864121956354,37.10317460317461,0.0
2016-03-28,1.9263731241226196,1.9532250443596082,1.917025200515004,1.9528278367063758,129384000,15.239999771118164,15.649999618530273,16.040000915527344,14.890000343322754,0.08701849311844412,11.427578146052612,43.65079365079365,0.0
2016-03-29,2.018465518951416,2.022841176360241,1.906483015308343,1.9158316211336797,179793600,13.819999694824219,15.739999771118164,15.890000343322754,13.789999961853027,0.0021754701272065358,6.49531005261771,24.206349206349206,0.0
2016-03-30,2.0486981868743896,2.086688991532973,2.035570531474331,2.0552620145744194,209884800,13.5600004196167,13.6899995803833,13.890000343322754,13.0600004196167,-0.04304866996421264,5.592221277602186,20.238095238095237,0.0
2016-03-31,2.036763906478882,2.066997438503114,2.030200079000917,2.044123970207295,118521600,13.949999809265137,13.729999542236328,14.279999732971191,13.489999771118164,-0.06626504678206724,6.946856096385032,27.380952380952383,0.0
2016-04-01,2.104590654373169,2.1069775427171606,1.9943981762121616,2.005735554406821,163022400,13.100000381469727,15.229999542236328,15.279999732971191,13.0,-0.11126183277572932,3.9944442429328646,14.682539682539684,0.0
2016-04-04,2.078533411026001,2.1083688231962525,2.0660025925447667,2.1014077885009823,136632000,14.119999885559082,13.880000114440918,14.239999771118164,13.65999984741211,-0.07349080724276857,7.537339129579289,30.952380952380953,0.0
2016-04-05,2.0226426124572754,2.055063406927682,2.012100561946091,2.0309964926585247,146841600,15.420000076293945,15.390000343322754,15.720000267028809,14.930000305175781,0.1157742703908271,12.052796254733384,46.03174603174603,0.0
2016-04-06,2.1195080280303955,2.1210995901748944,2.0268195642158524,2.0288083340179814,182088000,14.09000015258789,15.609999656677246,15.979999542236328,14.0,0.039085524820815065,7.433137215638866,30.952380952380953,0.0
2016-04-07,2.028012275695801,2.0938487951964104,2.0015575723743697,2.083506148880666,252225600,16.15999984741211,15.140000343322754,16.770000457763672,14.680000305175781,0.1584229439687277,14.623132215391255,52.77777777777778,0.0
2016-04-08,2.023239850997925,2.079130735062202,2.002155518152411,2.0648098597597238,166243200,15.359999656677246,15.34000015258789,15.930000305175781,14.84000015258789,0.17251902361807137,11.844389114333419,44.84126984126984,0.0
2016-04-11,2.001558303833008,2.079528460161143,1.9999676521864043,2.0494945533409563,137059200,16.260000228881836,15.34000015258789,16.260000228881836,14.829999923706055,0.15155809919739394,14.970476345218156,53.17460317460318,0.0
2016-04-12,2.0483012199401855,2.062224202749142,1.9679441712990546,2.0053381445830643,182424000,14.850000381469727,15.979999542236328,16.56999969482422,14.84000015258789,-0.03696496057094789,10.072943327269767,38.095238095238095,0.0
2016-04-13,2.1282591819763184,2.138403337986944,2.089870272135949,2.0982241490705382,162182400,13.84000015258789,14.489999771118164,14.529999732971191,13.600000381469727,-0.01774308000657354,6.564780203590738,24.404761904761905,0.0
2016-04-14,2.1296517848968506,2.1531220891918035,2.11294402577544,2.1288566867686343,111240000,13.720000267028809,13.899999618530273,14.119999885559082,13.380000114440918,-0.15099007446921764,6.1479692353099304,21.03174603174603,0.0
2016-04-15,2.113341808319092,2.1378068349874653,2.0972306598848784,2.122689502149174,83092800,13.619999885559082,13.770000457763672,14.1899995803833,13.579999923706055,-0.11328123763087183,5.8006251054830305,19.841269841269842,0.0
2016-04-18,2.1445696353912354,2.1489452930896613,2.091661348592417,2.0958382886520392,101462400,13.350000381469727,14.869999885559082,14.9399995803833,13.229999542236328,-0.17896677776444436,4.862801254980994,17.063492063492063,0.0
2016-04-19,2.1075737476348877,2.1680399048516357,2.0735613919341183,2.166051135113862,158582400,13.239999771118164,13.180000305175781,13.880000114440918,12.979999542236328,-0.1084175467335724,4.48072204966758,15.079365079365079,0.0
2016-04-20,2.112745523452759,2.1411878654903806,2.0852967695369293,2.104788623937208,107769600,13.279999732971191,13.390000343322754,13.5,12.5,-0.040462457618686276,4.6196590390945165,16.26984126984127,0.0
2016-04-21,2.113341808319092,2.135419947598817,2.084699842533638,2.1115517565906603,133473600,13.949999809265137,13.199999809265137,14.140000343322754,13.15999984741211,0.016763814705532454,6.946856096385032,26.38888888888889,0.0
2016-04-22,2.0176687240600586,2.059637738402069,1.9687386764677348,2.0321892195334157,201321600,13.220000267028809,13.699999809265137,14.1899995803833,13.149999618530273,-0.02936854786279275,4.411255211213672,13.690476190476192,0.0
2016-04-25,2.016078233718872,2.0172716773682304,1.987634986599052,1.9955907464672042,96950400,14.079999923706055,14.069999694824219,14.760000228881836,13.859999656677246,0.054681612088161025,7.398402140152354,28.968253968253972,0.0
2016-04-26,1.988430142402649,2.0401452007498873,1.9695351268064558,2.027813101098585,109315200,13.960000038146973,14.010000228881836,14.430000305175781,13.65999984741211,0.05438068576099386,6.981591171871545,26.38888888888889,0.0
2016-04-27,1.940693974494934,1.953026304576784,1.8907700946383192,1.9281631544017994,183004800,13.770000457763672,14.149999618530273,14.949999809265137,13.5,0.03689764568111564,6.32164130022338,21.23015873015873,0.0
2016-04-28,1.8718738555908203,1.9804746265333544,1.8585475972695926,1.947059109763099,160771200,15.220000267028809,14.529999732971191,15.609999656677246,13.300000190734863,0.09103946058265744,11.358111307598703,42.06349206349206,0.0
2016-04-29,1.8420387506484985,1.8808247711437684,1.7960921797817067,1.865508944019939,191260800,15.699999809265137,15.210000038146973,17.09000015258789,14.90999984741211,0.18759451529071014,13.025355180721935,47.61904761904761,0.0
2016-05-02,1.8907699584960938,1.8993224417667385,1.8308996164617182,1.853574480917467,118017600,14.680000305175781,16.329999923706055,16.5,14.479999542236328,0.04261366368756336,9.482460294075509,35.317460317460316,0.0
2016-05-03,1.840446949005127,1.8760508647677536,1.8235404723761963,1.8511877162585397,145963200,15.600000381469727,14.920000076293945,16.420000076293945,14.90999984741211,0.11747853430095301,12.678014363414153,46.62698412698413,0.0
2016-05-04,1.804047703742981,1.8253306343944995,1.7897267187058954,1.8066341058042528,155145600,16.049999237060547,15.470000267028809,16.850000381469727,15.390000343322754,0.16557724789409045,14.241053010077842,49.801587301587304,0.0
2016-05-05,1.803053855895996,1.834679321276586,1.7903234087668125,1.8211536622274747,143976000,15.90999984741211,15.539999961853027,16.450000762939453,15.220000267028809,0.045335057048458305,13.754775203343128,48.61111111111111,0.0
2016-05-06,1.8291094303131104,1.8307009922896418,1.7692399994492072,1.7742122648690233,156849600,14.720000267028809,16.200000762939453,16.579999923706055,14.710000038146973,-0.062420353767010606,9.621397283502446,35.317460317460316,0.0
2016-05-09,1.8452205657958984,1.8702823175063643,1.8283140895783387,1.8308995810774993,118540800,14.569999694824219,15.199999809265137,15.390000343322754,14.170000076293945,-0.00749322943220776,9.100381088762097,33.33333333333333,0.0
2016-05-10,1.922594428062439,1.9237878721095616,1.8553649228097768,1.864912247560581,116481600,13.630000114440918,13.979999542236328,14.350000381469727,13.550000190734863,-0.1262820653112836,5.835360180969545,17.46031746031746,0.0
2016-05-11,1.8700835704803467,1.930152510563524,1.8672985648836933,1.9132451251362554,127065600,14.6899995803833,13.920000076293945,14.6899995803833,13.289999961853027,-0.08473518512928735,9.517192057042905,34.523809523809526,0.0
2016-05-12,1.843828558921814,1.888183561710672,1.8052411473689989,1.8848028582203527,184742400,14.40999984741211,14.550000190734863,15.420000076293945,13.949999809265137,-0.0942803277426798,8.544633131054354,30.158730158730158,0.0
2016-05-13,1.8215519189834595,1.8728687565717765,1.8129984108714217,1.8426352227359468,155966400,15.039999961853027,15.149999618530273,15.470000267028809,13.970000267028809,0.021739109308372973,10.732893198917932,38.095238095238095,0.0
2016-05-16,1.8917635679244995,1.9118531662663167,1.8269219918041915,1.8289106473886017,117292800,14.680000305175781,15.720000267028809,15.979999542236328,14.279999732971191,0.007549801829483727,9.482460294075509,33.53174603174603,0.0
2016-05-17,1.8191651105880737,1.90290285922957,1.8058380537494214,1.8895767128955867,187228800,15.569999694824219,14.569999694824219,16.1200008392334,14.479999542236328,0.1423330567934391,12.573809136954612,45.03968253968254,0.0
2016-05-18,1.8398501873016357,1.8694869968592454,1.7964900254161085,1.8090208443988727,237969600,15.949999809265137,15.720000267028809,16.469999313354492,14.859999656677246,0.08577265247607024,13.893712192770064,49.2063492063492,0.0
2016-05-19,1.8108110427856445,1.8326896710226672,1.771228791225525,1.817374870264202,254097600,16.329999923706055,16.3700008392334,17.649999618530273,16.280000686645508,0.1332408117019348,15.213615248585514,53.17460317460318,0.0
2016-05-20,1.8712774515151978,1.8927588750608892,1.8297064246690178,1.832889549096021,125352000,15.199999809265137,16.1299991607666,16.299999237060547,15.109999656677246,0.01063828775385156,11.288641156625676,38.88888888888889,0.0
2016-05-23,1.8621281385421753,1.8971343106946938,1.85834829231439,1.876051006534443,86928000,15.819999694824219,16.329999923706055,16.469999313354492,15.399999618530273,0.0776566325578687,13.442166149002741,46.82539682539682,0.0
2016-05-24,1.9760987758636475,1.9820657661222318,1.8927581502483108,1.8941501975866175,150004800,14.420000076293945,16.030000686645508,16.059999465942383,14.359999656677246,-0.07385996410215456,8.579368206540867,27.380952380952383,0.0
2016-05-25,2.0186638832092285,2.035769757477275,1.987635030518591,1.998773914034098,140846400,13.899999618530273,14.1899995803833,14.329999923706055,13.640000343322754,-0.12852665926328388,6.773184031471581,19.642857142857142,0.0
2016-05-26,2.0355706214904785,2.0429306857933676,2.009315537155471,2.025426689233599,95270400,13.430000305175781,13.800000190734863,14.109999656677246,13.430000305175781,-0.17758724017630767,5.140675233834865,11.904761904761903,0.0
2016-05-27,2.066201686859131,2.067792338023003,2.0387531663601743,2.0389516563165135,107140800,13.119999885559082,13.489999771118164,13.760000228881836,13.039999961853027,-0.13684210196096147,4.063911081386773,7.936507936507936,0.0
2016-05-31,2.078533411026001,2.08828036193184,2.047704183170208,2.0775395953404594,112948800,14.1899995803833,13.9399995803833,15.0,13.449999809265137,-0.10303414322910509,7.780478032946646,25.0,0.0
2016-06-01,2.0793299674987793,2.0926561137323607,2.054068698529044,2.059638483172893,100536000,14.199999809265137,14.449999809265137,15.25,14.180000305175781,-0.01525660650934968,7.815213108433159,25.396825396825395,0.0
2016-06-02,2.091064453125,2.092257897054572,2.032786694470642,2.065207487697606,104659200,13.630000114440918,14.420000076293945,14.920000076293945,13.619999885559082,-0.019424425287711156,5.835360180969545,14.880952380952381,0.0
2016-06-03,2.062422513961792,2.082910233970507,2.022045958366988,2.079130273984898,155529600,13.470000267028809,13.779999732971191,14.65999984741211,12.899999618530273,0.0029784036443849526,5.279612223261801,13.095238095238097,0.0
2016-06-06,2.084500551223755,2.101009820391592,2.063019016507409,2.071771241848013,85996800,13.649999618530273,13.84000015258789,14.270000457763672,13.420000076293945,0.04039632146297123,5.904827019423452,15.873015873015872,0.0
2016-06-07,2.069782257080078,2.0944457751377197,2.0658038077015632,2.091263789563726,77107200,14.050000190734863,12.770000457763672,14.050000190734863,12.720000267028809,-0.009866060168315816,7.29420022621193,23.809523809523807,0.0
2016-06-08,2.0789315700531006,2.0920592245067984,2.0566547107320163,2.081119740088185,82262400,14.079999923706055,13.84000015258789,14.270000457763672,13.699999809265137,-0.008450696279642567,7.398402140152354,24.404761904761905,0.0
2016-06-09,2.069782257080078,2.0759479658748963,2.04213410529712,2.054068315302049,99729600,14.640000343322754,14.010000228881836,14.850000381469727,13.989999771118164,0.07410126341904766,9.343523304648574,31.349206349206348,0.0
2016-06-10,2.0001657009124756,2.02443223545434,1.9776894455658964,2.014088450687379,161760000,17.030000686645508,14.890000343322754,17.329999923706055,14.850000381469727,0.26429104298762995,17.64501753233557,58.730158730158735,0.0
2016-06-13,1.9488492012023926,1.9979779787653282,1.9412906475759217,1.966551913786994,119049600,20.969999313354492,18.239999771118164,21.010000228881836,17.889999389648438,0.5362637288932306,31.330319272186546,76.98412698412699,0.0
2016-06-14,1.949844241142273,1.9689388884199224,1.905488212725276,1.9329368535467033,141729600,20.5,21.280000686645508,22.15999984741211,20.270000457763672,0.45907471328851135,29.697810474549836,73.4126984126984,0.0
2016-06-15,1.9323397874832153,1.968938653761716,1.9215990212163536,1.9625733168421526,106377600,20.139999389648438,20.25,20.450000762939453,18.6299991607666,0.43039769167465347,28.44737425718829,72.42063492063492,0.0
2016-06-16,1.9462637901306152,1.9538214331229573,1.8653100341657045,1.9038974444935401,164361600,19.3700008392334,20.799999237060547,22.889999389648438,19.239999771118164,0.3230874579909404,25.772839695109116,68.25396825396825,0.0
2016-06-17,1.8796308040618896,1.9383068971344781,1.866701754784319,1.9383068971344781,167020800,19.40999984741211,19.420000076293945,20.030000686645508,18.709999084472656,0.13975332148007102,25.91177337201693,69.04761904761905,0.0
2016-06-20,1.9134448766708374,1.9717226305630502,1.9106598708945384,1.9470591110805988,139243200,18.3700008392334,17.420000076293945,18.549999237060547,16.59000015258789,-0.12398657888678688,22.2994116469166,63.29365079365079,0.0
2016-06-21,1.932539701461792,1.9446724032690081,1.9116547739085774,1.9251796372934926,86414400,18.479999542236328,17.670000076293945,18.959999084472656,16.90999984741211,-0.09853660769578887,22.681484227191774,63.888888888888886,0.0
2016-06-22,1.920008659362793,1.9701319333885263,1.9144386479394975,1.9381083511618675,103296000,21.170000076293945,18.260000228881836,21.219999313354492,17.829999923706055,0.05114204160179403,32.02500753184035,77.77777777777779,0.0
2016-06-23,2.0009613037109375,2.0017575398829384,1.9402964385205013,1.964562065920106,128558400,17.25,19.540000915527344,19.790000915527344,17.25,-0.10944763796496049,18.409169317924157,56.34920634920635,0.0
2016-06-24,1.7559140920639038,1.8766478101634898,1.7423884311353157,1.7901250537089877,325502400,25.760000228881836,26.059999465942383,26.239999771118164,19.479999542236328,0.3271509753420403,47.968042803047055,91.26984126984127,0.0
2016-06-27,1.653677225112915,1.7183213441819956,1.6270249345997483,1.7159344563854575,235963200,23.850000381469727,24.3799991607666,26.719999313354492,22.93000030517578,0.2983124274296449,41.333795761002406,85.71428571428571,0.0
2016-06-28,1.7573060989379883,1.7596928731044723,1.7024089273518577,1.7040003756933744,199468800,18.75,21.760000228881836,22.06999969482422,18.75,0.014610414743062128,23.61931139021293,63.888888888888886,0.0
2016-06-29,1.848602294921875,1.8615313466063956,1.7968873401276344,1.8002689542584847,208464000,16.639999389648438,18.1200008392334,18.270000457763672,16.479999542236328,-0.2139820817345286,16.290376088514485,50.0,0.0
2016-06-30,1.9158315658569336,1.9180190530590122,1.841839868153163,1.8597410706540016,165811200,15.630000114440918,16.90999984741211,16.989999771118164,15.289999961853027,-0.09391303684400476,12.782216277354577,40.87301587301587,0.0
2016-07-01,1.942087173461914,1.9653587630483143,1.9102620751125716,1.912450245529001,131424000,14.770000457763672,15.59000015258789,15.859999656677246,14.609999656677246,-0.42663042210676283,9.795069348415895,30.158730158730158,0.0
2016-07-05,1.907676339149475,1.9206053903995843,1.8768460849404955,1.9170250587573523,130939200,15.579999923706055,16.049999237060547,16.6200008392334,15.489999771118164,-0.34675053775634546,12.608544212441124,40.07936507936508,0.0
2016-07-06,1.9526278972625732,1.9568048366750634,1.8631216624929985,1.881619585811053,173476800,14.960000038146973,15.869999885559082,17.040000915527344,14.960000038146973,-0.20213333129882816,10.45501922006406,31.746031746031743,0.0
2016-07-07,1.9711260795593262,1.9850497430873433,1.944274161625691,1.9613800386298428,126230400,14.760000228881836,14.800000190734863,15.979999542236328,14.329999923706055,-0.11298072294017802,9.76033427292938,30.158730158730158,0.0
2016-07-08,2.0622239112854004,2.0669974591914246,1.9949943014626816,2.0003646851233006,150043200,13.199999809265137,14.640000343322754,14.75,13.1899995803833,-0.1554702679068216,4.341785060240644,7.142857142857142,0.0
2016-07-11,2.0974299907684326,2.12149690640773,2.0837054980837095,2.0856942679876207,142646400,13.539999961853027,13.25,13.670000076293945,13.0,-0.08327694365534766,5.522751126629159,11.904761904761903,0.0
2016-07-12,2.1304473876953125,2.1473547771454675,2.1220935070482656,2.1364146078904716,115790400,13.550000190734863,12.930000305175781,13.930000305175781,12.75,-0.13029523381976438,5.5574862021156735,12.3015873015873,0.0
2016-07-13,2.115529775619507,2.1489455273655995,2.1141378414914875,2.147752083271862,126412800,13.039999961853027,13.319999694824219,13.789999961853027,12.920000076293945,-0.12834225076190353,3.786037102532901,6.349206349206349,0.0
2016-07-14,2.1584928035736084,2.1700298089285965,2.1423816501125414,2.157498987667605,109905600,12.819999694824219,12.5,13.369999885559082,12.140000343322754,-0.13143634850773878,3.021882004425194,5.158730158730158,0.0
2016-07-15,2.14635968208313,2.1761950950556455,2.1332320275348593,2.1724162735624453,85416000,12.670000076293945,13.119999885559082,13.220000267028809,12.270000457763672,-0.0401514955022334,2.5008691222039645,4.761904761904762,0.0
2016-07-18,2.189124584197998,2.2014560056311736,2.150338446499388,2.1521287265151137,83860800,12.4399995803833,12.75,13.119999885559082,12.329999923706055,-0.08124079649695837,1.118098094960698,2.7777777777777777,0.0
2016-07-19,2.1664488315582275,2.1863388013259035,2.1549118296389684,2.1680394828369702,78667200,11.970000267028809,12.529999732971191,12.829999923706055,11.9399995803833,-0.11660515877973321,0.0,0.3968253968253968,0.0
2016-07-20,2.2406396865844727,2.253965832419631,2.1933011848634676,2.1996653846346685,90724800,11.770000457763672,11.9399995803833,11.970000267028809,11.399999618530273,-0.09739260029176289,0.0,0.3968253968253968,0.0
2016-07-21,2.227313280105591,2.2591374620037015,2.208218634391045,2.2474017415127396,112804800,12.739999771118164,11.800000190734863,13.0600004196167,11.6899995803833,-0.006240243807365542,3.3482888245834515,4.761904761904762,0.0
2016-07-22,2.2531704902648926,2.2615245978548386,2.2106057646532107,2.2324842803643694,86803200,12.020000457763672,12.800000190734863,12.880000114440918,11.970000267028809,-0.051302258454319016,0.862961648138765,1.1904761904761905,0.0
2016-07-25,2.255159378051758,2.255359006201942,2.2316892990218875,2.2481985698047406,76243200,12.869999885559082,12.640000343322754,13.720000267028809,12.390000343322754,0.03456594209648123,3.797029276648102,5.952380952380952,0.0
2016-07-26,2.2627177238464355,2.2865861464697534,2.2277106432985967,2.2529719103213126,136353600,13.050000190734863,12.880000114440918,13.5,12.800000190734863,0.09022555552324407,4.4183627167279935,7.5396825396825395,0.0
2016-07-27,2.3068742752075195,2.3265657583383037,2.2796242380835694,2.3182116509449657,130564800,12.829999923706055,12.609999656677246,13.739999771118164,12.5,0.09005942435993619,3.658955544623397,5.753968253968254,0.0
2016-07-28,2.3319365978240967,2.3406885974408445,2.2977255186699157,2.319604265767706,87120000,12.720000267028809,12.510000228881836,13.520000457763672,12.359999656677246,-0.0015698198154363574,3.279253604539819,4.365079365079365,0.0
2016-07-29,2.347252130508423,2.366545269211511,2.325969083849243,2.3486440645225497,102633600,11.869999885559082,12.850000381469727,12.899999618530273,11.770000457763672,-0.012479248460236514,0.34518268409304226,0.7936507936507936,0.0
2016-08-01,2.3840484619140625,2.402149295558075,2.3442685111139165,2.3530195995123577,105316800,12.4399995803833,11.890000343322754,12.979999542236328,11.859999656677246,-0.0334110574203087,2.3127341884294457,2.579365079365079,0.0
2016-08-02,2.3303444385528564,2.3806673422347315,2.2847959931128035,2.3739041144263395,161107200,13.369999885559082,12.390000343322754,14.239999771118164,12.350000381469727,0.024521049053425337,5.5229525729256315,10.714285714285714,0.0
2016-08-03,2.3524224758148193,2.35361591960254,2.3205982945221533,2.3251733520635223,85334400,12.859999656677246,13.529999732971191,13.90999984741211,12.729999542236328,0.002338248881495364,3.762510020657566,5.952380952380952,0.0
2016-08-04,2.373507261276245,2.3802695795899727,2.334521726821144,2.3518260960323967,84028800,12.420000076293945,12.729999542236328,12.979999542236328,11.789999961853027,-0.023584920160142353,2.243698968385813,2.380952380952381,0.0
2016-08-05,2.4421286582946777,2.4574433461687395,2.4017509647270745,2.4118948968082234,123480000,11.390000343322754,12.079999923706055,12.260000228881836,11.180000305175781,-0.04043804101635173,0.0,0.3968253968253968,0.0
2016-08-08,2.4343719482421875,2.4476980970798667,2.410105400873739,2.4463061628057754,75902400,11.5,11.65999984741211,11.779999732971191,11.40999984741211,-0.07556266978220727,0.3747858660078873,0.7936507936507936,0.0
2016-08-09,2.450482130050659,2.472957477842028,2.4345694709118146,2.4385479202291753,79819200,11.65999984741211,11.399999618530273,11.920000076293945,11.020000457763672,-0.1278982836786664,0.9199301254070296,1.1904761904761905,0.0
2016-08-10,2.4315860271453857,2.4560510553686745,2.411696056396207,2.4522722340776797,87720000,12.050000190734863,11.550000190734863,12.5,11.369999885559082,-0.0629859632633668,2.248721694679508,3.1746031746031744,0.0
2016-08-11,2.463013172149658,2.478328086492764,2.441133519921337,2.4544596646769556,68649600,11.680000305175781,11.930000305175781,12.109999656677246,11.380000114440918,-0.05958130165639863,0.9880747824899685,1.5873015873015872,0.0
2016-08-12,2.4675867557525635,2.4675867557525635,2.4413314522276033,2.4484921137122773,68275200,11.550000190734863,11.609999656677246,12.0,11.279999732971191,0.01404739618870221,0.5451442593991422,1.1904761904761905,0.0
2016-08-15,2.4986159801483154,2.5151252475503783,2.4739522345390563,2.4763391220580564,57254400,11.8100004196167,11.8100004196167,12.170000076293945,11.579999923706055,0.026956558227539062,1.4310053055807948,2.7777777777777777,0.0
2016-08-16,2.459233283996582,2.4862846004146846,2.4558525807759626,2.484096430467215,62596800,12.640000343322754,12.039999961853027,12.779999732971191,11.869999885559082,0.08404807107507395,4.258943588200914,5.952380952380952,0.0
2016-08-17,2.4707703590393066,2.472560410945236,2.418259969412754,2.459233356140001,89836800,12.1899995803833,12.569999694824219,13.710000038146973,12.140000343322754,0.011618206425928701,2.7257212969957116,4.761904761904762,0.0
2016-08-18,2.4731574058532715,2.4827047302217022,2.4504826527446033,2.463013473298262,56755200,11.430000305175781,12.199999809265137,12.529999732971191,11.420000076293945,-0.021404109029793172,0.13628606484978556,0.7936507936507936,0.0
2016-08-19,2.469775676727295,2.4856883385208732,2.438945534700805,2.4596317446436835,73617600,11.34000015258789,11.670000076293945,12.279999732971191,11.329999923706055,-0.018181821184334646,0.0,0.3968253968253968,0.0
2016-08-22,2.4721622467041016,2.4880746788252424,2.4453103304856025,2.4580398664554846,73243200,12.270000457763672,12.529999732971191,13.020000457763672,11.9399995803833,0.038950044183140076,3.163266179959762,5.952380952380952,0.0
2016-08-23,2.4868812561035156,2.516517037408945,2.485090976753562,2.5021959407398633,62654400,12.380000114440918,12.149999618530273,12.4399995803833,11.720000267028809,-0.020569637802200225,4.213938204996388,6.349206349206349,0.0
2016-08-24,2.438946008682251,2.494042703190629,2.415674416319719,2.48330193323466,71198400,13.449999809265137,12.699999809265137,14.010000228881836,12.300000190734863,0.10336343496758493,10.518443234555301,15.476190476190476,0.0
2016-08-25,2.4274094104766846,2.4496862717278294,2.4112982588765908,2.419652138752309,58444800,13.630000114440918,13.619999885559082,14.09000015258789,13.289999961853027,0.19247591868120284,11.415752855532029,18.253968253968253,0.0
2016-08-26,2.4391446113586426,2.485488380371313,2.394788701315636,2.430591331999421,107313600,13.649999618530273,13.539999961853027,14.930000305175781,12.130000114440918,0.20370365386769596,11.515451283357566,19.246031746031747,0.0
2016-08-29,2.4459078311920166,2.4677872605876106,2.439145284709352,2.440537446488206,49833600,12.9399995803833,14.09000015258789,14.430000305175781,12.899999618530273,0.05460465343305643,7.976069144527492,11.11111111111111,0.0
2016-08-30,2.4238290786743164,2.4574433158099795,2.3991655571918096,2.436956734265304,65750400,13.119999885559082,12.9399995803833,13.600000381469727,12.699999809265137,0.05977380971547608,8.87337876550422,12.896825396825399,0.0
2016-08-31,2.417464017868042,2.4242272463130914,2.385838549799876,2.413287077844932,71616000,13.420000076293945,13.140000343322754,14.34000015258789,12.970000267028809,-0.0022304634495626807,12.380952489078725,15.873015873015872,0.0
2016-09-01,2.4282047748565674,2.4429237651287647,2.3832529334952968,2.4190555690510727,85953600,13.479999542236328,13.069999694824219,14.609999656677246,12.989999771118164,-0.011005177618866213,12.738092183526001,17.46031746031746,0.0
2016-09-02,2.456648111343384,2.4860854099949306,2.4307911446551396,2.4713673297345715,90739200,11.979999542236328,13.470000267028809,13.899999618530273,11.899999618530273,-0.12234433135271827,3.809520349480781,4.761904761904762,0.0
2016-09-06,2.502197027206421,2.5041867078920848,2.454460396958845,2.4713677888235144,65985600,12.020000457763672,12.420000076293945,12.930000305175781,11.850000381469727,-0.07109730699020445,4.047621047956423,5.357142857142857,0.0
2016-09-07,2.5067715644836426,2.5208941743773257,2.4801183620648177,2.509953778211439,58075200,11.9399995803833,11.890000343322754,12.449999809265137,11.770000457763672,-0.08993904843509826,3.571425327638232,4.365079365079365,0.0
2016-09-08,2.463808536529541,2.487676731093591,2.4447138898278435,2.486284797224043,70065600,12.510000228881836,11.739999771118164,12.600000381469727,11.649999618530273,-0.06780922818470014,6.964286484685919,9.126984126984127,0.0
2016-09-09,2.2770392894744873,2.4186578369508953,2.2770392894744873,2.403740126661459,160915200,17.5,12.520000457763672,17.540000915527344,12.520000457763672,0.298219628655622,36.66666742355108,63.888888888888886,0.0
2016-09-12,2.3937947750091553,2.409507805850087,2.23865050446869,2.2428276713376163,130651200,15.15999984741211,20.1299991607666,20.510000228881836,14.760000228881836,0.26544243962317915,22.73809445417924,42.46031746031746,0.0
2016-09-13,2.337305784225464,2.3844457841162323,2.3011052671528867,2.361771037628555,125308800,17.850000381469727,15.979999542236328,18.969999313354492,15.829999923706055,0.48502493358396515,38.7500031221482,65.87301587301587,0.0
2016-09-14,2.367339611053467,2.4067223360501777,2.340885819369406,2.343272706369467,111528000,18.139999389648438,17.6299991607666,18.139999389648438,16.34000015258789,0.5192629838489577,40.47618777303186,67.85714285714286,0.0
2016-09-15,2.477135181427002,2.4888706772669766,2.3689323892394865,2.37092115925954,131860800,16.299999237060547,17.969999313354492,18.06999969482422,15.739999771118164,0.3029575490677243,29.523805415008425,56.34920634920635,0.0
2016-09-16,2.474350690841675,2.4827045706739295,2.438548283667396,2.4709690767057624,81523200,15.369999885559082,16.40999984741211,17.100000381469727,15.279999732971191,-0.12171429225376673,23.988094738010894,45.63492063492063,0.0
2016-09-19,2.4419288635253906,2.516717025839425,2.4288012086680144,2.493245811466616,91670400,15.529999732971191,15.140000343322754,15.960000038146973,14.600000381469727,0.024406325150606367,24.94047482538109,47.61904761904761,0.0
2016-09-20,2.4554543495178223,2.4862844858297333,2.444116747965692,2.4663936053681335,75782400,15.920000076293945,14.979999542236328,16.09000015258789,14.6899995803833,-0.10812326408571593,27.26190554582076,53.17460317460318,0.0
2016-09-21,2.5268609523773193,2.5381983276066524,2.444315746557071,2.4862847716470924,138600000,13.300000190734863,15.069999694824219,15.649999618530273,12.979999542236328,-0.2668136362604021,11.666667423551079,16.666666666666664,0.0
2016-09-22,2.585935115814209,2.596874372686521,2.565050190155807,2.5741993950899635,78100800,12.020000457763672,13.390000343322754,13.390000343322754,11.760000228881836,-0.26257662451699026,4.047621047956423,5.952380952380952,0.0
2016-09-23,2.53939151763916,2.5791714581502028,2.527656025461389,2.5777795244341064,73065600,12.289999961853027,12.0,12.579999923706055,11.930000305175781,-0.20039036738054083,5.654761026235355,7.936507936507936,0.0
2016-09-26,2.476339817047119,2.5045836742354433,2.4640074855291547,2.49563295734022,81883200,14.5,13.260000228881836,14.630000114440918,13.260000228881836,-0.0663232292776178,18.809523755460635,34.523809523809526,0.0
2016-09-27,2.5465526580810547,2.5511265781695647,2.4640072173914485,2.473554541481843,82900800,13.100000381469727,13.359999656677246,14.760000228881836,12.970000267028809,-0.17713565837373368,10.476192314338336,14.880952380952381,0.0
2016-09-28,2.5604753494262695,2.565050407533339,2.52168921822094,2.5557018013112716,75696000,12.390000343322754,12.899999618530273,13.569999694824219,12.239999771118164,-0.06842104017758133,6.250001419158273,8.73015873015873,0.0
2016-09-29,2.5061750411987305,2.5620670534897814,2.472560802018398,2.5495362329140683,114830400,14.020000457763672,12.529999732971191,15.6899995803833,12.140000343322754,0.16638934474484213,15.95238349335005,28.76984126984127,0.0
2016-09-30,2.557689666748047,2.583149645547752,2.5167165142768395,2.529247330842989,79987200,13.289999961853027,14.90999984741211,15.199999809265137,12.529999732971191,0.08136696526476017,11.607142248932169,18.253968253968253,0.0
2016-10-03,2.551922559738159,2.559480430422875,2.5191036506801936,2.548939063937642,81758400,13.569999694824219,13.75,14.420000076293945,13.420000076293945,-0.06413795208108841,13.273807401830009,23.015873015873016,0.0
2016-10-04,2.5374019145965576,2.588718858864289,2.509556183021462,2.57002233178298,112204800,13.630000114440918,13.399999618530273,14.569999694824219,12.920000076293945,0.04045799370516723,13.63095277291038,24.404761904761905,0.0
2016-10-05,2.563856363296509,2.5887185967253012,2.556894418948933,2.5604747499164997,68856000,12.989999771118164,13.5600004196167,13.680000305175781,12.699999809265137,0.048426102596418774,9.821426746796504,14.285714285714285,0.0
2016-10-06,2.5598785877227783,2.5763878565663028,2.5234793465713574,2.5543094865270244,74529600,12.84000015258789,13.109999656677246,13.84000015258789,12.800000190734863,-0.08416549690783692,8.92857183404522,13.095238095238097,0.0
2016-10-07,2.543170928955078,2.577581404935782,2.506573193091866,2.5680340804220947,90561600,13.479999542236328,13.520000457763672,14.149999618530273,12.210000038146973,0.014296431973564117,12.738092183526001,22.42063492063492,0.0
2016-10-10,2.588718891143799,2.6090069803485285,2.5793711965518993,2.5807631303275156,59889600,13.380000114440918,14.1899995803833,14.359999656677246,13.289999961853027,-0.01400144323184982,12.142857467236176,20.634920634920633,0.0
2016-10-11,2.4817097187042236,2.586531784693718,2.447498647701357,2.5833486607248295,129643200,15.359999656677246,13.710000038146973,16.469999313354492,13.6899995803833,0.12692586410204076,23.92856956339198,50.99206349206349,0.0
2016-10-12,2.4765377044677734,2.499610799595175,2.4512775774751723,2.4842949753809846,82056000,15.90999984741211,15.529999732971191,16.34000015258789,15.260000228881836,0.22478830852531995,27.20238037120185,58.730158730158735,0.0
2016-10-13,2.4474990367889404,2.4675877298871387,2.3802696450792786,2.424824282681047,104428800,16.690000534057617,16.8799991607666,17.950000762939453,16.139999389648438,0.29984426290631805,31.84524181208119,65.87301587301587,0.0
2016-10-14,2.4530677795410156,2.5125398900149123,2.450879381785061,2.480516305835956,81811200,16.1200008392334,16.489999771118164,16.5,15.25,0.19584580019645115,28.452386331666595,61.904761904761905,0.0
2016-10-17,2.436161756515503,2.4652009397174424,2.4264148031809127,2.452471400452372,55862400,16.209999084472656,17.010000228881836,17.110000610351562,16.1299991607666,0.21150963720675486,28.98809019670442,62.698412698412696,0.0
2016-10-18,2.4986159801483154,2.5346180105381304,2.4962290926293154,2.521092238721756,76968000,15.279999732971191,15.819999694824219,15.850000381469727,15.029999732971191,-0.005208328482694813,23.452379519706888,49.2063492063492,0.0
2016-10-19,2.4996111392974854,2.509556581558156,2.4860853651381123,2.4940422652494374,47054400,14.40999984741211,15.449999809265137,15.680000305175781,13.869999885559082,-0.0942803277426798,18.27380853715663,36.7063492063492,0.0
2016-10-20,2.4890689849853516,2.506572980843695,2.4469021507793296,2.488074941578327,69950400,13.75,14.430000305175781,14.720000267028809,13.739999771118164,-0.1761534116226211,14.345237838438027,28.174603174603174,0.0
2016-10-21,2.516120433807373,2.521888025550241,2.4709691907992393,2.494439496940821,58632000,13.34000015258789,14.039999961853027,14.529999732971191,13.270000457763672,-0.17245660929988593,11.904762445393628,19.841269841269842,0.0
2016-10-24,2.607813835144043,2.61298572900126,2.5650503923697903,2.567039162081973,68649600,13.020000457763672,13.1899995803833,13.260000228881836,12.829999923706055,-0.1967920300356243,10.000002270653237,15.079365079365079,0.0
2016-10-25,2.5817582607269287,2.613980565266352,2.571614328349424,2.6102008328112656,59712000,13.460000038146973,12.90999984741211,13.859999656677246,12.729999542236328,-0.11910992975327239,12.619047510921275,23.015873015873016,0.0
2016-10-26,2.532231330871582,2.5730060015156817,2.5081635084750924,2.532031702745892,95308800,14.239999771118164,13.65999984741211,14.800000190734863,13.65999984741211,-0.011797368361837646,17.261903275167523,37.301587301587304,0.0
2016-10-27,2.496826171875,2.569426171543383,2.485488795459444,2.5632604616036523,103041600,15.359999656677246,14.369999885559082,15.430000305175781,13.600000381469727,0.11709088412198154,23.92856956339198,51.587301587301596,0.0
2016-10-28,2.4536643028259277,2.5129370107475157,2.4266138955935395,2.4731570670605145,142958400,16.190000534057617,15.670000076293945,17.350000381469727,14.649999618530273,0.21364320456299546,28.869051200732788,62.698412698412696,0.0
2016-10-31,2.439741373062134,2.4775325444476817,2.4385479293129277,2.4775325444476817,56904000,17.059999465942383,16.309999465942383,17.6299991607666,16.25,0.31029177159281174,34.047616506649945,69.44444444444444,0.0
2016-11-01,2.389617919921875,2.4554544516212067,2.323581760111102,2.4554544516212067,101923200,18.559999465942383,16.540000915527344,20.43000030517578,16.510000228881836,0.37890040217990384,42.976188340695174,76.5873015873016,0.0
2016-11-02,2.3273606300354004,2.3977722206880423,2.3114491083278357,2.3816610708648653,81763200,19.31999969482422,19.09000015258789,19.81999969482422,18.559999465942383,0.3567415734099524,47.49999943233669,78.96825396825396,0.0
2016-11-03,2.260331153869629,2.3396932411502425,2.2517785562709,2.3178135873087222,87014400,22.079999923706055,19.850000381469727,22.56999969482422,18.84000015258789,0.4375000271635756,63.92857296937184,89.28571428571429,0.0
2016-11-04,2.2346725463867188,2.288774272950253,2.2233349434252476,2.239446094244593,84921600,22.510000228881836,21.860000610351562,23.010000228881836,19.200000762939453,0.39036439075646334,66.48809871165406,91.26984126984127,0.0
2016-11-07,2.3947887420654297,2.4023472953769907,2.3337259837444635,2.3428751884606256,100963200,18.709999084472656,19.780000686645508,19.860000610351562,18.389999389648438,0.09671744842807528,43.869043253446456,76.19047619047619,0.0
2016-11-08,2.441729784011841,2.473952080635437,2.370920309527353,2.3868327402466987,110587200,18.739999771118164,18.920000076293945,19.90999984741211,17.700000762939453,0.009698292583794732,44.047618777303185,76.19047619047619,0.0
2016-11-09,2.4759411811828613,2.48688157628459,2.348445049413735,2.3552075943667607,183292800,14.380000114440918,20.700000762939453,21.479999542236328,14.329999923706055,-0.2556935641001441,18.09523868993299,37.301587301587304,0.0
2016-11-10,2.3581907749176025,2.5200973560478936,2.2569488278879914,2.5059758875463816,247968000,14.739999771118164,14.010000228881836,16.299999237060547,13.260000228881836,-0.33242754429121824,20.23809388651593,42.65873015873016,0.0
2016-11-11,2.3562021255493164,2.3733070903219216,2.29931539907096,2.321791657392559,113563200,14.170000076293945,14.829999923706055,16.0,14.149999618530273,-0.3705020021229104,16.845238406101338,35.91269841269841,0.0
2016-11-14,2.2766411304473877,2.36575018287699,2.2507841609613,2.360578515828344,177552000,14.479999542236328,14.6899995803833,15.5600004196167,14.390000343322754,-0.22608229552222614,18.690473406222814,39.682539682539684,0.0
2016-11-15,2.382059097290039,2.403739347164321,2.3277586585503687,2.33432248536936,105571200,13.369999885559082,14.15999984741211,14.649999618530273,13.300000190734863,-0.2865528255680799,12.083332292617266,21.23015873015873,0.0
2016-11-16,2.4208455085754395,2.4284040624354257,2.3460584825016517,2.3460584825016517,86337600,13.720000267028809,13.510000228881836,14.489999771118164,13.510000228881836,-0.045897068300389865,14.166667991214387,29.563492063492063,0.0
2016-11-17,2.476935863494873,2.476935863494873,2.4041376112545434,2.419253807601731,75537600,13.350000381469727,13.369999885559082,13.550000190734863,12.970000267028809,-0.09430118122335585,11.964287620012538,20.833333333333336,0.0
2016-11-18,2.449089527130127,2.4976223842487655,2.441531883262009,2.481511459675015,63057600,12.850000381469727,13.5600004196167,13.739999771118164,12.850000381469727,-0.09315452983183425,8.98809700866413,13.492063492063492,0.0
2016-11-21,2.52268385887146,2.5304411296744287,2.4636096433546073,2.464603686653899,83625600,12.420000076293945,13.270000457763672,13.4399995803833,12.15999984741211,-0.14226516098523512,6.428571266381912,9.325396825396826,0.0
2016-11-22,2.5453591346740723,2.565845716192828,2.5276564210231665,2.553314896395187,76680000,12.40999984741211,12.260000228881836,12.829999923706055,12.199999809265137,-0.07180254647450424,6.369046091763001,9.126984126984127,0.0
2016-11-23,2.5147273540496826,2.52944634331397,2.482306334921252,2.5208939738810976,73824000,12.430000305175781,12.34000015258789,13.010000228881836,12.1899995803833,-0.0940233190048172,6.488096441000822,10.317460317460316,0.0
2016-11-25,2.5389933586120605,2.542772179748327,2.5163183831594234,2.5266610309498314,38280000,12.34000015258789,12.520000457763672,12.739999771118164,12.3100004196167,-0.07565544569449989,5.952381222696814,8.333333333333332,0.0
2016-11-28,2.524871587753296,2.5578901294592935,2.5145289374699886,2.52745787629609,71467200,13.149999618530273,13.399999618530273,13.5,12.739999771118164,0.02334624343616043,10.7738068341667,19.841269841269842,0.0
2016-11-29,2.549138069152832,2.584145152232074,2.508561884334769,2.527059696960598,74582400,12.899999618530273,13.069999694824219,13.550000190734863,12.619999885559082,0.0386473059007868,9.285711528492497,16.26984126984127,0.0
2016-11-30,2.4665937423706055,2.5604754214925607,2.453067968181259,2.5543097116346516,151296000,13.329999923706055,12.600000381469727,13.420000076293945,12.229999542236328,0.0741337701535747,11.845237270774717,23.015873015873016,0.0
2016-12-01,2.3311409950256348,2.4542614860257586,2.316620266443837,2.454062768380099,186384000,14.069999694824219,13.399999618530273,14.720000267028809,13.050000190734863,0.13193880526016977,16.24999801317842,38.492063492063494,0.0
2016-12-02,2.3404881954193115,2.3701251163623422,2.3126424644217547,2.333327760533713,102984000,14.119999885559082,14.15999984741211,14.479999542236328,12.390000343322754,0.14424632989959063,16.54761820963988,40.27777777777778,0.0
2016-12-05,2.394590139389038,2.4242268326462555,2.345461366184954,2.378280272606143,89942400,12.140000343322754,13.75,13.770000457763672,12.140000343322754,-0.07680603076096537,4.76190611348407,7.142857142857142,0.0
2016-12-06,2.4118945598602295,2.4256190494809124,2.38365071018805,2.413088003637077,69254400,11.789999961853027,12.1899995803833,12.300000190734863,11.539999961853027,-0.08604648755824618,2.6785704148869476,3.571428571428571,0.0
2016-12-07,2.50140118598938,2.513335397999583,2.3768878547551906,2.3977725550534257,148867200,12.220000267028809,11.59000015258789,12.239999771118164,11.329999923706055,-0.08327079242537905,5.238096157169168,8.333333333333332,0.0
2016-12-08,2.516716957092285,2.5370048193160186,2.49324574336062,2.5077662421838203,113016000,12.640000343322754,12.100000381469727,13.399999618530273,11.300000190734863,-0.10163463983780352,7.738096724832477,13.690476190476192,0.0
2016-12-09,2.575591564178467,2.5799681323064814,2.545159540319382,2.545159540319382,102672000,11.75,12.59000015258789,12.720000267028809,11.670000076293945,-0.16784701875124997,2.4404753930443985,3.1746031746031744,0.0
2016-12-12,2.5397891998291016,2.556696588210269,2.5105503917869174,2.5403858079978083,95150400,12.640000343322754,12.229999542236328,12.779999732971191,12.069999694824219,0.04118616028499611,7.738096724832477,14.285714285714285,0.0
2016-12-13,2.639042615890503,2.679817293485045,2.563857233437355,2.5674375656200406,169195200,12.720000267028809,12.460000038146973,13.420000076293945,12.34000015258789,0.07888043326419258,8.214286768517574,15.674603174603174,0.0
2016-12-14,2.619748115539551,2.672855119795553,2.5972727637032267,2.644213147644883,142377600,13.1899995803833,12.880000114440918,13.390000343322754,12.479999542236328,0.07937801081491624,11.01190185600925,23.41269841269841,0.0
2016-12-15,2.635660409927368,2.6792203154456957,2.6127869411512004,2.6269084121468107,106425600,12.789999961853027,13.069999694824219,13.239999771118164,12.460000038146973,0.011867058105699657,8.630951637583761,16.666666666666664,0.0
2016-12-16,2.6036365032196045,2.665097376700416,2.58911691588619,2.647992411893019,114753600,12.199999809265137,12.880000114440918,12.949999809265137,12.149999618530273,0.038297856107671224,5.119045807931347,8.73015873015873,0.0
2016-12-19,2.6354618072509766,2.683198422925739,2.6028413881941463,2.6145771090264365,83572800,11.710000038146973,12.5,12.520000457763672,11.670000076293945,-0.07357597151230033,2.20238037120185,3.1746031746031744,0.0
2016-12-20,2.667285919189453,2.680214855897144,2.651373259135146,2.656147034388825,62784000,11.449999809265137,11.649999618530273,11.75,11.380000114440918,-0.09984280118732447,0.6547598909087359,1.5873015873015872,0.0
2016-12-21,2.6579372882843018,2.6736512319189876,2.641229528878995,2.6682808481635463,48288000,11.270000457763672,11.4399995803833,11.489999771118164,10.930000305175781,-0.1455647599470078,0.0,0.3968253968253968,0.0
2016-12-22,2.6348652839660645,2.662711018034236,2.606421803638457,2.659130686383565,65520000,11.430000305175781,11.319999694824219,11.670000076293945,11.140000343322754,-0.10633304618714068,0.9484283197535076,1.7857142857142856,0.0
2016-12-23,2.643019914627075,2.6442133586818732,2.615571384245262,2.6241248931613668,32251200,11.4399995803833,11.380000114440918,11.8100004196167,11.350000381469727,-0.0622951017019413,1.0077008499290765,2.380952380952381,0.0
2016-12-27,2.681607246398926,2.7275538167230815,2.6545568350677375,2.657340930770185,75643200,11.989999771118164,12.260000228881836,12.329999923706055,11.84000015258789,0.02391116413826233,4.267927438890784,8.333333333333332,0.0
2016-12-28,2.619549512863159,2.7064701518982153,2.6137810109516417,2.697916871658803,91339200,12.949999809265137,11.890000343322754,13.039999961853027,11.850000381469727,0.13100436899450663,9.958503010490531,23.015873015873016,0.0
2016-12-29,2.6068198680877686,2.6346656015825363,2.5833486537770383,2.618157243308881,85728000,13.369999885559082,13.149999618530273,13.710000038146973,12.949999809265137,0.18633534538579033,12.44813017638284,31.746031746031743,0.0
2016-12-30,2.530639886856079,2.6233283453026606,2.506174855703071,2.621737693754942,105384000,14.039999961853027,13.199999809265137,14.680000305175781,13.050000190734863,0.22834642055918186,16.41967800515968,45.23809523809524,0.0
2017-01-03,2.5919015407562256,2.6233275983041486,2.5533141388905047,2.5779776530247576,97646400,12.850000381469727,14.069999694824219,14.069999694824219,12.850000381469727,0.12325182279763536,9.36573813718394,21.23015873015873,0.0
2017-01-04,2.6360585689544678,2.6505779294289944,2.6004546550977805,2.6038362689191454,66513600,11.850000381469727,12.779999732971191,12.800000190734863,11.630000114440918,-0.011676346315341202,3.4380554856458154,6.746031746031746,0.0
2017-01-05,2.682800769805908,2.686182384308362,2.6314838137012195,2.6338707018052,61372800,11.670000076293945,11.960000038146973,12.09000015258789,11.399999618530273,-0.09884167967750934,2.3710707993837694,4.365079365079365,0.0
2017-01-06,2.7508254051208496,2.7719088239882357,2.6672863726154277,2.6877729556615786,95798400,11.319999694824219,11.699999809265137,11.739999771118164,10.979999542236328,-0.1533283626239268,0.29637961011394576,0.7936507936507936,0.0
2017-01-09,2.778672218322754,2.792594972781215,2.752018787638464,2.7575878894218486,66172800,11.5600004196167,11.710000038146973,12.079999923706055,11.460000038146973,-0.17663814451385607,1.7190277428229077,4.365079365079365,0.0
2017-01-10,2.794583320617676,2.8208384015465553,2.762957856359465,2.777478354937915,66336000,11.489999771118164,11.59000015258789,11.789999961853027,11.3100004196167,-0.10583662023175844,1.3040861131217227,3.571428571428571,0.0
2017-01-11,2.8160650730133057,2.8180547531868156,2.7555989178902265,2.7965732181983154,94104000,11.260000228881836,11.5600004196167,12.229999542236328,11.210000038146973,-0.049789040809694374,0.0,0.3968253968253968,0.0
2017-01-12,2.801743745803833,2.8100976248137037,2.7261613994901674,2.7882191116008226,80517600,11.539999961853027,11.479999542236328,12.600000381469727,11.319999694824219,-0.011139684112341675,1.6587662730575352,4.761904761904762,0.0
2017-01-13,2.8339667320251465,2.847492507634631,2.8100983053938315,2.8108945417931177,58612800,11.229999542236328,11.449999809265137,11.619999885559082,10.9399995803833,-0.007950543729169923,0.0,0.3968253968253968,0.0
2017-01-17,2.807314157485962,2.8244191255431566,2.7830476150723173,2.8085076014612613,55531200,11.869999885559082,12.199999809265137,12.75,11.789999961853027,0.02681656182436898,3.784744820211805,10.119047619047619,0.0
2017-01-18,2.8264079093933105,2.831976781717393,2.79776594594892,2.820440691409422,49329600,12.479999542236328,11.789999961853027,12.8100004196167,11.6899995803833,0.08616186169182316,7.392075761557732,19.841269841269842,0.0
2017-01-19,2.818850517272949,2.8657918167653977,2.802937853559658,2.834364835162528,59731200,12.779999732971191,12.579999923706055,13.279999732971191,12.170000076293945,0.1349910722195693,9.166175072272836,23.41269841269841,0.0
2017-01-20,2.8371498584747314,2.8781232548940427,2.816463645912751,2.85624450874184,56846400,11.539999961853027,12.579999923706055,12.59000015258789,11.529999732971191,0.0,1.8332372703370625,5.357142857142857,0.0
2017-01-23,2.8435134887695312,2.856243935939817,2.7914012153725873,2.8283972920186895,55250400,11.770000457763672,12.300000190734863,12.619999885559082,11.59000015258789,0.04808556879244619,3.1933821431109295,8.928571428571429,0.0
2017-01-24,2.90278697013855,2.915118388097796,2.8470936849447517,2.859027667681256,51691200,11.069999694824219,11.819999694824219,11.890000343322754,11.039999961853027,-0.06739681537049846,0.0,0.3968253968253968,0.0
2017-01-25,2.9875199794769287,2.991895409414753,2.948932338548832,2.955297676327488,56148000,10.8100004196167,10.789999961853027,11.050000190734863,10.510000228881836,-0.13381403716945783,0.0,0.3968253968253968,0.0
2017-01-26,2.9998512268066406,3.017752430790945,2.983939703073939,3.0010446707557485,50856000,10.630000114440918,10.609999656677246,11.010000228881836,10.600000381469727,-0.16823158555969897,0.0,0.3968253968253968,0.0
2017-01-27,3.0141725540161133,3.0241179968845397,2.986724023993865,3.0153659980552776,33249600,10.579999923706055,10.569999694824219,10.819999694824219,10.300000190734863,-0.08318891172620257,0.0,0.3968253968253968,0.0
2017-01-30,2.9457504749298096,2.9839397716746054,2.8952288478853245,2.98234820953766,75043200,11.880000114440918,11.100000381469727,12.899999618530273,11.100000381469727,0.00934576485973615,7.403190377404131,13.095238095238097,0.0
2017-01-31,2.9294393062591553,2.9294393062591553,2.875735700189713,2.9155165537987227,59616000,11.989999771118164,12.289999961853027,12.989999771118164,11.789999961853027,0.08310750692469226,8.02961213151973,14.880952380952381,0.0
2017-02-01,2.985133171081543,3.0042278191688476,2.9469438749069337,2.986723822690084,72511200,11.8100004196167,11.789999961853027,12.050000190734863,9.970000267028809,0.09250693442946778,7.004558845780322,11.706349206349206,0.0
2017-02-02,2.977574586868286,3.0054212329150394,2.94535228318507,2.9700158050374568,57895200,11.930000305175781,12.369999885559082,12.470000267028809,11.619999885559082,0.12229540703097497,7.6879295132556935,13.88888888888889,0.0
2017-02-03,3.0034310817718506,3.013376522310676,2.9803588980078812,2.9895081023706376,48192000,10.970000267028809,11.84000015258789,11.84000015258789,10.720000267028809,0.03686203649670161,2.2209587425054287,1.5873015873015872,0.0
2017-02-06,3.014570474624634,3.016162036740777,2.980756608441412,2.988713508517485,41707200,11.369999885559082,11.369999885559082,11.84000015258789,11.09000015258789,-0.042929311781899515,4.498860967423331,4.365079365079365,0.0
2017-02-07,3.0455989837646484,3.066682399224578,3.0257090121281363,3.030482559795672,46634400,11.289999961853027,11.390000343322754,11.670000076293945,11.0600004196167,-0.0583819701941376,4.043280522439751,3.571428571428571,0.0
2017-02-08,3.0627052783966064,3.0746394906344,3.018150870867099,3.034858631424311,36967200,11.449999809265137,11.1899995803833,11.819999694824219,11.149999618530273,-0.030482692426800684,4.954441412406912,6.944444444444445,0.0
2017-02-09,3.094529390335083,3.1160109263196603,3.066285536385115,3.0710590845893764,51525600,10.880000114440918,11.4399995803833,11.529999732971191,10.739999771118164,-0.08801342530388079,1.708429384162076,1.5873015873015872,0.0
2017-02-10,3.125159978866577,3.138685524638378,3.1000981122388254,3.116010773434875,47872800,10.850000381469727,10.850000381469727,10.949999809265137,10.550000190734863,-0.01093891364066335,1.778659106295356,1.5873015873015872,0.0
2017-02-13,3.1800572872161865,3.191594291874799,3.149824662566535,3.154598438545156,42988800,11.069999694824219,11.359999656677246,11.399999618530273,11.069999694824219,-0.026385241315251884,3.2279299161218953,2.976190476190476,0.0
2017-02-14,3.209892511367798,3.211085955290756,3.152211361184809,3.182046776380307,62664000,10.739999771118164,11.170000076293945,11.34000015258789,10.729999542236328,-0.04871569464953229,1.0540174189427107,1.1904761904761905,0.0
2017-02-15,3.265187978744507,3.2715530890061,3.1983564834462785,3.205915265281444,73564800,11.970000267028809,10.84000015258789,12.010000228881836,10.800000190734863,0.04541488789745629,9.156787321333706,18.055555555555554,0.0
2017-02-16,3.2624032497406006,3.2926367862655717,3.238932942202235,3.2731440185532676,63950400,11.760000228881836,12.020000457763672,12.859999656677246,11.6899995803833,0.08088236260888482,7.773387888361555,13.492063492063492,0.0
2017-02-17,3.303377151489258,3.3057640392951617,3.2468883080454147,3.2488779882200673,51607200,11.489999771118164,11.84000015258789,12.260000228881836,11.369999885559082,0.05898611678774368,5.994728782066199,9.325396825396826,0.0
2017-02-21,3.355886936187744,3.3606604833072775,3.3188908647873445,3.326449644969422,66729600,11.569999694824219,12.050000190734863,12.09000015258789,11.5,0.04516711958300923,6.5217374915375546,11.904761904761903,0.0
2017-02-22,3.356285333633423,3.364639212507577,3.3280403456198155,3.34554456718776,43056000,11.739999771118164,11.479999542236328,12.069999694824219,11.4399995803833,0.0931098716304617,7.6416325697740275,13.88888888888889,0.0
2017-02-23,3.320085287094116,3.371402242605287,3.2787137744432298,3.3710041244243243,62676000,11.710000038146973,11.65999984741211,12.460000038146973,11.539999961853027,-0.021720987726124186,7.444005874332114,13.690476190476192,0.0
2017-02-24,3.3379859924316406,3.3379859924316406,3.2699612858273355,3.272348173546188,50731200,11.470000267028809,11.8100004196167,12.59000015258789,11.34000015258789,-0.024659860221839525,5.8629797459180475,9.126984126984127,0.0
2017-02-27,3.3479316234588623,3.3499203931690458,3.302183774218477,3.3204830960155545,52437600,12.09000015258789,11.779999732971191,12.140000343322754,11.529999732971191,0.05221935538918965,9.947300385540741,23.809523809523807,0.0
2017-02-28,3.321676254272461,3.3515116670039364,3.2914427234313406,3.3483285431358567,41904000,12.920000076293945,12.1899995803833,12.960000038146973,12.130000114440918,0.11668110778547747,15.415020458135583,37.698412698412696,0.0
2017-03-01,3.429083824157715,3.4449955744550915,3.363843212338736,3.379755645514543,63254400,12.539999961853027,12.3100004196167,12.579999923706055,11.779999732971191,0.0681431180861658,12.911725946926959,30.952380952380953,0.0
2017-03-02,3.3749823570251465,3.4274925255612936,3.36384347084516,3.4274925255612936,42919200,11.8100004196167,12.430000305175781,12.710000038146973,11.319999694824219,0.008539742198459432,8.102769902390996,17.46031746031746,0.0
2017-03-03,3.392484426498413,3.3972579732867163,3.3411674896741186,3.3670255861694924,34646400,10.960000038146973,11.960000038146973,11.970000267028809,10.9399995803833,-0.04446383757704542,2.503294511208626,2.7777777777777777,0.0
2017-03-06,3.3690147399902344,3.3877112677574996,3.3300301225268685,3.3558873132170874,38774400,11.239999771118164,11.59000015258789,11.720000267028809,11.0600004196167,-0.07030606871314071,4.347824994358369,4.761904761904762,0.0
2017-03-07,3.3523075580596924,3.3972591747271372,3.3363948951754963,3.347533781957051,35428800,11.449999809265137,11.270000457763672,11.579999923706055,11.039999961853027,-0.11377710977928046,5.731224427330521,9.523809523809524,0.0
2017-03-08,3.369413137435913,3.402032648018892,3.3491250460578517,3.360661139484684,38652000,11.859999656677246,11.489999771118164,11.859999656677246,11.09000015258789,-0.05422649978025185,8.432145633981062,19.841269841269842,0.0
2017-03-09,3.379755973815918,3.392088304207323,3.3244607980801852,3.3686170874099335,44172000,12.300000190734863,11.75,12.430000305175781,11.619999885559082,0.04149024163489967,11.330699818512892,28.57142857142857,0.0
2017-03-10,3.4167513847351074,3.435447912666839,3.3777667669288087,3.4231167220019048,51456000,11.65999984741211,11.970000267028809,12.09000015258789,11.460000038146973,0.06386859551357138,7.114623860302673,14.087301587301587,0.0
2017-03-13,3.4366414546966553,3.439824578673281,3.410386372543057,3.4135694965196826,33883200,11.350000381469727,12.15999984741211,12.229999542236328,11.289999961853027,0.00978653136935237,5.072466681711014,7.142857142857142,0.0
2017-03-14,3.4111831188201904,3.418343555455209,3.370208813662044,3.4131718887245093,53020800,12.300000190734863,11.390000343322754,12.539999961853027,11.279999732971191,0.07423584241302095,11.330699818512892,29.563492063492063,0.0
2017-03-15,3.470853567123413,3.497505857900338,3.399248525901686,3.434653042187397,63813600,11.630000114440918,12.119999885559082,12.25,10.600000381469727,-0.0193928793334186,6.916997164860758,14.285714285714285,0.0
2017-03-16,3.4688639640808105,3.4947220677916966,3.4438023242902442,3.4947220677916966,38875200,11.210000038146973,11.289999961853027,11.550000190734863,11.15999984741211,-0.08861789721019253,4.150198298916455,4.365079365079365,0.0
2017-03-17,3.460509777069092,3.490743308070335,3.4585210075194133,3.4768203278396332,35320800,11.279999732971191,11.380000114440918,11.380000114440918,10.779999732971191,-0.032590061699293904,4.611329349094047,6.349206349206349,0.0
2017-03-20,3.470853567123413,3.4955173158445576,3.4449956916137356,3.4605100071924704,36696000,11.34000015258789,11.710000038146973,11.720000267028809,11.029999732971191,-0.0008810774049102799,5.006589022417252,7.738095238095238,0.0
2017-03-21,3.3161063194274902,3.520578783713639,3.308150558208558,3.5094398985530293,93568800,12.470000267028809,11.149999618530273,12.850000381469727,10.920000076293945,0.013821144199818836,12.450594896749365,35.317460317460316,0.0
2017-03-22,3.381347417831421,3.3904966236056184,3.3025819385547703,3.318096254570892,71373600,12.8100004196167,12.949999809265137,13.15999984741211,11.989999771118164,0.10146176212935543,14.690385053222313,40.476190476190474,0.0
2017-03-23,3.3542957305908203,3.3956681459444216,3.3383839810449305,3.36901471920198,59064000,13.119999885559082,12.649999618530273,13.170000076293945,12.180000305175781,0.17038357189228304,16.73254223181397,48.01587301587302,0.0
2017-03-24,3.37259578704834,3.4255043063537904,3.336793147715378,3.38612156242586,51686400,12.960000038146973,12.859999656677246,14.15999984741211,12.270000457763672,0.14893620079308834,15.678524812871261,45.23809523809524,0.0
2017-03-27,3.390496253967285,3.4079993378131874,3.2791103650825564,3.303775022314676,75259200,12.5,14.779999732971191,15.109999656677246,12.479999542236328,0.10229275412729044,12.64822159219128,36.11111111111111,0.0
2017-03-28,3.454145908355713,3.483583205949402,3.3690150911286607,3.3900985087343476,84000000,11.529999732971191,12.4399995803833,12.670000076293945,11.34000015258789,-0.07538095540727585,6.258233136801876,13.492063492063492,0.0
2017-03-29,3.4998931884765625,3.5046669647207906,3.449372468359191,3.4573282309718185,48170400,11.420000076293945,11.539999961853027,11.699999809265137,11.029999732971191,-0.10850900060816282,5.533597731888607,9.523809523809524,0.0
2017-03-30,3.5173966884613037,3.5289327816238165,3.487163155905303,3.498699249067816,52927200,11.539999961853027,11.369999885559082,11.640000343322754,11.119999885559082,-0.12042682450364417,6.32411079609564,14.682539682539684,0.0
2017-03-31,3.509042501449585,3.5372863513748736,3.4903450636939986,3.501882066350457,54146400,12.369999885559082,11.609999656677246,12.539999961853027,11.5,-0.04552470299778244,11.791830868690484,33.33333333333333,0.0
2017-04-03,3.5014841556549072,3.543651898309442,3.4457917781957206,3.519385358276125,64521600,12.380000114440918,12.59000015258789,13.59000015258789,12.270000457763672,-0.009599990844726514,11.857708527984247,33.92857142857143,0.0
2017-04-04,3.5173966884613037,3.520180783873117,3.468466627016406,3.4708535148005835,32424000,11.789999961853027,12.710000038146973,13.069999694824219,11.699999809265137,0.022549890277823614,7.971014583803469,21.626984126984127,0.0
2017-04-05,3.4772183895111084,3.595366626257579,3.4565333145795285,3.5345025693247663,73360800,12.890000343322754,11.890000343322754,12.890000343322754,10.899999618530273,0.12872156367847043,15.217393762693668,46.42857142857143,0.0
2017-04-06,3.4800026416778564,3.5090427296866893,3.4549410033877717,3.4891518468498064,61651200,12.390000343322754,13.109999656677246,13.220000267028809,11.699999809265137,0.07365687905368401,11.92358618727801,35.11904761904761,0.0
2017-04-07,3.4760241508483887,3.5074511262158707,3.438232976237806,3.4776157128179785,41575200,12.869999885559082,13.170000076293945,13.430000305175781,12.229999542236328,0.04042037224136985,15.085638444106142,46.62698412698413,0.0
2017-04-10,3.4800026416778564,3.521772266454141,3.4501672279271025,3.4879584029846393,48376800,14.050000190734863,13.239999771118164,14.109999656677246,12.9399995803833,0.13489499683816142,22.859026332467696,70.03968253968253,0.0
2017-04-11,3.436244487762451,3.483981104416829,3.3586722296196765,3.466476881618722,85346400,15.069999694824219,14.319999694824219,15.880000114440918,14.170000076293945,0.2782018442395038,29.57839051944717,80.55555555555556,0.0
2017-04-12,3.390894889831543,3.4394268373634,3.380551329157298,3.4322664010145143,68095200,15.770000457763672,15.15999984741211,16.15999984741211,14.84000015258789,0.22342901766738965,34.18972615098059,85.71428571428571,0.0
2017-04-13,3.3507156372070312,3.43584645108418,3.3487268675453667,3.377368838216949,61370400,15.960000038146973,15.890000343322754,16.219999313354492,14.970000267028809,0.28813556060538525,35.441370265365215,87.6984126984127,0.0
2017-04-17,3.4302775859832764,3.434653243742143,3.374982410493416,3.378960632969185,36333600,14.65999984741211,16.190000534057617,16.280000686645508,14.600000381469727,0.13908313735585298,26.877469312796627,75.79365079365078,0.0
2017-04-18,3.4203314781188965,3.448178119526549,3.3920876291315953,3.398451827824664,50755200,14.420000076293945,14.5,15.5,14.289999961853027,0.026334511070190247,25.29644318438256,73.61111111111111,0.0
2017-04-19,3.4322662353515625,3.4935286285924376,3.4179451357188504,3.4597147630525917,57568800,14.930000305175781,14.0,15.149999618530273,13.460000038146973,-0.009289939779927203,28.65612841909198,78.57142857142857,0.0
2017-04-20,3.5154075622558594,3.5404694326866273,3.458123612165795,3.474036275776513,82492800,14.149999618530273,14.59000015258789,14.8100004196167,13.829999923706055,-0.10272674649390146,23.517784078087203,69.84126984126983,0.0
2017-04-21,3.5138165950775146,3.5313196801274547,3.489550054282148,3.5269440226780437,54026400,14.630000114440918,13.850000381469727,15.329999923706055,13.850000381469727,-0.0833333283538309,26.67984261735471,74.60317460317461,0.0
2017-04-24,3.641512155532837,3.651854804899283,3.6144606086435798,3.629975151758623,60072000,10.84000015258789,11.5600004196167,12.010000228881836,10.819999694824219,-0.26057296961695076,1.7127814470015927,1.984126984126984,0.0
2017-04-25,3.722266674041748,3.7405659968112746,3.6693581584275363,3.677712038734552,64113600,10.760000228881836,10.8100004196167,11.149999618530273,10.220000267028809,-0.2538141350934554,1.1857727375302374,1.5873015873015872,0.0
2017-04-26,3.7059566974639893,3.7525001012494794,3.6980000250460083,3.7258466713127425,87660000,10.850000381469727,10.609999656677246,10.890000343322754,10.390000343322754,-0.27327527396577755,1.778659106295356,2.976190476190476,0.0
2017-04-27,3.770798444747925,3.771196562894319,3.7246531599511297,3.733802365655054,57676800,10.359999656677246,10.720000267028809,11.079999923706055,10.329999923706055,-0.26784452749311705,0.0,0.3968253968253968,0.0
2017-04-28,3.7922799587249756,3.8209217024866935,3.773185311133061,3.8165462725459194,68500800,10.819999694824219,10.390000343322754,11.15999984741211,10.289999961853027,-0.26042381338438547,2.9870131237347173,2.7777777777777777,0.0
2017-05-01,3.8877525329589844,3.9072455229932954,3.8225126119709203,3.827286386866987,64634400,10.109999656677246,10.920000076293945,11.039999961853027,9.899999618530273,-0.0673432182320004,0.0,0.3968253968253968,0.0
2017-05-02,3.9108262062072754,3.916395307576659,3.877012341725058,3.9068477563693746,60412800,10.59000015258789,10.149999618530273,10.59000015258789,10.039999961853027,-0.015799263260016794,3.0670957083743264,1.5873015873015872,0.0
2017-05-03,3.8722386360168457,3.887356199370989,3.840812569273794,3.88695785360248,73586400,10.680000305175781,10.5600004196167,11.149999618530273,10.399999618530273,-0.015668209245806253,3.642176534554849,2.380952380952381,0.0
2017-05-04,3.8762176036834717,3.892130039690873,3.836436741291153,3.8742290613414605,72607200,10.460000038146973,10.710000038146973,11.239999771118164,10.270000457763672,0.009652546793790018,2.236424080976392,1.1904761904761905,0.0
2017-05-05,3.918384075164795,3.918384075164795,3.8622933597577367,3.90406320610954,54506400,10.569999694824219,10.510000228881836,10.979999542236328,9.989999771118164,-0.0231053610953047,2.9392972608829315,1.5873015873015872,0.0
2017-05-08,3.94185471534729,3.9434462773342003,3.9004832087333114,3.9243516307618367,61267200,9.770000457763672,10.529999732971191,10.550000190734863,9.670000076293945,-0.033629991143374394,0.0,0.3968253968253968,0.0
2017-05-09,3.9852163791656494,4.011073344791851,3.951800404133011,3.9605517193474142,75717600,9.960000038146973,9.869999885559082,10.140000343322754,9.5600004196167,-0.05949009493516999,1.1882400444213035,0.7936507936507936,0.0
2017-05-10,3.9915802478790283,3.995160807228703,3.9494134139763077,3.9895917058269776,56193600,10.210000038146973,9.75,10.239999771118164,9.619999885559082,-0.04400751438190831,2.751717240034282,1.5873015873015872,0.0
2017-05-11,3.9820330142974854,3.984022466785407,3.903665430607937,3.959357808458034,62433600,10.600000381469727,10.34000015258789,11.229999542236328,10.319999694824219,0.013384353997340392,5.190743812299715,3.968253968253968,0.0
2017-05-12,4.007889747619629,4.0102766346731835,3.976861126427727,3.987203544906205,58538400,10.399999618530273,10.720000267028809,10.869999885559082,10.279999732971191,-0.01608326217617473,3.9399572844555855,2.380952380952381,0.0
2017-05-15,4.045284271240234,4.052047499738618,4.001525873284107,4.011868750791835,69340800,10.420000076293945,10.539999961853027,10.880000114440918,10.25,0.06653015231066384,4.065038322916871,2.7777777777777777,0.0
2017-05-16,4.096203327178955,4.096600307115098,4.041305827683861,4.07392555977623,77066400,10.649999618530273,10.460000038146973,10.670000076293945,10.180000305175781,0.06927706603821182,5.503434480068564,5.555555555555555,0.0
2017-05-17,3.7863121032714844,4.0210180745870385,3.78114134841537,3.999933522693564,140236800,15.59000015258789,11.890000343322754,15.59000015258789,11.529999732971191,0.5269343873006822,36.39774720532864,85.31746031746032,0.0
2017-05-18,3.882183790206909,3.9195777566694456,3.764433927892796,3.780743568203776,120384000,14.65999984741211,14.0600004196167,16.299999237060547,14.029999732971191,0.38301880375776465,30.581610129106867,79.56349206349206,0.0
2017-05-19,3.9291253089904785,3.979646019517617,3.9167929801585135,3.9199751935490204,72844800,12.039999961853027,14.229999542236328,14.229999542236328,11.720000267028809,0.15769234648823183,14.196369834785912,36.11111111111111,0.0
2017-05-22,4.030963897705078,4.035737674146188,3.95219840743629,3.9565747485509557,65354400,10.930000305175781,12.289999961853027,12.520000457763672,10.890000343322754,0.048944359419162975,7.254533233373472,9.523809523809524,0.0
2017-05-23,4.0409088134765625,4.065572563114235,4.010675051715129,4.063981911511421,68858400,10.720000267028809,11.0,11.0,10.5600004196167,0.006572831080363439,5.941212150490883,6.349206349206349,0.0
2017-05-24,4.096601486206055,4.10137526236262,4.042897642575579,4.074722968703462,64941600,10.020000457763672,10.609999656677246,10.899999618530273,9.880000114440918,-0.35728028481767626,1.563477195612979,1.1904761904761905,0.0
2017-05-25,4.204405784606934,4.231058980660134,4.115694883159819,4.14155275359718,87504000,9.989999771118164,9.819999694824219,10.289999961853027,9.720000267028809,-0.31855389665084666,1.3758556379210496,1.1904761904761905,0.0
2017-05-26,4.2223076820373535,4.226683111541962,4.1853116068431,4.201224039209613,54856800,9.8100004196167,9.930000305175781,10.479999542236328,9.649999618530273,-0.18521590941044475,0.2501561127303893,0.7936507936507936,0.0
2017-05-30,4.23106050491333,4.246575050664027,4.207589513372413,4.211965854471079,55192800,10.380000114440918,10.609999656677246,10.84000015258789,10.140000343322754,-0.05032023562473431,3.8148822101864823,3.571428571428571,0.0
2017-05-31,4.225888252258301,4.2787967656587,4.1614436452272585,4.269646649404465,96902400,10.40999984741211,10.100000381469727,11.300000190734863,9.930000305175781,-0.02891794887078114,4.002497803686229,4.365079365079365,0.0
2017-06-01,4.27640962600708,4.279989729991701,4.198837367823506,4.250949641859068,74092800,9.890000343322754,10.420000076293945,10.539999961853027,9.6899995803833,-0.01297406272473689,0.7504683381911679,1.1904761904761905,0.0
2017-06-02,4.422402858734131,4.425585982211565,4.299879009481301,4.318575762641305,83244000,9.75,10.079999923706055,10.300000190734863,9.579999923706055,-0.024024001663345507,0.0,0.3968253968253968,0.0
2017-06-05,4.418824672698975,4.441897775399888,4.400127911426258,4.418824672698975,51477600,10.069999694824219,10.079999923706055,10.279999732971191,9.600000381469727,0.026503492771275283,1.9987488460302665,3.1746031746031744,0.0
2017-06-06,4.36870002746582,4.445875310815088,4.34642316581878,4.40291223911798,77733600,10.449999809265137,10.1899995803833,10.770000457763672,9.859999656677246,0.006743708482896293,4.372266079061923,6.349206349206349,0.0
2017-06-07,4.416436195373535,4.4275748521092275,4.342444502865451,4.399728437896121,81410400,10.390000343322754,10.479999542236328,10.930000305175781,10.119999885559082,-0.0019211819771858263,3.9975036488019624,5.158730158730158,0.0
2017-06-08,4.428370475769043,4.450648245991739,4.358755118430252,4.443885018150146,92563200,10.15999984741211,10.270000457763672,10.529999732971191,9.729999542236328,0.027300252246365897,2.560898448161636,3.968253968253968,0.0
2017-06-09,4.108137130737305,4.460592018690094,3.924748342019272,4.444282608603374,233138400,10.699999809265137,9.930000305175781,12.109999656677246,9.369999885559082,0.09743587787334729,5.933790104208426,10.714285714285714,0.0
2017-06-12,4.033748626708984,4.052047951089877,3.8758197575421725,3.9939677638606623,166449600,11.460000038146973,11.1899995803833,12.369999885559082,11.1899995803833,0.13803380193121417,10.680824570271739,24.6031746031746,0.0
2017-06-13,4.12802791595459,4.144337784519796,4.035339460080675,4.096600939825708,126492000,10.420000076293945,11.119999885559082,11.140000343322754,10.260000228881836,-0.0028707878965311684,4.184884863931942,6.944444444444445,0.0
2017-06-14,4.072732925415039,4.176560049484162,3.9752711395115026,4.176560049484162,139012800,10.640000343322754,10.329999923706055,11.260000228881836,10.010000228881836,0.02406159689500531,5.559027673948465,10.317460317460316,0.0
2017-06-15,4.01783561706543,4.031361163133683,3.8738302070247075,3.9482202551477923,141158400,10.899999618530273,11.0600004196167,12.010000228881836,10.739999771118164,0.07283462423541787,7.183008132977342,15.476190476190476,0.0
2017-06-16,3.9697024822235107,4.012665560512192,3.9211693909769383,4.009880326407054,93856800,10.380000114440918,10.630000114440918,11.350000381469727,10.260000228881836,-0.029906514068077872,3.935041258178159,5.357142857142857,0.0
2017-06-19,4.161841869354248,4.175366504696074,4.061991837548427,4.080291159017393,110944800,10.369999885559082,10.569999694824219,10.600000381469727,10.010000228881836,-0.09511345104359514,3.872578867554356,5.158730158730158,0.0
2017-06-20,4.067561626434326,4.166615416535885,4.061991614843681,4.151896199964676,85939200,10.859999656677246,10.279999732971191,11.149999618530273,10.239999771118164,0.04222644694449884,6.93316452722356,15.873015873015872,0.0
2017-06-21,4.185710906982422,4.189687991663296,4.084270208739926,4.092624089680178,83589600,10.75,11.029999732971191,11.399999618530273,10.399999618530273,0.010338313263897447,6.246096100586012,13.492063492063492,0.0
2017-06-22,4.180936813354492,4.2270816450559545,4.149111488527842,4.204406892117895,68445600,10.479999542236328,10.8100004196167,11.010000228881836,10.239999771118164,-0.03853211843970472,4.559647294191903,9.126984126984127,0.0
2017-06-23,4.22787618637085,4.244584399135364,4.132402961120584,4.16621682186237,68786400,10.020000457763672,10.25,10.6899995803833,9.850000381469727,-0.034682047467071375,1.6864488063941092,2.976190476190476,0.0
2017-06-26,4.171786308288574,4.322952831308498,4.14234878468817,4.297492846969124,105681600,9.899999618530273,10.130000114440918,10.4399995803833,9.680000305175781,-0.04532307350198872,1.0638270529935836,1.984126984126984,0.0
2017-06-27,3.9422531127929688,4.136780140285794,3.9422531127929688,4.123254139481106,144088800,11.0600004196167,10.039999961853027,11.3100004196167,9.800000190734863,0.01841627709596505,10.266460784628803,19.841269841269842,0.0
2017-06-28,4.107738971710205,4.120468734321976,3.9159972069030404,3.983624013871547,120861600,10.029999732971191,11.170000076293945,11.489999771118164,9.760000228881836,-0.06697676902593563,2.1943552347077655,3.968253968253968,0.0
2017-06-29,3.8984947204589844,4.0600041581549515,3.779153036052028,4.05721892398899,231564000,11.4399995803833,9.789999961853027,15.15999984741211,9.729999542236328,0.09160306107629057,13.244510580478227,27.976190476190478,0.0
2017-06-30,3.8849692344665527,3.962541039251938,3.862294028015874,3.932307734152565,98616000,11.180000305175781,11.739999771118164,11.850000381469727,10.399999618530273,0.11576844255663898,11.206898742360703,21.428571428571427,0.0
2017-07-03,3.7791519165039062,3.966518269096625,3.7696045936847273,3.9541868510672473,81684000,11.220000267028809,11.069999694824219,11.449999809265137,10.279999732971191,0.133333403975878,11.520378061604669,22.22222222222222,0.0
2017-07-05,3.886958360671997,3.9179874514513315,3.7731857865683804,3.8081928725240677,114033600,11.069999694824219,11.199999809265137,12.029999732971191,10.789999961853027,0.0009040935649318182,10.344825008987408,21.03174603174603,0.0
2017-07-06,3.7843239307403564,3.846381648593606,3.740565762134718,3.797053468045522,106324800,12.539999961853027,11.199999809265137,13.050000190734863,11.180000305175781,0.2502492817253843,21.86520307059208,59.32539682539682,0.0
2017-07-07,3.897698402404785,3.93429613329872,3.818932928955176,3.8217177071599053,89623200,11.1899995803833,12.479999542236328,12.569999694824219,10.979999542236328,-0.021853147654715577,11.285262966719307,22.22222222222222,0.0
2017-07-10,3.9792487621307373,4.007890960186793,3.8809907490840154,3.9124177254204313,92114400,11.109999656677246,11.260000228881836,11.729999542236328,10.609999656677246,-0.006261238514110645,10.658304328231376,21.825396825396826,0.0
2017-07-11,4.011868476867676,4.026985584445987,3.9171914788964903,3.961744744365125,108571200,10.890000343322754,10.789999961853027,12.140000343322754,10.680000305175781,-0.029411757206084466,8.934171809357817,18.650793650793652,0.0
2017-07-12,4.154681205749512,4.167410515321924,4.090236600604789,4.112513461421886,105307200,10.300000190734863,10.850000381469727,10.850000381469727,10.079999923706055,-0.06955731936012333,4.310346245056925,5.952380952380952,0.0
2017-07-13,4.182129859924316,4.211567385070448,4.145531215874521,4.170991201550767,91476000,9.899999618530273,10.069999694824219,10.399999618530273,9.899999618530273,-0.21052634380810975,1.1755455786807456,2.1825396825396823,0.0
2017-07-14,4.280386924743652,4.2955040313349535,4.19804089570569,4.23145686694306,84636000,9.510000228881836,10.09000015258789,10.140000343322754,9.5,-0.1501339959338871,0.0,0.3968253968253968,0.0
2017-07-17,4.282774448394775,4.331307078178878,4.261690802534679,4.294311452915991,100663200,9.819999694824219,9.770000457763672,10.029999732971191,9.710000038146973,-0.1161116113156423,2.384611276479868,1.984126984126984,0.0
2017-07-18,4.367904186248779,4.37228007100721,4.236628554000377,4.274022519686266,84182400,9.890000343322754,9.859999656677246,10.350000381469727,9.65999984741211,-0.091827361659649,2.923077803391677,2.579365079365079,0.0
2017-07-19,4.447863578796387,4.465366663564443,4.402513621994296,4.405695835496747,104234400,9.789999961853027,9.6899995803833,9.9399995803833,9.579999923706055,-0.04951458441142509,2.1538440997783956,1.5873015873015872,0.0
2017-07-20,4.464570999145508,4.4896326357722875,4.403308613721484,4.480483431207558,108460800,9.579999923706055,9.65999984741211,10.279999732971191,9.5,-0.03232320274288303,0.5384591909555289,0.7936507936507936,0.0
2017-07-21,4.4578094482421875,4.458206428276596,4.388988497804597,4.409276362774073,86916000,9.359999656677246,9.520000457763672,9.979999542236328,9.300000190734863,-0.015772930451572353,0.0,0.3968253968253968,0.0
2017-07-24,4.51588773727417,4.52742382888321,4.439907049927464,4.45661480691451,88732800,9.430000305175781,9.9399995803833,9.970000267028809,9.260000228881836,-0.039714806697396576,0.5323243000193999,0.7936507936507936,0.0
2017-07-25,4.485653877258301,4.515489286973276,4.447067609304475,4.474118241168704,94180800,9.430000305175781,9.399999618530273,9.520000457763672,9.039999961853027,-0.046511630149491556,0.5323243000193999,0.992063492063492,0.0
2017-07-26,4.525834083557129,4.534187963722928,4.49520243086199,4.514297079134148,60607200,9.600000381469727,9.25,9.65999984741211,8.84000015258789,-0.019407515947256204,1.8251004893473133,2.380952380952381,0.0
2017-07-27,4.445078372955322,4.628467653809448,4.282774102012969,4.616930650221321,188956800,10.109999656677246,9.329999923706055,11.5,9.15999984741211,0.05532356338121547,5.703421805055199,8.928571428571429,0.0
2017-07-28,4.430757522583008,4.451045841079563,4.338864391721388,4.366711264060606,70022400,10.289999961853027,10.619999885559082,11.300000190734863,10.260000228881836,0.09935901060769137,7.072245358996721,10.317460317460316,0.0
2017-07-31,4.373076438903809,4.484064212616058,4.34363800563913,4.466958108293402,88716000,10.260000228881836,10.529999732971191,10.84000015258789,10.229999542236328,0.08801695618721217,6.844110517431752,10.317460317460316,0.0
2017-08-01,4.401718616485596,4.420415374116544,4.361937758044738,4.416834814600427,61156800,10.09000015258789,10.1899995803833,10.5600004196167,9.949999809265137,0.06998937710000486,5.551334328103838,8.73015873015873,0.0
2017-08-02,4.433940887451172,4.489235378870766,4.313802987219892,4.484859948832368,110366400,10.279999732971191,10.079999923706055,10.8100004196167,9.800000190734863,0.07083326296674164,6.996197994383111,11.11111111111111,0.0
2017-08-03,4.387794494628906,4.452239099519329,4.3603459677872,4.450648447987892,72640800,10.4399995803833,10.470000267028809,10.600000381469727,9.899999618530273,0.032640943116956755,8.212926819097419,15.873015873015872,0.0
2017-08-04,4.404900550842285,4.438316069191209,4.354378927562015,4.4136527761864,71488800,10.029999732971191,10.479999542236328,10.5,9.680000305175781,-0.025267272093848936,5.095057392698046,8.134920634920634,0.0
2017-08-07,4.482870578765869,4.490031241896916,4.411662748453734,4.430757394884244,54837600,9.930000305175781,10.1899995803833,10.319999694824219,9.760000228881836,-0.032163734536487354,4.3346055033895325,6.349206349206349,0.0
2017-08-08,4.466162204742432,4.574763076713818,4.42797291714275,4.462979081230797,103886400,10.960000038146973,10.039999961853027,11.520000457763672,9.520000457763672,0.08622397149676386,12.167302751694766,27.579365079365083,0.0
2017-08-09,4.448658466339111,4.454228477550459,4.32573626305632,4.356765345536343,99081600,11.109999656677246,11.489999771118164,12.630000114440918,11.109999656677246,0.08073929428655369,13.307984211795464,30.357142857142854,0.0
2017-08-10,4.15985107421875,4.381826585542314,4.149508654663205,4.373871053288896,163382400,16.040000915527344,11.569999694824219,16.170000076293945,11.5600004196167,0.5363986168798716,50.7984864500291,94.04761904761905,0.0
2017-08-11,4.254928112030029,4.2831719640484245,4.150702652953766,4.180140176474292,105271200,15.510000228881836,16.170000076293945,17.280000686645508,14.5,0.5463609812367662,46.768063152818144,91.26984126984127,0.0
2017-08-14,4.42041540145874,4.439510049737624,4.352788579044233,4.353982250641097,95488800,12.329999923706055,14.050000190734863,14.050000190734863,12.0600004196167,0.24169179705657506,22.585552378655827,58.333333333333336,0.0
2017-08-15,4.428370475769043,4.454228805158011,4.392171090885879,4.445078234370718,72297600,12.039999961853027,11.779999732971191,12.369999885559082,11.449999809265137,0.09854013868129985,20.380229570792185,54.166666666666664,0.0
2017-08-16,4.451444625854492,4.513104464237155,4.407288331200366,4.459400616548414,99052800,11.739999771118164,11.59000015258789,12.539999961853027,11.25,0.05670568262009623,18.098859398314936,46.230158730158735,0.0
2017-08-17,4.17775297164917,4.418823153274869,4.1769576459604,4.397341620389749,158582400,15.550000190734863,11.8100004196167,15.770000457763672,11.539999961853027,-0.030548671871841404,47.072245358996724,91.66666666666666,0.0
2017-08-18,4.1630353927612305,4.252939078939413,4.117287540966074,4.184119038855203,129852000,14.260000228881836,15.380000114440918,16.040000915527344,13.319999694824219,-0.08059316451023135,37.262360144392815,84.12698412698413,0.0
2017-08-21,4.155476093292236,4.194460709424012,4.073528411594756,4.170195309117591,86481600,13.1899995803833,14.59000015258789,14.739999771118164,13.069999694824219,0.0697485532845612,29.125473437633147,72.81746031746032,0.0
2017-08-22,4.340456962585449,4.353186730198093,4.21475039359749,4.2167398465860915,94264800,11.350000381469727,12.600000381469727,12.9399995803833,11.350000381469727,-0.057308935429357444,15.133084701142776,35.91269841269841,0.0
2017-08-23,4.291923999786377,4.321759412490155,4.263679238510623,4.269248794770053,84076800,12.25,11.510000228881836,12.59000015258789,11.390000343322754,0.043441246918632714,21.977187966298676,56.34920634920635,0.0
2017-08-24,4.2561211585998535,4.340057376581433,4.180935798835268,4.32334962002313,97180800,12.229999542236328,12.0600004196167,12.829999923706055,11.550000190734863,-0.21350486223638032,21.825093237071457,56.34920634920635,0.0
2017-08-25,4.227479934692383,4.335682941949843,4.211567500116593,4.299482187433845,92620800,11.279999732971191,12.199999809265137,12.449999809265137,11.100000381469727,-0.2089761885048942,14.600760401123377,34.32539682539682,0.0
2017-08-28,4.264474868774414,4.295503493266375,4.225091911080405,4.264474868774414,66242400,11.319999694824219,12.09000015258789,12.109999656677246,11.229999542236328,-0.14177406710006435,14.904942607301955,35.51587301587302,0.0
2017-08-29,4.316986560821533,4.336081210827184,4.143543148497594,4.153488591694873,85123200,11.699999809265137,13.329999923706055,14.34000015258789,11.479999542236328,0.030836952954365282,17.79467719213636,45.63492063492063,0.0
2017-08-30,4.466559410095215,4.487245616694865,4.316985375659421,4.324543018119879,106248000,11.220000267028809,11.399999618530273,11.979999542236328,10.960000038146973,-0.08408161085479116,14.144490717993442,32.34126984126984,0.0
2017-08-31,4.593460559844971,4.609769973163234,4.495599982664777,4.502760645946925,106176000,10.59000015258789,11.069999694824219,11.220000267028809,10.34000015258789,-0.13409643916867664,9.35361553147397,19.246031746031747,0.0
2017-09-01,4.590278625488281,4.645971007366834,4.554873197426541,4.628467921477624,71001600,10.130000114440918,10.329999923706055,10.460000038146973,10.020000457763672,-0.10195032320513708,5.8555165342824145,10.714285714285714,0.0
2017-09-05,4.467356204986572,4.577946093312961,4.362732853282964,4.546519116650079,129235200,12.229999542236328,11.75,14.0600004196167,11.40999984741211,0.08038868126720744,21.825093237071457,58.53174603174603,0.0
2017-09-06,4.505943775177002,4.5361770859538275,4.409675195693654,4.503556886931213,85557600,11.630000114440918,12.270000457763672,12.59000015258789,11.350000381469727,-0.005982879997039503,17.26236014439281,45.83333333333333,0.0
2017-09-07,4.533790111541748,4.570785736802566,4.487246479185597,4.532198549399695,73970400,11.550000190734863,11.930000305175781,12.069999694824219,11.319999694824219,0.029411757206084577,16.65399573203566,44.84126984126984,0.0
2017-09-08,4.4220075607299805,4.524641479808153,4.405696778217548,4.51668457859256,82646400,12.119999885559082,11.869999885559082,12.600000381469727,11.84000015258789,0.14447589338299527,20.988593983149336,57.14285714285714,0.0
2017-09-11,4.562829971313477,4.591869150150607,4.52026388071082,4.521855442772284,85279200,10.729999542236328,11.380000114440918,11.390000343322754,10.510000228881836,0.05922995271639486,10.41824962696106,23.015873015873016,0.0
2017-09-12,4.60141658782959,4.621307473055981,4.537768213467774,4.6065882544086385,73418400,10.579999923706055,10.65999984741211,10.949999809265137,10.289999961853027,-0.13491411940221232,9.277568166860362,19.246031746031747,0.0
2017-09-13,4.620511531829834,4.621705203540781,4.556465262832426,4.574764587048001,51604800,10.5,10.720000267028809,10.859999656677246,10.329999923706055,-0.09716251963211953,8.66920375450321,18.650793650793652,0.0
2017-09-14,4.54254150390625,4.60698610772111,4.5310045003467465,4.56959213978748,73576800,10.4399995803833,10.569999694824219,11.039999961853027,10.279999732971191,-0.09610394736114192,8.212926819097419,17.261904761904763,0.0
2017-09-15,4.57913875579834,4.634831128482748,4.514296268275057,4.5377672529326505,79264800,10.170000076293945,10.510000228881836,10.739999771118164,10.0,-0.16089107489089594,6.159698740460991,11.507936507936508,0.0
2017-09-18,4.567999839782715,4.643185198753282,4.525036777513819,4.59902846517013,91509600,10.149999618530273,10.180000305175781,10.420000076293945,9.880000114440918,-0.0540540492497702,6.007604011233775,11.11111111111111,0.0
2017-09-19,4.587492942810059,4.608974476608132,4.5425413332813465,4.589481939994897,56942400,10.180000305175781,10.15999984741211,10.300000190734863,9.850000381469727,-0.037807147581732536,6.235746105074599,12.3015873015873,0.0
2017-09-20,4.549304008483887,4.5986324172552555,4.441896786295318,4.585106415880077,107306400,9.779999732971191,10.039999961853027,10.670000076293945,9.670000076293945,-0.06857145400274367,3.1939167910129793,3.571428571428571,0.0
2017-09-21,4.461787700653076,4.537370981320144,4.415642406299964,4.535779418909591,84890400,9.670000076293945,9.739999771118164,10.210000038146973,9.539999961853027,-0.07375474473544807,2.3574175370908583,2.7777777777777777,0.0
2017-09-22,4.450647354125977,4.468548780613232,4.4060927331134465,4.417628823525609,62167200,9.59000015258789,9.899999618530273,10.199999809265137,9.5,-0.057030473879545185,1.7490531247337053,2.380952380952381,0.0
2017-09-25,4.311019420623779,4.402912562899724,4.24259635804471,4.396148878722812,135520800,10.210000038146973,10.079999923706055,11.210000038146973,9.789999961853027,0.005911371612976168,6.463880946639568,14.087301587301587,0.0
2017-09-26,4.340456962585449,4.397343026244626,4.295107449998155,4.373474598157819,95090400,10.170000076293945,10.420000076293945,10.680000305175781,9.9399995803833,-0.000982340725152242,6.159698740460991,13.293650793650794,0.0
2017-09-27,4.458205699920654,4.505545561289764,4.375860126626335,4.409673988138371,111348000,9.869999885559082,9.899999618530273,10.420000076293945,9.630000114440918,0.009202469841024019,3.8783285679837403,5.952380952380952,0.0
2017-09-28,4.450647354125977,4.463377115771789,4.393363426719821,4.425982701152412,64536000,9.550000190734863,9.739999771118164,10.130000114440918,9.550000190734863,-0.01240950202816049,1.444870918555129,1.984126984126984,0.0
2017-09-29,4.544928073883057,4.554475624263148,4.44189629308382,4.477698696504646,88248000,9.510000228881836,9.59000015258789,9.829999923706055,9.359999656677246,-0.00834201485225905,1.1406887123765526,1.7857142857142856,0.0
2017-10-02,4.557657241821289,4.613350069982503,4.496793203407135,4.568398008041698,92205600,9.449999809265137,9.59000015258789,10.039999961853027,9.369999885559082,-0.07443684877985268,0.6844117769707606,1.5873015873015872,0.0
2017-10-03,4.586299419403076,4.601813960607449,4.544927916527742,4.574763327554173,62738400,9.510000228881836,9.300000190734863,9.75,9.300000190734863,-0.06489673967166976,1.1406887123765526,2.380952380952381,0.0
2017-10-04,4.598233222961426,4.626875416744352,4.5473146272682055,4.559646044307038,90153600,9.630000114440918,9.529999732971191,9.880000114440918,9.529999732971191,-0.02431608651478412,2.053235330912282,4.761904761904762,0.0
2017-10-05,4.730702877044678,4.738261430326258,4.632444871149959,4.651937407189074,94291200,9.1899995803833,9.479999542236328,9.619999885559082,9.130000114440918,-0.037696398236811035,0.0,0.3968253968253968,0.0
2017-10-06,4.747809410095215,4.7497979521490405,4.684160130542222,4.6861486725960475,85960800,9.649999618530273,9.229999542236328,10.270000457763672,9.109999656677246,0.014721281417350518,3.4534535717070334,5.555555555555555,0.0
2017-10-09,4.735874652862549,4.784008475487797,4.716780006855069,4.769687604795255,68851200,10.329999923706055,9.920000076293945,10.529999732971191,9.880000114440918,0.09312170711137302,8.558560719373972,19.841269841269842,0.0
2017-10-10,4.745819568634033,4.796341193521527,4.68256863396074,4.780827105367294,71757600,10.079999923706055,10.149999618530273,10.65999984741211,9.9399995803833,0.05993687498483258,6.6816839338748615,13.88888888888889,0.0
2017-10-11,4.787191390991211,4.789578278544783,4.719962014780292,4.739851985639646,59788800,9.850000381469727,9.949999809265137,10.380000114440918,9.720000267028809,0.02284530263908313,4.9549607278797145,8.73015873015873,0.0
2017-10-12,4.76133394241333,4.816629341033237,4.744229203304092,4.766903954204066,66180000,9.90999984741211,9.9399995803833,10.329999923706055,9.649999618530273,0.07834606092536722,5.405407146958127,11.11111111111111,0.0
2017-10-13,4.814640998840332,4.830950869667094,4.799523889180491,4.816231650564463,48873600,9.609999656677246,9.949999809265137,9.979999542236328,9.4399995803833,-0.004145073931010157,3.1531535724158455,5.158730158730158,0.0
2017-10-16,4.864365100860596,4.866751988317739,4.818617259227779,4.850839557020862,57079200,9.90999984741211,9.949999809265137,10.020000457763672,9.75,-0.04065828454946041,5.405407146958127,11.706349206349206,0.0
2017-10-17,4.881472110748291,4.883062762345704,4.835724260613101,4.858399012791781,60189600,10.3100004196167,9.850000381469727,10.460000038146973,9.779999732971191,0.022817509687647064,8.408414299586749,21.825396825396826,0.0
2017-10-18,4.86277437210083,4.895792911705708,4.84248650811793,4.894996675413946,57900000,10.069999694824219,10.34000015258789,10.40999984741211,9.869999885559082,0.022334954805521168,6.6066071441228775,15.277777777777779,0.0
2017-10-19,4.809070587158203,4.809468477644723,4.706834584231708,4.779235174201037,80680800,10.050000190734863,10.220000267028809,11.770000457763672,9.989999771118164,0.0141271791602815,6.456460724335655,15.079365079365079,0.0
2017-10-20,4.844078063964844,4.878288909327953,4.829757192039319,4.866752815784616,66554400,9.970000267028809,9.920000076293945,10.039999961853027,9.289999961853027,0.03746104299820918,5.8558607257532795,13.095238095238097,0.0
2017-10-23,4.753777027130127,4.875902570391271,4.731102272757644,4.874709353951609,61456800,11.069999694824219,10.25,11.079999923706055,9.9399995803833,0.11705346773693748,14.114114286119323,42.26190476190476,0.0
2017-10-24,4.778041362762451,4.804296671076301,4.722348988092626,4.776450711367518,58872000,11.15999984741211,10.890000343322754,11.15999984741211,10.390000343322754,0.08244417004854121,14.789791074453678,44.047619047619044,0.0
2017-10-25,4.719962120056152,4.792760598680965,4.613350234964001,4.745819082750036,89191200,11.229999542236328,11.34000015258789,13.199999809265137,10.989999771118164,0.11519363282685369,15.315314283284073,46.62698412698413,0.0
2017-10-26,4.676204204559326,4.744626350168693,4.669440976273803,4.713200283357325,72768000,11.300000190734863,11.170000076293945,11.8100004196167,10.600000381469727,0.12437810709221475,15.84084465183121,49.60317460317461,0.0
2017-10-27,5.079181671142578,5.107425526632393,4.886246182542835,4.898577602814476,147818400,9.800000190734863,11.119999885559082,11.119999885559082,9.739999771118164,-0.017051160656047615,4.579583938836545,8.333333333333332,0.0
2017-10-30,5.11538028717041,5.174653212476422,5.055311581027251,5.066450236486338,96556800,10.5,10.279999732971191,10.890000343322754,10.100000381469727,-0.051490488756808395,9.834837506290706,29.96031746031746,0.0
2017-10-31,5.1694817543029785,5.193349717345703,5.120154266479577,5.161127420935369,60196800,10.180000305175781,10.34000015258789,10.369999885559082,9.899999618530273,-0.08781358025408759,7.432437511961202,20.833333333333336,0.0
2017-11-01,5.162720680236816,5.2414861678325835,5.105835076462338,5.2343259586662905,83064000,10.199999809265137,9.789999961853027,10.489999771118164,9.739999771118164,-0.09171859082427691,7.582583931748426,21.428571428571427,0.0
2017-11-02,5.136466026306152,5.1543670051890365,5.030252003742942,5.147206795736835,91780800,9.930000305175781,10.4399995803833,10.890000343322754,9.670000076293945,-0.1212389258791674,5.555560726462091,12.896825396825399,0.0
2017-11-03,5.279675006866455,5.2856419985539675,5.138453472081616,5.190963636284925,86700000,9.140000343322754,9.829999923706055,9.90999984741211,8.989999771118164,-0.0673469218945616,0.0,0.3968253968253968,0.0
2017-11-06,5.333378314971924,5.341732194271598,5.26416039288144,5.2705257302311965,76096800,9.399999618530273,9.630000114440918,9.739999771118164,9.380000114440918,-0.10476194109235493,2.7083259448404675,1.5873015873015872,0.0
2017-11-07,5.3421311378479,5.3659995621976115,5.289222622692647,5.321444927276908,93321600,9.890000343322754,9.3100004196167,10.3100004196167,9.289999961853027,-0.028487225261239257,7.812500465661315,11.507936507936508,0.0
2017-11-08,5.408961296081543,5.412143053820344,5.317068180995724,5.3369581503201236,68863200,9.779999732971191,9.789999961853027,10.270000457763672,9.5,-0.04117647883801323,9.275352703977443,8.531746031746032,0.0
2017-11-09,5.322239398956299,5.330593277850177,5.157547798151369,5.277287791218886,163195200,10.5,9.9399995803833,12.1899995803833,9.789999961853027,0.057401780192002594,19.710138317317828,32.93650793650794,0.0
2017-11-10,5.320649147033691,5.332980565812277,5.256601978618388,5.286437392694269,66436800,11.289999961853027,10.779999732971191,11.579999923706055,10.5,0.2352297087276327,31.159412177314298,53.37301587301587,0.0
2017-11-13,5.3365607261657715,5.360032168727894,5.260182138165452,5.2645584784752,75144000,11.5,11.430000305175781,12.180000305175781,11.0,0.22340430496720276,34.20289073864834,61.111111111111114,0.0
2017-11-14,5.282857418060303,5.300361870547016,5.20488817073678,5.282857418060303,91000800,11.59000015258789,11.529999732971191,12.609999656677246,11.449999809265137,0.17189077353398607,35.50724066798661,64.28571428571429,0.0
2017-11-15,5.205285549163818,5.249044858893184,5.122144180909797,5.215230991682599,80668800,13.130000114440918,12.520000457763672,14.510000228881836,12.329999923706055,0.34253583567859547,57.826078843980966,90.07936507936508,0.0
2017-11-16,5.400210380554199,5.438399677211966,5.284448818980912,5.287234052714219,80853600,11.760000228881836,12.470000267028809,12.520000457763672,11.380000114440918,0.12000002179827018,37.97100968532205,68.84920634920636,0.0
2017-11-17,5.339743137359619,5.41651915036375,5.325422267834457,5.40577838440682,69352800,11.430000305175781,11.75,12.010000228881836,11.15999984741211,0.012400384747191406,33.18840249199225,57.341269841269835,0.0
2017-11-20,5.326616287231445,5.366396233438087,5.305134752078017,5.348097822384874,50059200,10.649999618530273,11.960000038146973,12.079999923706055,10.4399995803833,-0.07391307664954139,21.8840456519711,37.10317460317461,0.0
2017-11-21,5.4944891929626465,5.505627849175426,5.395435413636348,5.401004514116625,70742400,9.729999542236328,10.739999771118164,10.779999732971191,9.670000076293945,-0.160483225700066,8.550712318637768,7.5396825396825395,0.0
2017-11-22,5.516368865966797,5.533871949095103,5.482953351060101,5.513981978437426,60117600,9.880000114440918,9.600000381469727,9.880000114440918,9.319999694824219,-0.24752475031782484,10.724633474656798,11.904761904761903,0.0
2017-11-24,5.578427791595459,5.5828032218918215,5.527110836661885,5.537453714708192,39952800,9.670000076293945,9.819999694824219,9.960000038146973,8.5600004196167,-0.17772109795159519,7.68115491332276,7.341269841269842,0.0
2017-11-27,5.569276809692383,5.609852989727172,5.532679079290418,5.571266262134933,66837600,9.869999885559082,10.069999694824219,10.260000228881836,9.789999961853027,-0.13648297270038512,10.579702633315712,12.103174603174603,0.0
2017-11-28,5.610250473022461,5.6229802362172,5.51795946223448,5.607068715102139,70305600,10.029999732971191,9.720000267028809,10.3100004196167,9.529999732971191,-0.05821595378091138,12.898540809310072,19.047619047619047,0.0
2017-11-29,5.321841716766357,5.596327857120585,5.24148468957247,5.596327857120585,208288800,10.699999809265137,9.90999984741211,10.930000305175781,9.8100004196167,0.09969170736526722,22.608686037310775,40.27777777777778,0.0
2017-11-30,5.453914642333984,5.48335171528827,5.348495950226417,5.388674702652972,118780800,11.279999732971191,10.489999771118164,12.050000190734863,10.25,0.14170036460667546,31.014481335973215,55.55555555555556,0.0
2017-12-01,5.381114959716797,5.459085103972317,5.143226987944932,5.348494769451594,170294400,11.430000305175781,11.1899995803833,14.579999923706055,10.539999961853027,0.18200622699026492,33.18840249199225,60.71428571428571,0.0
2017-12-04,5.19534158706665,5.49886654690463,5.179030804605287,5.486535125543377,165444000,11.680000305175781,11.050000190734863,11.859999656677246,10.260000228881836,0.18338403653529256,36.81159059732487,70.23809523809523,0.0
2017-12-05,5.202898025512695,5.381910505952126,5.129702563972342,5.18619026684538,115480800,11.329999923706055,11.380000114440918,11.670000076293945,10.649999618530273,0.12961118896757573,31.73912172131289,58.333333333333336,0.0
2017-12-06,5.271719932556152,5.296781575143095,5.12612294280891,5.1452175926731085,94759200,11.020000457763672,11.630000114440918,11.680000305175781,10.859999656677246,0.029906603196520276,27.246376210665257,48.01587301587302,0.0
2017-12-07,5.3238325119018555,5.3703756950855475,5.254614117755161,5.274902440445616,76156800,10.15999984741211,10.899999618530273,11.319999694824219,10.119999885559082,-0.09929077234685979,14.782600282646928,23.61111111111111,0.0
2017-12-08,5.394242763519287,5.480963769142909,5.370374342059678,5.441979151186231,88401600,9.579999923706055,10.0,10.0600004196167,9.430000305175781,-0.16185479720696083,6.376804983984492,4.9603174603174605,0.0
2017-12-11,5.517960548400879,5.524723777041409,5.400210443297496,5.402597331272879,71568000,9.34000015258789,9.739999771118164,10.079999923706055,9.279999732971191,-0.20034247358289548,2.898547719992951,1.1904761904761905,0.0
2017-12-12,5.497275352478027,5.546205418770693,5.462666159056977,5.510004663167643,73377600,9.920000076293945,9.359999656677246,9.920000076293945,9.210000038146973,-0.12444835453722558,11.304343018655388,16.666666666666664,0.0
2017-12-13,5.524722099304199,5.580414465892049,5.5048312204656495,5.559728261471449,83342400,10.180000305175781,9.779999732971191,10.210000038146973,9.649999618530273,-0.07622505605216234,15.072461965329104,26.58730158730159,0.0
2017-12-14,5.516765594482422,5.5967242678385505,5.495681955134743,5.5569443316189915,71246400,10.489999771118164,9.979999542236328,10.539999961853027,9.779999732971191,0.03248030793918866,19.565207475976738,36.507936507936506,0.0
2017-12-15,5.696177959442139,5.72084171078899,5.550979319485032,5.5812117175845914,111669600,9.420000076293945,10.119999885559082,10.199999809265137,9.220000267028809,-0.01670144558312403,4.057966807990131,2.380952380952381,0.0
2017-12-18,5.842568874359131,5.85927663163256,5.784091268649886,5.808357578893636,81081600,9.529999732971191,9.460000038146973,9.890000343322754,9.239999771118164,0.02034256716052152,5.652164598644815,5.158730158730158,0.0
2017-12-19,5.747494220733643,5.829839800714726,5.693790383679764,5.811143499437833,98868000,10.029999732971191,9.399999618530273,10.149999618530273,9.180000305175781,0.0110886749829886,12.898540809310072,21.23015873015873,0.0
2017-12-20,5.723625659942627,5.804778021697634,5.652418739597823,5.802391133969277,71150400,9.720000267028809,9.6899995803833,9.850000381469727,8.899999618530273,-0.045186642864155524,8.405795298662436,9.523809523809524,0.0
2017-12-21,5.7208404541015625,5.796423709008967,5.701348373739476,5.743913548666942,66518400,9.619999885559082,9.59000015258789,9.859999656677246,9.199999809265137,-0.08293612054734545,6.956514527983082,7.936507936507936,0.0
2017-12-22,5.701745986938477,5.708111324105194,5.653612164979025,5.696575231714648,42492000,9.899999618530273,9.369999885559082,10.180000305175781,9.350000381469727,0.05095536500517439,11.014481335973214,17.063492063492063,0.0
2017-12-26,5.609457015991211,5.62974488202179,5.545012402860504,5.61065023241851,48866400,10.25,10.1899995803833,10.460000038146973,10.130000114440918,0.07555092205698655,16.086950211985197,30.952380952380953,0.0
2017-12-27,5.609457015991211,5.654408633706395,5.593146234550056,5.6098539960463825,45196800,10.470000267028809,10.039999961853027,10.789999961853027,9.710000038146973,0.04386844922948718,19.275359614660324,38.88888888888889,0.0
2017-12-28,5.624572277069092,5.664353131879746,5.608262408853138,5.659181010716305,46730400,10.180000305175781,10.289999961853027,10.4399995803833,10.069999694824219,0.04732510550512403,15.072461965329104,29.166666666666668,0.0
2017-12-29,5.518357276916504,5.645654441361886,5.514378827955281,5.645654441361886,68558400,11.039999961853027,10.029999732971191,11.0600004196167,9.949999809265137,0.14760915729589108,27.536224071981675,54.36507936507936,0.0
2018-01-02,5.801596164703369,5.8135306040784585,5.564901837583116,5.605079675180262,91735200,9.770000457763672,10.949999809265137,11.069999694824219,9.520000457763672,-0.013131228866239186,9.130435684002116,11.30952380952381,0.0
2018-01-03,5.9714579582214355,5.993337837479442,5.824270802668565,5.825066128380966,85224000,9.149999618530273,9.5600004196167,9.649999618530273,8.9399995803833,-0.10731711038729042,0.14491701997532885,0.7936507936507936,0.0
2018-01-04,6.006466388702393,6.062955009069235,5.985382742513346,6.041473472338446,70024800,9.220000267028809,9.010000228881836,9.3100004196167,8.920000076293945,-0.11938872665900391,1.1594190879971804,1.5873015873015872,0.0
2018-01-05,6.187865734100342,6.200993391333818,6.058976960426608,6.090403941774277,82380000,9.220000267028809,9.100000381469727,9.539999961853027,9.0,-0.09430255494775219,1.1594190879971804,1.7857142857142856,0.0
2018-01-08,6.256685733795166,6.269416410873172,6.1811033707383185,6.187070363459726,72252000,9.520000457763672,9.609999656677246,9.890000343322754,9.319999694824219,-0.13768111497658275,5.507247578669486,6.349206349206349,0.0
2018-01-09,6.261458396911621,6.315958468602817,6.205766019493782,6.29487391441278,104169600,10.079999923706055,9.40999984741211,10.09000015258789,9.369999885559082,0.03172972890661874,13.62318119464975,26.785714285714285,0.0
2018-01-10,6.21690559387207,6.219292481938754,6.094779143432119,6.174339954477283,95853600,9.819999694824219,10.109999656677246,10.850000381469727,9.819999694824219,0.07322405510674379,9.855062247976033,15.674603174603174,0.0
2018-01-11,6.34141731262207,6.34141731262207,6.2192913398610346,6.248330516124764,74839200,9.880000114440918,9.6899995803833,10.020000457763672,9.619999885559082,0.07158349547692566,10.724633474656798,17.658730158730158,0.0
2018-01-12,6.475877285003662,6.500541036373266,6.302035532742617,6.319936965689966,89560800,10.15999984741211,9.739999771118164,10.3100004196167,9.539999961853027,0.10195222919296287,14.782600282646928,30.555555555555557,0.0
2018-01-16,6.425753593444824,6.709786903113314,6.368071754385024,6.606755100769756,165021600,11.65999984741211,10.420000076293945,12.40999984741211,10.399999618530273,0.2247898410449385,36.5217289146427,76.38888888888889,0.0
2018-01-17,6.628235340118408,6.661252965906738,6.423365902483851,6.5112805779276375,82624800,11.90999984741211,11.350000381469727,12.8100004196167,11.180000305175781,0.1815476128528808,40.14491701997533,82.14285714285714,0.0
2018-01-18,6.634600639343262,6.678757380334709,6.552255059680687,6.599195668449137,94394400,12.220000267028809,12.010000228881836,12.399999618530273,11.619999885559082,0.24439925120054196,44.637676351988716,85.31746031746032,0.0
2018-01-19,6.698248386383057,6.726890581796699,6.597604405350232,6.691486069436792,84948000,11.270000457763672,12.300000190734863,12.329999923706055,11.180000305175781,0.1406882922289734,30.869564315997884,64.28571428571429,0.0
2018-01-22,6.907495975494385,6.907495975494385,6.6652320762288015,6.682338182959205,103862400,11.029999732971191,11.59000015258789,11.619999885559082,10.84000015258789,0.08562991128200492,27.391293230640585,57.936507936507944,0.0
2018-01-23,7.082529067993164,7.099635172400119,6.963187414402828,6.973928181436049,129343200,11.100000381469727,10.770000457763672,11.569999694824219,10.760000228881836,-0.048027399079827005,28.40579529866244,60.71428571428571,0.0
2018-01-24,6.938921928405762,7.17084154965245,6.820375601987122,7.121116164761679,209073600,11.470000267028809,11.0,12.1899995803833,10.890000343322754,-0.03694370999332186,33.76811203599084,72.81746031746032,0.0
2018-01-25,6.930170059204102,7.08889468322168,6.864930128715136,7.083722561870121,133300800,11.579999923706055,11.270000457763672,12.010000228881836,11.199999809265137,-0.052373185706841574,35.36230982664552,75.39682539682539,0.0
2018-01-26,7.239663124084473,7.239663124084473,7.0045599179158815,7.041157649128786,106437600,11.079999923706055,11.399999618530273,11.600000381469727,11.079999923706055,-0.016858964182803526,28.115933615980264,59.523809523809526,0.0
2018-01-29,7.143791198730469,7.245629764247696,7.0972480283517,7.19669970625306,132348000,13.84000015258789,11.710000038146973,13.84000015258789,11.680000305175781,0.25475979035765217,68.11593361598027,94.04761904761905,0.0
2018-01-30,6.9611992835998535,7.055080958997096,6.8533932611555395,6.944889414466643,132506400,14.789999961853027,13.930000305175781,15.420000076293945,13.880000114440918,0.3324323832045415,81.8840456519711,96.82539682539682,0.0
2018-01-31,7.047124862670898,7.123105560969818,6.92181621195324,7.082927269268473,110997600,13.539999961853027,14.229999542236328,14.4399995803833,13.40999984741211,0.18047076256611394,63.76810512530796,93.25396825396825,0.0
2018-02-01,6.870898246765137,7.088895375443593,6.797701409473405,6.891186112130684,127968000,13.470000267028809,13.050000190734863,14.300000190734863,12.5,0.16321246595637962,62.75361687865186,92.85714285714286,0.0
2018-02-02,6.451211452484131,6.835491713269125,6.440869031450095,6.79412020812391,190185600,17.309999465942383,13.640000343322754,17.860000610351562,13.640000343322754,0.5622743307883082,100.0,100.0,0.0
2018-02-05,5.706520080566406,6.589251084536592,5.673104107211981,6.275382400819734,230628000,37.31999969482422,18.440000534057617,38.79999923706055,16.799999237060547,1.6965317401276105,100.0,100.0,0.0
2018-02-06,6.146492958068848,6.165984582684576,5.371567149248401,5.442774062465624,239383200,29.979999542236328,37.31999969482422,50.29999923706055,22.420000076293945,1.0270452751563197,73.95315712739075,99.60317460317461,0.0
2018-02-07,5.903432846069336,6.284929212627383,5.903432846069336,6.0888106463384375,176112000,27.729999542236328,31.3799991607666,31.639999389648438,21.170000076293945,1.0480058803812078,65.96877085422315,99.20634920634922,0.0
2018-02-08,5.171868801116943,5.972651621339872,5.171471821139699,5.964297742231561,216405600,33.459999084472656,27.290000915527344,36.16999816894531,24.40999984741211,1.4840384870944927,86.30233960546242,99.60317460317461,0.0
2018-02-09,5.415325164794922,5.535463035613051,4.821402224265719,5.378329549397149,320344800,29.059999465942383,32.18000030517578,41.060001373291016,27.729999542236328,0.6787984033805579,70.68843002495764,98.80952380952381,0.0
2018-02-12,5.718453407287598,5.823474180298977,5.459084826032876,5.6003049807432665,175056000,25.610000610351562,27.25,29.700000762939453,24.420000076293945,-0.3137727540254154,58.445708467169524,98.01587301587301,0.0
2018-02-13,5.788069248199463,5.831827634875715,5.583995163348217,5.618206000784731,108055200,24.969999313354492,26.940000534057617,27.81999969482422,24.469999313354492,-0.16711141779117322,56.174589546923805,97.61904761904762,0.0
2018-02-14,6.127001762390137,6.1508701890237045,5.695382906380307,5.7013498992256055,168115200,19.260000228881836,23.479999542236328,25.719999313354492,18.989999771118164,-0.3054453463099991,35.91199474254025,97.22222222222221,0.0
2018-02-15,6.447235107421875,6.45558898809455,6.09358597477079,6.285327794938379,190375200,19.1299991607666,18.389999389648438,20.65999984741211,17.600000381469727,-0.42827257369400196,35.45067085642629,96.82539682539682,0.0
2018-02-16,6.37523078918457,6.582487572118705,6.339030494387184,6.40029288193066,170553600,19.459999084472656,18.739999771118164,20.989999771118164,17.440000534057617,-0.3303510171333862,36.62171390575295,97.22222222222221,0.0
2018-02-20,6.4070563316345215,6.573339529105877,6.296068539970256,6.302035532535059,145869600,20.600000381469727,20.530000686645508,21.610000610351562,19.75,-0.19562671259198616,40.667140886702576,97.22222222222221,0.0
2018-02-21,6.349373817443848,6.691486338005453,6.344997477372922,6.498948316489167,177477600,20.020000457763672,20.760000228881836,21.040000915527344,16.969999313354492,-0.19823784508249687,38.60894380702396,96.82539682539682,0.0
2018-02-22,6.350567817687988,6.5379341831184155,6.302034736433848,6.441664712123776,166603200,18.719999313354492,20.56999969482422,20.610000610351562,18.06999969482422,-0.028037430379547534,33.99573878812493,95.23809523809523,0.0
2018-02-23,6.728880882263184,6.733256312205449,6.4261503885583,6.494572989599048,142768800,16.489999771118164,17.959999084472656,18.799999237060547,16.469999313354492,-0.13800311058365167,26.082326461813043,94.44444444444444,0.0
2018-02-26,6.998990058898926,7.002173182946983,6.8199775723885345,6.834696789597025,133951200,15.800000190734863,16.530000686645508,16.940000534057617,15.800000190734863,-0.18807806094184998,23.63378282710023,93.25396825396825,0.0
2018-02-27,6.748372554779053,7.0487161423646,6.739621240174355,7.011322175225483,173308800,18.59000015258789,15.829999923706055,18.979999542236328,15.289999961853027,-0.09757282483790086,33.53442167045909,94.84126984126983,0.0
2018-02-28,6.612720012664795,6.927781857917018,6.605957696320292,6.860950833319402,153014400,19.850000381469727,18.079999923706055,20.440000534057617,15.649999618530273,-0.008491512108233734,38.00567879564671,96.42857142857143,0.0
2018-03-01,6.294477462768555,6.715753391849125,6.1134755137715855,6.627440815254058,251916000,22.469999313354492,19.959999084472656,25.299999237060547,19.56999969482422,0.20032052016822566,47.30304924340425,97.22222222222221,0.0
2018-03-02,6.467523097991943,6.497755494687266,5.998111965824967,6.073695689077252,193399200,19.59000015258789,22.469999313354492,26.219999313354492,19.360000610351562,0.18799274860508497,37.0830377918669,95.63492063492063,0.0
2018-03-05,6.670403003692627,6.727686940309209,6.2996473842026965,6.376424312085592,148881600,18.729999542236328,21.549999237060547,21.56999969482422,17.940000534057617,0.18544299469183678,34.03122576155278,94.04761904761905,0.0
2018-03-06,6.75473690032959,6.829922263876742,6.63539525576368,6.769853551131481,142060800,18.360000610351562,18.25,19.639999389648438,17.68000030517578,-0.012372218415733105,32.71824158696283,92.85714285714286,0.0
2018-03-07,6.805259704589844,6.822364900180691,6.572543821319161,6.607152558284849,133764000,17.760000228881836,20.110000610351562,20.489999771118164,17.520000457763672,-0.10528967820771118,30.589070560428517,92.46031746031747,0.0
2018-03-08,6.906698703765869,6.930567122051667,6.8068486910971995,6.8812387237427295,115168800,16.540000915527344,17.559999465942383,17.68000030517578,14.90999984741211,-0.26390736889354505,26.259761328952298,91.66666666666666,0.0
2018-03-09,7.308881759643555,7.308881759643555,7.032406109347838,7.063435197631518,147348000,14.640000343322754,16.40999984741211,16.75,13.3100004196167,-0.2526799270397774,19.517388667743006,86.11111111111111,0.0
2018-03-12,7.418277263641357,7.485506644893178,7.333146452021606,7.3792926446825815,132679200,15.779999732971191,15.279999732971191,16.350000381469727,15.180000305175781,-0.1575013284230391,23.56280888024453,89.68253968253968,0.0
2018-03-13,7.1489644050598145,7.485507892134687,7.075369674090607,7.379293874226623,182292000,16.350000381469727,15.699999809265137,16.979999542236328,15.029999732971191,-0.109477133009929,25.585522370719342,90.87301587301587,0.0
2018-03-14,7.124697685241699,7.261145004741203,7.0332024366044745,7.239265577495772,133622400,17.229999542236328,16.59000015258789,17.59000015258789,14.9399995803833,-0.029842380620221265,28.708301579441052,91.66666666666666,0.0
2018-03-15,7.092872142791748,7.232502109164445,7.026836436267784,7.146178085534039,110896800,16.59000015258789,16.989999771118164,17.40999984741211,15.960000038146973,0.003022928312755413,26.437189427643442,91.26984126984127,0.0
2018-03-16,7.045931339263916,7.187549852694002,7.0332015750173404,7.133448582272195,78268800,15.800000190734863,16.600000381469727,16.719999313354492,15.229999542236328,0.0792349603967859,23.63378282710023,88.69047619047619,0.0
2018-03-19,6.603572845458984,6.861747819780672,6.407454229681931,6.861747819780672,194232000,19.020000457763672,16.6299991607666,21.8700008392334,16.559999465942383,0.20532324332190766,35.060327685616144,94.04761904761905,0.0
2018-03-20,6.652104377746582,6.699045443166,6.530773719535688,6.605162857074857,92193600,18.200000762939453,18.3799991607666,19.309999465942383,18.09000015258789,0.11314986778632896,32.15046354901343,92.06349206349206,0.0
2018-03-21,6.555834770202637,6.786561626660755,6.4738861754593175,6.603571612367635,132496800,17.860000610351562,17.760000228881836,18.3700008392334,16.260000228881836,0.03656419529036525,30.94393352625892,91.66666666666666,0.0
2018-03-22,6.076877117156982,6.428537215184295,6.0546007113828,6.301239565740644,205879200,23.34000015258789,18.1299991607666,23.809999465942383,18.1200008392334,0.40687160566102,50.390348247146235,97.22222222222221,0.0
2018-03-23,5.58598518371582,6.106314918467283,5.58598518371582,6.0546009858217404,217598400,24.8700008392334,24.020000457763672,26.010000228881836,21.6299991607666,0.5740506670257632,55.81973334954151,97.22222222222221,0.0
2018-03-26,6.214519023895264,6.239182319367048,5.663955510310372,5.927302599406638,183504000,21.030000686645508,23.40999984741211,24.540000915527344,20.709999084472656,0.105678242928821,42.19304690185963,96.03174603174604,0.0
2018-03-27,5.618605613708496,6.360512544420195,5.456698772560448,6.360512544420195,273614400,22.5,20.329999923706055,24.059999465942383,19.84000015258789,0.23626368443987156,47.40951016368781,96.42857142857143,0.0
2018-03-28,5.424873352050781,5.6814576236936,5.2908133977069935,5.52034657999351,242289600,22.8700008392334,22.520000457763672,24.940000534057617,21.709999084472656,0.28051512081013397,48.72250110672587,96.42857142857143,0.0
2018-03-29,5.725216388702393,5.875587106938493,5.3516769357453375,5.507218408677824,197073600,19.969999313354492,22.8700008392334,23.049999237060547,19.600000381469727,-0.14438735292209237,38.43150893988471,94.04761904761905,0.0
2018-04-02,5.216822147369385,5.668728798128733,5.0429804146298185,5.589963321459562,244953600,23.6200008392334,21.06999969482422,25.719999313354492,20.440000534057617,-0.05026135737108928,51.38396319778173,96.82539682539682,0.0
2018-04-03,5.3918561935424805,5.4578923607476435,5.107425026956654,5.360429216730349,221805600,21.100000381469727,23.030000686645508,23.3799991607666,20.920000076293945,0.0033285636014586117,42.441448947406485,94.84126984126983,0.0
2018-04-04,5.646849632263184,5.69577969645539,5.060086752485118,5.077192403188585,216729600,20.059999465942383,21.68000030517578,24.510000228881836,19.860000610351562,-0.1084444681803386,38.75088493228726,93.65079365079364,0.0
2018-04-05,5.735560894012451,5.837796458499723,5.615423896706008,5.81512170481414,183355200,18.940000534057617,19.760000228881836,20.209999084472656,18.56999969482422,-0.1718408465658594,34.77643866664144,90.07936507936508,0.0
2018-04-06,5.307522296905518,5.721239706947544,5.227960573634282,5.556946414616076,232291200,21.489999771118164,20.329999923706055,23.1200008392334,18.600000381469727,0.07611419679655196,43.825407068852144,94.84126984126983,0.0
2018-04-09,5.413736343383789,5.738742825242441,5.392254805455745,5.44754930202681,175891200,21.770000457763672,21.270000457763672,22.020000457763672,20.34000015258789,-0.07832346806681012,44.81902201948765,94.84126984126983,0.0
2018-04-10,5.7713623046875,5.829839458629709,5.554955862397122,5.666739870263467,194875200,20.469999313354492,20.510000228881836,21.68000030517578,20.239999771118164,-0.02985786998698392,40.20581700058862,92.85714285714286,0.0
2018-04-11,5.6742987632751465,5.862461396255799,5.657193566006763,5.672708111497122,143440800,20.239999771118164,20.950000762939453,21.65999984741211,19.639999389648438,0.008973096209767384,39.38963691709236,92.46031746031747,0.0
2018-04-12,5.8732008934021,5.937247148588932,5.767782222366379,5.788070084554035,142766400,18.489999771118164,19.829999923706055,19.920000076293945,18.15999984741211,-0.023759279316295068,33.17955870462868,86.90476190476191,0.0
2018-04-13,5.786082744598389,5.992543789481261,5.714874901150277,5.967482146777804,142485600,17.40999984741211,18.270000457763672,18.450000762939453,17.260000228881836,-0.1898557453308788,29.34705356424616,84.92063492063492,0.0
2018-04-16,5.9137773513793945,5.9825973851151115,5.799209014816364,5.904229800310687,118298400,16.559999465942383,17.59000015258789,17.65999984741211,16.3799991607666,-0.2393202058920162,26.33072850735989,83.33333333333334,0.0
2018-04-17,6.292089462280273,6.337836394095727,6.060566838486794,6.091197574933689,124147200,15.25,16.15999984741211,16.270000457763672,14.569999694824219,-0.255007302806747,21.682043283481118,78.96825396825396,0.0
2018-04-18,6.335848331451416,6.402679820552541,6.209744362009564,6.301239143064104,118089600,15.600000381469727,15.300000190734863,16.899999618530273,14.949999809265137,-0.22924898429443508,22.92406027966348,80.15873015873017,0.0
2018-04-19,6.163598537445068,6.284531758756704,6.096370064358361,6.244353922159666,129019200,15.960000038146973,15.550000190734863,16.920000076293945,15.15999984741211,-0.13683070655972174,24.201560865049633,81.34920634920636,0.0
2018-04-20,5.8680291175842285,6.126205426952287,5.803982858629418,6.116259985263335,140812800,16.8799991607666,16.15999984741211,17.5,15.1899995803833,-0.030442314261380554,27.466284583258698,83.73015873015873,0.0
2018-04-23,5.8218841552734375,6.019592939439349,5.728399463914517,5.949579690236349,123333600,16.34000015258789,17.290000915527344,17.559999465942383,15.789999961853027,-0.013284983118927451,25.55003539729149,81.34920634920636,0.0
2018-04-24,5.45073127746582,5.930881744609887,5.336958728544439,5.898659444510626,213019200,18.020000457763672,16.15999984741211,19.65999984741211,15.369999885559082,0.181639374279585,31.511711564208323,85.71428571428571,0.0
2018-04-25,5.472213268280029,5.537453199639682,5.24625925821798,5.476987043935012,210816000,17.84000015258789,18.139999389648438,19.84000015258789,17.75,0.14358972540660453,30.87295957940322,84.92063492063492,0.0
2018-04-26,5.811540603637695,5.867631329676268,5.6257657953901745,5.680264959369215,141993600,16.239999771118164,18.06999969482422,18.1200008392334,16.239999771118164,0.01754384287606192,25.19517243146109,80.15873015873017,0.0
2018-04-27,5.825065612792969,6.072500661641204,5.725216507421354,6.0657374345446735,164858400,15.40999984741211,16.219999313354492,16.770000457763672,15.25,-0.0870852717084929,22.24982132143052,76.19047619047619,0.0
2018-04-30,5.7009501457214355,5.9710603950598085,5.654008633688251,5.864050173124378,161124000,15.930000305175781,15.3100004196167,16.350000381469727,15.130000114440918,-0.025091789692986866,24.095103328990135,78.96825396825396,0.0
2018-05-01,5.8863301277160645,5.893887772688937,5.614230780315828,5.651226866016719,116978400,15.489999771118164,16.0,16.81999969482422,15.420000076293945,-0.14039959058688545,22.53371034040522,75.79365079365078,0.0
2018-05-02,5.783696174621582,5.9770295729376635,5.768181628414939,5.925314722417114,143652000,15.970000267028809,15.479999542236328,15.970000267028809,14.75,-0.10482062049129626,24.237047838477483,79.36507936507937,0.0
2018-05-03,5.784091472625732,5.847342400320612,5.5076172316934136,5.706519674656065,196072800,15.899999618530273,15.779999732971191,18.65999984741211,15.430000305175781,-0.020935970282004557,23.98864240870658,78.17460317460318,0.0
2018-05-04,6.109498023986816,6.152062750519291,5.6957797353065684,5.7108968439756955,185932800,14.770000457763672,15.9399995803833,16.920000076293945,10.90999984741211,-0.04153143387317526,19.97870916963291,73.4126984126984,0.0
2018-05-07,6.254696369171143,6.322323188294271,6.181102558111085,6.200197205460638,139063200,14.75,15.050000190734863,15.270000457763672,14.510000228881836,-0.07407409181231406,19.90773522277721,73.01587301587301,0.0
2018-05-08,6.234009265899658,6.282939321170267,6.1067116351553485,6.221279958077465,126715200,14.710000038146973,14.529999732971191,15.5600004196167,14.520000457763672,-0.05035505129093276,19.765790713289856,72.61904761904762,0.0
2018-05-09,6.442857265472412,6.458371806786606,6.209743986809402,6.27737034229517,114996000,13.420000076293945,14.539999961853027,14.630000114440918,13.380000114440918,-0.15967439875373823,15.188076052042732,69.84126984126983,0.0
2018-05-10,6.6433515548706055,6.656877099708436,6.48979906264924,6.504119933196653,119006400,13.229999542236328,13.359999656677246,13.630000114440918,12.920000076293945,-0.1679245371290612,14.513837093809778,69.44444444444444,0.0
2018-05-11,6.623462200164795,6.668016833132201,6.535944496301896,6.609539218801713,119697600,12.649999618530273,13.220000267028809,13.4399995803833,12.649999618530273,-0.14353424329916287,12.455640014131166,68.25396825396825,0.0
2018-05-14,6.65289831161499,6.782185851452829,6.623461246308503,6.6652306396347765,109183200,12.930000305175781,13.09000015258789,13.279999732971191,12.8100004196167,-0.12338980981859116,13.449254964766673,68.25396825396825,0.0
2018-05-15,6.437686443328857,6.505711143821165,6.330676217099652,6.494572031965844,174520800,14.630000114440918,13.130000114440918,15.010000228881836,12.5,-0.005438472025737107,19.481901694315155,71.42857142857143,0.0
2018-05-16,6.556232452392578,6.6035718611120755,6.450814688833622,6.4524053403128345,89712000,13.420000076293945,14.380000114440918,14.90999984741211,13.210000038146973,0.0,15.188076052042732,69.24603174603175,0.0
2018-05-17,6.482240676879883,6.631020308186219,6.38597166435894,6.489400884712598,103219200,13.430000305175781,13.539999961853027,13.859999656677246,12.649999618530273,0.015117216164744152,15.223563025470584,69.84126984126983,0.0
2018-05-18,6.378413200378418,6.472296237027667,6.3521583458692055,6.4082486141065615,85466400,13.420000076293945,13.180000305175781,13.869999885559082,13.0600004196167,0.060869603239808834,15.188076052042732,69.44444444444444,0.0
2018-05-21,6.489798545837402,6.612720290022775,6.4046677445373215,6.524805621334715,116892000,13.079999923706055,12.989999771118164,13.59000015258789,12.779999732971191,0.011600898297754014,13.981546029288225,67.46031746031747,0.0
2018-05-22,6.455985069274902,6.60754901651419,6.427741219235328,6.5729398294137935,96943200,13.220000267028809,13.029999732971191,13.420000076293945,12.770000457763672,-0.09637729571993181,14.478353504605979,68.25396825396825,0.0
2018-05-23,6.618290424346924,6.622268874208522,6.306808620764575,6.313173958442212,123045600,12.579999923706055,13.5,14.600000381469727,12.489999771118164,-0.06259315557469536,12.207237968584316,65.87301587301587,0.0
2018-05-24,6.612720012664795,6.648522412306691,6.413419699665173,6.6163001160533215,71110400,12.529999732971191,12.729999542236328,14.239999771118164,12.529999732971191,-0.06701418851477903,12.029806485669114,65.07936507936508,0.0
2018-05-25,6.629428386688232,6.702226864054617,6.5721444508717966,6.615107516547187,63081600,13.220000267028809,12.4399995803833,13.520000457763672,12.289999961853027,-0.014903115359770402,14.478353504605979,68.05555555555556,0.0
2018-05-29,6.544697284698486,6.656878292042125,6.424162396768212,6.538730292172653,94451200,17.020000457763672,14.390000343322754,18.780000686645508,14.390000343322754,0.3012232841773035,27.963095442800505,82.93650793650794,0.0
2018-05-30,6.684326648712158,6.716548953819786,6.569758756275482,6.611528613379001,70806400,14.9399995803833,16.600000381469727,16.639999389648438,14.649999618530273,0.130105845583395,20.581970796786113,73.80952380952381,0.0
2018-05-31,6.670005798339844,6.800088235579932,6.61630195631369,6.674779574353799,81056800,15.430000305175781,14.930000305175781,16.290000915527344,14.199999809265137,0.22655011118872248,22.320795268286222,74.60317460317461,0.0
2018-06-01,6.9802937507629395,6.991034518153073,6.7607050826497606,6.7607050826497606,77171200,13.460000038146973,14.920000076293945,14.930000305175781,13.369999885559082,0.07422189345532049,15.330020561530084,69.04761904761905,0.0
2018-06-04,7.159306526184082,7.1724337266333835,7.0196765444741915,7.029224095985297,64049600,12.739999771118164,13.90999984741211,13.90999984741211,12.6899995803833,-0.03630866007679168,12.775016006533718,64.28571428571429,0.0
2018-06-05,7.233296871185303,7.269099272124685,7.137823650262873,7.2165891144304055,55900000,12.399999618530273,12.90999984741211,13.34000015258789,12.300000190734863,-0.27144540040984466,11.568485983779212,62.301587301587304,0.0
2018-06-06,7.352639675140381,7.358606667032868,7.14617865994467,7.255972767573802,57628000,11.640000343322754,12.100000381469727,12.5600004196167,11.619999885559082,-0.2208834892735574,8.871540303519549,56.74603174603175,0.0
2018-06-07,7.181981086730957,7.365767351150675,7.068606419445946,7.362186791803283,78452000,12.130000114440918,11.65999984741211,13.279999732971191,11.220000267028809,-0.21386909432710277,10.610361390795607,59.92063492063492,0.0
2018-06-08,7.177207946777344,7.2082370358573415,7.020870650747767,7.068607045502034,49320800,12.180000305175781,12.539999961853027,13.3100004196167,12.09000015258789,-0.0950965623583615,10.78779287371081,59.92063492063492,0.0
2018-06-11,7.233296871185303,7.28700070022049,7.15572462310645,7.159305181876948,40836000,12.350000381469727,12.520000457763672,12.6899995803833,12.140000343322754,-0.03061219753963995,11.391057885088063,61.904761904761905,0.0
2018-06-12,7.347866058349609,7.366960705969681,7.240458380954016,7.263133587988813,47848000,12.34000015258789,12.289999961853027,12.600000381469727,11.880000114440918,-0.004838666757111865,11.355570911660212,61.50793650793651,0.0
2018-06-13,7.339511394500732,7.5101699885491415,7.296548328131586,7.375313798057601,72247200,12.9399995803833,12.130000114440918,12.949999809265137,11.979999542236328,0.11168377995850198,13.484738553970471,64.68253968253968,0.0
2018-06-14,7.562682151794434,7.597291348335847,7.424245820881167,7.444534143259794,90452800,12.119999885559082,12.979999542236328,13.069999694824219,11.880000114440918,-0.0008244211696197823,10.574874417367756,57.738095238095234,0.0
2018-06-15,7.487495422363281,7.529264818326101,7.375313978487815,7.475560984050853,77689600,11.979999542236328,12.1899995803833,13.15999984741211,11.930000305175781,-0.01642042347523298,10.078066942050002,56.74603174603175,0.0
2018-06-18,7.47078800201416,7.4886894337575365,7.270293969598554,7.3395123534038005,68726400,12.3100004196167,12.789999961853027,13.739999771118164,12.279999732971191,-0.003238863207894682,11.249113375600713,60.317460317460316,0.0
2018-06-19,7.403956413269043,7.406343301008282,7.115149370353125,7.183174077538436,107633600,13.350000381469727,14.609999656677246,14.680000305175781,13.210000038146973,0.08184766745485184,14.939674006495881,67.06349206349206,0.0
2018-06-20,7.55910062789917,7.65338019162726,7.486302143756145,7.501816686750304,79644800,12.789999961853027,12.899999618530273,13.020000457763672,12.25,-0.0115919338017344,12.95244748944892,63.49206349206349,0.0
2018-06-21,7.363380432128906,7.636672939786048,7.319224145884816,7.611610845469722,102280800,14.640000343322754,12.539999961853027,15.180000305175781,12.180000305175781,0.2079208318117427,19.517388667743006,71.23015873015873,0.0
2018-06-22,7.289388656616211,7.444532720273081,7.233297931925904,7.437372056934224,62227200,13.770000457763672,14.600000381469727,14.600000381469727,13.109999656677246,0.149415774951958,16.430093048225093,69.44444444444444,0.0
2018-06-25,6.82395601272583,7.144984907531439,6.622268775428189,7.115149493154447,171306400,17.329999923706055,15.069999694824219,19.610000610351562,14.5600004196167,0.4077984835881643,29.06316454527146,83.73015873015873,0.0
2018-06-26,6.899141788482666,7.014902893473518,6.8144088606977835,6.889594236801764,94165600,15.920000076293945,16.709999084472656,17.540000915527344,15.100000381469727,0.19250933493541078,24.059616355562284,77.38095238095238,0.0
2018-06-27,6.622269630432129,7.079348000970031,6.601981309305147,6.986261641776132,131838400,17.90999984741211,16.520000457763672,18.190000534057617,14.760000228881836,0.40031273657777966,31.121361624950072,85.31746031746032,0.0
2018-06-28,6.784573554992676,6.851405052089714,6.5482771100724655,6.590046966477737,111300000,16.850000381469727,17.540000915527344,18.989999771118164,16.399999618530273,0.150956283218596,27.359830431423248,81.34920634920636,0.0
2018-06-29,6.8156023025512695,6.988647801290066,6.8096353105779945,6.882433341055633,78536000,16.09000015258789,15.729999542236328,16.510000228881836,14.65999984741211,0.16848217993458214,24.662881366939533,78.17460317460318,0.0
2018-07-02,6.968359470367432,6.976713350166198,6.5972068340851,6.642556792458621,83296800,15.600000381469727,17.700000762939453,18.079999923706055,15.539999961853027,-0.09982686381145489,22.92406027966348,74.0079365079365,0.0
2018-07-03,6.728483200073242,7.050705786619042,6.710581768222572,7.043545122828309,56425600,16.139999389648438,15.369999885559082,16.450000762939453,14.680000305175781,0.013819052280162225,24.840309465630682,78.17460317460318,0.0
2018-07-05,6.975520133972168,6.992227893569934,6.753544573025137,6.860952249371218,65622400,14.970000267028809,15.619999885559082,16.219999313354492,14.470000267028809,-0.16415408182195568,20.688431717069662,70.63492063492063,0.0
2018-07-06,7.289388656616211,7.314450295423767,6.983873849609415,7.018483039535447,75012000,13.369999885559082,14.989999771118164,15.449999809265137,13.34000015258789,-0.20652821466625415,15.010644569127532,63.095238095238095,0.0
2018-07-09,7.492269039154053,7.500622918677458,7.326384209686035,7.408730243920008,72377600,12.6899995803833,13.020000457763672,13.220000267028809,12.600000381469727,-0.2113114070827239,12.597584523618515,58.333333333333336,0.0
2018-07-10,7.510170936584473,7.560294216840874,7.432598673042153,7.524491808764542,66784000,12.640000343322754,12.520000457763672,13.210000038146973,11.930000305175781,-0.18974358754907295,12.420156424927368,57.53968253968254,0.0
2018-07-11,7.400375843048096,7.4779481010752065,7.31445016082448,7.339511799170856,79829600,13.630000114440918,14.050000190734863,14.149999618530273,13.09000015258789,-0.15551421128413023,15.933285572907337,65.87301587301587,0.0
2018-07-12,7.765562057495117,7.771529504910371,7.475561776903821,7.491076320729304,81352000,12.579999923706055,13.069999694824219,13.329999923706055,12.420000076293945,-0.15965265869678658,12.207237968584316,56.547619047619044,0.0
2018-07-13,7.788235187530518,7.83239100880798,7.708275601816945,7.766753657272369,67876000,12.180000305175781,12.390000343322754,12.970000267028809,11.619999885559082,-0.08900520497899311,10.78779287371081,51.78571428571429,0.0
2018-07-16,7.735725402832031,7.835972858228523,7.695149680519888,7.794202554019029,55560000,12.829999923706055,12.770000457763672,12.970000267028809,12.460000038146973,0.01103233632404299,13.094391998936269,58.730158730158735,0.0
2018-07-17,7.878935813903809,7.924286226398326,7.492269099213714,7.494655986989861,75593600,12.0600004196167,12.90999984741211,13.180000305175781,11.850000381469727,-0.0458860686671142,10.361959345248756,49.60317460317461,0.0
2018-07-18,7.828811168670654,7.899223207635323,7.757206368904727,7.876548005349415,46537600,12.100000381469727,11.869999885559082,12.470000267028809,11.4399995803833,-0.11225236391232041,10.503903854736109,49.60317460317461,0.0
2018-07-19,7.713050842285156,7.824038617962064,7.683215428506466,7.752433806994123,76874400,12.869999885559082,12.199999809265137,13.09000015258789,11.789999961853027,0.023052461336390273,13.236336508423621,58.730158730158735,0.0
2018-07-20,7.7023115158081055,7.8562623798633116,7.677249874288144,7.776303679227529,57396000,12.859999656677246,13.0,13.579999923706055,12.489999771118164,0.05582917360129347,13.20084953499577,58.333333333333336,0.0
2018-07-23,7.769141674041748,7.784656672145611,7.542392799317992,7.634285929666083,63027200,12.619999885559082,13.470000267028809,13.550000190734863,12.579999923706055,-0.01636789083365109,12.349182478071667,55.55555555555556,0.0
2018-07-24,7.868195533752441,8.097331298165937,7.775109186365997,8.013792501922868,95066400,12.40999984741211,12.609999656677246,13.210000038146973,11.65999984741211,0.029021510416044727,11.603972957207063,53.96825396825397,0.0
2018-07-25,8.196385383605957,8.211899471886234,7.872969588806036,7.878936125604009,77241600,12.289999961853027,12.369999885559082,12.819999694824219,11.800000190734863,0.015702444164735097,11.178139428745009,51.587301587301596,0.0
2018-07-26,7.838361740112305,7.940995659864612,7.794204989821965,7.867003488960341,111888000,12.140000343322754,12.449999809265137,12.529999732971191,11.779999732971191,-0.056721021657151094,10.64584836422346,48.80952380952381,0.0
2018-07-27,7.511363506317139,7.983956800100793,7.372927206487173,7.976795681748724,118098400,13.029999732971191,12.170000076293945,14.260000228881836,11.600000381469727,0.01321929088899143,13.804114546373022,59.523809523809526,0.0
2018-07-30,7.1879472732543945,7.519716902960016,7.079346393766078,7.512556695572111,100805600,14.260000228881836,13.630000114440918,14.460000038146973,12.979999542236328,0.1299524848014766,18.16891413550115,66.86507936507937,0.0
2018-07-31,7.331158638000488,7.433792544429647,7.1497592495853795,7.264327140609976,95712000,12.829999923706055,13.979999542236328,14.119999885559082,12.8100004196167,0.03384368101999047,13.094391998936269,56.94444444444444,0.0
2018-08-01,7.431404113769531,7.498235597286448,7.308482367995077,7.3991818157481015,69301600,13.149999618530273,13.09000015258789,13.630000114440918,12.449999809265137,0.06997556219256329,14.229948074835075,59.92063492063492,0.0
2018-08-02,7.727372169494629,7.757207583276462,7.26074631615686,7.267906979355322,92242400,12.1899995803833,13.569999694824219,14.529999732971191,12.170000076293945,0.0041185531834064815,10.823276462914606,48.01587301587302,0.0
2018-08-03,7.796591281890869,7.803751490511044,7.673669511219695,7.767948626400856,72133600,11.640000343322754,12.430000305175781,12.460000038146973,11.069999694824219,-0.1066768548069249,8.871540303519549,41.07142857142857,0.0
2018-08-06,7.939802169799805,7.944575946467855,7.756015865351492,7.787044958441415,68068000,11.270000457763672,11.90999984741211,12.149999618530273,11.170000076293945,-0.20967739993876688,7.558552744705542,34.32539682539682,0.0
2018-08-07,8.017373085021973,8.067496365762732,7.954122148300827,8.001858996365446,71970400,10.930000305175781,11.119999885559082,11.239999771118164,10.520000457763672,-0.14809038424229726,6.352022721951036,29.365079365079367,0.0
2018-08-08,8.038853645324707,8.097330799090642,7.924285770179298,7.991116803054653,63434400,10.850000381469727,10.930000305175781,11.180000305175781,10.520000457763672,-0.1749048900214044,6.068133702976334,29.365079365079367,0.0
2018-08-09,8.031694412231445,8.127167197851744,7.998277981234463,8.031694412231445,54530400,11.270000457763672,10.9399995803833,11.3100004196167,10.170000076293945,-0.07547162873574931,7.558552744705542,34.12698412698413,0.0
2018-08-10,7.844326972961426,7.942187088516269,7.759593601104925,7.8717750422914,85626400,13.15999984741211,12.34000015258789,13.819999694824219,12.300000190734863,0.13058414598426515,14.265435048262926,60.317460317460316,0.0
2018-08-13,7.821652412414551,8.040047866132051,7.810911189680207,7.887289778329289,92674400,14.779999732971191,14.5,15.020000457763672,12.949999809265137,0.3114462406955407,20.014192758836707,70.23809523809523,0.0
2018-08-14,7.9660563468933105,7.994698092300383,7.784657411975622,7.907579184456674,60727200,13.3100004196167,13.930000305175781,14.220000267028809,13.109999656677246,0.21774931820577303,14.797729497008532,61.904761904761905,0.0
2018-08-15,7.676055908203125,7.8526819742176235,7.528072497545346,7.785850022223262,115857600,14.640000343322754,13.520000457763672,16.860000610351562,13.4399995803833,0.3493087399633472,19.517388667743006,68.25396825396825,0.0
2018-08-16,7.746466159820557,7.894449536003104,7.701115754656553,7.845519027379719,65142400,13.449999809265137,14.180000305175781,14.359999656677246,12.819999694824219,0.1934338298983571,15.294533588102233,63.888888888888886,0.0
2018-08-17,7.745274066925049,7.807331330711466,7.5435863662361,7.684409564198541,70262400,12.640000343322754,13.180000305175781,13.960000038146973,12.399999618530273,-0.03951364058652418,12.420156424927368,53.37301587301587,0.0
2018-08-20,7.72976016998291,7.808526115387078,7.637867477516137,7.801365905988429,67461600,12.489999771118164,12.569999694824219,12.789999961853027,12.260000228881836,-0.15493910711950154,11.887861976181762,51.587301587301596,0.0
2018-08-21,7.809718132019043,7.950541320211474,7.782269150966851,7.797783238210965,67069600,12.859999656677246,12.470000267028809,12.890000343322754,12.09000015258789,-0.033809222295457464,13.20084953499577,56.94444444444444,0.0
2018-08-22,7.900418281555176,7.926673594940859,7.732146998363275,7.757208640093784,63313600,12.25,13.09000015258789,13.289999961853027,11.970000267028809,-0.16325138574281683,11.03619491925766,48.61111111111111,0.0
2018-08-23,7.861034870147705,8.02691969200734,7.825232010686897,7.861034870147705,71133600,12.40999984741211,12.029999732971191,12.680000305175781,11.649999618530273,-0.07732341833466905,11.603972957207063,50.99206349206349,0.0
2018-08-24,8.079429626464844,8.099718399665644,7.936220005603154,7.944573884978343,63956800,11.989999771118164,12.130000114440918,12.170000076293945,11.829999923706055,-0.05142409450550067,10.113553915477853,43.65079365079365,0.0
2018-08-27,8.322887420654297,8.324081092239645,8.165356460060055,8.209513203671529,72851200,12.15999984741211,12.369999885559082,12.479999542236328,12.020000457763672,-0.026421131285297994,10.716818926855106,46.03174603174603,0.0
2018-08-28,8.359883308410645,8.421940568473696,8.310952792751383,8.3921051546828,65224800,12.5,12.010000228881836,12.5,11.869999885559082,-0.02799375321058617,11.923348949609615,51.587301587301596,0.0
2018-08-29,8.65227222442627,8.664206210910724,8.395687417738875,8.40284853803339,65735200,12.25,12.34000015258789,12.550000190734863,12.09000015258789,0.0,11.03619491925766,47.817460317460316,0.0
2018-08-30,8.603338241577148,8.754902631635062,8.515025684447671,8.599758138119856,87863200,13.529999732971191,12.25,13.949999809265137,12.239999771118164,0.09024979043755899,15.578422607076932,65.47619047619048,0.0
2018-08-31,8.628403663635254,8.705975025751952,8.541283838274767,8.571119257705726,63180000,12.859999656677246,13.539999961853027,14.029999732971191,12.819999694824219,0.07256045889631801,13.20084953499577,56.34920634920635,0.0
2018-09-04,8.52577018737793,8.596181343821769,8.381366859149985,8.553218264786453,80209600,13.15999984741211,13.130000114440918,14.350000381469727,13.119999885559082,0.08223684313719959,14.265435048262926,59.72222222222222,0.0
2018-09-05,8.186838150024414,8.47683843640181,8.105685780282869,8.473258332083084,107729600,13.90999984741211,13.6899995803833,14.300000190734863,13.229999542236328,0.11279998779296885,16.926897139318793,67.06349206349206,0.0
2018-09-06,7.963669300079346,8.226220585492463,7.802557332139214,8.201158946380678,115504800,14.649999618530273,14.210000038146973,15.40999984741211,13.720000267028809,0.19591833620655286,19.552872256946806,69.04761904761905,0.0
2018-09-07,7.884904384613037,8.078238224761526,7.783464143558566,7.800171905120257,77009600,14.880000114440918,14.720000267028809,15.630000114440918,14.3100004196167,0.09977830067357041,20.369055724667113,71.03174603174604,0.0
2018-09-10,7.9541215896606445,8.022146297461152,7.820458606568164,8.00663129938964,55448800,14.15999984741211,15.09000015258789,15.199999809265137,13.930000305175781,0.10108866449773735,17.814051169670748,66.26984126984127,0.0
2018-09-11,8.130748748779297,8.172519067331336,7.79301246899328,7.849102296653957,70522400,13.220000267028809,13.960000038146973,14.920000076293945,13.210000038146973,0.004559302455348968,14.478353504605979,58.730158730158735,0.0
2018-09-12,8.060336112976074,8.11403949768852,7.8514882005315645,8.097331737533331,88261600,13.140000343322754,13.069999694824219,13.859999656677246,12.90999984741211,-0.05535582405003481,14.194464485631277,56.74603174603175,0.0
2018-09-13,8.299020767211914,8.356304265321995,8.195193174943311,8.198773279762092,74676000,12.369999885559082,12.90999984741211,12.90999984741211,12.300000190734863,-0.15563138514265207,11.462028447719712,46.03174603174603,0.0
2018-09-14,8.23576831817627,8.370624067940694,8.140294624738253,8.328854668500794,76688000,12.069999694824219,12.130000114440918,13.149999618530273,11.930000305175781,-0.18884411276916702,10.397442934452556,39.682539682539684,0.0
2018-09-17,7.888482570648193,8.214285662873879,7.859840830723193,8.189224026626441,72823200,13.680000305175781,12.720000267028809,13.75,12.319999694824219,-0.03389827312208993,16.110717055822537,64.68253968253968,0.0
2018-09-18,8.075851440429688,8.192806689962266,7.893258811791038,7.905192797946253,72758400,12.789999961853027,13.479999542236328,13.479999542236328,12.5600004196167,-0.032526497465224624,12.95244748944892,51.388888888888886,0.0
2018-09-19,8.05794906616211,8.136715004508819,7.899225338850298,8.07943060293806,58962400,11.75,12.609999656677246,12.770000457763672,11.65999984741211,-0.10578388942197392,9.26188685855375,36.507936507936506,0.0
2018-09-20,8.310952186584473,8.351528819842974,8.158195024797305,8.213092072908037,62683200,11.800000190734863,11.819999694824219,11.960000038146973,11.3100004196167,-0.04607919968452423,9.439318341468951,36.904761904761905,0.0
2018-09-21,8.178483963012695,8.42313473466853,8.152228651653967,8.384945439193459,60281600,11.680000305175781,11.760000228881836,12.029999732971191,11.100000381469727,-0.03231146640506333,9.013484813006901,35.51587301587302,0.0
2018-09-24,8.248895645141602,8.257249524696753,7.905191090862003,8.009018660051396,52875200,12.199999809265137,12.460000038146973,12.920000076293945,12.180000305175781,-0.10818716834024422,10.858763436342459,42.06349206349206,0.0
2018-09-25,8.28231143951416,8.297825527632552,8.152228555812849,8.23338092155639,43259200,12.420000076293945,12.279999732971191,12.600000381469727,11.800000190734863,-0.028928841803176675,11.639459930634914,46.42857142857143,0.0
2018-09-26,8.273957252502441,8.529348324227488,8.247701942427133,8.289471340044859,70920000,12.890000343322754,12.210000038146973,13.130000114440918,11.550000190734863,0.09702130581470247,13.307310455279323,53.96825396825397,0.0
2018-09-27,8.503094673156738,8.590214499903807,8.381366560563114,8.396880651132424,58525600,12.40999984741211,12.770000457763672,13.0,11.9399995803833,0.05169488532349398,11.603972957207063,45.23809523809524,0.0
2018-09-28,8.489965438842773,8.562763922733557,8.387331540587063,8.430294610112922,61857600,12.119999885559082,12.59000015258789,13.220000267028809,12.09000015258789,0.0376711959663496,10.574874417367756,37.89682539682539,0.0
2018-10-01,8.538894653320312,8.732227526200148,8.48280393718697,8.652268846416403,68232000,12.0,11.989999771118164,12.399999618530273,11.569999694824219,-0.01639342724524051,10.149040888905704,36.11111111111111,0.0
2018-10-02,8.489965438842773,8.68329925170914,8.430294610112922,8.516220749164642,64787200,12.050000190734863,12.470000267028809,12.6899995803833,11.609999656677246,-0.029790650828199317,10.326472371820907,36.11111111111111,0.0
2018-10-03,8.515027046203613,8.652270133876362,8.47683775237772,8.593792976878344,66569600,11.609999656677246,11.65999984741211,12.140000343322754,11.34000015258789,-0.0993018349536795,8.765079383235996,30.952380952380953,0.0
2018-10-04,8.029306411743164,8.423134237887602,7.84074637811015,8.413586686955776,150889600,14.220000267028809,12.84000015258789,15.84000015258789,12.420000076293945,0.14585015647636324,18.026969626013802,66.26984126984127,0.0
2018-10-05,7.727372169494629,8.094944685807903,7.497042738678699,8.01975886035476,132924000,14.819999694824219,14.289999961853027,17.360000610351562,11.720000267028809,0.22277226359400992,20.15613726832406,70.63492063492063,0.0
2018-10-08,7.5889363288879395,7.787043470226915,7.308483604398317,7.618771744482679,119353600,15.6899995803833,16.049999237060547,18.3799991607666,15.6899995803833,0.30749996503194166,23.243432887841976,74.20634920634922,0.0
2018-10-09,7.6474127769470215,7.82881167546374,7.541198331223666,7.598482265795089,104289600,15.949999809265137,16.1200008392334,17.489999771118164,15.270000457763672,0.32365141550196386,24.16607389162178,76.5873015873016,0.0
2018-10-10,6.6556854248046875,7.525686365131626,6.616302452613878,7.517332484106734,242856000,22.959999084472656,16.030000686645508,22.959999084472656,15.829999923706055,0.977605492112801,49.04187033068032,96.03174603174604,0.0
2018-10-11,6.385970592498779,6.832308500997161,6.185477067546085,6.564983042306565,222432000,24.979999542236328,23.06999969482422,28.84000015258789,20.649999618530273,0.7566806661850902,56.21007652035166,97.61904761904762,0.0
2018-10-12,6.925395965576172,6.983873575753034,6.539922481702916,6.895560552379304,168488000,21.309999465942383,21.6299991607666,26.799999237060547,20.8799991607666,0.43792172096904647,43.18665508404704,93.25396825396825,0.0
2018-10-15,6.664037704467773,6.887206460831343,6.593626113283256,6.857371048554043,159735200,21.299999237060547,21.969999313354492,22.889999389648438,19.469999313354492,0.35755256894278364,43.15116811061918,92.85714285714286,0.0
2018-10-16,7.238072395324707,7.300129662482969,6.844244524055426,6.878853717270396,124466400,17.6200008392334,20.280000686645508,20.559999465942383,17.549999237060547,0.10470226018424023,30.092266469334817,82.14285714285714,0.0
2018-10-17,7.261939525604248,7.372927301189029,7.0351906542257945,7.360993317788373,130120800,17.399999618530273,17.059999465942383,19.549999237060547,17.059999465942383,-0.24216026514140798,29.311566590818313,81.34920634920636,0.0
2018-10-18,6.7583184242248535,7.176014239846251,6.660458298128025,7.167660359954008,156348800,20.059999465942383,18.020000457763672,21.56999969482422,17.510000228881836,-0.19695757271633174,38.75088493228726,90.27777777777779,0.0
2018-10-19,6.730869770050049,7.087701076597552,6.658071284999592,6.896754603721193,134836800,19.889999389648438,19.239999771118164,21.079999923706055,18.389999389648438,-0.06663538769972233,38.14761992091001,88.88888888888889,0.0
2018-10-22,6.832310676574707,6.991035317800538,6.67955348311108,6.85140532575766,114926400,19.639999389648438,19.3799991607666,20.889999389648438,18.81999969482422,-0.07793426792822711,37.26046589055805,88.09523809523809,0.0
2018-10-23,6.7571234703063965,6.859757352650253,6.233213748123066,6.467123251219349,176781600,20.709999084472656,22.18000030517578,24.65999984741211,20.18000030517578,0.17536879103654424,41.057484057512724,91.66666666666666,0.0
2018-10-24,5.838193893432617,6.766672334463715,5.809552149459994,6.732063143182176,204842400,25.229999542236328,21.600000381469727,26.3799991607666,20.399999618530273,0.45000000548088703,57.097230550703614,97.61904761904762,0.0
2018-10-25,6.437289237976074,6.536343038320503,6.018400194672843,6.097165675262011,152073600,24.219999313354492,24.780000686645508,24.780000686645508,22.059999465942383,0.20737786431524619,53.51312745586794,96.03174603174604,0.0
2018-10-26,5.937247276306152,6.30481978851615,5.666341667561005,5.776136225783681,244761600,24.15999984741211,24.510000228881836,27.520000457763672,23.329999923706055,0.21468077369504357,53.30021238374895,95.63492063492063,0.0
2018-10-29,5.6197991371154785,6.2773715243000705,5.231938717993743,6.203379817969038,217961600,24.700000762939453,24.479999542236328,27.860000610351562,22.010000228881836,0.2576375524715122,55.21646833816426,96.03174603174604,0.0
2018-10-30,5.836999416351318,5.853707172601919,5.438398332685595,5.518357465780602,184865600,23.350000381469727,23.940000534057617,25.549999237060547,23.110000610351562,0.12747471818945733,50.42583522057408,94.44444444444444,0.0
2018-10-31,6.230829238891602,6.40387477247839,6.11626133102469,6.11626133102469,180157600,21.229999542236328,22.719999313354492,22.799999237060547,20.389999389648438,-0.15854142182221576,42.902766065072335,90.47619047619048,0.0
2018-11-01,6.502927780151367,6.518441869425642,6.138935323482748,6.2857255225357775,126066400,19.34000015258789,20.959999084472656,21.209999084472656,19.030000686645508,-0.20148634595855885,36.19588376151495,84.12698412698413,0.0
2018-11-02,6.211733341217041,6.555437451107099,6.0625562655141705,6.438482678386325,174357600,19.510000228881836,18.520000457763672,21.610000610351562,18.049999237060547,-0.1924668728434763,36.7991487728922,84.52380952380952,0.0
2018-11-05,6.150869369506836,6.222474184614832,5.938440901548799,6.215313976255419,102600800,19.959999084472656,20.579999923706055,20.8700008392334,19.639999389648438,-0.19190289603467636,38.37415490473989,86.11111111111111,0.0
2018-11-06,6.280951499938965,6.38835871748152,6.118646774494438,6.135354533539794,111461600,19.90999984741211,19.84000015258789,20.600000381469727,19.690000534057617,-0.14732336093611198,38.19666382584343,85.71428571428571,0.0
2018-11-07,6.858564853668213,6.869305620507482,6.46473703972986,6.505313219427958,138552000,16.360000610351562,18.030000686645508,18.049999237060547,16.329999923706055,-0.2293923239233273,25.594607640376832,71.42857142857143,0.0
2018-11-08,6.741610050201416,6.84066338357838,6.642556261572183,6.777412454370773,117524800,16.719999313354492,16.18000030517578,17.200000762939453,16.09000015258789,-0.13547056972917426,26.872558304302746,73.01587301587301,0.0
2018-11-09,6.3990983963012695,6.59720549389613,6.240374257116407,6.554242432086028,136739200,17.360000610351562,16.8700008392334,18.40999984741211,16.84000015258789,-0.11019987664313291,29.144483385111158,75.39682539682539,0.0
2018-11-12,5.836999416351318,6.300045092914113,5.798810129135028,6.2654359091080325,154367200,20.450000762939453,17.260000228881836,20.709999084472656,17.25,0.02454918341394019,40.11359997800828,88.09523809523809,0.0
2018-11-13,5.834613800048828,6.146095611654606,5.780909960935364,5.903832182740029,154454400,20.020000457763672,19.450000762939453,21.25,19.110000610351562,0.005524892576323159,38.58715232443642,86.30952380952381,0.0
2018-11-14,5.686629772186279,6.064942582008753,5.594736647579811,6.000497982115553,156124000,21.25,20.520000457763672,22.360000610351562,19.299999237060547,0.2988997070424533,42.95349786545548,90.47619047619048,0.0
2018-11-15,5.990950584411621,6.039880639952091,5.514777227357387,5.6556004028645415,169816800,19.979999542236328,20.40999984741211,22.969999313354492,19.940000534057617,0.19497609825127382,38.44515404463873,85.31746031746032,0.0
2018-11-16,5.925313472747803,6.014819715808934,5.742720427331535,5.819099015236667,134324800,18.139999389648438,20.040000915527344,21.360000610351562,18.100000381469727,0.044930803679336995,31.913382132659518,76.98412698412699,0.0
2018-11-19,5.357247352600098,5.865643108374024,5.298770190778964,5.838194124373687,186492000,20.100000381469727,18.780000686645508,20.989999771118164,18.520000457763672,-0.017114932440687958,38.871142113181136,86.90476190476191,0.0
2018-11-20,5.060086727142334,5.279675406741016,4.8572058076350215,4.978934359339409,202991200,22.479999542236328,20.760000228881836,23.809999465942383,20.3700008392334,0.12287707433686301,47.31984340647454,92.46031746031747,0.0
2018-11-21,5.173460006713867,5.325023946921869,5.1460114836410815,5.254612359821336,115115200,20.799999237060547,21.65999984741211,22.309999465942383,20.110000610351562,-0.021176506491268343,41.35605107198477,88.4920634920635,0.0
2018-11-23,5.058893203735352,5.21761783975696,5.0421854431546205,5.045765547492683,56880000,21.520000457763672,21.229999542236328,22.649999618530273,20.649999618530273,0.07707712466518779,43.9119659415379,91.26984126984127,0.0
2018-11-26,5.406177043914795,5.415724595124579,5.205683021032323,5.272514513743913,119964800,18.899999618530273,20.780000686645508,20.799999237060547,18.670000076293945,0.0418963756589501,34.611288511159685,77.77777777777779,0.0
2018-11-27,5.46226692199707,5.504036313931101,5.237904511138866,5.325023853781436,120163200,19.020000457763672,19.40999984741211,19.93000030517578,18.700000762939453,-0.05373133846811817,35.03727657970209,78.37301587301587,0.0
2018-11-28,5.980210781097412,5.986177773172331,5.489716475350707,5.585189714306344,195064800,18.489999771118164,18.8700008392334,19.3799991607666,18.18000030517578,-0.17749109663554896,33.15583999748666,75.59523809523809,0.0
2018-11-29,5.925313472747803,6.047041562688922,5.785683496841245,5.909798929813231,129044800,18.790000915527344,18.649999618530273,20.479999542236328,18.59000015258789,-0.09663453823363,34.220806783417345,76.98412698412699,0.0
2018-11-30,6.0494279861450195,6.067329415484143,5.863255306228977,5.947987767229343,116635200,18.06999969482422,19.18000030517578,19.90999984741211,18.030000686645508,-0.16031601717251875,31.664891913864217,73.4126984126984,0.0
2018-12-03,6.35971736907959,6.480252249129185,6.235601929546716,6.453997392681618,149343200,16.440000534057617,16.040000915527344,17.280000686645508,15.9399995803833,-0.13015868434519862,25.87859742912155,65.07936507936508,0.0
2018-12-04,5.660374641418457,6.323914396365368,5.617411573473741,6.2714037776541485,210096000,20.739999771118164,16.84000015258789,21.940000534057617,16.260000228881836,0.09043108685375523,41.14306042313889,87.6984126984127,0.0
2018-12-06,5.742720603942871,5.754655043202763,5.23074522387968,5.2999631505778195,196156000,21.190000534057617,23.530000686645508,25.940000534057617,20.940000534057617,0.1460249213824718,42.7405072166096,88.88888888888889,0.0
2018-12-07,5.18062162399292,5.77852316124092,5.131691559887804,5.6806630330306875,222987200,23.229999542236328,22.420000076293945,24.709999084472656,19.899999618530273,0.23629581747598194,49.98225021502529,93.65079365079364,0.0
2018-12-10,5.342926502227783,5.413338104178831,4.990868492472545,5.150786344941755,176468800,22.639999389648438,23.950000762939453,25.940000534057617,22.5,0.2529053553959495,47.887822983963986,92.46031746031747,0.0
2018-12-11,5.400210380554199,5.609058295824251,5.261774066356716,5.600704415633635,172163200,21.760000228881836,22.959999084472656,23.600000381469727,21.389999389648438,0.32360094416074636,44.763935307772066,90.47619047619048,0.0
2018-12-12,5.536259651184082,5.791650736123671,5.533872763303524,5.635313449591813,169451200,21.459999084472656,21.90999984741211,21.90999984741211,20.5,0.03471549283029107,43.69896852184137,89.28571428571429,0.0
2018-12-13,5.537453651428223,5.715272484187293,5.4324328547117045,5.6448608809146315,164724800,20.649999618530273,21.0,21.56999969482422,20.34000015258789,-0.025483761298610075,40.82357106444475,84.92063492063492,0.0
2018-12-14,5.119757175445557,5.40975743316708,5.097081969661356,5.357246813668749,156177600,21.6299991607666,21.56999969482422,22.469999313354492,20.950000762939453,-0.06887647064136349,44.302447669280234,90.07936507936508,0.0
2018-12-17,4.789180278778076,5.190168273581879,4.665064860338377,5.068439742641279,200592800,24.520000457763672,22.360000610351562,25.8799991607666,21.969999313354492,0.08303891867483082,54.56159317574089,95.63492063492063,0.0
2018-12-18,4.869139671325684,5.013542971684618,4.746217906338592,4.902555645933167,157893600,25.579999923706055,24.68000030517578,26.139999389648438,23.639999389648438,0.1755514547170809,58.324459569321085,97.61904761904762,0.0
2018-12-19,4.5170817375183105,5.0827614173272195,4.401320634618796,4.858398964654876,307862400,25.579999923706055,25.149999618530273,26.639999389648438,22.5,0.19198513583415844,58.324459569321085,97.42063492063492,0.0
2018-12-20,4.335682392120361,4.628069072380924,4.144735477687447,4.471731801193105,320818400,28.3799991607666,26.09000015258789,30.299999237060547,24.68000030517578,0.3743341251832186,68.26410894623695,98.4126984126984,0.0
2018-12-21,3.9167933464050293,4.4645715982277885,3.843994859075829,4.373872134585512,369034400,30.110000610351562,28.239999771118164,31.350000381469727,25.709999084472656,0.3920481635970816,74.40539913047381,99.20634920634922,0.0
2018-12-24,3.6267924308776855,3.9728833750971164,3.6184385523501756,3.818932547514886,175600800,36.06999969482422,29.290000915527344,36.099998474121094,29.15999984741211,0.471044005768096,95.5626553190821,99.60317460317461,0.0
2018-12-26,4.285373687744141,4.294933681847176,3.6615684590644704,3.7404403478507344,378235200,30.40999984741211,35.5,36.20000076293945,29.59000015258789,0.18881938772915685,75.47035914555386,98.80952380952381,0.0
2018-12-27,4.346320629119873,4.349906026343779,3.8384332709609046,4.134800427606049,341834400,29.959999084472656,31.200000762939453,33.79999923706055,29.65999984741211,0.17122748920368336,73.87291235208315,97.61904761904762,0.0
2018-12-28,4.328393936157227,4.554254279111029,4.226816226917996,4.421606025409969,304842400,28.34000015258789,29.969999313354492,31.049999237060547,27.43000030517578,-0.001409408363690412,68.12211743728992,96.42857142857143,0.0
2018-12-31,4.426387310028076,4.502869089367828,4.3080792442030855,4.464628199697952,216966400,25.420000076293945,27.59000015258789,27.639999389648438,25.329999923706055,-0.15576221982689809,57.75647999183165,94.44444444444444,0.0
2019-01-02,4.4897236824035645,4.568595574055911,4.150335445867055,4.156310499381995,271665600,23.219999313354492,27.540000915527344,28.530000686645508,23.049999237060547,-0.35625174633183065,49.946750645075866,89.28571428571429,0.0
2019-01-03,4.0547332763671875,4.351100402180243,4.018882498929717,4.299714120701833,330510400,25.450000762939453,25.68000030517578,26.600000381469727,24.049999237060547,-0.16310421273792775,57.862978701679914,94.44444444444444,0.0
2019-01-04,4.573375701904297,4.631931863319079,4.202916465584809,4.248327691893361,272964000,21.3799991607666,24.360000610351562,24.479999542236328,21.190000534057617,-0.2863818486614308,43.27401829663243,83.73015873015873,0.0
2019-01-07,4.719169616699219,4.798041510711614,4.556645603372495,4.597276606704176,213106400,21.399999618530273,22.059999465942383,22.709999084472656,20.90999984741211,-0.24488357433632146,43.34519430435821,83.73015873015873,0.0
2019-01-08,4.85540246963501,4.91276380120108,4.648662527990422,4.8625723511636805,211622400,20.469999313354492,20.959999084472656,22.030000686645508,20.09000015258789,-0.19472858961773565,39.38848617302562,77.97619047619048,0.0
2019-01-09,4.9701247215271,5.039436153817521,4.851816671552376,4.913958222907379,178098400,19.979999542236328,20.440000534057617,22.799999237060547,19.479999542236328,-0.1395348779900586,36.94545399058949,74.40476190476191,0.0
2019-01-10,5.01792573928833,5.02270550765531,4.77533460187361,4.856596590386825,175131200,19.5,20.979999542236328,21.31999969482422,19.290000915527344,-0.23379177149589336,35.20000110973011,70.63492063492063,0.0
2019-01-11,4.958174705505371,4.97490503581291,4.876912710411061,4.928298985422678,120804800,18.190000534057617,19.68000030517578,20.15999984741211,18.1200008392334,-0.1492048059834724,30.28425855209368,63.888888888888886,0.0
2019-01-14,4.829111576080322,4.892447959403147,4.763385080347744,4.831501688490077,111383200,19.06999969482422,19.84000015258789,20.270000457763672,18.700000762939453,-0.10887850304859381,32.805596087884666,68.65079365079364,0.0
2019-01-15,5.096798419952393,5.129063798956854,4.882888138321164,4.8924481324309514,145125600,18.600000381469727,18.530000686645508,19.200000762939453,17.979999542236328,-0.09135315068939898,29.278429169017826,65.47619047619048,0.0
2019-01-16,5.103967666625977,5.241396154813193,5.100382726264197,5.135038669319031,135892800,19.040000915527344,18.079999923706055,19.040000915527344,17.760000228881836,-0.047046979391660804,30.940690391048275,68.25396825396825,0.0
2019-01-17,5.223471164703369,5.290392946603361,5.026291671527733,5.0549721095796265,142040000,18.059999465942383,19.510000228881836,19.719999313354492,17.850000381469727,-0.073846181233724,27.238380323021428,61.50793650793651,0.0
2019-01-18,5.3668742179870605,5.450526323530488,5.240201003543167,5.344168835341726,166908800,17.799999237060547,17.799999237060547,18.18000030517578,17.170000076293945,-0.021440422514933943,26.256135382989783,59.523809523809526,0.0
2019-01-22,5.070508003234863,5.267687967461688,4.937859713395077,5.259322345196069,181734400,20.799999237060547,18.530000686645508,21.149999618530273,18.200000762939453,0.090718383320471,37.58972086777087,79.96031746031747,0.0
2019-01-23,5.075287342071533,5.198375159746618,4.902008078906519,5.132648668440523,166093600,19.520000457763672,20.850000381469727,22.020000457763672,19.469999313354492,0.049462368678792945,32.754062339245344,70.63492063492063,0.0
2019-01-24,5.164914608001709,5.188814819254758,5.059751946192521,5.117113273760994,128115200,18.889999389648438,19.690000534057617,20.25,18.6299991607666,-0.007878231022382942,30.374005352249544,65.47619047619048,0.0
2019-01-25,5.348948955535889,5.397945120366615,5.236616407254239,5.289197512773182,139513600,17.420000076293945,18.43000030517578,18.459999084472656,17.309999465942383,-0.03543739803843027,24.82055105875866,57.14285714285714,0.0
2019-01-28,5.151768684387207,5.151768684387207,5.020315256782107,5.139818124131874,140359200,18.8700008392334,18.559999465942383,20.420000076293945,18.420000076293945,0.06011245213679839,30.298453592016028,65.07936507936508,0.0
2019-01-29,5.00597620010376,5.163719985081402,4.951004977795538,5.161329872476605,122530400,19.1299991607666,19.450000762939453,19.93000030517578,18.420000076293945,-0.08028846815140311,31.28069132634808,68.05555555555556,0.0
2019-01-30,5.381214618682861,5.439771231314993,5.125478524707146,5.174474687984108,175824000,17.65999984741211,19.149999618530273,19.309999465942383,17.540000915527344,-0.09528691427933789,25.727237032857197,56.74603174603175,0.0
2019-01-31,5.6178297996521,5.702677185042648,5.458891217296345,5.4756215464003954,160575200,16.56999969482422,17.389999389648438,17.719999313354492,16.540000915527344,-0.12281629273612149,21.609367063597432,51.19047619047619,0.0
2019-02-01,5.54612922668457,5.666826947614858,5.504303396626391,5.537764060672934,141561600,16.139999389648438,16.6299991607666,16.829999923706055,16.079999923706055,-0.07347879914118949,19.98488532453354,47.42063492063492,0.0
2019-02-04,5.749284267425537,5.755259320914804,5.537764091660519,5.553299595426499,110976800,15.729999542236328,16.719999313354492,16.729999542236328,15.600000381469727,-0.16640175714611327,18.43596255140276,42.857142857142854,0.0
2019-02-05,5.901053428649902,5.927343757101175,5.771990075668151,5.780355242339109,128916800,15.569999694824219,15.789999961853027,15.9399995803833,15.039999961853027,-0.18609511877258866,17.831505235337065,41.66666666666667,0.0
2019-02-06,5.8544464111328125,5.942878288849928,5.774379242849529,5.913002568240869,145420000,15.380000114440918,15.4399995803833,15.869999885559082,15.09000015258789,-0.12910530875827286,17.961934402482186,40.476190476190474,0.0
2019-02-07,5.61544132232666,5.73972398856409,5.483987862300181,5.696702872768783,209793600,16.3700008392334,15.65999984741211,17.889999389648438,15.510000228881836,-0.012069937192170976,21.88739337054907,50.39682539682539,0.0
2019-02-08,5.6441216468811035,5.646511759472794,5.449331801398228,5.462477192718847,144722400,15.720000267028809,16.809999465942383,17.6299991607666,15.619999885559082,-0.026022251456155554,19.310071443896987,43.65079365079365,0.0
2019-02-11,5.630975246429443,5.749283291245589,5.587954139223572,5.708652296203075,121196800,15.970000267028809,16.170000076293945,16.5,15.34000015258789,0.01525751632401895,20.301348235358358,47.817460317460316,0.0
2019-02-12,5.874761581420898,5.902247189205039,5.722992868629706,5.751673760503376,128226400,15.430000305175781,15.229999542236328,15.649999618530273,14.949999809265137,-0.008991611585899784,18.160190517058634,41.46825396825397,0.0
2019-02-13,5.886712551116943,6.008605561702729,5.869982218346471,5.958414563391312,127609600,15.649999618530273,15.460000038146973,15.90999984741211,15.0,0.01755523420548233,19.032511370921615,43.65079365079365,0.0
2019-02-14,5.908222198486328,5.969168922318243,5.762428995483171,5.8197903229402455,153369600,16.219999313354492,15.609999656677246,17.270000457763672,15.300000190734863,-0.009163195979770666,21.292621245398863,50.39682539682539,0.0
2019-02-15,5.978729724884033,6.03728634434781,5.898663003596227,6.036091060105305,142496000,14.90999984741211,16.81999969482422,16.81999969482422,14.789999961853027,-0.05152674337516372,16.098332975736966,39.285714285714285,0.0
2019-02-19,6.014581203460693,6.0695524283051805,5.922563915333675,5.922563915333675,103572800,14.880000114440918,15.649999618530273,16.15999984741211,14.640000343322754,-0.06825298274028668,15.979380819559443,39.08730158730159,0.0
2019-02-20,6.009800434112549,6.098232317229723,5.914198213499112,6.028920878235236,171065600,14.020000457763672,14.920000076293945,15.1899995803833,13.989999771118164,-0.09138041604180291,12.569390018243842,33.730158730158735,0.0
2019-02-21,5.941682815551758,6.009799414675987,5.847275439268258,5.959607972450767,128493600,14.460000038146973,14.0,15.170000076293945,13.850000381469727,-0.07603831369901692,14.314035507390674,35.317460317460316,0.0
2019-02-22,6.070746421813965,6.085086640264785,5.9715592650504155,5.982314542855362,119637600,13.510000228881836,14.460000038146973,14.470000267028809,13.510000228881836,-0.16707763250282137,10.54718445612164,31.746031746031743,0.0
2019-02-25,6.137668132781982,6.259561127926872,6.125717570983079,6.215344733071911,124102400,14.850000381469727,13.90999984741211,14.899999618530273,13.4399995803833,-0.004024109091644079,15.860428663381922,40.07936507936508,0.0
2019-02-26,6.156788349151611,6.2141496760728225,6.06118613761626,6.089866573143214,105356800,15.170000076293945,15.15999984741211,15.279999732971191,14.520000457763672,0.01948924459829704,17.129261746397802,42.46031746031746,0.0
2019-02-27,6.137668132781982,6.163958912872249,5.9500486432787465,6.074331750783417,115844000,14.699999809265137,15.529999732971191,16.170000076293945,14.699999809265137,0.04850209196141009,15.265660319652582,38.095238095238095,0.0
2019-02-28,6.099427223205566,6.163958889068477,6.046845663228091,6.083891720860647,92063200,14.779999732971191,15.170000076293945,15.239999771118164,14.390000343322754,0.0221299926680516,15.582868590406552,39.88095238095239,0.0
2019-03-01,6.221320152282715,6.248805760223263,6.097037046568426,6.2284900333914495,140156800,13.569999694824219,14.569999694824219,14.84000015258789,13.40999984741211,0.004441115094440562,10.785088768476685,32.53968253968254,0.0
2019-03-04,6.22251558303833,6.37308948304423,6.016970461828468,6.33006836875683,213088000,14.630000114440918,13.770000457763672,16.979999542236328,13.380000114440918,-0.014814832415986467,14.988104028098077,36.7063492063492,0.0
2019-03-05,6.238051414489746,6.295412751264431,6.144838843346925,6.2356613018073785,100348800,14.739999771118164,14.520000457763672,15.390000343322754,14.260000228881836,-0.0283454385638231,15.424264455029565,39.682539682539684,0.0
2019-03-06,6.130497932434082,6.259561267536875,6.101817495211682,6.25358621443782,123468800,15.739999771118164,14.90999984741211,16.110000610351562,14.739999771118164,0.07074829764266632,19.389371620875046,50.0,0.0
2019-03-07,5.907027721405029,6.087476879598495,5.835326171788351,6.080306998157227,169306400,16.59000015258789,16.329999923706055,17.809999465942383,15.539999961853027,0.12246281815411364,22.75971422441205,59.32539682539682,0.0
2019-03-08,5.8735671043396,5.881932269997161,5.683557494935663,5.705068051160058,174936800,16.049999237060547,17.3799991607666,18.329999923706055,16.020000457763672,0.18275604996382078,20.61855272469146,53.96825396825397,0.0
2019-03-11,6.2404398918151855,6.251195168133645,5.942877550915996,5.942877550915996,128468000,14.329999923706055,16.280000686645508,16.43000030517578,14.329999923706055,-0.0205058228563334,13.798571122060258,36.11111111111111,0.0
2019-03-12,6.342018127441406,6.389819464217665,6.244025797330675,6.289437021681388,151606400,13.770000457763672,13.970000267028809,14.699999809265137,13.609999656677246,-0.0658072814393883,11.578113226782474,33.92857142857143,0.0
2019-03-13,6.479446887969971,6.5834142753699085,6.412525104979602,6.4376206026507345,145129600,13.40999984741211,14.0,14.050000190734863,13.25,-0.14803049285816683,10.150672226968746,29.365079365079367,0.0
2019-03-14,6.450766086578369,6.515297757977875,6.441206092223271,6.491397088289093,95443200,13.5,13.350000381469727,13.84000015258789,13.15999984741211,-0.18625678867796025,10.507532476922178,32.142857142857146,0.0
2019-03-15,6.610899925231934,6.684991590363023,6.5081273655421965,6.526052981624771,138845600,12.880000114440918,13.210000038146973,13.279999732971191,12.5,-0.19750774288511386,8.049166487868483,23.015873015873016,0.0
2019-03-18,6.670650482177734,6.732792032218543,6.577438385050167,6.616874096962871,148994400,13.100000381469727,13.130000114440918,13.800000190734863,13.0,-0.08583388337647824,8.921491123152332,25.396825396825395,0.0
2019-03-19,6.737573146820068,6.8451254755923046,6.655115859973932,6.756693591215178,164380800,13.5600004196167,12.890000343322754,13.770000457763672,12.369999885559082,-0.015250546925622777,10.745440570698088,34.12698412698413,0.0
2019-03-20,6.815276145935059,6.93960334537416,6.645522068878209,6.736376280142753,183522400,13.90999984741211,13.539999961853027,14.300000190734863,13.050000190734863,0.03728560817966686,12.133225809891487,36.7063492063492,0.0
2019-03-21,7.1308770179748535,7.160763341677969,6.7483319833691615,6.75191819628422,151957600,13.630000114440918,14.109999656677246,14.5600004196167,13.260000228881836,0.009629638106734673,11.022996862252594,35.11904761904761,0.0
2019-03-22,6.6646504402160645,7.095013335558276,6.639546036794079,7.037631646581256,267601600,16.479999542236328,13.770000457763672,17.520000457763672,13.619999885559082,0.2795030586808094,22.323550016059695,60.317460317460316,0.0
2019-03-25,6.622808933258057,6.690949708833177,6.47696354046896,6.58216351835105,210369600,16.329999923706055,17.760000228881836,17.850000381469727,16.260000228881836,0.2465648433724661,21.728785453751218,58.730158730158735,0.0
2019-03-26,6.713663101196289,6.895371986787742,6.612049792662014,6.7770219555038445,175872000,14.680000305175781,16.219999313354492,16.299999237060547,14.670000076293945,0.08259585921094992,15.186360142674522,42.06349206349206,0.0
2019-03-27,6.5821638107299805,6.78778139877917,6.437513663705864,6.741158808791442,176810400,15.149999618530273,14.520000457763672,16.709999084472656,14.510000228881836,0.08914448488285642,17.049957787998874,48.01587301587302,0.0
2019-03-28,6.624004364013672,6.698122314596563,6.506850036953915,6.631177245436176,128437600,14.430000305175781,15.380000114440918,15.619999885559082,14.40999984741211,0.05869407072764932,14.195083351213153,39.682539682539684,0.0
2019-03-29,6.773436069488525,6.792563297524043,6.656281740767344,6.769849856740956,126980000,13.710000038146973,14.1899995803833,14.430000305175781,13.640000343322754,-0.16808249884899373,11.340205133006563,36.11111111111111,0.0
2019-04-01,7.0400214195251465,7.065125818711608,6.897762701439485,6.9694896865519596,122364800,13.399999618530273,13.899999618530273,14.010000228881836,13.319999694824219,-0.17942439184720005,10.111020247769282,30.158730158730158,0.0
2019-04-02,7.117727279663086,7.1392454701702555,7.008941074778678,7.063931803395163,106728800,13.359999656677246,13.619999885559082,13.680000305175781,13.130000114440918,-0.08991829843716947,9.952416112392298,29.761904761904763,0.0
2019-04-03,7.24085807800293,7.37474867325062,7.173912552364542,7.23727186528217,151384000,13.739999771118164,13.0600004196167,14.270000457763672,12.850000381469727,-0.09306929920232543,11.459157289184086,37.301587301587304,0.0
2019-04-04,7.230099678039551,7.325735826685088,7.104577204440463,7.242054481638449,143620800,13.579999923706055,13.84000015258789,14.029999732971191,13.399999618530273,-0.058905084095171256,10.824740747676147,35.714285714285715,0.0
2019-04-05,7.338885307312012,7.3520353622253625,7.2659626071773165,7.299435598601052,104654400,12.819999694824219,13.460000038146973,13.470000267028809,12.170000076293945,-0.06491614448186722,7.811258394092574,20.634920634920633,0.0
2019-04-08,7.396266937255859,7.410612700343745,7.21575375067631,7.301826505087268,103460000,13.180000305175781,13.550000190734863,13.770000457763672,13.100000381469727,-0.01641785967294096,9.2386993939063,27.77777777777778,0.0
2019-04-09,7.314975261688232,7.391484621261032,7.268352677093066,7.320952890301181,104121600,14.279999732971191,13.460000038146973,14.390000343322754,13.3100004196167,0.06886228292933638,13.60031500748381,42.06349206349206,0.0
2019-04-10,7.433326721191406,7.438108642593821,7.319758596044224,7.3472539600644255,99244000,13.300000190734863,14.09000015258789,14.289999961853027,13.270000457763672,-0.032023259658867764,9.714511800037256,29.761904761904763,0.0
2019-04-11,7.377139568328857,7.463212321096578,7.335298900194037,7.460821360627577,111770400,13.020000457763672,13.369999885559082,13.579999923706055,12.90999984741211,-0.04123707430696033,8.604282852398363,25.0,0.0
2019-04-12,7.467994689941406,7.483535249878367,7.379530971398909,7.471580902845457,95228000,12.010000228881836,12.960000038146973,12.960000038146973,11.949999809265137,-0.06318248714696939,4.599523707353419,5.555555555555555,0.0
2019-04-15,7.473972320556641,7.497881472113821,7.323344984966797,7.467995146674629,83369600,12.319999694824219,12.460000038146973,13.140000343322754,12.239999771118164,-0.06525042416075211,5.828704811169834,12.698412698412698,0.0
2019-04-16,7.5468950271606445,7.597103835001627,7.482340454768695,7.54928598791914,94287200,12.180000305175781,12.260000228881836,12.470000267028809,11.850000381469727,-0.1470587862089876,5.27359222806082,9.920634920634921,0.0
2019-04-17,7.622207164764404,7.717843301481014,7.556457349273551,7.693934609323665,114422400,12.600000381469727,12.119999885559082,13.020000457763672,11.029999732971191,-0.052631563851613716,6.938937540229591,18.650793650793652,0.0
2019-04-18,7.646116733551025,7.664048709684517,7.515812347597731,7.660462496869457,91903200,12.09000015258789,12.800000190734863,13.119999885559082,12.020000457763672,-0.07142859235624932,4.916731978107388,7.142857142857142,0.0
2019-04-22,7.7106709480285645,7.7214295859820865,7.531353019004644,7.549284994318667,75756800,12.420000076293945,13.210000038146973,13.359999656677246,12.380000114440918,0.034138204795878035,6.225217040322727,16.865079365079367,0.0
2019-04-23,8.003556251525879,8.033442571975279,7.738166492064034,7.771639025038062,104954400,12.279999732971191,12.65999984741211,12.6899995803833,12.079999923706055,-0.0032467502308325402,5.670100675792849,12.698412698412698,0.0
2019-04-24,7.925851821899414,8.054960021248766,7.92226469764529,8.02148749134123,95075200,13.140000343322754,12.529999732971191,13.229999542236328,12.260000228881836,0.07881773514726675,9.080095258529317,29.563492063492063,0.0
2019-04-25,8.01431655883789,8.111147954389866,7.893575557431092,8.101584112047936,119690400,13.25,13.289999961853027,14.300000190734863,12.8100004196167,0.05158726975010253,9.516255685460807,33.33333333333333,0.0
2019-04-26,8.04300594329834,8.04539735954706,7.782397207729866,7.986819518208273,110516800,12.729999542236328,13.4399995803833,13.619999885559082,12.489999771118164,0.052936259848718414,7.454398144139142,22.22222222222222,0.0
2019-04-29,8.086042404174805,8.12549256419021,8.002361075710075,8.040615527587963,83797600,13.109999656677246,13.039999961853027,13.270000457763672,12.649999618530273,0.055555521428724,8.96113932093093,29.761904761904763,0.0
2019-04-30,7.900747776031494,7.939003144396306,7.730993683174458,7.8899891377225275,127595200,13.119999885559082,13.109999656677246,14.050000190734863,12.880000114440918,0.0684039227079567,9.000791300130391,30.158730158730158,0.0
2019-05-01,7.80989408493042,8.1183211548021,7.801525951037383,8.047788958796627,125916000,14.800000190734863,12.859999656677246,14.829999923706055,12.739999771118164,0.12633179635004033,15.662172548805476,54.36507936507936,0.0
2019-05-02,7.71425724029541,7.929439122168178,7.561239418545068,7.812284339357858,141288800,14.420000076293945,14.350000381469727,15.920000076293945,13.800000190734863,0.08830189255048637,14.155431372013688,48.41269841269841,0.0
2019-05-03,8.077674865722656,8.09919305349101,7.8648844044901285,7.906725071801332,108889600,12.869999885559082,14.109999656677246,14.149999618530273,12.800000190734863,0.010997670727186826,8.009514508669021,26.38888888888889,0.0
2019-05-06,7.93302583694458,7.964107868973003,7.52657165215904,7.568412778962054,161715200,15.4399995803833,12.890000343322754,18.799999237060547,12.890000343322754,0.1777269248454425,18.19983871483723,60.317460317460316,0.0
2019-05-07,7.471580982208252,7.772834726105269,7.249226659213076,7.676003328434482,237529600,19.31999969482422,15.899999618530273,21.84000015258789,15.800000190734863,0.4725609651940128,33.584454972088196,78.96825396825396,0.0
2019-05-08,7.405830383300781,7.577975426888457,7.3149757127188195,7.3962665417536,161237600,19.399999618530273,18.950000762939453,21.739999771118164,18.290000915527344,0.31081076814276765,33.90166324284217,79.36507936507937,0.0
2019-05-09,7.288675785064697,7.362793730137987,6.965903441510756,7.1679347982545005,220417600,19.100000381469727,21.399999618530273,23.3799991607666,18.8700008392334,0.32454925661682643,32.712134118225215,77.77777777777779,0.0
2019-05-10,7.308999061584473,7.415394298232979,6.842772697571221,7.201408572671767,227858400,16.040000915527344,18.790000915527344,20.190000534057617,15.569999694824219,0.24630932852805953,20.57890830833373,63.095238095238095,0.0
2019-05-13,6.553472995758057,6.865486286784505,6.4877231751117765,6.751918166015963,234920800,20.549999237060547,18.6200008392334,21.31999969482422,18.350000381469727,0.33095853598141023,38.46153497099613,84.92063492063492,0.0
2019-05-14,6.759090900421143,6.8834181132040495,6.57857725462442,6.649108994950387,140192000,18.059999465942383,19.399999618530273,19.649999618530273,17.450000762939453,-0.06521740418139799,28.588419035581886,72.02380952380952,0.0
2019-05-15,7.0400214195251465,7.099794059128558,6.621612942301267,6.62998107536342,176160000,16.440000534057617,17.56999969482422,19.149999618530273,16.40999984741211,-0.1525772753956839,22.164949662103574,65.67460317460318,0.0
2019-05-16,7.259985446929932,7.390289831988191,7.030458707760755,7.05317214881528,174026400,15.289999961853027,16.690000534057617,17.1299991607666,15.15999984741211,-0.1994764577760455,17.605074152528754,55.952380952380956,0.0
2019-05-17,7.0340447425842285,7.332907961667466,7.013721806551446,7.040021915760077,182510400,15.960000038146973,15.890000343322754,16.809999465942383,14.859999656677246,-0.004987585586913923,20.261696256158896,61.111111111111114,0.0
2019-05-20,6.681386470794678,6.817668034256673,6.604877554888232,6.739963866051925,184368800,16.309999465942383,15.880000114440918,17.6299991607666,15.460000038146973,-0.2063260305855199,21.649481495352294,63.888888888888886,0.0
2019-05-21,6.8822221755981445,6.93840860673985,6.781804115700778,6.846358680498174,114487200,14.949999809265137,15.859999656677246,16.219999313354492,14.789999961853027,-0.17220375130918997,16.25693711111395,53.57142857142857,0.0
2019-05-22,6.792564392089844,6.907327778796124,6.761482812534495,6.7638737734278545,128912800,14.75,15.0600004196167,15.4399995803833,14.420000076293945,-0.10279808267381496,15.463916434229027,49.60317460317461,0.0
2019-05-23,6.472181797027588,6.560645510495202,6.349050296741674,6.55825455001996,207680800,16.920000076293945,15.930000305175781,18.049999237060547,15.279999732971191,0.10660563234189668,24.06819928662739,67.85714285714286,0.0
2019-05-24,6.462618350982666,6.646717745571318,6.441100162934927,6.583358889669131,137225600,15.850000381469727,16.34000015258789,16.520000457763672,15.520000457763672,-0.00689220904851684,19.8255358292274,59.12698412698413,0.0
2019-05-28,6.393281936645508,6.62400437857552,6.387304763461488,6.520000105880509,116903200,17.5,16.549999237060547,17.700000762939453,15.899999618530273,0.07296140852380217,26.367961140304104,69.84126984126983,0.0
2019-05-29,6.233090400695801,6.3358994074415715,6.127890433789777,6.274931519456696,177921600,17.899999618530273,18.549999237060547,19.040000915527344,17.6200008392334,0.19732440447503552,27.954002494073947,71.03174603174604,0.0
2019-05-30,6.307209491729736,6.357418752193162,6.19722804047602,6.279714128916307,136428000,17.299999237060547,17.469999313354492,18.110000610351562,16.719999313354492,0.1728813042074948,25.574936681998313,67.46031746031747,0.0
2019-05-31,6.003565311431885,6.145824058988754,5.99400146822009,6.08126948539657,140600800,18.709999084472656,19.049999237060547,19.719999313354492,18.010000228881836,0.10579190307963526,31.165737180813103,74.20634920634922,0.0
2019-06-03,5.619823455810547,6.001173193832045,5.5146239369341155,5.955745859390961,241812800,18.860000610351562,19.40999984741211,19.75,18.15999984741211,0.18990537264597385,31.760509305963307,74.60317460317461,0.0
2019-06-04,6.075293064117432,6.08246594741498,5.727416204697338,5.785993611554316,163869600,16.969999313354492,18.739999771118164,18.739999771118164,16.969999313354492,-0.030285753522600434,24.266451619782973,66.26984126984127,0.0
2019-06-05,6.209181308746338,6.254608640125423,6.021495266821279,6.251022427868583,152316800,16.09000015258789,17.059999465942383,17.489999771118164,16.040000915527344,-0.10111729075505971,20.77716064148931,59.72222222222222,0.0
2019-06-06,6.35263729095459,6.401650846654089,6.157778320526718,6.240264870968435,100302400,15.930000305175781,16.25,16.540000915527344,15.359999656677246,-0.0791906931966746,20.14274409998137,57.14285714285714,0.0
2019-06-07,6.7148590087890625,6.8045179801396465,6.433927747635545,6.455445937242014,151548000,16.299999237060547,15.649999618530273,16.440000534057617,15.329999923706055,-0.1288081221453483,21.609829516152832,61.111111111111114,0.0
2019-06-10,6.959927558898926,7.1511998577780895,6.85711852724045,6.85711852724045,183272000,15.9399995803833,16.299999237060547,16.469999313354492,15.84000015258789,-0.15482507611190532,20.182392297759968,56.74603174603175,0.0
2019-06-11,6.986227035522461,7.216949496635307,6.915695291617045,7.179890746195778,137447200,15.989999771118164,15.84000015258789,16.700000762939453,15.5,-0.05774894413019338,20.380648412336416,57.936507936507944,0.0
2019-06-12,6.867877006530762,6.969490320690513,6.826035881383913,6.925258691047584,110176000,15.90999984741211,16.260000228881836,16.43000030517578,15.779999732971191,-0.011187091576679076,20.063440141582447,55.158730158730165,0.0
2019-06-13,6.980249404907227,7.032849624326448,6.90732670509719,6.949167830183306,98559200,15.819999694824219,16.15999984741211,16.209999084472656,15.609999656677246,-0.006905248477353965,19.706579891629016,54.36507936507936,0.0
2019-06-14,6.889394283294678,6.945580252097159,6.812885380732892,6.870267057654231,77144800,15.279999732971191,16.0,16.399999618530273,15.210000038146973,-0.062576659621568,17.56542217332929,49.60317460317461,0.0
2019-06-17,7.014917373657227,7.073494308042631,6.914499315824602,6.932431291020421,75050400,15.350000381469727,15.649999618530273,15.760000228881836,15.239999771118164,-0.03701375247460248,17.842982246304665,50.0,0.0
2019-06-18,7.3185625076293945,7.470385074593313,7.209776316312454,7.262376077642609,141829600,15.149999618530273,14.890000343322754,15.539999961853027,14.619999885559082,-0.05253284331530361,17.049957787998874,48.214285714285715,0.0
2019-06-19,7.404634952545166,7.454844210491083,7.220535556154358,7.355621402851983,136979200,14.329999923706055,15.050000190734863,15.710000038146973,14.149999618530273,-0.09930860709361067,13.798571122060258,39.08730158730159,0.0
2019-06-20,7.607861042022705,7.714256261206691,7.43930222663514,7.709474340876641,119355200,14.75,14.039999961853027,16.030000686645508,13.1899995803833,-0.0676358859333156,15.463916434229027,43.452380952380956,0.0
2019-06-21,7.573193550109863,7.715452729761688,7.525375710183364,7.5684120853375605,104646400,15.399999618530273,14.739999771118164,15.479999542236328,14.420000076293945,0.007853395789016115,18.041234579460244,50.39682539682539,0.0
2019-06-24,7.570804119110107,7.6377491957043455,7.5564583546720865,7.613840044336775,68938400,15.260000228881836,15.460000038146973,15.5600004196167,15.229999542236328,-0.005863201977280519,17.48612199635123,48.41269841269841,0.0
2019-06-25,7.183475971221924,7.564825254380613,7.146416769850198,7.552870908662796,139623200,16.280000686645508,15.430000305175781,16.68000030517578,15.100000381469727,0.07458753112660865,21.53053312059564,60.71428571428571,0.0
2019-06-26,7.274329662322998,7.45723423967736,7.244443344144138,7.318561741568609,94115200,16.209999084472656,16.100000381469727,16.600000381469727,15.470000267028809,0.13119324290131562,21.252969266199397,60.317460317460316,0.0
2019-06-27,7.353229999542236,7.410612135461584,7.298239279984337,7.353229999542236,75270400,15.819999694824219,15.65999984741211,16.399999618530273,15.65999984741211,0.07254235219147254,19.706579891629016,54.166666666666664,0.0
2019-06-28,7.384313106536865,7.4345219127644935,7.305413228158363,7.409417509650679,98932800,15.079999923706055,15.699999809265137,16.1299991607666,15.079999923706055,-0.020779201477328257,16.772401496444367,46.82539682539682,0.0
2019-07-01,7.678394317626953,7.836194062703775,7.5779758005463345,7.806307740438785,144820800,14.0600004196167,13.850000381469727,14.640000343322754,13.800000190734863,-0.07863694569243562,12.727994153620829,36.11111111111111,0.0
2019-07-02,7.771639347076416,7.771639347076416,7.607861975886238,7.670026035749467,81248800,12.930000305175781,14.15999984741211,14.300000190734863,12.899999618530273,-0.20577397052677848,8.24742260244493,22.22222222222222,0.0
2019-07-03,7.943783760070801,7.943783760070801,7.801525492254925,7.820652263432144,67127200,12.569999694824219,13.180000305175781,13.1899995803833,12.5600004196167,-0.22455272024877193,6.819981602631203,15.079365079365079,0.0
2019-07-05,7.892380237579346,7.936612326544179,7.687957885764698,7.781203073042441,116844800,13.279999732971191,13.0,14.470000267028809,12.039999961853027,-0.16055625858728884,9.63520784163833,28.174603174603174,0.0
2019-07-08,7.726211071014404,7.746534461654816,7.629379686662602,7.745338753485828,105787200,13.960000038146973,13.729999542236328,14.4399995803833,13.640000343322754,-0.074270549816013,12.331481924467933,36.904761904761905,0.0
2019-07-09,7.8421711921691895,7.868471303074233,7.594712467288982,7.611448735672515,88595200,14.09000015258789,14.470000267028809,14.710000038146973,13.989999771118164,0.002133693604257303,12.84694630979835,37.698412698412696,0.0
2019-07-10,8.074090003967285,8.139839374440129,7.937808429319377,7.98562673370036,154109600,13.029999732971191,14.380000114440918,14.6899995803833,12.979999542236328,0.007733907612931912,8.64393105017696,23.214285714285715,0.0
2019-07-11,8.052571296691895,8.164944167979028,7.974866671058414,8.113539653673024,127849600,12.930000305175781,13.010000228881836,13.329999923706055,12.390000343322754,0.02863966738995183,8.24742260244493,22.023809523809522,0.0
2019-07-12,8.18765640258789,8.190047819066246,8.054961061841952,8.075284453675355,89192800,12.390000343322754,12.760000228881836,12.819999694824219,12.279999732971191,-0.06701802767651965,6.106264884145205,12.3015873015873,0.0
2019-07-15,8.256993293762207,8.271339057163667,8.178093875199671,8.243843238658751,73394400,12.680000305175781,12.579999923706055,13.020000457763672,12.489999771118164,-0.09169052503391661,7.256145810983561,17.063492063492063,0.0
2019-07-16,8.139838218688965,8.258188710440784,8.062134511168367,8.23069289290682,111992000,12.859999656677246,12.609999656677246,13.140000343322754,12.279999732971191,-0.08729598882827072,7.969862529469558,19.642857142857142,0.0
2019-07-17,8.019099235534668,8.180485214012469,8.014317313913171,8.143426461518729,92508000,13.970000267028809,12.619999885559082,13.970000267028809,12.239999771118164,0.07214125505152813,12.371133903667396,36.507936507936506,0.0
2019-07-18,8.053767204284668,8.088435450795986,7.821849029995703,7.900748453871806,135568000,13.529999732971191,14.449999809265137,14.5,13.1899995803833,0.046403666947729016,10.626484633099698,31.547619047619047,0.0
2019-07-19,7.8589067459106445,8.212760678505184,7.838584266444105,8.212760678505184,140779200,14.449999809265137,13.3100004196167,14.449999809265137,13.09000015258789,0.16626306770463994,14.274383528191212,40.87301587301587,0.0
2019-07-22,8.04420280456543,8.096803024880764,7.916289378664391,7.918679883197726,95506400,13.529999732971191,14.550000190734863,14.699999809265137,13.420000076293945,0.0670346535755566,10.626484633099698,30.952380952380953,0.0
2019-07-23,8.19961166381836,8.203198788936186,8.01431699662716,8.178094385460925,116049600,12.609999656677246,13.420000076293945,13.520000457763672,12.550000190734863,-0.019440124935788283,6.978585738008188,15.079365079365079,0.0
2019-07-24,8.374150276184082,8.374150276184082,8.105173298303118,8.1099543086318,109244800,12.069999694824219,12.800000190734863,13.100000381469727,11.979999542236328,-0.13600576491675964,4.837428019708463,5.753968253968254,0.0
2019-07-25,8.135058403015137,8.290466752909465,8.08604438997868,8.2892710444783,150075200,12.739999771118164,12.239999771118164,13.539999961853027,11.6899995803833,-0.05838876403876636,7.494050123338604,16.666666666666664,0.0
2019-07-26,8.376537322998047,8.414791774242765,8.274924022384708,8.284487863210403,111478400,12.15999984741211,12.579999923706055,12.720000267028809,12.010000228881836,-0.15847750810243688,5.194288269661895,7.738095238095238,0.0
2019-07-29,8.298833847045898,8.363388413358447,8.137447887293623,8.363388413358447,113275200,12.829999923706055,12.149999618530273,13.170000076293945,12.149999618530273,-0.05173686792907395,7.850910373292036,17.658730158730158,0.0
2019-07-30,8.18765640258789,8.28209728820353,8.088434508131847,8.107561279667918,111504000,13.9399995803833,12.869999885559082,14.180000305175781,12.869999885559082,0.10547184456121639,12.252177966069008,35.317460317460316,0.0
2019-07-31,7.8421711921691895,8.266557355464458,7.615035404632637,8.252211591682192,196340800,16.1200008392334,13.829999923706055,16.549999237060547,13.460000038146973,0.33554277106948693,20.896116579087696,60.317460317460316,0.0
2019-08-01,7.7321882247924805,8.320350743784852,7.6078610325402805,7.885206026931174,298384800,17.8700008392334,15.40999984741211,19.459999084472656,13.729999542236328,0.4026688508853078,27.83505411931729,70.23809523809523,0.0
2019-08-02,7.378334999084473,7.582757323190565,7.244443954030427,7.555261962874751,246920000,17.610000610351562,17.690000534057617,20.110000610351562,17.040000915527344,0.44819085783946955,26.80412534865646,68.65079365079364,0.0
2019-08-05,6.603682518005371,6.926454460511034,6.4171916873781525,6.926454460511034,302484800,24.59000015258789,19.959999084472656,24.809999465942383,19.90999984741211,0.9166017380212781,54.48057155117589,94.84126984126983,0.0
2019-08-06,6.875049114227295,6.9312355438984445,6.634763292920271,6.780608686009262,213540800,20.170000076293945,22.290000915527344,22.8700008392334,19.770000457763672,0.44691540053398926,36.9547975756252,83.33333333333334,0.0
2019-08-07,6.975468635559082,7.008941632360402,6.491310222689824,6.647914742499427,307908800,19.489999771118164,20.700000762939453,23.670000076293945,18.940000534057617,0.20905699481620066,34.258523492795604,78.17460317460318,0.0
2019-08-08,7.4369120597839355,7.439303020204011,7.016112602461303,7.0818628739406755,219056000,16.90999984741211,19.360000610351562,19.889999389648438,16.81999969482422,-0.053721373628232705,24.028547307427928,64.28571428571429,0.0
2019-08-09,7.216948509216309,7.402243604149339,7.049585388901886,7.323343736679769,221366400,17.969999313354492,18.139999389648438,19.440000534057617,17.309999465942383,0.020442855793617376,27.01612524882056,69.44444444444444,0.0
2019-08-12,6.975468635559082,7.15239609514404,6.876246265686267,7.086645810014214,213311200,21.09000015258789,17.8700008392334,21.260000228881836,17.770000457763672,-0.14233428134532378,38.75715650501211,86.5079365079365,0.0
2019-08-13,7.433326721191406,7.5779764233960405,6.9336273353671025,6.962318407752471,239259200,17.520000457763672,21.280000686645508,21.639999389648438,17.520000457763672,-0.13138322302957506,24.161900212058022,66.26984126984127,0.0
2019-08-14,6.767459392547607,7.141636302964866,6.725618264631352,7.071104558905755,304930400,22.100000381469727,17.809999465942383,22.709999084472656,17.75,0.133914861005759,42.88634794943842,90.87301587301587,0.0
2019-08-15,6.738768100738525,6.85233622133951,6.583359309614123,6.802127416711408,208939200,21.18000030517578,21.579999923706055,24.100000381469727,20.780000686645508,0.2525133350854021,39.12510479792924,86.11111111111111,0.0
2019-08-16,7.049585819244385,7.1117494240802,6.907326633859486,6.907326633859486,164405600,18.469999313354492,20.479999542236328,20.5,18.40999984741211,0.027824152426562554,28.045787595987846,70.23809523809523,0.0
2019-08-19,7.379530906677246,7.440499261686047,7.2886766843482835,7.348449331046815,120044000,16.8799991607666,17.93000030517578,18.219999313354492,16.520000457763672,-0.19962071888864796,21.54537815155538,61.50793650793651,0.0
2019-08-20,7.22770881652832,7.417785864083094,7.221731642661393,7.341276944116492,125264000,17.5,16.780000686645508,17.700000762939453,16.450000762939453,-0.0011415786096516944,24.080132191892528,64.48412698412699,0.0
2019-08-21,7.411808967590332,7.482340716329535,7.3364952971669775,7.41539518083887,101481600,15.800000190734863,17.010000228881836,17.040000915527344,15.510000228881836,-0.28506787701312664,17.13001033329124,49.2063492063492,0.0
2019-08-22,7.340080738067627,7.506248612535578,7.164349021831901,7.454844103106476,152629600,16.68000030517578,16.1200008392334,17.68000030517578,15.630000114440918,-0.21246458617379382,20.727721343383227,60.317460317460316,0.0
2019-08-23,6.668236255645752,7.38789896970022,6.584554915895662,7.188258550540579,302350400,19.8700008392334,16.149999618530273,21.06999969482422,16.040000915527344,0.07579867774367766,33.769424242330906,78.57142857142857,0.0
2019-08-26,6.938408374786377,6.940799335183655,6.749526607662992,6.872658559962957,146585600,19.31999969482422,20.34000015258789,21.329999923706055,19.059999465942383,0.14454980185833177,31.520850474745387,75.1984126984127,0.0
2019-08-27,6.896566867828369,7.120116864219856,6.814080790846472,7.083057664169359,154579200,20.309999465942383,20.18000030517578,21.040000915527344,18.489999771118164,0.16057139805385034,35.5682738990062,82.14285714285714,0.0
2019-08-28,6.965904235839844,7.0017677323178225,6.724422690712113,6.827231715036989,127824800,19.350000381469727,20.549999237060547,21.639999389648438,19.100000381469727,0.2246835536632834,31.64350250499363,75.39682539682539,0.0
2019-08-29,7.282699108123779,7.3436674635785275,7.141636080430227,7.222926460988046,141523200,17.8799991607666,19.020000457763672,19.200000762939453,17.600000381469727,0.07194237611725107,25.63368558589894,65.47619047619048,0.0
2019-08-30,7.231294631958008,7.403439681559724,7.108162675896184,7.4022439733100205,136103200,18.979999542236328,17.940000534057617,19.18000030517578,17.09000015258789,-0.04479120580809237,30.130825323242373,71.82539682539682,0.0
2019-09-03,7.0208940505981445,7.194234793135748,6.946776106682336,7.087839569765706,128785600,19.65999984741211,20.959999084472656,21.149999618530273,19.40999984741211,0.017598351861205064,32.91087562624841,77.77777777777779,0.0
2019-09-04,7.316171169281006,7.336493647826161,7.163152901992752,7.2181440769394465,100464800,17.329999923706055,18.229999542236328,18.829999923706055,17.260000228881836,-0.14672573218101048,23.38511961614102,59.92063492063492,0.0
2019-09-05,7.7202348709106445,7.7835937272354245,7.5456984049116285,7.557653207256263,126744000,16.270000457763672,16.920000076293945,17.049999237060547,15.449999809265137,-0.15917311953417712,19.051515919128573,52.38095238095239,0.0
2019-09-06,7.698716163635254,7.765661228135129,7.6461159489235815,7.752511174457211,115038400,15.0,15.920000076293945,16.059999465942383,14.90999984741211,-0.16107378612668355,13.85936360603363,37.698412698412696,0.0
2019-09-09,7.649703025817871,7.7788116971243575,7.527766779788422,7.766857350976579,112312800,15.270000457763672,15.260000228881836,16.1299991607666,14.949999809265137,-0.19546887112493172,14.963208484785016,39.682539682539684,0.0
2019-09-10,7.586343765258789,7.588734725710203,7.373553301402776,7.524180161609252,136765600,15.199999809265137,15.529999732971191,16.520000457763672,15.109999656677246,-0.22685656524733155,14.677024313119583,38.88888888888889,0.0
2019-09-11,7.790767192840576,7.805112957569592,7.570804272678704,7.621013081142833,111400800,14.609999656677246,15.329999923706055,15.520000457763672,14.550000190734863,-0.1569532763418,12.264922303030676,31.349206349206348,0.0
2019-09-12,7.887598991394043,8.066916934484867,7.85293074628283,7.935416379905018,139931200,14.220000267028809,14.6899995803833,14.9399995803833,13.850000381469727,-0.12599877892177014,10.670484898941519,27.976190476190478,0.0
2019-09-13,7.803917407989502,7.906726443827484,7.770444868332168,7.8541262174755015,107610400,13.739999771118164,14.15999984741211,14.3100004196167,13.510000228881836,-0.08400001525878908,8.708095303021436,24.00793650793651,0.0
2019-09-16,7.696325302124023,7.744143599667467,7.626989272318021,7.649703168864243,97124000,14.670000076293945,14.890000343322754,15.289999961853027,14.5,-0.039292754648522,12.51022246461336,31.746031746031743,0.0
2019-09-17,7.797939777374268,7.805112203016246,7.648507706749343,7.693935045274622,90796000,14.4399995803833,14.920000076293945,15.029999732971191,14.399999618530273,-0.050000015685433,11.569909727279168,29.761904761904763,0.0
2019-09-18,7.793159484863281,7.802722417031634,7.501468620356474,7.753709311471777,142063200,13.949999809265137,14.609999656677246,15.800000190734863,13.800000190734863,-0.04517452860517135,9.566640020190135,24.6031746031746,0.0
2019-09-19,7.827826499938965,7.972476200805756,7.782398703065297,7.83380321759302,132770400,14.050000190734863,14.65999984741211,14.65999984741211,13.3100004196167,-0.01195499810841183,9.97547232319001,25.793650793650798,0.0
2019-09-20,7.58156156539917,7.8840109829240115,7.50027119318748,7.861297999543973,123512800,15.319999694824219,13.9399995803833,15.84000015258789,13.350000381469727,0.11499271834248903,15.167620737371154,40.476190476190474,0.0
2019-09-23,7.588735103607178,7.655680631493236,7.4954899215040705,7.564825953931506,89409600,14.90999984741211,15.350000381469727,16.0,14.710000038146973,0.016359902513292557,13.491415313116503,35.51587301587302,0.0
2019-09-24,7.288675785064697,7.739361084260046,7.189452984893366,7.692738498552185,203765600,17.049999237060547,14.770000457763672,17.6200008392334,14.329999923706055,0.18074790391427187,22.240390727306888,59.12698412698413,0.0
2019-09-25,7.521789073944092,7.583952676542275,7.0806671387729745,7.263571277936523,152304000,15.960000038146973,17.049999237060547,18.450000762939453,15.6899995803833,0.14408603988272883,17.784138898960002,47.817460317460316,0.0
2019-09-26,7.446475982666016,7.514616759279449,7.275526187013627,7.4990757443940295,136214400,16.06999969482422,16.229999542236328,17.09000015258789,15.350000381469727,0.14377220474498098,18.233851313128824,49.60317460317461,0.0
2019-09-27,7.176302909851074,7.48951186731317,7.012526006281185,7.477557065866689,188492000,17.219999313354492,15.770000457763672,18.690000534057617,15.149999618530273,0.1240208652988537,22.935403303058397,59.12698412698413,0.0
2019-09-30,7.3675761222839355,7.402243908728493,7.206189712163093,7.244444167296387,117103200,16.239999771118164,17.229999542236328,17.350000381469727,16.200000762939453,0.08920187373019317,18.928863888880333,51.19047619047619,0.0
2019-10-01,7.189453601837158,7.573193869778169,7.151199145869592,7.4500623681343825,158454400,18.559999465942383,16.020000457763672,18.6200008392334,15.789999961853027,0.08856306724047469,28.413735888904974,68.25396825396825,0.0
2019-10-02,6.821254730224609,7.044804305279557,6.696927513369696,7.044804305279557,270824000,20.559999465942383,18.75,21.459999084472656,18.75,0.2882205148371346,36.59035075759209,83.33333333333334,0.0
2019-10-03,7.045999526977539,7.049586195929293,6.564232133793747,6.816472779346161,240521600,19.1200008392334,20.110000610351562,21.440000534057617,19.030000686645508,0.18979472323148294,30.703193666573235,72.61904761904762,0.0
2019-10-04,7.342471599578857,7.373553630806715,7.123703952835687,7.138049260155953,168977600,17.040000915527344,19.420000076293945,19.969999313354492,16.969999313354492,-0.010452869047884117,20.9060714808644,57.14285714285714,0.0
2019-10-07,7.274329662322998,7.4512570672473935,7.237270919639787,7.275525370426406,162530400,17.860000610351562,18.270000457763672,18.520000457763672,16.440000534057617,0.0997537476641146,24.3142165890343,62.698412698412696,0.0
2019-10-08,6.943190574645996,7.230098993414993,6.933626732672487,7.129680932838573,235405600,20.280000686645508,17.610000610351562,20.3799991607666,17.420000076293945,0.09267248223036484,34.37240499306783,81.34920634920636,0.0
2019-10-09,7.153589725494385,7.245639647774439,7.060344551041708,7.124898657031758,152269600,18.639999389648438,19.940000534057617,20.0,17.770000457763672,-0.09338522014431094,27.55610684926055,67.46031746031747,0.0
2019-10-10,7.310194492340088,7.396266788996625,7.134462774283311,7.154785254206815,176239200,17.56999969482422,19.280000686645508,19.799999237060547,17.559999465942383,-0.08106700190246052,23.108892723845322,59.92063492063492,0.0
2019-10-11,7.5839524269104,7.770443228566455,7.548088933984366,7.557652775313471,222509600,15.579999923706055,17.350000381469727,17.440000534057617,15.109999656677246,-0.08568080477571416,14.837904297868565,38.88888888888889,0.0
2019-10-14,7.592320442199707,7.664047882967371,7.5385254316602675,7.561238870420719,91493600,14.569999694824219,15.65999984741211,16.5,14.510000228881836,-0.18421057128186635,10.64006451690132,26.190476190476193,0.0
2019-10-15,7.880425453186035,7.931829965381264,7.647312497915929,7.660462553039699,140721600,13.539999961853027,13.9399995803833,14.430000305175781,13.390000343322754,-0.3323471645260253,6.359101275695994,15.873015873015872,0.0
2019-10-16,7.8218488693237305,7.879231013557125,7.745339951718032,7.796744466239821,117193600,13.680000305175781,13.9399995803833,14.260000228881836,13.600000381469727,-0.26609438019762754,6.940981352297526,17.857142857142858,0.0
2019-10-17,7.875643253326416,7.9927980369943965,7.7871799954902885,7.956934085733664,121839200,13.789999961853027,13.789999961853027,14.180000305175781,13.3100004196167,-0.21513943076986541,7.3981702929413276,19.841269841269842,0.0
2019-10-18,7.649703025817871,7.893575061847695,7.5301577402237925,7.84456196902436,154444000,14.25,14.199999809265137,15.15999984741211,13.779999732971191,-0.08536584917965029,9.31005744322209,24.206349206349206,0.0
2019-10-21,7.851734161376953,7.868470427898985,7.702302558817296,7.774029545634307,94176000,14.0,14.239999771118164,14.630000114440918,14.0,-0.03912146237221292,8.270988425976757,22.22222222222222,0.0
2019-10-22,7.670025825500488,7.977257167547174,7.660461983928591,7.933025084320747,125023200,14.460000038146973,13.989999771118164,14.609999656677246,13.699999809265137,0.06794683005065805,10.182875576257521,27.976190476190478,0.0
2019-10-23,7.7058892250061035,7.71186685428365,7.579171510434061,7.616230258191958,96905600,14.010000228881836,14.829999923706055,15.119999885559082,14.010000228881836,0.024122800902365515,8.312552137962667,22.61904761904762,0.0
2019-10-24,7.927046775817871,7.942588245054524,7.766856547481677,7.874447475797506,122484800,13.710000038146973,13.979999542236328,14.34000015258789,13.399999618530273,-0.005801299777183244,7.065668524521519,18.452380952380953,0.0
2019-10-25,8.107563972473145,8.127886458998201,7.800332521149296,7.8051144436360955,129177600,12.649999618530273,13.529999732971191,13.789999961853027,12.619999885559082,-0.11228072852419135,2.660014147358461,5.158730158730158,0.0
2019-10-28,8.355020523071289,8.388493059455469,8.231889016204537,8.231889016204537,111596000,13.109999656677246,13.010000228881836,13.140000343322754,12.65999984741211,-0.06357145309448242,4.571901297639224,10.912698412698413,0.0
2019-10-29,8.162551879882812,8.350237940068984,8.156575162892585,8.314374901953201,107028000,13.199999809265137,13.15999984741211,13.520000457763672,13.069999694824219,-0.08713694505932401,4.945966778044942,12.698412698412698,0.0
2019-10-30,8.277316093444824,8.317961968619196,8.065721319455626,8.20558909779043,118984800,12.329999923706055,13.079999923706055,13.369999885559082,12.270000457763672,-0.119914366718741,1.3300070736792304,3.1746031746031744,0.0
2019-10-31,8.283292770385742,8.358605970351807,8.142229299931593,8.340673995486135,123296000,13.220000267028809,13.510000228881836,13.949999809265137,13.180000305175781,-0.03574031872755501,5.029094202016764,13.492063492063492,0.0
2019-11-01,8.508038520812988,8.51042993749217,8.355020687441687,8.393275145784513,115052800,12.300000190734863,12.5,12.600000381469727,12.260000228881836,-0.027667939790505303,1.2053199014552372,2.7777777777777777,0.0
2019-11-04,8.659860610961914,8.723219465158577,8.621606156802148,8.680183090221574,99926400,12.829999923706055,12.680000305175781,13.130000114440918,12.4399995803833,-0.021357722372523535,3.4081451081698972,8.134920634920634,0.0
2019-11-05,8.670619010925293,8.724414934150568,8.594110104703578,8.69930962274391,103229600,13.100000381469727,12.850000381469727,13.279999732971191,12.25,-0.007575714336391148,4.530341549387052,11.706349206349206,0.0
2019-11-06,8.615630149841309,8.652688902769114,8.493694339268924,8.64910268952556,115329600,12.619999885559082,13.180000305175781,13.390000343322754,12.600000381469727,0.023519867286897922,2.5353269751344674,5.952380952380952,0.0
2019-11-07,8.702897071838379,8.870259740403696,8.627582958925846,8.751910164187326,125719200,12.729999542236328,12.59000015258789,12.890000343322754,12.260000228881836,-0.037065107026855504,2.9925159157782684,7.341269841269842,0.0
2019-11-08,8.805706977844238,8.809293190809866,8.586938866358585,8.651493435914592,81607200,12.069999694824219,12.979999542236328,13.050000190734863,12.0,-0.018699227019841502,0.24937434444798628,0.992063492063492,0.0
2019-11-11,8.768647193908691,8.781797249305459,8.63714755199924,8.675402009864866,76092800,12.6899995803833,13.149999618530273,13.489999771118164,12.65999984741211,-0.010911951999631353,2.8262650315683646,7.5396825396825395,0.0
2019-11-12,8.840373992919922,8.93242437866186,8.750715023774454,8.788969480794192,128692000,12.680000305175781,12.640000343322754,13.100000381469727,12.359999656677246,-0.03206107359264243,2.784705283316193,7.341269841269842,0.0
2019-11-13,8.827224731445312,8.87384823868629,8.73397954107992,8.754302935744343,111758400,13.0,12.90999984741211,13.899999618530273,12.880000114440918,0.030110944365042913,4.114712356995423,12.698412698412698,0.0
2019-11-14,8.824833869934082,8.8427658470621,8.668229821269751,8.749520660466294,106651200,13.050000190734863,13.15999984741211,13.8100004196167,12.930000305175781,0.02513752238849798,4.322526953191238,13.88888888888889,0.0
2019-11-15,8.991002082824707,9.006542643793598,8.901343106036995,8.979047734998002,90586400,12.050000190734863,12.949999809265137,12.970000267028809,11.920000076293945,-0.0016569597841772365,0.1662508842099038,0.7936507936507936,0.0
2019-11-18,9.037623405456543,9.083051197684206,8.867869318864086,8.979046470911456,96696000,12.460000038146973,12.390000343322754,13.100000381469727,12.319999694824219,-0.018124472012739146,1.8703234382948526,5.555555555555555,0.0
2019-11-19,9.074682235717773,9.141627297657648,8.97665423493715,9.141627297657648,112120000,12.859999656677246,12.329999923706055,13.010000228881836,12.15999984741211,0.014195532111145992,3.5328322803938903,11.706349206349206,0.0
2019-11-20,8.91568660736084,9.08902688699025,8.705286673200707,9.007736065523249,150380000,12.779999732971191,13.420000076293945,14.170000076293945,12.609999656677246,-0.016923097463754533,3.2003305119740832,10.317460317460316,0.0
2019-11-21,8.84635066986084,8.900145680732699,8.768646055889631,8.884605122761698,90659200,13.130000114440918,13.350000381469727,13.859999656677246,12.489999771118164,0.006130262263356334,4.655028721611045,17.857142857142858,0.0
2019-11-22,8.870259284973145,8.931227632281972,8.72321910341773,8.913295658125483,83668000,12.34000015258789,12.819999694824219,13.25,12.329999923706055,0.02406638649483228,1.3715707856651411,4.761904761904762,0.0
2019-11-25,9.17749309539795,9.18347072575255,8.977852645547715,8.98024406251289,80078400,11.869999885559082,12.510000228881836,12.59000015258789,11.729999542236328,-0.047351536980864584,0.0,0.3968253968253968,0.0
2019-11-26,9.23248291015625,9.265955444564613,9.157168795679272,9.194228454824097,83690400,11.539999961853027,11.880000114440918,12.039999961853027,11.420000076293945,-0.10264383593034088,0.0,0.3968253968253968,0.0
2019-11-27,9.418973922729492,9.42256013565788,9.267150887000765,9.298232919143832,81556800,11.75,11.550000190734863,11.789999961853027,11.4399995803833,-0.0805946599759223,0.8560947428984601,0.7936507936507936,0.0
2019-11-29,9.293452262878418,9.392675090341386,9.276715992229043,9.349638705226324,53796000,12.619999885559082,12.5,12.829999923706055,12.119999885559082,-0.038842362866464586,4.402771852681305,8.928571428571429,0.0
2019-12-02,8.994587898254395,9.299428770676816,8.84993819821317,9.293451140998636,151815200,14.90999984741211,12.6899995803833,15.270000457763672,12.550000190734863,0.20826577496315912,13.738279340579885,44.84126984126984,0.0
2019-12-03,8.792556762695312,8.80211969307736,8.500865952674783,8.643125144784502,156052000,15.960000038146973,14.680000305175781,17.989999771118164,14.609999656677246,0.344566149285624,18.018753055072185,57.936507936507944,0.0
2019-12-04,8.92286205291748,8.986220922619408,8.886998094340594,8.928839683366412,87659200,14.800000190734863,16.3799991607666,16.399999618530273,14.119999885559082,0.2824956880119749,13.289850242028391,43.452380952380956,0.0
2019-12-05,8.969484329223633,9.017302634920132,8.842766594377482,9.016106926461681,89080800,14.520000457763672,14.460000038146973,15.369999885559082,14.170000076293945,0.23574471980967426,12.148391880759684,39.285714285714285,0.0
2019-12-06,9.246829986572266,9.279107732562522,9.149998572718252,9.166734843950836,92941600,13.619999885559082,14.369999885559082,14.470000267028809,13.1899995803833,0.0792393034126957,8.47941274500012,27.380952380952383,0.0
2019-12-09,9.133259773254395,9.340072601404437,9.123695931752232,9.2157453980507,77928800,15.859999656677246,14.25,16.06999969482422,12.25,0.06371561495555778,17.61108741072522,57.53968253968254,0.0
2019-12-10,9.112936973571777,9.238458968654639,9.047186705629736,9.1392361686905,112048000,15.680000305175781,15.800000190734863,16.899999618530273,14.930000305175781,-0.01754384287606181,16.877294693803478,54.761904761904766,0.0
2019-12-11,9.250414848327637,9.280301172883945,9.128479045443527,9.166733504393271,90596000,14.989999771118164,15.569999694824219,15.970000267028809,14.979999542236328,0.012837809319911075,14.064410300942374,47.22222222222222,0.0
2019-12-12,9.462010383605957,9.563623703039102,9.183469624360967,9.22052837435161,183164000,13.9399995803833,14.9399995803833,15.550000190734863,13.600000381469727,-0.03994496274759074,9.783936586450071,31.547619047619047,0.0
2019-12-13,9.546886444091797,9.649695461198313,9.379522864239924,9.43929550618287,160996000,12.630000114440918,13.180000305175781,14.350000381469727,12.539999961853027,-0.07268720847551802,4.443539194673544,9.523809523809524,0.0
2019-12-16,9.820646286010742,9.87085509162695,9.726205392366026,9.733377818294562,99388000,12.140000343322754,12.470000267028809,12.529999732971191,11.710000038146973,-0.23455229469619365,2.445986090506376,3.571428571428571,0.0
2019-12-17,9.833796501159668,9.897155363378479,9.802714468201257,9.870855251802766,84548800,12.289999961853027,12.229999542236328,12.470000267028809,11.899999618530273,-0.21619899727959546,3.057480669239112,5.158730158730158,0.0
2019-12-18,9.856507301330566,9.955730095881352,9.843357248459593,9.880416902940539,71408000,12.579999923706055,12.239999771118164,12.699999809265137,11.930000305175781,-0.16077384150836038,4.23970637250006,8.73015873015873,0.0
2019-12-19,10.057345390319824,10.063323019923015,9.881614571919656,9.881614571919656,83384800,12.5,12.550000190734863,12.779999732971191,12.430000305175781,-0.10329982953584183,3.9135754121375723,8.333333333333332,0.0
2019-12-20,10.176891326904297,10.223513922159364,10.113532462176039,10.188846586863674,99548000,12.510000228881836,12.550000190734863,12.609999656677246,12.039999961853027,-0.009501178501326923,3.9543427541298124,8.73015873015873,0.0
2019-12-23,10.252202987670898,10.302411784023743,10.229489093676872,10.283284102332338,72427200,12.609999656677246,12.8100004196167,12.899999618530273,12.40999984741211,0.038714934107312526,4.362004510689064,10.515873015873016,0.0
2019-12-24,10.26547908782959,10.292984851476627,10.194922292315855,10.278633899262335,39898400,12.670000076293945,12.649999618530273,12.84000015258789,12.5600004196167,0.030919456112319166,5.98834192524659,12.698412698412698,0.0
2019-12-26,10.532161712646484,10.536945363293103,10.312119257230417,10.312119257230417,64258400,12.649999618530273,12.739999771118164,12.75,11.720000267028809,0.005564363692269092,6.026057055096025,12.5,0.0
2019-12-27,10.501068115234375,10.650553771867996,10.422140162973605,10.644574893035475,99750400,13.430000305175781,12.609999656677246,13.720000267028809,11.890000343322754,0.07440002441406257,11.25000191586356,27.77777777777778,0.0
2019-12-30,10.291787147521973,10.507046836101077,10.141106277904548,10.491500657854566,112905600,14.819999694824219,13.739999771118164,15.140000343322754,13.4399995803833,0.18465223210862036,23.58015488191065,49.2063492063492,0.0
2019-12-31,10.350384712219238,10.3754981869375,10.1482798616546,10.20089909195257,84380000,13.779999732971191,14.84000015258789,15.390000343322754,13.75,0.09278351373105753,16.103520072717835,34.523809523809526,0.0
2020-01-02,10.863420486450195,10.863420486450195,10.550099154681469,10.608697272759226,131072000,12.470000267028809,13.460000038146973,13.720000267028809,12.420000076293945,-0.015785304503615927,6.685839335847807,8.333333333333332,0.0
2020-01-03,10.568037033081055,10.762965977321784,10.432901431881962,10.43888122238009,145180000,14.020000457763672,15.010000228881836,16.200000762939453,13.130000114440918,0.1083004648653556,19.00383493995177,39.08730158730159,0.0
2020-01-06,10.768946647644043,10.772534157280848,10.27863298315258,10.316901273258509,128095200,13.850000381469727,15.449999809265137,16.389999389648438,13.539999961853027,0.031273273771414756,17.701152382026287,35.714285714285715,0.0
2020-01-07,10.755791664123535,10.856245581887928,10.662512765517173,10.779709002908964,107699200,13.789999961853027,13.84000015258789,14.460000038146973,13.390000343322754,-0.0695006581768629,17.24137905835003,35.51587301587302,0.0
2020-01-08,11.003337860107422,11.155214849786997,10.70675798621352,10.758181076398792,159164800,13.449999809265137,15.15999984741211,15.239999771118164,12.829999923706055,-0.023947745290333278,14.636013942499066,28.57142857142857,0.0
2020-01-09,11.280786514282227,11.344168290663259,11.088248903546583,11.268827843483784,145423200,12.539999961853027,12.949999809265137,13.239999771118164,12.529999732971191,0.005613447740598687,7.662835137044459,9.523809523809524,0.0
2020-01-10,11.188700675964355,11.417115167445651,11.137277580296017,11.407547867696211,137604000,12.5600004196167,12.420000076293945,12.869999885559082,12.09000015258789,-0.10413694653900585,7.8160953475528965,9.920634920634921,0.0
2020-01-13,11.579756736755371,11.585735615387721,11.278393152134193,11.328621024496396,116558400,12.319999694824219,12.84000015258789,13.09000015258789,12.319999694824219,-0.11046936061406432,5.9770093606969406,6.15079365079365,0.0
2020-01-14,11.444622039794922,11.618025956996714,11.387220055912186,11.549860530893412,145737600,12.390000343322754,12.720000267028809,13.819999694824219,12.050000190734863,-0.10152281525765494,6.513412789627414,7.738095238095238,0.0
2020-01-15,11.45179557800293,11.615631247122632,11.339382090516851,11.454186946669745,133003200,12.420000076293945,12.789999961853027,12.829999923706055,11.949999809265137,-0.07657990688309657,6.743295797541012,8.531746031746032,0.0
2020-01-16,11.771099090576172,11.778274110440137,11.543880700207128,11.613242266852387,121100800,12.319999694824219,12.199999809265137,12.420000076293945,11.779999732971191,-0.017543880996655048,5.9770093606969406,6.349206349206349,0.0
2020-01-17,11.946892738342285,11.97559372625111,11.750767648254062,11.924170628704323,144402400,12.100000381469727,12.210000038146973,12.479999542236328,11.75,-0.036624205635258256,4.291190892198484,3.571428571428571,0.0
2020-01-21,11.940914154052734,12.01984301926099,11.834480438766242,11.842851599101538,138882400,12.850000381469727,13.229999542236328,13.329999923706055,12.319999694824219,0.04301953731932051,10.038317244981828,20.634920634920633,0.0
2020-01-22,12.022233009338379,12.232709046696629,11.980377212462917,12.105945515477245,136148800,12.90999984741211,12.449999809265137,13.010000228881836,12.3100004196167,0.04196928891689611,10.498083260809022,22.61904761904762,0.0
2020-01-23,12.133450508117676,12.148996686461565,11.835675364041315,11.998315815900296,143588800,12.979999542236328,13.260000228881836,14.149999618530273,12.9399995803833,0.04508852355091797,11.034479381890435,23.809523809523807,0.0
2020-01-24,11.818933486938477,12.342730868826754,11.661076679219544,12.305658720104184,239374400,14.5600004196167,12.75,15.979999542236328,12.619999885559082,0.18181824515251677,23.141765621641817,50.79365079365079,0.0
2020-01-27,11.088248252868652,11.28317722136997,10.784493287994987,11.032041499787377,198626400,18.229999542236328,17.420000076293945,19.020000457763672,16.81999969482422,0.5066114849181536,51.26436385137384,89.68253968253968,0.0
2020-01-28,11.60367488861084,11.680211474613296,11.238930420527778,11.319054516438461,171862400,16.280000686645508,16.940000534057617,18.030000686645508,15.6899995803833,0.2669260858639346,36.321844103556025,77.57936507936508,0.0
2020-01-29,11.645532608032227,11.834482734991202,11.502026713757793,11.795018294729854,137877600,16.389999389648438,15.680000305175781,16.649999618530273,14.9399995803833,0.26955844952499475,37.164746029956184,79.76190476190477,0.0
2020-01-30,11.777079582214355,11.79142962279541,11.319055264314269,11.432664010058907,200249600,15.489999771118164,17.81999969482422,18.389999389648438,15.300000190734863,0.1933744466411118,30.268197329755804,65.47619047619048,0.0
2020-01-31,11.19826889038086,11.928954817346721,11.091835181041688,11.92058365747919,220384000,18.84000015258789,16.25,19.989999771118164,16.18000030517578,0.29395601714439135,55.938697961994365,92.06349206349206,0.0
2020-02-03,11.712499618530273,11.798603496543466,11.352537927764887,11.374063897268185,173688000,17.969999313354492,18.639999389648438,18.8799991607666,17.100000381469727,-0.014262218069696186,49.272024961858506,89.0873015873016,0.0
2020-02-04,12.512548446655273,12.58669366893677,12.080833749960073,12.198030919064612,140248800,16.049999237060547,16.450000762939453,16.459999084472656,15.630000114440918,-0.014127852572735522,34.559380914105226,74.0079365079365,0.0
2020-02-05,12.657248497009277,12.984921698163124,12.42405124836694,12.982529416829971,174612000,15.149999618530273,16.290000915527344,16.31999969482422,15.020000457763672,-0.07565587658906936,27.662832213904835,60.317460317460316,0.0
2020-02-06,12.965786933898926,12.980137884553256,12.605826150768978,12.737373338409064,113132800,14.960000038146973,15.130000114440918,15.65999984741211,14.699999809265137,-0.03421560624935582,26.206896753319974,58.730158730158735,0.0
2020-02-07,12.798361778259277,13.012425317961496,12.690732850519272,12.793579040820626,154052000,15.470000267028809,15.069999694824219,16.15999984741211,14.8100004196167,-0.17887472708412766,30.114944427096425,65.87301587301587,0.0
2020-02-10,13.25997543334961,13.263563855535278,12.664425084855004,12.673992385907363,123248800,15.039999961853027,15.880000114440918,16.43000030517578,15.010000228881836,-0.1630494971318125,26.81992297965561,59.92063492063492,0.0
2020-02-11,13.269542694091797,13.617545741612798,13.164305119999682,13.477626473214226,193770400,15.180000305175781,14.90999984741211,15.270000457763672,14.380000114440918,-0.054205543504069365,27.89272252966749,62.301587301587304,0.0
2020-02-12,13.658204078674316,13.674946397648455,13.405872241065302,13.500347276641051,121608000,13.739999771118164,14.859999656677246,14.880000114440918,13.729999542236328,-0.09306929920232543,16.858235839928,38.492063492063494,0.0
2020-02-13,13.605587005615234,13.76463997356788,13.319770484575452,13.36880222107933,155282400,14.149999618530273,14.430000305175781,15.4399995803833,14.0,-0.05414441293791805,19.999997076860375,46.42857142857143,0.0
2020-02-14,13.69766902923584,13.751483497647914,13.523069901575253,13.659400739781299,113969600,13.680000305175781,14.119999885559082,14.539999961853027,13.380000114440918,-0.11570781712706568,16.398469824100804,37.10317460317461,0.0
2020-02-18,13.721587181091309,13.804103555774903,13.46447166840101,13.503936100848648,130167200,14.829999923706055,14.979999542236328,15.489999771118164,14.529999732971191,-0.013962768529229397,25.21072730856231,57.53968253968254,0.0
2020-02-19,14.118621826171875,14.207117996960697,13.920105337068827,13.969136160851953,105627200,14.380000114440918,14.65999984741211,14.739999771118164,14.210000038146973,-0.05270093377152929,21.762452958462113,49.2063492063492,0.0
2020-02-20,13.716801643371582,14.109052720041703,13.201375460567727,14.027732497271886,227657600,15.5600004196167,14.539999961853027,17.209999084472656,14.489999771118164,0.13246002029230186,30.804600758686274,67.85714285714286,0.0
2020-02-21,12.932303428649902,13.582865317145679,12.76368407752009,13.520678771245782,207107200,17.079999923706055,17.329999923706055,18.209999084472656,16.190000534057617,0.20706716495870214,42.45210636691234,83.73015873015873,0.0
2020-02-24,11.442229270935059,11.90862466677296,11.197072447675094,11.513982198205204,269674400,25.030000686645508,22.25,26.350000381469727,22.0,0.8296783719497063,100.0,100.0,0.0
2020-02-25,10.51661491394043,11.828501145925237,10.397026391971176,11.711303992944641,300793600,27.850000381469727,22.190000534057617,30.25,22.190000534057617,0.8779501365304081,100.0,100.0,0.0
2020-02-26,10.66131591796875,11.209031516286212,10.422138896420995,10.6768620959097,335736000,27.559999465942383,26.6299991607666,29.56999969482422,24.760000228881836,0.9165507125598442,98.22194415655228,99.60317460317461,0.0
2020-02-27,9.067203521728516,10.33364669838078,9.038502526155616,9.842137701302402,425116000,39.15999984741211,28.950000762939453,39.310001373291016,27.790000915527344,1.516709433891954,100.0,100.0,0.0
2020-02-28,9.2083158493042,9.259738948334794,8.072224932831604,8.181050921724157,494222400,40.11000061035156,42.02000045776367,49.47999954223633,39.369998931884766,1.3483607019623691,100.0,100.0,0.0
2020-03-02,10.465191841125488,10.492696690315054,9.085140184404553,9.479781760530965,363518400,33.41999816894531,38.540000915527344,40.40999984741211,31.5,0.3351976529020313,76.58382117762453,99.20634920634922,0.0
2020-03-03,9.479782104492188,10.94235018662518,9.193965598838048,10.568038426733656,548126400,36.81999969482422,33.650001525878906,41.060001373291016,24.93000030517578,0.3220825562114811,88.48442127809247,99.20634920634922,0.0
2020-03-04,10.630224227905273,10.661317500791336,9.722547734320406,9.990425782755535,315827200,31.989999771118164,34.439998626708984,35.58000183105469,30.299999237060547,0.16074021738099842,71.57857663660874,98.4126984126984,0.0
2020-03-05,9.697432518005371,10.37550011067102,9.458255481232609,9.834959496627306,386972000,39.619998931884766,33.61000061035156,42.84000015258789,33.540000915527344,0.011746656952631662,98.2849084097149,99.60317460317461,0.0
2020-03-06,9.18918228149414,9.337472716811611,8.490785698597994,8.697674258620223,393519200,41.939998626708984,48.93000030517578,54.38999938964844,40.84000015258789,0.045624482386199094,100.0,100.0,0.0
2020-03-09,7.322404861450195,8.269546155934705,7.294899557207283,7.358281325410778,406964800,54.459999084472656,41.939998626708984,62.119998931884766,41.939998626708984,0.6295631977346496,100.0,100.0,0.0
2020-03-10,8.462084770202637,8.482414601646465,7.294900443736182,8.129628797601345,456252800,47.29999923706055,49.68000030517578,55.65999984741211,43.560001373291016,0.28462790953552064,83.31780057367556,99.60317460317461,0.0
2020-03-11,7.373828411102295,8.039936913049896,7.0557229538056,7.8665330048879545,430928000,53.900001525878906,52.2400016784668,55.81999969482422,49.97999954223633,0.6849015914824095,98.69525263270889,99.60317460317461,0.0
2020-03-12,5.352782726287842,6.876340891493761,5.309731236083244,5.919632593546804,618225600,75.47000122070312,61.459999084472656,76.83000183105469,59.90999984741211,0.904846119517877,100.0,100.0,0.0
2020-03-13,6.79741096496582,6.853617710964734,5.3886584552065315,6.247303998342367,556290400,57.83000183105469,71.30999755859375,77.56999969482422,55.16999816894531,0.37887467154627763,72.4073220048522,99.60317460317461,0.0
2020-03-16,4.454672813415527,5.812002468045727,4.423579995845927,4.8385518913400665,658290400,82.69000244140625,57.83000183105469,83.55999755859375,57.83000183105469,0.5183621709788531,100.0,100.0,0.0
2020-03-17,5.180574893951416,5.39822597410902,4.275289791400693,4.709396267184935,762020800,75.91000366210938,82.69000244140625,84.83000183105469,70.37000274658203,0.6048626825903263,90.47083830918308,99.60317460317461,0.0
2020-03-18,4.701024532318115,4.962923207216075,3.9141319108514745,4.3410628586875575,848999200,76.44999694824219,69.37000274658203,85.47000122070312,69.37000274658203,0.4183672501667073,91.22978879029937,99.60317460317461,0.0
2020-03-19,4.809850215911865,5.271461956479456,4.3051865369834035,4.646013622016998,804808800,72.0,80.62000274658203,84.26000213623047,68.56999969482422,-0.04597854994801864,84.97540116814712,98.4126984126984,0.0
2020-03-20,4.246588230133057,5.237977190417037,4.197556954191802,5.141110779227294,782255200,66.04000091552734,67.86000061035156,69.51000213623047,57.41999816894531,0.14196781643648304,76.59873373769213,98.01587301587301,0.0
2020-03-23,4.2597432136535645,4.54436403629253,3.859121829773808,4.29681582133738,820073600,61.59000015258789,74.08000183105469,76.73999786376953,60.459999084472656,-0.25516993186412984,70.3443407540541,97.61904761904762,0.0
2020-03-24,5.20927619934082,5.230802169865725,4.799087531063145,4.930634723209556,829824000,61.66999816894531,58.7599983215332,61.880001068115234,36.2400016784668,-0.18759063109190688,70.4567764723528,97.61904761904762,0.0
2020-03-25,5.088490962982178,5.721114284615119,4.912696165092898,5.285812185165157,834874400,63.95000076293945,61.439998626708984,68.86000061035156,58.029998779296875,-0.16350551581794592,73.66127754689508,97.61904761904762,0.0
2020-03-26,5.917240619659424,5.979426712209691,5.222431071470798,5.241565674896162,649240000,61.0,65.66999816894531,67.05999755859375,57.65999984741211,-0.1527777777777778,69.51510655584386,96.42857142857143,0.0
2020-03-27,5.302555084228516,5.779713487778941,5.236781488361106,5.456824387109647,557143200,65.54000091552734,64.94999694824219,69.0999984741211,61.79999923706055,-0.007571168883531043,75.89599307349651,97.61904761904762,0.0
2020-03-30,5.859837532043457,5.905281297781381,5.381483447795012,5.4508450089841585,416621600,57.08000183105469,66.30000305175781,67.69000244140625,56.599998474121094,-0.07322614564636765,64.00562232206352,95.23809523809523,0.0
2020-03-31,5.697197437286377,6.162396741184063,5.6039185308331945,5.813198456168743,731904000,53.540000915527344,56.689998626708984,58.75,50.880001068115234,-0.13183067123086,59.03021713280205,94.04761904761905,0.0
2020-04-01,4.990428924560547,5.467587323882177,4.857685593313402,5.214059331005429,535589600,57.060001373291016,57.380001068115234,60.59000015258789,52.7599983215332,-0.10774041137527801,63.97751205211739,94.84126984126983,0.0
2020-04-02,5.2858123779296875,5.302554696796949,4.875623740905894,4.927046838109039,467531200,50.90999984741211,54.459999084472656,57.2400016784668,50.45000076293945,-0.16540983856701463,55.33379973791717,93.25396825396825,0.0
2020-04-03,5.072945594787598,5.3790924182166036,4.886387766302327,5.24515338255132,554484000,46.79999923706055,51.11000061035156,52.290000915527344,46.7400016784668,-0.28593227672700605,49.55727062039159,92.46031746031747,0.0
2020-04-06,6.134891033172607,6.241324743821453,5.544123903940609,5.633815294648379,518616800,45.2400016784668,44.16999816894531,45.72999954223633,43.45000076293945,-0.2074281670072805,47.36472317945221,92.06349206349206,0.0
2020-04-07,6.122931957244873,6.731637506703002,6.099014163404492,6.684998059620945,658009600,46.70000076293945,44.83000183105469,47.5099983215332,43.5099983215332,-0.1277549502358002,49.41672463214679,92.06349206349206,0.0
2020-04-08,6.513987064361572,6.577368836256137,6.132499379894546,6.301119180903533,518180000,43.349998474121094,45.900001525878906,47.279998779296875,42.529998779296875,-0.24027344145118412,44.70835896514478,91.26984126984127,0.0
2020-04-09,6.537904262542725,6.783061096989561,6.3704806058746,6.688586055357444,553297600,41.66999816894531,43.0,45.72999954223633,41.38999938964844,-0.18149679249972517,42.34714990452869,90.47619047619048,0.0
2020-04-13,6.76512336730957,6.802195977273557,6.346563496117811,6.457780869815717,426961600,41.16999816894531,44.599998474121094,45.040000915527344,41.16999816894531,-0.12029917008325253,41.64440924033309,90.07936507936508,0.0
2020-04-14,7.64290189743042,7.701500469907957,7.102361760401657,7.181290161248682,490049600,37.7599983215332,40.2400016784668,40.56999969482422,37.310001373291016,-0.16534047478813207,36.85171812497851,88.4920634920635,0.0
2020-04-15,7.38937520980835,7.580716670970727,7.134651518978288,7.2841371780720285,431688000,40.84000015258789,42.56999969482422,43.22999954223633,40.04999923706055,-0.12548180973482959,41.1806031899366,89.68253968253968,0.0
2020-04-16,7.785212993621826,7.901214011813079,7.408509403978595,7.630944139143909,562920000,40.11000061035156,41.91999816894531,43.02000045776367,39.869998931884766,-0.07474043778118544,40.15460246358931,89.0873015873016,0.0
2020-04-17,7.980142116546631,8.143977800409147,7.657252574197632,8.092554701760305,463564800,38.150001525878906,39.5,40.2599983215332,37.630001068115234,-0.08447316529256998,37.399860346699136,87.6984126984127,0.0
2020-04-20,7.72183084487915,8.073421392244299,7.708676034441133,7.795976057130881,386998400,43.83000183105469,40.68000030517578,43.83000183105469,39.880001068115234,0.06461024484853706,45.38299472088004,91.26984126984127,0.0
2020-04-21,6.867969512939453,7.549624244883999,6.734030483201783,7.493417488177044,519489600,45.40999984741211,44.279998779296875,47.77000045776367,43.77000045776367,0.2025953883985312,47.60365243176554,91.66666666666666,0.0
2020-04-22,7.475478649139404,7.61300563816548,7.212384253741044,7.298487683281186,274185600,41.97999954223633,44.90999984741211,45.06999969482422,41.40999984741211,0.027913794940968017,42.78285104646485,90.07936507936508,0.0
2020-04-23,7.426446437835693,7.843810090658428,7.38100313158168,7.561581584586978,424868000,41.380001068115234,41.29999923706055,42.470001220703125,39.060001373291016,0.03166293788177876,41.93956439402444,88.88888888888889,0.0
2020-04-24,7.785212993621826,7.821089916992256,7.320013692495716,7.4790666537762585,317981600,35.93000030517578,38.79999923706055,40.16999816894531,35.599998474121094,-0.058191379604459414,34.27969008199521,84.92063492063492,0.0
2020-04-27,7.937091827392578,8.08298908160876,7.8497917906514285,8.033958254038213,304741600,33.290000915527344,36.290000915527344,36.439998626708984,32.5099983215332,-0.24047457164511188,30.569220232880156,84.12698412698413,0.0
2020-04-28,7.507767200469971,8.159525187185409,7.487437370878314,8.158329046507074,386247200,33.56999969482422,33.209999084472656,35.38999938964844,30.540000915527344,-0.26073552504675124,30.962753289154243,84.52380952380952,0.0
2020-04-29,8.288681030273438,8.41544549720683,7.903605803385191,8.018411599351916,346104000,31.229999542236328,32.47999954223633,33.189998626708984,30.709999084472656,-0.25607432389760654,27.67392676625939,82.93650793650794,0.0
2020-04-30,8.343690872192383,8.427403385965318,8.126039796203592,8.420228366528905,380544800,34.150001525878906,30.989999771118164,35.939998626708984,30.93000030517578,-0.17472207239277482,31.77793503313432,84.52380952380952,0.0
2020-05-01,7.595066070556641,8.049502317388571,7.474281876163188,7.811521437920153,346245600,37.189998626708984,38.16999816894531,39.56999969482422,36.59000015258789,0.03506814113084489,36.050594196714385,85.31746031746032,0.0
2020-05-04,7.862945556640625,7.884471527739878,7.422859746024381,7.479066499027321,200756000,35.970001220703125,39.130001068115234,40.31999969482422,35.529998779296875,0.08050466300605463,34.33591062188745,84.52380952380952,0.0
2020-05-05,8.114081382751465,8.397506520490353,8.037544798384417,8.099731343425178,288714400,33.61000061035156,34.81999969482422,36.220001220703125,31.950000762939453,0.0011915673485547451,31.01897382904648,83.33333333333334,0.0
2020-05-06,8.274330139160156,8.50633125169714,8.17865895648914,8.31618593943322,311880800,34.119998931884766,32.689998626708984,35.689998626708984,31.68000030517578,0.09253920691673145,31.73576694747225,83.33333333333334,0.0
2020-05-07,8.597217559814453,8.700063747205439,8.43936076955655,8.590042541471604,289489600,31.440000534057617,32.119998931884766,32.279998779296875,30.3700008392334,-0.07935580880626458,27.96907923920785,80.95238095238095,0.0
2020-05-08,8.944026947021484,8.963160638831896,8.672560452380361,8.795737414035248,262202400,27.979999542236328,30.139999389648438,30.389999389648438,27.889999389648438,-0.24764720152095543,23.106112448987975,80.15873015873017,0.0
2020-05-11,9.166460037231445,9.31594568391693,8.759858895769334,8.786168515568056,269384000,27.56999969482422,28.459999084472656,31.459999084472656,26.969999313354492,-0.2335279744456652,22.529865318807012,79.36507936507937,0.0
2020-05-12,8.621135711669922,9.343450460408546,8.613960692648126,9.264522514004867,339363200,33.040000915527344,28.469999313354492,33.040000915527344,26.0,-0.016959228934041226,30.217849900782355,81.34920634920636,0.0
2020-05-13,8.294660568237305,8.903365751986577,7.983730570673972,8.680931011735465,491119200,35.279998779296875,32.7400016784668,37.41999816894531,30.770000457763672,0.03399765192630477,33.36612507394662,83.73015873015873,0.0
2020-05-14,8.569711685180664,8.573299193921157,7.905995196556119,8.136801020201542,402999200,32.61000061035156,35.15999984741211,39.279998779296875,32.33000183105469,0.03721374225253382,29.613492500655276,80.55555555555556,0.0
2020-05-15,8.71680736541748,8.741920845752096,8.16670034228829,8.216927302957524,357806400,31.889999389648438,32.5,35.130001068115234,31.040000915527344,0.13974267017088016,28.601544228538156,79.76190476190477,0.0
2020-05-18,9.22147274017334,9.351823815743138,8.995450464040099,9.088729382775952,296474400,29.299999237060547,30.709999084472656,31.079999923706055,28.350000381469727,0.06274934934297827,24.961347373545504,78.57142857142857,0.0
2020-05-19,9.150915145874023,9.515660576424452,9.136565104270858,9.2537613685083,261430400,30.530000686645508,28.729999542236328,30.739999771118164,28.3700008392334,-0.07596852782477514,26.690091444831282,78.57142857142857,0.0
2020-05-20,9.686670303344727,9.747660705167764,9.472606739006473,9.472606739006473,285416000,27.989999771118164,29.520000457763672,29.829999923706055,27.829999923706055,-0.2066326320979538,23.120167583961035,77.77777777777779,0.0
2020-05-21,9.388894081115723,9.796690421671544,9.319532527040403,9.715370199194114,322693600,29.530000686645508,28.969999313354492,30.200000762939453,27.670000076293945,-0.09444955124374799,25.284610116440078,78.17460317460318,0.0
2020-05-22,9.47380256652832,9.506091065021401,9.21429570076797,9.338666956909309,209664800,28.15999984741211,31.360000610351562,31.549999237060547,28.030000686645508,-0.11696455357873392,23.359099517017256,77.38095238095238,0.0
2020-05-26,9.434338569641113,9.964115766573451,9.373348167034141,9.931827266598013,245202400,28.010000228881836,27.719999313354492,28.579999923706055,27.18000030517578,-0.04402727105013149,23.148277853907153,76.98412698412699,0.0
2020-05-27,9.567082405090332,9.571866055779447,8.7754060076094,9.34106015626112,347291200,27.6200008392334,27.6200008392334,30.530000686645508,25.920000076293945,-0.09531607540005749,22.60014099367231,75.39682539682539,0.0
2020-05-28,9.506089210510254,9.950958557818776,9.393676645652544,9.399655522968871,303992800,28.59000015258789,27.81999969482422,29.889999389648438,27.43000030517578,0.021436241028084835,23.963456917144335,77.38095238095238,0.0
2020-05-29,9.898341178894043,9.964115228386985,9.366172641680162,9.571865037489387,358492800,27.510000228881836,29.299999237060547,30.15999984741211,27.290000915527344,-0.06840502576341578,22.44553718971155,73.80952380952381,0.0
2020-06-01,10.0203218460083,10.074136313150438,9.76201021399492,9.813433312272327,209881600,28.229999542236328,28.940000534057617,30.600000381469727,28.110000610351562,0.002485784630806842,23.45748278108578,76.98412698412699,0.0
2020-06-02,10.220035552978516,10.230798995003061,9.763207409850628,10.074137401985807,250714400,26.84000015258789,28.399999618530273,28.520000457763672,26.65999984741211,-0.041770798526717945,21.503864592459728,73.01587301587301,0.0
2020-06-03,10.358757972717285,10.462799401609375,10.190137720889686,10.302551222108086,215033600,25.65999984741211,26.75,26.979999542236328,25.040000915527344,-0.07096310399227668,19.845396196039243,72.61904761904762,0.0
2020-06-04,10.148282051086426,10.509438986117528,9.96889926806565,10.312118654705086,266408800,25.809999465942383,26.229999542236328,26.43000030517578,24.3799991607666,-0.09723681958056474,20.056217859149346,72.61904761904762,0.0
2020-06-05,10.749813079833984,10.826349667403711,10.22481949679097,10.272655092119072,281394400,24.520000457763672,24.790000915527344,25.09000015258789,23.540000915527344,-0.10868774068489695,18.24314833951099,71.03174603174604,0.0
2020-06-08,10.988988876342773,11.011710986789609,10.51183094367514,10.713934919228826,218544800,25.809999465942383,25.559999465942383,25.979999542236328,24.649999618530273,-0.08572441075223047,20.056217859149346,72.42063492063492,0.0
2020-06-09,11.234146118164062,11.358518291300273,10.851462297963103,10.869400758851715,213179200,27.56999969482422,25.93000030517578,27.700000762939453,25.709999084472656,0.027198194414538523,22.529865318807012,74.0079365079365,0.0
2020-06-10,11.639552116394043,11.865574370394935,11.406353930001247,11.47571549799837,302911200,27.56999969482422,26.729999542236328,29.010000228881836,26.059999465942383,0.07443491265666302,22.529865318807012,73.80952380952381,0.0
2020-06-11,9.925848960876465,11.266436403816694,9.904322986875423,11.071507409309824,383332000,40.790000915527344,30.450000762939453,42.58000183105469,29.489999771118164,0.5803952638337648,41.11033019581419,87.6984126984127,0.0
2020-06-12,10.141106605529785,10.721110730443543,9.618504457832955,10.55847027434895,411876800,36.09000015258789,37.68000030517578,44.15999984741211,34.970001220703125,0.4718596851070145,34.50456688007837,84.12698412698413,0.0
2020-06-15,10.498674392700195,10.60510808337314,9.57425489785347,9.696235677259482,398184800,34.400001525878906,44.09000015258789,44.439998626708984,34.279998779296875,0.3328168243967409,32.12930536523212,82.53968253968253,0.0
2020-06-16,11.053566932678223,11.255671823306765,10.560861902149163,11.168371802314626,383217600,33.66999816894531,34.279998779296875,37.45000076293945,31.729999542236328,0.2212549344085144,31.103299277399053,81.34920634920636,0.0
2020-06-17,11.161197662353516,11.415920901389793,11.049980293571013,11.261651589053544,258858400,33.470001220703125,33.279998779296875,35.16999816894531,32.25,0.21400078314061521,30.822207300909437,80.15873015873017,0.0
2020-06-18,11.24730110168457,11.284373252340135,11.006927911810541,11.114557766409959,212785600,32.939998626708984,33.83000183105469,36.25,32.2400016784668,-0.19244918148138934,30.07729855105177,78.57142857142857,0.0
2020-06-19,11.2317533493042,11.627591962817869,10.997359964393148,11.596498692786286,289950400,35.119998931884766,32.06999969482422,35.119998931884766,30.399999618530273,-0.026877285026377873,33.141248275863454,82.53968253968253,0.0
2020-06-22,11.631178855895996,11.665859633633875,11.182721938852993,11.230557525815165,220133600,31.770000457763672,35.220001220703125,35.38999938964844,31.639999389648438,-0.07645351603071004,28.43288797034723,76.5873015873016,0.0
2020-06-23,11.934934616088867,12.272174204725582,11.798603776792408,11.88351151618666,234898400,31.3700008392334,31.709999084472656,31.709999084472656,29.260000228881836,-0.06830999271729277,27.870695975139327,75.79365079365078,0.0
2020-06-24,11.2317533493042,12.01505850421059,10.984205154471631,11.82730456815292,392821600,33.84000015258789,31.049999237060547,37.119998931884766,30.950000762939453,0.011054643513305207,31.342233891198163,80.95238095238095,0.0
2020-06-25,11.529531478881836,11.566603633994593,10.851463769575295,11.230560131486973,301703200,32.220001220703125,36.59000015258789,36.93000030517578,31.59000015258789,-0.02185784565947302,29.06535564042043,76.98412698412699,0.0
2020-06-26,10.700779914855957,11.516373489015605,10.631418362425386,11.482887940940648,375940800,34.72999954223633,33.0099983215332,36.25,31.040000915527344,-0.01110476655779069,32.59311141562861,82.14285714285714,0.0
2020-06-29,11.042803764343262,11.053567205843796,10.318097607684141,10.668492016203793,259609600,31.780000686645508,35.04999923706055,36.310001373291016,31.780000686645508,0.0003147695542256024,28.446943105320287,75.39682539682539,0.0
2020-06-30,11.677818298339844,11.777076981584997,11.017689205737884,11.04041131482454,251388800,30.43000030517578,32.540000915527344,32.939998626708984,29.559999465942383,-0.029964950873765717,26.549542775843584,73.01587301587301,0.0
2020-07-01,12.095183372497559,12.25423633007559,11.628787941479258,11.702933155604397,252137600,28.6200008392334,30.959999084472656,31.760000228881836,28.200000762939453,-0.154255298162441,24.005622322063513,71.82539682539682,0.0
2020-07-02,12.352298736572266,12.660837347043904,12.286524683506906,12.471887260408897,228152000,27.68000030517578,28.329999923706055,28.440000534057617,25.899999618530273,-0.14090629247432007,22.68446912276777,68.65079365079364,0.0
2020-07-06,13.25997543334961,13.343687948975678,12.830653062990537,12.831849203719095,211984000,27.940000534057617,27.760000228881836,28.329999923706055,24.920000076293945,-0.19550818018068683,23.049894589838633,69.04761904761905,0.0
2020-07-07,12.999273300170898,13.652227499683185,12.944262683935685,13.220512818310302,246099200,29.43000030517578,28.770000457763672,29.6299991607666,27.25,-0.07394588831639759,25.14406144745238,72.22222222222221,0.0
2020-07-08,13.499151229858398,13.506327161174301,12.974157722578207,13.206159733386588,239931200,28.079999923706055,28.950000762939453,30.200000762939453,27.239999771118164,-0.0772264330562632,23.246661117975677,69.84126984126983,0.0
2020-07-09,13.836392402648926,13.952393421444983,13.137995833137909,13.801712532234907,317596000,29.260000228881836,28.18000030517578,31.479999542236328,26.110000610351562,0.022361962644358302,24.905129514396158,71.42857142857143,0.0
2020-07-10,14.12938404083252,14.165260049959224,13.380759638488703,13.802906974690224,242789600,27.290000915527344,30.860000610351562,30.90999984741211,27.1299991607666,-0.014089573170109837,22.136332262532925,64.28571428571429,0.0
2020-07-13,13.256385803222656,15.062172074367751,13.117663609703946,14.595777627514599,374584800,32.189998626708984,27.850000381469727,32.45000076293945,26.8700008392334,0.15211159668629248,29.023187554758362,76.19047619047619,0.0
2020-07-14,13.537418365478516,13.599604898852352,12.364255426474845,12.866526781200092,459751200,29.520000457763672,31.139999389648438,33.66999816894531,29.209999084472656,0.003058109128597719,25.27055498146702,71.82539682539682,0.0
2020-07-15,13.604391098022461,13.898578765194493,13.081788906148907,13.73593829535154,367544000,27.760000228881836,29.149999618530273,30.09000015258789,27.170000076293945,-0.011396000558891228,22.796907521809352,66.26984126984127,0.0
2020-07-16,13.312594413757324,13.436966587816856,12.794775887475584,13.159521249495754,299972000,28.0,28.40999984741211,29.290000915527344,26.979999542236328,-0.04306220844243602,23.134222718934094,67.85714285714286,0.0
2020-07-17,13.37477970123291,13.518286473335017,13.035148740795133,13.413048903703876,231003200,25.68000030517578,27.149999618530273,27.540000915527344,25.40999984741211,-0.058995989605684196,19.87350646598536,61.111111111111114,0.0
2020-07-20,14.513262748718262,14.617305088778819,13.285088146814287,13.489585317345036,251621600,24.459999084472656,26.940000534057617,27.079999923706055,24.350000381469727,-0.24013668443659142,18.158817529672643,59.12698412698413,0.0
2020-07-21,14.049259185791016,14.789511475437566,13.920103370230507,14.779944175235757,294313600,24.84000015258789,24.079999923706055,25.649999618530273,23.610000610351562,-0.1585365932453756,18.692901935677316,59.92063492063492,0.0
2020-07-22,14.211898803710938,14.366168098839852,13.830412058088928,14.131774716962827,227788800,24.31999969482422,24.559999465942383,26.260000228881836,24.1299991607666,-0.12391932657401783,17.9620510015356,58.333333333333336,0.0
2020-07-23,13.098530769348145,14.25973521740615,12.864137373913248,14.148517854595855,336648800,26.079999923706055,23.969999313354492,26.950000762939453,23.600000381469727,-0.06857143129621235,20.43569846119326,61.904761904761905,0.0
2020-07-24,12.711063385009766,12.934694236803974,12.07963617098843,12.498195974020993,357218400,25.84000015258789,27.959999084472656,28.579999923706055,25.530000686645508,0.006230523579077385,20.098383264068524,61.50793650793651,0.0
2020-07-27,13.393914222717285,13.459688273587615,12.853374514465486,12.986116932097243,267624000,24.739999771118164,26.600000381469727,26.940000534057617,24.549999237060547,0.011447289334661326,18.552353266689618,58.730158730158735,0.0
2020-07-28,12.8904447555542,13.359231464984353,12.84021780362694,13.283891037093463,238702400,25.440000534057617,24.860000610351562,25.850000381469727,24.049999237060547,0.024154604580677308,19.536191268860616,59.523809523809526,0.0
2020-07-29,13.329336166381836,13.466863145174242,13.053086980531027,13.11766489002628,194280800,24.100000381469727,25.15999984741211,25.420000076293945,23.729999542236328,-0.009046024511312534,17.652846074356972,56.34920634920635,0.0
2020-07-30,13.545791625976562,13.629504139677577,12.83902392806824,13.023190363344844,302200000,24.760000228881836,25.040000915527344,28.290000915527344,24.639999389648438,-0.050613485379053746,18.580463536635737,58.333333333333336,0.0
2020-07-31,14.276476860046387,14.290827810575257,13.499151497964888,14.269301840975942,359815200,24.459999084472656,24.790000915527344,26.40999984741211,23.549999237060547,-0.053405613775781124,18.158817529672643,56.547619047619044,0.0
2020-08-03,14.808646202087402,14.964110725946297,14.596974017160697,14.61969612723671,217868000,24.280000686645508,25.75,26.010000228881836,22.170000076293945,-0.018593334225074032,17.90583314238625,55.55555555555556,0.0
2020-08-04,15.001184463500977,15.022710433916114,14.63045931608607,14.747656468876926,211008000,23.760000228881836,24.010000228881836,24.760000228881836,22.920000076293945,-0.06603774645864069,17.17498220824453,55.158730158730165,0.0
2020-08-05,15.120774269104004,15.196114715759744,14.93780396123428,15.086093485357937,162381600,22.989999771118164,23.440000534057617,23.610000610351562,22.860000610351562,-0.046058115883061634,16.09276094200501,54.761904761904766,0.0
2020-08-06,15.699578285217285,15.777310081055626,14.974872260201906,15.081305953235917,192064000,22.649999618530273,23.030000686645508,24.110000610351562,20.969999313354492,-0.085218117562467,15.61489707589257,54.36507936507936,0.0
2020-08-07,15.186545372009277,15.76415903491393,14.791903817145208,15.620651356076145,296708000,22.209999084472656,23.450000762939453,24.020000457763672,22.020000457763672,-0.09198692085922078,14.996484540792428,53.96825396825397,0.0
2020-08-10,14.982048988342285,15.26069044680275,14.370951604715891,15.220029877328521,254311200,22.1299991607666,22.8799991607666,23.520000457763672,21.459999084472656,-0.0885503074578351,14.884046141750847,53.57142857142857,0.0
2020-08-11,14.13177490234375,15.002379164275583,14.038496004620766,14.776356939058203,310273600,24.030000686645508,21.850000381469727,24.93000030517578,20.280000686645508,0.01136365552031715,17.55446281028845,55.158730158730165,0.0
2020-08-12,15.18893814086914,15.350382459968507,14.482169551574842,14.482169551574842,221247200,22.280000686645508,22.81999969482422,22.8799991607666,21.540000915527344,-0.03088295309009148,15.094870485603842,53.57142857142857,0.0
2020-08-13,15.29537296295166,15.687622277685142,15.13153635060416,15.31689893455653,234281600,22.1299991607666,22.200000762939453,22.920000076293945,21.450000762939453,-0.022958077992118464,14.884046141750847,52.57936507936508,0.0
2020-08-14,15.251123428344727,15.449640804528096,14.997596356211142,15.3862590364947,199737600,22.049999237060547,22.270000457763672,23.549999237060547,21.790000915527344,-0.007203955605922019,14.771607742709266,51.98412698412699,0.0
2020-08-17,15.754594802856445,15.828739113193105,15.505850422477879,15.53096299382197,126664800,21.350000381469727,22.520000457763672,22.81999969482422,21.34000015258789,-0.03524621820500129,13.787772421281158,51.587301587301596,0.0
2020-08-18,16.21739959716797,16.311873726971324,15.700776304459275,15.956695669428107,149313600,21.510000228881836,21.690000534057617,22.549999237060547,21.18000030517578,-0.10486892991077368,14.01264921936432,51.587301587301596,0.0
2020-08-19,15.900492668151855,16.408743949945734,15.820366742630656,16.21500927933174,205847200,22.540000915527344,21.600000381469727,22.979999542236328,20.989999771118164,0.011669668800220467,15.460295952674702,53.57142857142857,0.0
2020-08-20,16.55463981628418,16.645528269599698,15.686427720005584,15.755789288407772,152774400,22.719999313354492,24.100000381469727,24.600000381469727,22.3700008392334,0.026660649569019368,15.713280339961091,53.96825396825397,0.0
2020-08-21,16.900251388549805,16.982765938767418,16.478102212517754,16.582145471098386,164280000,22.540000915527344,22.579999923706055,24.469999313354492,22.059999465942383,0.022222299112066413,15.460295952674702,52.976190476190474,0.0
2020-08-24,17.213573455810547,17.64648335439658,16.7950135970259,17.485039932302488,251384000,22.3700008392334,22.8700008392334,23.18000030517578,21.25,0.04777519623132931,15.22136401961848,52.38095238095239,0.0
2020-08-25,17.615388870239258,17.633326417829167,16.98994143899977,17.08082805474856,172556800,22.030000686645508,22.15999984741211,23.43000030517578,21.530000686645508,0.024174823441678095,14.743500153506039,50.0,0.0
2020-08-26,18.74310874938965,18.781377952745334,17.828257275883356,17.85097938727879,219663200,23.270000457763672,22.139999389648438,23.270000457763672,20.920000076293945,0.03238684616616161,16.486296679021986,54.36507936507936,0.0
2020-08-27,18.573291778564453,19.11861510930078,18.12722713321382,18.964346729464545,302602400,24.469999313354492,23.420000076293945,27.09000015258789,21.440000534057617,0.07702465021516858,18.172872664645702,57.14285714285714,0.0
2020-08-28,18.860307693481445,18.982286679106146,18.554159526721836,18.81007890554641,198145600,22.959999084472656,24.59000015258789,26.299999237060547,22.639999389648438,0.018633458380029833,16.050595537085833,53.17460317460318,0.0
2020-08-31,19.296802520751953,19.677093116004045,18.873459987850957,18.959562038372876,180398400,26.40999984741211,23.90999984741211,26.5,21.770000457763672,0.18059896542753817,20.89950719233265,61.904761904761905,0.0
2020-09-01,20.2989559173584,20.32646076585261,19.486948849658575,19.842126897864667,193147200,26.1200008392334,25.860000610351562,26.59000015258789,25.020000457763672,0.18565592488007643,20.4919190010855,61.50793650793651,0.0
2020-09-02,20.871782302856445,21.0081131299495,19.692639532646893,20.985391021304686,289369600,26.56999969482422,26.010000228881836,27.06999969482422,25.530000686645508,0.14181345819267288,21.124383990415808,61.904761904761905,0.0
2020-09-03,17.666812896728516,20.01911904564807,17.07963460555365,19.938994950107322,443024800,33.599998474121094,26.280000686645508,35.939998626708984,25.65999984741211,0.37310990670048394,31.00491601333053,79.36507936507937,0.0
2020-09-04,16.93851661682129,17.97415355952445,14.812233038256174,17.385778304663347,561480800,30.75,34.619998931884766,38.279998779296875,29.5,0.3392857676895793,26.99929637200991,72.61904761904762,0.0
2020-09-08,14.544356346130371,16.021274407512603,14.477386153515306,14.94258543020967,426824800,31.459999084472656,30.610000610351562,35.93000030517578,30.520000457763672,0.1912154209101744,27.997186828411074,73.80952380952381,0.0
2020-09-09,15.79405689239502,16.168367723415674,15.02868926080179,15.43050676557483,290352000,28.809999465942383,31.68000030517578,31.780000686645508,28.1200008392334,0.10298616157272433,24.27266184432296,69.04761904761905,0.0
2020-09-10,14.880399703979492,16.54985534759167,14.558706290537133,16.326225397258202,465936800,29.709999084472656,28.670000076293945,30.559999465942383,27.59000015258789,0.11817837507390339,25.537594503726467,71.03174603174604,0.0
2020-09-11,14.555118560791016,15.330052566574974,13.969134634295997,15.187741936778014,385797600,26.8700008392334,28.6299991607666,29.729999542236328,26.510000228881836,-0.20029755775349745,21.546029997378906,60.317460317460316,0.0
2020-09-14,15.304939270019531,15.643374089950871,14.958132377752513,15.18774211836411,269032800,25.850000381469727,25.860000610351562,26.790000915527344,25.3799991607666,-0.15934958109041542,20.11243839904158,57.936507936507944,0.0
2020-09-15,15.955498695373535,16.19467571402661,15.661311984304723,15.944736167480347,300889600,25.59000015258789,25.920000076293945,26.0,24.920000076293945,-0.1865861126099636,19.74701293197072,55.55555555555556,0.0
2020-09-16,15.18893814086914,16.18271935988898,15.138710269185871,16.088243407461974,306141600,26.040000915527344,25.309999465942383,26.59000015258789,24.84000015258789,-0.09614712258809932,20.37948060204392,57.936507936507944,0.0
2020-09-17,14.48934555053711,14.82419285978353,13.878248139106491,14.01697034814612,446844800,26.459999084472656,28.219999313354492,28.920000076293945,26.260000228881836,-0.10939078088691523,20.96978018645505,59.12698412698413,0.0
2020-09-18,13.929671287536621,14.763202510107506,13.245624803398536,14.692645720866329,463042400,25.829999923706055,26.649999618530273,28.100000381469727,25.280000686645508,-0.03870490818924055,20.084328129095464,56.34920634920635,0.0
2020-09-21,14.094701766967773,14.105464294849316,12.92751766173492,13.301830279450284,375314400,27.780000686645508,28.040000915527344,31.18000030517578,27.389999389648438,0.07466151940791765,22.82501779175547,63.888888888888886,0.0
2020-09-22,14.86485481262207,14.964112600233378,13.927280252341905,14.494129635505107,315066400,26.860000610351562,28.610000610351562,28.780000686645508,26.479999542236328,0.0496287788273122,21.531974862405846,59.523809523809526,0.0
2020-09-23,13.48838996887207,14.84691569841617,13.359234141705514,14.811038775629445,405507200,28.579999923706055,27.020000457763672,29.729999542236328,25.190000534057617,0.09754220118572032,23.94940178217128,67.46031746031747,0.0
2020-09-24,13.685713768005371,14.196356468116035,13.055481607131437,13.117668163223867,375036000,28.510000228881836,29.540000915527344,30.489999771118164,27.940000534057617,0.07747548054951259,23.851018518102755,67.06349206349206,0.0
2020-09-25,14.64480972290039,14.77635690948719,13.519482249254919,13.761050652813367,324478400,26.3799991607666,28.170000076293945,30.43000030517578,26.020000457763672,0.02129304059949977,20.857341787413468,56.74603174603175,0.0
2020-09-28,15.513023376464844,15.546508016980873,15.016730822675926,15.461599362602055,273331200,26.190000534057617,27.149999618530273,27.190000534057617,24.899999618530273,-0.05723542524432845,20.590302265154023,56.34920634920635,0.0
2020-09-29,15.350382804870605,15.646961829419926,15.251124112327366,15.484321366000744,221805600,26.270000457763672,26.809999465942383,27.43000030517578,25.979999542236328,-0.021965753506368535,20.702740664195602,56.34920634920635,0.0
2020-09-30,15.654134750366211,16.206634890517627,15.337225938468027,15.3778855926784,338768000,26.3700008392334,26.690000534057617,27.1200008392334,25.059999465942383,-0.07732677013198808,20.8432893331833,56.34920634920635,0.0
2020-10-01,16.38721466064453,16.511587742643815,15.998551972754752,16.332204963617766,278676000,26.700000762939453,25.780000686645508,27.110000610351562,25.329999923706055,-0.06348647672435925,21.307098064322684,57.936507936507944,0.0
2020-10-02,15.035865783691406,15.980615322088058,14.868441664721814,15.321681375609343,399553600,27.6299991607666,28.8700008392334,29.899999618530273,26.93000030517578,0.047384383615108217,22.614193447902476,61.904761904761905,0.0
2020-10-05,15.984203338623047,16.036822583724277,15.337228954150799,15.363538576701414,210790400,27.959999084472656,29.520000457763672,29.690000534057617,27.270000457763672,0.06758299023756509,23.07800217904186,63.888888888888886,0.0
2020-10-06,15.125554084777832,16.158797753288464,14.96650115866666,15.832321654836964,345648800,29.479999542236328,28.049999237060547,30.0,26.010000228881836,0.12219257817043516,25.21433444157478,69.84126984126983,0.0
2020-10-07,15.920821189880371,16.03801743545048,15.472364213448913,15.566838346915652,225088800,28.059999465942383,29.260000228881836,29.760000228881836,27.940000534057617,0.06408792464635038,23.218550848029558,65.07936507936508,0.0
2020-10-08,16.15521240234375,16.336987460007208,15.969849835134879,16.317852859247694,197893600,26.360000610351562,27.649999618530273,27.989999771118164,24.8799991607666,-0.012734087748035638,20.82923419821024,53.96825396825397,0.0
2020-10-09,16.87394142150879,16.908621290475242,16.378845006454352,16.44820474438726,195271200,25.0,26.200000762939453,26.219999313354492,24.030000686645508,-0.09518636412052761,18.91777873376048,47.61904761904761,0.0
2020-10-12,18.447723388671875,18.982284188639376,17.562769120932973,17.74693462835318,294116800,25.06999969482422,25.649999618530273,25.649999618530273,24.139999389648438,-0.10336192719167059,19.016161997829002,48.01587301587302,0.0
2020-10-13,18.450117111206055,18.93445099244083,18.195392974271428,18.799315378044373,283861600,26.06999969482422,25.670000076293945,26.93000030517578,25.15999984741211,-0.11567163841120698,20.421643326220206,51.98412698412699,0.0
2020-10-14,17.994482040405273,18.79931214786023,17.65724158890135,18.61514665769707,296589600,26.399999618530273,25.719999313354492,27.229999542236328,25.530000686645508,-0.059158940805644766,20.885452057359586,54.761904761904766,0.0
2020-10-15,17.6225643157959,17.745740344963718,16.974394758737514,17.103550578838682,249076800,26.969999313354492,27.100000381469727,29.059999465942383,26.81999969482422,0.023141073174459015,21.686575985623712,57.53968253968254,0.0
2020-10-16,17.352293014526367,18.209742386736572,17.280539180751337,17.946648037521122,228096800,27.40999984741211,27.15999984741211,27.459999084472656,26.190000534057617,0.09639999389648435,22.30498852072385,57.936507936507944,0.0
2020-10-19,16.490062713623047,17.879680880731403,16.30709240443421,17.703885591545863,277555200,29.18000030517578,27.360000610351562,29.690000534057617,27.040000915527344,0.1639409916387069,24.79269111535458,68.25396825396825,0.0
2020-10-20,16.59649085998535,17.14898911196702,16.334591769180875,16.62040819355447,274710400,29.350000381469727,28.809999465942383,29.600000381469727,28.290000915527344,0.12581514096821023,25.0316230484108,69.04761904761905,0.0
2020-10-21,16.55344581604004,17.10235678757725,16.46973420133551,16.633569920455543,242572800,28.649999618530273,29.1200008392334,30.549999237060547,28.3700008392334,0.08522727395877361,24.0477850462398,67.06349206349206,0.0
2020-10-22,16.56181526184082,16.861981798641946,15.961480363462515,16.706516353273727,239163200,28.110000610351562,30.100000381469727,30.1200008392334,27.68000030517578,0.0422692371531721,23.28882652289485,64.28571428571429,0.0
2020-10-23,16.65868377685547,16.674229046011522,16.13129788416056,16.67183858908061,191088000,27.549999237060547,28.469999313354492,28.670000076293945,27.260000228881836,0.005107602715351822,22.501755048860893,56.74603174603175,0.0
2020-10-26,15.899292945861816,16.740000073103083,15.246339753527682,16.236533439178146,317113600,32.459999084472656,29.3799991607666,33.68000030517578,29.219999313354492,0.11240571435892299,29.40266815680228,76.19047619047619,0.0
2020-10-27,16.27480125427246,16.407544584507697,15.847871186613835,16.057151096683516,223860000,33.349998474121094,32.040000915527344,33.77000045776367,31.850000381469727,0.13628613426447478,30.65354568123273,77.77777777777779,0.0
2020-10-28,14.364972114562988,15.575208161265778,14.326703827952002,15.477144707412961,369440000,40.279998779296875,34.689998626708984,40.77000045776367,34.68000030517578,0.4059336584857942,40.39353171590264,87.3015873015873,0.0
2020-10-29,15.095659255981445,15.601519096192087,14.4989118852531,14.58262439654688,276374400,37.59000015258789,38.79999923706055,41.15999984741211,35.630001068115234,0.337246507876108,36.61278887266518,84.52380952380952,0.0
2020-10-30,14.045671463012695,14.916276664562144,13.579276959810505,14.775162172919734,461622400,38.02000045776367,40.810001373291016,41.09000015258789,36.5,0.38003635247360634,37.21714627279226,84.92063492063492,0.0
2020-11-02,14.050455093383789,14.600562108154644,13.586451959816513,14.325509056963222,302272000,37.130001068115234,38.56999969482422,38.779998779296875,36.130001068115234,0.1438694428638012,35.96626874836181,83.33333333333334,0.0
2020-11-03,14.757222175598145,15.117183842730398,14.18319696812289,14.348229694275682,269938400,35.54999923706055,36.439998626708984,36.439998626708984,34.189998626708984,0.0659670423867218,33.74560567599054,81.34920634920636,0.0
2020-11-04,16.751962661743164,17.058109027785036,15.943544799865329,16.215009467930233,338375200,29.56999969482422,36.790000915527344,36.849998474121094,28.030000686645508,-0.2658887638789449,25.340827975589423,67.85714285714286,0.0
2020-11-05,18.04471206665039,18.243229451722392,17.650069577890978,17.89761869507884,300264800,27.579999923706055,27.559999465942383,28.139999389648438,26.040000915527344,-0.26629423219602455,22.54392045378007,55.158730158730165,0.0
2020-11-06,18.10570526123047,18.24562546683315,17.227925765392296,17.922734930551776,270302400,24.860000610351562,27.8700008392334,29.440000534057617,24.559999465942383,-0.34613360570659435,18.721012205623435,39.682539682539684,0.0
2020-11-09,17.000703811645508,18.94042968020357,16.919382672173143,18.61753922833873,331731200,25.75,24.799999237060547,25.81999969482422,22.40999984741211,-0.3064907282722278,19.97188973005388,42.46031746031746,0.0
2020-11-10,16.083463668823242,16.652704471764434,15.588367177985896,16.40037257517968,337333600,24.799999237060547,25.360000610351562,26.770000457763672,24.350000381469727,-0.3023910050831513,18.636681395785082,38.492063492063494,0.0
2020-11-11,17.164539337158203,17.243468194660423,16.44102845960636,16.51158706997854,253661600,23.450000762939453,25.010000228881836,25.1200008392334,22.56999969482422,-0.20696648613614899,16.739283747051267,33.730158730158735,0.0
2020-11-12,16.913406372070312,17.569948114978022,16.708910990112646,17.32240078553827,286687200,25.350000381469727,24.389999389648438,27.270000457763672,23.530000686645508,-0.0808556761568211,19.40969773484598,40.476190476190474,0.0
2020-11-13,17.35707664489746,17.469490138699932,16.821320619413733,17.19443619477863,209495200,23.100000381469727,24.940000534057617,25.030000686645508,22.739999771118164,-0.07079646764565972,16.24736474596577,32.53968253968254,0.0
2020-11-16,17.75650405883789,17.819885832454272,17.1896556061347,17.310439362035027,213748800,22.450000762939453,23.65999984741211,24.079999923706055,22.43000030517578,-0.12815531017710857,15.333802418660062,29.761904761904763,0.0
2020-11-17,17.59266471862793,17.86173884990849,17.475468496829606,17.794769580309445,182704000,22.709999084472656,22.84000015258789,24.09000015258789,22.34000015258789,-0.08427420229370985,15.699225204988032,30.952380952380953,0.0
2020-11-18,17.18486785888672,17.788790176036734,17.18486785888672,17.491014140708504,154341600,23.84000015258789,22.860000610351562,23.920000076293945,21.65999984741211,0.016631103495092114,17.287420607286112,33.730158730158735,0.0
2020-11-19,17.610605239868164,17.662029253641144,16.976787527795928,17.090396259689477,159341600,23.110000610351562,23.6200008392334,24.520000457763672,22.559999465942383,-0.08836290877358544,16.261419880938828,32.142857142857146,0.0
2020-11-20,17.25303840637207,17.731392545013083,17.235099031307296,17.585494386745474,129993600,23.700000762939453,23.43000030517578,23.729999542236328,22.1299991607666,0.02597404205893583,17.09065407914907,32.93650793650794,0.0
2020-11-23,17.256624221801758,17.66800903259858,16.83327982880287,17.438399287572086,179060800,22.65999984741211,23.65999984741211,23.959999084472656,22.450000762939453,0.00935407916864417,15.628952210865627,29.365079365079367,0.0
2020-11-24,17.96219253540039,18.061451210480634,17.10952776173699,17.43839614040529,156015200,21.639999389648438,22.040000915527344,22.479999542236328,20.799999237060547,-0.0471157964755623,14.195360612528305,24.6031746031746,0.0
2020-11-25,18.300630569458008,18.41782680491773,17.99209197731731,18.143969904503734,128677600,21.25,21.649999618530273,22.5,21.1299991607666,-0.10864094530245794,13.391598073099361,23.41269841269841,0.0
2020-11-27,18.80051612854004,19.022950897197322,18.599606422280367,18.66059592384999,92927200,20.84000015258789,21.520000457763672,21.600000381469727,19.510000228881836,-0.0982258934578687,12.3813564471881,23.015873015873016,0.0
2020-11-30,18.897375106811523,18.988261709054818,18.007636383045714,18.861498192186964,184622400,20.56999969482422,22.639999389648438,22.889999389648438,20.479999542236328,-0.13206755136521897,11.998865372128463,22.61904761904762,0.0
2020-12-01,19.6400203704834,19.965301261746255,19.146121067945064,19.34822411584091,169989600,20.770000457763672,20.209999084472656,20.920000076293945,20.0,-0.08340685800420622,12.28219269484144,22.61904761904762,0.0
2020-12-02,19.718950271606445,19.784724320166028,19.036099044375774,19.398453925572024,146129600,21.170000076293945,21.0,21.25,20.040000915527344,-0.021719007699201542,12.848844638257791,23.015873015873016,0.0
2020-12-03,19.7990779876709,20.11359642540119,19.654376879089227,19.766788571590382,157461600,21.280000686645508,21.239999771118164,21.8799991607666,20.719999313354492,0.0014117970186120488,13.004674935950888,23.41269841269841,0.0
2020-12-04,20.041837692260742,20.07173481937186,19.67350486727871,19.803857728312796,127088000,20.790000915527344,21.049999237060547,21.149999618530273,19.969999313354492,-0.0023991956187360275,12.310525967514657,21.825396825396826,0.0
2020-12-07,20.381473541259766,20.452032165114428,20.04303958641897,20.07891468779696,124028000,21.299999237060547,22.040000915527344,22.6200008392334,21.170000076293945,0.035488553868088246,13.033005506614506,23.41269841269841,0.0
2020-12-08,20.568031311035156,20.650545861433535,19.924644455119232,20.288192772448646,133925600,20.68000030517578,21.649999618530273,22.25,20.520000457763672,-0.004333180096500633,12.15469566982156,20.634920634920633,0.0
2020-12-09,19.190372467041016,20.60032049984262,18.96913294611688,20.55009353382889,244878400,22.270000457763672,20.65999984741211,22.93000030517578,20.100000381469727,0.05196033904135411,14.407139509159961,26.58730158730159,0.0
2020-12-10,19.425954818725586,19.644801976777533,18.567308502308755,18.780175870840598,173346400,22.520000457763672,22.1200008392334,23.459999084472656,21.530000686645508,0.05827066405577419,14.76129731154638,27.77777777777778,0.0
2020-12-11,19.289627075195312,19.317131921625435,18.643848024748294,19.09230493834656,169819200,23.309999465942383,22.489999771118164,25.139999389648438,22.479999542236328,0.121212046149211,15.880434562042478,32.142857142857146,0.0
2020-12-14,19.701013565063477,20.096851276777578,19.513258711595498,19.52043373087626,146684800,24.719999313354492,22.670000076293945,24.81999969482422,21.950000762939453,0.16056338961474603,17.87788435134112,36.904761904761905,0.0
2020-12-15,20.313308715820312,20.33124626623729,19.722541058404705,20.160235536341318,157417600,22.889999389648438,24.0,24.06999969482422,22.729999542236328,0.10686649186941932,15.285449345952905,29.365079365079367,0.0
2020-12-16,20.654132843017578,20.838298349778505,20.208066376555273,20.422130836284023,137590400,22.5,22.510000228881836,23.670000076293945,22.290000915527344,0.010327774472772777,14.732964038873163,26.190476190476193,0.0
2020-12-17,21.077476501464844,21.128898688809986,20.75937060256033,21.0057226600601,139275200,21.93000030517578,21.979999542236328,22.270000457763672,21.520000457763672,-0.026198940523755265,13.92548468175366,22.22222222222222,0.0
2020-12-18,20.84786605834961,21.27599316142166,20.39342933597097,21.234136451222287,168756000,21.56999969482422,22.149999618530273,23.770000457763672,21.56999969482422,-0.07464606653725714,13.415496581674144,21.428571428571427,0.0
2020-12-21,20.770132064819336,20.88254555901902,19.693835447670523,20.278625028106237,203596800,25.15999984741211,24.25,31.459999084472656,24.229999542236328,0.017799374849493343,18.501202840103907,40.07936507936508,0.0
2020-12-22,20.933971405029297,21.132488791998817,20.351574054697657,20.963868535906297,160330400,24.229999542236328,25.239999771118164,25.559999465942383,23.530000686645508,0.058540855758776544,17.18373538290489,33.730158730158735,0.0
2020-12-23,20.618257522583008,21.018877976545955,20.590750848675437,20.93277409469624,119434400,23.309999465942383,23.489999771118164,23.68000030517578,22.1299991607666,0.03599997626410589,15.880434562042478,30.753968253968257,0.0
2020-12-24,20.88613510131836,20.980611057671464,20.65533012462415,20.678052236273025,77065600,21.530000686645508,22.469999313354492,22.829999923706055,21.389999389648438,-0.018239836432463186,13.358832738337309,19.841269841269842,0.0
2020-12-28,21.51277732849121,21.616818749895575,21.051165599656485,21.425478225758535,117052800,21.700000762939453,22.110000610351562,22.1200008392334,21.149999618530273,0.0060269388017852865,13.59966015204046,20.634920634920633,0.0
2020-12-29,21.576156616210938,21.93252982974359,21.383619061207682,21.806963366512672,121142400,23.079999923706055,21.610000610351562,23.719999313354492,20.989999771118164,-0.0826709036693416,15.554610032329276,28.968253968253972,0.0
2020-12-30,21.57257080078125,21.884696878431885,21.438632256273205,21.818922834333893,104807200,22.770000457763672,22.579999923706055,23.149999618530273,22.40999984741211,-0.06025584449259569,15.115455113932802,27.380952380952383,0.0
2020-12-31,21.741195678710938,21.822515005312056,21.326223322944838,21.55822536908222,106708000,22.75,22.989999771118164,23.25,21.239999771118164,-0.024024001663345507,15.087121841259584,26.984126984126984,0.0
2021-01-04,20.79046630859375,22.050928589956403,19.950954331666463,22.013856438265755,197472000,26.969999313354492,23.040000915527344,29.190000534057617,22.559999465942383,0.2526706202142981,21.065304572818903,51.388888888888886,0.0
2021-01-05,21.311870574951172,21.35372546134488,20.602709715017475,20.602709715017475,118712800,25.34000015258789,26.940000534057617,28.600000381469727,24.799999237060547,0.16774190145951717,18.756196890143666,39.682539682539684,0.0
2021-01-06,20.430505752563477,21.32741980330583,20.117184361432567,20.318092232906224,210730400,25.06999969482422,25.479999542236328,26.770000457763672,22.139999389648438,0.08622182745651497,18.37370581508403,38.69047619047619,0.0
2021-01-07,21.90622329711914,22.08201856011359,20.96984683067236,20.972237287133183,123695200,22.3700008392334,23.670000076293945,23.90999984741211,22.25,-0.017566956982378534,14.54880317051645,21.626984126984127,0.0
2021-01-08,22.755298614501953,22.827052441197413,21.932529187436643,22.400120639433098,152815200,21.559999465942383,22.43000030517578,23.34000015258789,21.420000076293945,-0.052307715782752395,13.401329945337533,16.666666666666664,0.0
2021-01-11,21.749563217163086,22.355877880219644,21.622799679858222,22.10115375257151,140325600,24.079999923706055,23.309999465942383,24.809999465942383,23.229999542236328,-0.10715607946706263,16.971241241874957,31.746031746031743,0.0
2021-01-12,21.655092239379883,22.005485772697536,21.095416944044374,21.77946351346764,146031200,23.329999923706055,23.489999771118164,25.149999618530273,22.829999923706055,-0.07932123980972283,15.908767834715695,29.365079365079367,0.0
2021-01-13,22.076040267944336,22.26618556599744,21.585726633884793,21.71368721890884,108750400,22.209999084472656,23.06999969482422,24.18000030517578,21.920000076293945,-0.11408060012629428,14.322139691140306,19.246031746031747,0.0
2021-01-14,21.7399959564209,22.40371259847736,21.640739091954558,22.183670162573804,118236000,23.25,22.219999313354492,23.469999313354492,21.65999984741211,0.039338360650537973,15.795437446032423,27.77777777777778,0.0
2021-01-15,21.21141815185547,21.900249290497158,20.93756120595539,21.694556861572348,141692000,24.34000015258789,23.520000457763672,25.799999237060547,23.079999923706055,0.1289425211274695,17.339565680597985,33.33333333333333,0.0
2021-01-19,22.13105010986328,22.25183567686525,21.478097845268657,21.699335501312984,120967200,23.239999771118164,23.030000686645508,23.559999465942383,22.530000686645508,-0.034883727377462925,14.876860084757393,26.984126984126984,0.0
2021-01-20,23.67374610900879,23.890201055497094,22.848584160373957,22.92631779943529,121736000,21.579999923706055,22.81999969482422,22.860000610351562,21.3700008392334,-0.07501071606184584,12.424763190020515,14.682539682539684,0.0
2021-01-21,24.26211929321289,24.429542489726977,23.67852673717639,23.977498034362963,92168400,21.31999969482422,21.34000015258789,22.219999313354492,21.09000015258789,-0.04007201379268177,11.963849958019726,12.3015873015873,0.0
2021-01-22,24.042072296142578,24.28124930667823,23.88899915538182,24.01576450377737,81878800,21.90999984741211,22.239999771118164,23.729999542236328,21.270000457763672,-0.05763441516507062,11.925806821436906,15.476190476190476,0.0
2021-01-25,24.709375381469727,25.13032741403213,23.152334419296803,24.817006126750684,153170400,23.190000534057617,22.309999465942383,26.6299991607666,22.200000762939453,-0.04724731353002898,13.780611410659638,26.58730158730159,0.0
2021-01-26,24.735694885253906,25.013141193122152,24.439115796493297,24.807448744123676,90968800,23.020000457763672,23.90999984741211,23.940000534057617,22.549999237060547,-0.009466407724663561,13.53427019774625,25.0,0.0
2021-01-27,22.740957260131836,24.228638993345456,22.24346849456514,24.21907169114883,188900800,37.209999084472656,23.81999969482422,37.209999084472656,23.709999084472656,0.7242817060252507,34.096504928150914,83.73015873015873,0.0
2021-01-28,23.075803756713867,24.156883274616995,22.805532508655958,22.934688341176557,90021600,30.209999084472656,33.25,36.290000915527344,27.389999389648438,0.41697933944185905,23.953047772213548,67.85714285714286,0.0
2021-01-29,21.638347625732422,22.9418617954466,21.226962814987647,22.697902011629328,184278400,33.09000015258789,35.15999984741211,37.5099983215332,29.239999771118164,0.5102693009145001,28.12635740699651,74.60317460317461,0.0
2021-02-01,23.228872299194336,23.446522433450028,21.94209879365825,22.37501043063963,105659600,30.239999771118164,31.450000762939453,33.959999084472656,29.030000686645508,0.3040103093877329,23.996520726447464,67.46031746031747,0.0
2021-02-02,24.35300636291504,24.625668045030906,23.86030223992953,23.89139459849502,92746400,25.559999465942383,28.010000228881836,28.079999923706055,25.309999465942383,0.11033879051562212,17.2148946428297,38.88888888888889,0.0
2021-02-03,24.073169708251953,24.929423958905623,24.073169708251953,24.857670116198506,95172000,22.90999984741211,24.59000015258789,25.43000030517578,22.90999984741211,-0.3843052832276953,13.374872129427958,21.825396825396826,0.0
2021-02-04,24.92464256286621,24.946169448323758,24.09709010910964,24.405628752308612,72808800,21.770000457763672,23.440000534057617,23.440000534057617,21.68000030517578,-0.27937765251528845,11.722938562757435,11.904761904761903,0.0
2021-02-05,25.185348510742188,25.422133320821164,24.771571338791773,25.161429341727498,86615200,20.8700008392334,21.989999771118164,22.15999984741211,20.860000610351562,-0.3692958373225874,10.418780338340033,6.349206349206349,0.0
2021-02-08,25.678049087524414,25.72349331246333,25.197302690107026,25.582377899389073,76994800,21.239999771118164,21.889999389648438,22.06999969482422,21.229999542236328,-0.29761904987167975,10.954932954527992,6.746031746031746,0.0
2021-02-09,25.666086196899414,25.96744976201468,25.46757065121501,25.46757065121501,65768800,21.6299991607666,21.56999969482422,22.260000228881836,20.649999618530273,-0.15375588369680293,11.520067540205227,10.714285714285714,0.0
2021-02-10,25.48431396484375,26.118131651644966,24.745255973295354,26.017677734277523,123548000,21.989999771118164,21.639999389648438,23.850000381469727,19.690000534057617,-0.04015714021918104,12.04173193552128,12.698412698412698,0.0
2021-02-11,25.895692825317383,26.0081063065792,25.343194542697297,25.869385034275382,98860000,21.25,22.09000015258789,23.25,21.110000610351562,-0.023886102288905975,10.96942393927263,6.15079365079365,0.0
2021-02-12,26.335784912109375,26.38122913517643,25.458005583534085,25.730667272384306,77471600,19.969999313354492,21.600000381469727,22.450000762939453,19.950000762939453,-0.04312417296059701,9.1146193500499,2.380952380952381,0.0
2021-02-16,26.115739822387695,26.75434203822559,25.85025317988864,26.539082351770155,88663600,21.459999084472656,21.1299991607666,22.459999084472656,20.8799991607666,0.010357783226233597,10.364512851490437,7.936507936507936,0.0
2021-02-17,25.7521915435791,25.816770366466127,24.876804523182578,25.40777784569365,105986800,21.5,22.020000457763672,23.440000534057617,21.09000015258789,-0.006010132492395126,10.423070770045145,7.936507936507936,0.0
2021-02-18,25.405385971069336,25.582376473147843,24.4630278313542,24.88876267880641,110202000,22.489999771118164,21.979999542236328,24.229999542236328,21.799999237060547,0.022737608240301244,10.323252112002134,17.063492063492063,0.0
2021-02-19,25.070537567138672,25.754584055906204,24.840927824897097,25.745016755215804,93377200,22.049999237060547,23.100000381469727,23.190000534057617,20.84000015258789,0.037647022920496376,7.575063439471277,12.896825396825399,0.0
2021-02-22,23.128419876098633,24.348224284116448,23.080585196275845,24.046860691859898,132734800,23.450000762939453,24.459999084472656,25.09000015258789,21.959999084472656,0.17426147066804298,5.548471422235178,27.18253968253968,0.0
2021-02-23,22.922725677490234,23.28627578493593,20.669678493015077,21.951667519695516,199274800,23.110000610351562,22.81999969482422,27.010000228881836,22.5,0.07688730644321229,5.006379369252125,24.00793650793651,0.0
2021-02-24,23.47522735595703,23.55176393744506,21.741193777915633,22.30086718790132,123042000,21.34000015258789,23.760000228881836,25.040000915527344,21.309999465942383,-0.007441853368005069,2.184312453614436,5.952380952380952,0.0
2021-02-25,21.023662567138672,23.45609267067372,20.67685475790256,22.8701096418202,237792000,28.889999389648438,21.729999542236328,31.15999984741211,21.520000457763672,0.2845709063434141,14.221938187857713,62.698412698412696,0.0
2021-02-26,21.339372634887695,22.281730616609238,20.62901663951086,21.61920929222532,209318400,27.950000762939453,28.729999542236328,30.81999969482422,25.229999542236328,0.26757377460414955,12.723215962366357,56.34920634920635,0.0
2021-03-01,23.200172424316406,23.27431672133179,22.049731468440985,22.329568161798363,133707200,23.350000381469727,25.200000762939453,25.389999389648438,23.170000076293945,-0.004264408452718138,5.389032046466076,27.77777777777778,0.0
2021-03-02,22.087997436523438,23.36520367246585,22.028203181511316,23.329326754503406,151693200,24.100000381469727,23.579999923706055,24.600000381469727,22.799999237060547,0.04283858697410503,6.584822803154607,31.150793650793652,0.0
2021-03-03,20.172189712524414,22.052121302957,20.150664655846807,21.85360575608518,231542400,26.670000076293945,22.799999237060547,26.790000915527344,22.450000762939453,0.24976569285823969,10.682398642838798,49.2063492063492,0.0
2021-03-04,19.174827575683594,20.722303697112533,18.38793470154212,20.0837012811685,432037200,28.56999969482422,26.520000457763672,31.899999618530273,24.93000030517578,-0.011076486728444745,13.71173461823911,62.301587301587304,0.0
2021-03-05,20.03346824645996,20.203283716266952,17.945452002642696,19.681877725613077,336656400,24.65999984741211,29.479999542236328,30.030000686645508,24.329999923706055,-0.11771022632277528,7.4776790499871595,34.92063492063492,0.0
2021-03-08,18.32096290588379,20.29417370202507,18.242034036091848,19.918665781083774,235731600,25.469999313354492,27.610000610351562,28.389999389648438,24.06999969482422,0.09079224399358776,8.769132215715889,40.476190476190474,0.0
2021-03-09,20.478336334228516,20.844276869013786,19.59577257990467,19.724928384789315,173429200,24.030000686645508,25.110000610351562,25.25,22.899999618530273,-0.0029045516064821753,6.4732161524321805,30.357142857142854,0.0
2021-03-10,20.303739547729492,21.406345889824316,20.165016421335213,21.34894390899002,203371200,22.559999465942383,23.760000228881836,23.8700008392334,22.3799991607666,-0.15410575922738,4.129464323048643,19.047619047619047,0.0
2021-03-11,21.712491989135742,22.06647482085443,21.081064732362773,21.291539876361746,158935600,21.90999984741211,22.5,22.5,21.450000762939453,-0.23311165273196155,3.0931129421292147,11.30952380952381,0.0
2021-03-12,21.171947479248047,21.207824394613517,20.346787549720744,20.84905889051022,166590000,20.690000534057617,22.56999969482422,22.989999771118164,20.6299991607666,-0.16098942976153807,1.1479610726950071,1.5873015873015872,0.0
2021-03-15,21.84882164001465,21.8870908412579,20.899288525283882,21.241311756097655,126701600,20.030000686645508,21.84000015258789,21.860000610351562,19.8700008392334,-0.21358456118436842,0.09566545009335273,0.7936507936507936,0.0
2021-03-16,22.207592010498047,22.95860791253881,21.908620653801044,22.324788271385895,168770400,19.790000915527344,20.139999389648438,20.309999465942383,19.329999923706055,-0.17644609446368065,0.0,0.3968253968253968,0.0
2021-03-17,22.487422943115234,22.896417259040195,21.1934761950624,21.554634011429183,196370800,19.229999542236328,20.100000381469727,20.950000762939453,19.18000030517578,-0.14760638309115104,0.0,0.3968253968253968,0.0
2021-03-18,20.423328399658203,21.645523285870084,20.31808991246153,21.432655854786706,228253600,21.579999923706055,18.950000762939453,22.600000381469727,18.950000762939453,-0.01506161232333525,4.453288537207105,10.912698412698413,0.0
2021-03-19,20.68403434753418,20.93995374601349,19.947368515075055,20.389845740979773,193286400,20.950000762939453,21.43000030517578,23.170000076293945,19.899999618530273,0.01256646796378047,3.6744310408940257,4.761904761904762,0.0
2021-03-22,21.786632537841797,22.21236914010612,21.116938017837818,21.116938017837818,141101200,18.8799991607666,21.90999984741211,22.290000915527344,18.8700008392334,-0.05741395339270461,0.0,0.3968253968253968,0.0
2021-03-23,21.502016067504883,22.298476041485497,21.32741602697429,22.016247063833625,187780800,20.299999237060547,19.459999084472656,21.579999923706055,18.799999237060547,0.02577050520159685,3.043291947902814,2.380952380952381,0.0
2021-03-24,20.416154861450195,21.79381529695521,20.389845237741977,21.78663845203605,190483600,21.200000762939453,20.639999389648438,21.489999771118164,19.299999237060547,0.1024441636816611,4.972142123711216,6.349206349206349,0.0
2021-03-25,20.306129455566406,20.612275750598528,19.52880413702122,20.047817834842107,239874400,19.809999465942383,20.799999237060547,23.549999237060547,19.809999465942383,-0.08202041075168365,1.9931424564957132,1.5873015873015872,0.0
2021-03-26,21.203044891357422,21.279581470915154,19.9784577936577,20.263079054251765,215060400,18.860000610351562,19.31999969482422,21.489999771118164,18.68000030517578,-0.0997613401659202,0.0,0.3968253968253968,0.0
2021-03-29,21.19108772277832,21.4159147491725,20.502258428313187,21.104983832873152,190589200,20.739999771118164,20.399999618530273,21.600000381469727,19.420000076293945,0.09851698585965618,4.9188882802762395,4.761904761904762,0.0
2021-03-30,20.889720916748047,20.99735167507465,20.320480242473373,20.796442021063875,148349600,19.610000610351562,20.760000228881836,21.75,19.469999313354492,-0.033990081410904316,1.9633507461278077,1.5873015873015872,0.0
2021-03-31,21.827293395996094,22.14778969812238,21.169556650062365,21.236525917684236,161968800,19.399999618530273,19.799999237060547,20.110000610351562,18.850000381469727,-0.08490571130336144,1.4136099408212643,1.5873015873015872,0.0
2021-04-01,22.93708038330078,22.968172744133035,22.58309753214952,22.63571677723191,145087200,17.329999923706055,18.600000381469727,18.639999389648438,17.290000915527344,-0.12518927860144458,0.0,0.3968253968253968,0.0
2021-04-05,24.314739227294922,24.486945166576398,23.432175348888183,23.489577328648675,130539600,17.90999984741211,18.15999984741211,18.399999618530273,17.350000381469727,-0.05037119470812912,1.9681029427212255,0.7936507936507936,0.0
2021-04-06,24.25733184814453,24.7022012314775,24.08751639049443,24.242981811513072,120606800,18.1200008392334,18.06999969482422,18.299999237060547,17.3700008392334,-0.12632589010600137,2.6898225841111825,1.1904761904761905,0.0
2021-04-07,24.436721801757812,24.630456477216253,23.941625319633,24.164060076806543,98987200,17.15999984741211,17.989999771118164,18.170000076293945,16.8700008392334,-0.12493629202878087,0.0,0.3968253968253968,0.0
2021-04-08,25.199691772460938,25.242743710417482,24.898328206765107,25.094453296394732,113619200,16.950000762939453,16.920000076293945,17.360000610351562,16.549999237060547,-0.12628860328691238,0.0,0.3968253968253968,0.0
2021-04-09,25.65652084350586,25.701965066036013,24.711772244588936,24.87919544636944,129438400,16.690000534057617,17.049999237060547,17.34000015258789,16.200000762939453,-0.03693014382377291,0.0,0.3968253968253968,0.0
2021-04-12,25.556068420410156,25.649347327552,25.108808487390583,25.424522132665167,109632000,16.90999984741211,17.43000030517578,17.90999984741211,16.809999465942383,-0.055834729677258665,0.7660143405790225,0.7936507936507936,0.0
2021-04-13,26.431455612182617,26.548651852667014,25.859822623679346,25.922007341207213,115022000,16.649999618530273,16.989999771118164,17.860000610351562,16.43000030517578,-0.08112589142492099,0.0,0.3968253968253968,0.0
2021-04-14,25.503446578979492,26.531908559141826,25.295363726436296,26.49842392023198,161227600,16.989999771118164,16.709999084472656,17.690000534057617,15.380000114440918,-0.009906764440885674,1.1821980176705635,1.984126984126984,0.0
2021-04-15,26.629968643188477,26.732814835213144,26.1276972640259,26.15879144461355,120798000,16.56999969482422,16.780000686645508,16.920000076293945,15.9399995803833,-0.022418941062592346,0.0,0.3968253968253968,0.0
2021-04-16,26.742382049560547,26.78543398619551,26.285554889777828,26.766301211405633,117488000,16.25,16.649999618530273,16.8799991607666,16.049999237060547,-0.02636312282673403,0.0,0.3968253968253968,0.0
2021-04-19,26.012895584106445,26.63714780935454,25.532149219021772,26.34535152631584,159168000,17.290000915527344,17.040000915527344,18.610000610351562,16.780000686645508,0.02247197347984531,3.5665326507868333,3.571428571428571,0.0
2021-04-20,25.443653106689453,26.146834195082995,24.967691303379873,25.843080154218857,158283600,18.68000030517578,17.360000610351562,19.700000762939453,17.239999771118164,0.12192196595525817,8.333334423496023,5.158730158730158,0.0
2021-04-21,26.087038040161133,26.12530724004828,24.879193334167358,25.11358762153642,111057200,17.5,18.479999542236328,19.290000915527344,16.90999984741211,0.030017671321503014,4.85814233283642,4.365079365079365,0.0
2021-04-22,25.13750648498535,26.220978181891134,24.86006206806553,25.99136844295804,174848400,18.709999084472656,17.280000686645508,19.899999618530273,16.989999771118164,0.1291490301183822,9.789092637938188,5.952380952380952,0.0
2021-04-23,26.08464813232422,26.386011722139912,25.285797672142238,25.285797672142238,107686000,17.329999923706055,18.559999465942383,18.780000686645508,16.799999237060547,0.06646153376652641,4.4009775200240515,4.166666666666666,0.0
2021-04-26,26.601272583007812,26.66106684728367,25.962670278487924,26.144443528047717,99976800,17.639999389648438,17.940000534057617,18.170000076293945,16.8700008392334,0.020242825655768293,5.664218980403276,5.158730158730158,0.0
2021-04-27,26.252073287963867,26.708900500561008,26.015286696708408,26.6610658208923,119312800,17.559999465942383,17.6200008392334,18.15999984741211,16.969999313354492,-0.05995721739485582,5.338220933453588,5.158730158730158,0.0
2021-04-28,25.981800079345703,26.405144443788473,25.823944188627465,26.163575132854643,118950000,17.280000686645508,17.469999313354492,17.84000015258789,16.670000076293945,-0.012571389334542382,4.197231655332943,3.571428571428571,0.0
2021-04-29,26.24250602722168,26.842840929295473,25.491490241662493,26.754344764519317,148124400,17.610000610351562,16.8799991607666,18.8700008392334,16.770000457763672,-0.05879201111420562,5.541974570551222,5.952380952380952,0.0
2021-04-30,25.749801635742188,26.26164036795143,25.517799609270735,25.661305471845804,118440400,18.610000610351562,17.670000076293945,19.25,17.639999389648438,0.07386039770805586,9.616954043625585,7.5396825396825395,0.0
2021-05-03,25.328847885131836,26.187492548403075,25.216434388876063,26.012894338079963,134222000,18.309999465942383,18.649999618530273,19.1200008392334,17.799999237060547,0.03798186504967327,8.39445553825936,7.5396825396825395,0.0
2021-05-04,23.994237899780273,24.800265091470685,23.068622201447262,24.742861294443664,211234000,19.479999542236328,18.15999984741211,21.850000381469727,18.110000610351562,0.10933941541500536,13.162181832652625,10.714285714285714,0.0
2021-05-05,23.714405059814453,24.599359421895738,23.535022270897212,24.405626593793468,136429200,19.149999618530273,18.84000015258789,19.579999923706055,17.889999389648438,0.10821752648019034,11.817438917434348,9.920634920634921,0.0
2021-05-06,24.233417510986328,24.27168671310696,23.14994581661593,23.647434495528145,169663200,18.389999389648438,18.40999984741211,20.600000381469727,18.209999084472656,0.04429294447828558,8.720453585209048,7.936507936507936,0.0
2021-05-07,24.82657814025879,25.371901513955454,24.580224249714163,24.867237800190757,158706800,16.690000534057617,18.450000762939453,18.56999969482422,16.68000030517578,-0.10317033924361996,1.7929931444265472,1.7857142857142856,0.0
2021-05-10,22.960994720458984,24.553914605083264,22.90359274459509,24.51325312343609,184214800,19.65999984741211,17.34000015258789,19.75,17.06999969482422,0.07373022505985327,13.895679381391055,12.698412698412698,0.0
2021-05-11,22.846189498901367,23.018397255451973,21.525933073306646,21.66704664756142,228806800,21.84000015258789,21.170000076293945,23.729999542236328,20.709999084472656,0.12114993150973308,22.77913587627821,27.380952380952383,0.0
2021-05-12,21.107372283935547,22.27934006182312,20.884937579510403,21.76989183487554,236158000,27.59000015258789,22.420000076293945,28.3799991607666,21.65999984741211,0.4407311071636131,46.2102678464558,73.4126984126984,0.0
2021-05-13,21.552244186401367,22.164536852317358,21.06432278395853,21.66944043031708,208602000,23.1299991607666,26.030000686645508,28.93000030517578,22.229999542236328,0.25774877261748386,28.035855354892746,42.46031746031746,0.0
2021-05-14,22.95382308959961,23.17386555020313,22.10474378376327,22.214765014065026,144263200,18.809999465942383,21.770000457763672,22.100000381469727,18.65999984741211,0.12702210090159638,10.431945274796542,9.920634920634921,0.0
2021-05-17,22.566354751586914,22.760089406789724,21.9397120359742,22.604623956240943,138542400,19.719999313354492,19.889999389648438,21.579999923706055,19.670000076293945,0.0030518548529023803,14.14017597350169,13.492063492063492,0.0
2021-05-18,22.092784881591797,23.027966203125782,22.04973293937437,22.7720468312711,131684000,21.34000015258789,18.889999389648438,21.450000762939453,18.809999465942383,-0.022893772733822648,20.74164613974103,22.817460317460316,0.0
2021-05-19,22.174102783203125,22.24107206130271,20.887330986754897,20.963867565265275,191889600,22.18000030517578,22.459999084472656,25.959999084472656,21.8799991607666,-0.19608553162348064,24.164629518916016,32.53968253968254,0.0
2021-05-20,23.456090927124023,23.645040997122834,22.441980845214452,22.499382820664756,139226400,20.670000076293945,22.329999923706055,23.5,20.190000534057617,-0.1063553468970867,18.011409581884948,16.26984126984127,0.0
2021-05-21,23.068620681762695,23.900957436064946,22.987301378495157,23.80767855301069,128133200,20.149999618530273,20.420000076293945,20.889999389648438,19.530000686645508,0.07123871295233752,15.89241839050871,15.476190476190476,0.0
2021-05-24,24.223852157592773,24.47737925530472,23.491970943578362,23.570899810714543,92181600,18.399999618530273,20.5,20.510000228881836,18.3799991607666,-0.06693710653074458,8.761204312628575,8.73015873015873,0.0
2021-05-25,24.341045379638672,24.74047240393365,24.068383713219294,24.575439670393955,106728800,18.84000015258789,18.350000381469727,19.290000915527344,16.8700008392334,-0.11715088950909991,10.554197457055123,10.714285714285714,0.0
2021-05-26,24.587400436401367,24.692637093130106,24.329088795313005,24.482161954896625,78034800,17.360000610351562,18.3700008392334,18.920000076293945,17.350000381469727,-0.21731287775047747,4.523229702282632,5.555555555555555,0.0
2021-05-27,24.30038833618164,24.67350578149567,24.26212095640201,24.48455568974795,83216800,16.739999771118164,18.030000686645508,18.170000076293945,16.520000457763672,-0.19013063815529585,1.9967390091176547,2.380952380952381,0.0
2021-05-28,24.537172317504883,24.898330168553592,24.4678125798427,24.582616540255184,81857200,16.760000228881836,16.799999237060547,16.860000610351562,15.899999618530273,-0.1682381862941048,2.0782404639567083,2.7777777777777777,0.0
2021-06-01,24.297996520996094,24.94616795597095,23.98706743950628,24.838537184674514,103863600,17.899999618530273,17.239999771118164,18.530000686645508,15.680000305175781,-0.027173913606849176,6.723714576091394,8.333333333333332,0.0
2021-06-02,24.424758911132812,24.62805902126656,24.044466485318278,24.384097429285326,83178800,17.479999542236328,17.860000610351562,18.309999465942383,16.739999771118164,-0.07218686832997456,5.0122228865039,6.746031746031746,0.0
2021-06-03,23.657005310058594,24.077955647257316,23.291062853333138,23.79572662641149,121032000,18.040000915527344,17.729999542236328,19.270000457763672,17.450000762939453,0.03917052311451563,7.294216987558243,9.523809523809524,0.0
2021-06-04,24.869626998901367,24.9676886268631,24.044465196436335,24.06838253315072,91175200,16.420000076293945,18.09000015258789,18.420000076293945,16.18000030517578,-0.019115872114665144,0.6927468213189028,0.7936507936507936,0.0
2021-06-07,25.089672088623047,25.10641440858393,24.589791121603525,24.738081544668496,62193200,16.420000076293945,17.34000015258789,17.350000381469727,15.779999732971191,-0.020286405008633657,0.6927468213189028,0.992063492063492,0.0
2021-06-08,25.118371963500977,25.692397225041262,24.73808134540584,25.491489387128965,92944400,17.06999969482422,16.579999923706055,17.75,15.149999618530273,-0.04636871180973823,3.341481924335933,5.158730158730158,0.0
2021-06-09,25.147071838378906,25.620643142792883,25.09684488294916,25.438868095921514,77803600,17.889999389648438,17.18000030517578,17.959999084472656,15.550000190734863,0.02345536945933202,6.682963848671866,9.920634920634921,0.0
2021-06-10,25.917226791381836,25.950711434347284,25.113591710658664,25.216437921131455,117206800,16.100000381469727,18.18000030517578,18.290000915527344,16.010000228881836,-0.10753882680725502,0.0,0.3968253968253968,0.0
2021-06-11,26.122915267944336,26.127698005598873,25.773717026333934,25.93157291579643,68338800,15.649999618530273,16.18000030517578,16.200000762939453,15.149999618530273,-0.046894059329228965,0.0,0.3968253968253968,0.0
2021-06-14,26.85479736328125,26.87632424544737,25.950708457375548,26.22337013297327,90823200,16.389999389648438,16.040000915527344,17.040000915527344,15.039999961853027,-0.0018270820040263702,3.004465271346488,1.5873015873015872,0.0
2021-06-15,26.357311248779297,26.869150010550346,26.1803207355403,26.79261342443812,90108000,17.020000457763672,16.270000457763672,17.350000381469727,16.139999389648438,-0.002929070764758568,5.562325967983337,6.349206349206349,0.0
2021-06-16,26.0750789642334,26.708898457632053,25.237959360628814,26.45776367141623,157778000,18.149999618530273,16.989999771118164,19.110000610351562,16.420000076293945,0.014533272093473437,10.150223650767629,13.492063492063492,0.0
2021-06-17,27.04853057861328,27.285317162059933,25.814378001055474,25.821553020291553,144323600,17.75,18.489999771118164,19.219999313354492,16.709999084472656,0.10248444592767458,8.526189415446025,11.507936507936508,0.0
2021-06-18,26.402753829956055,26.926552142005633,26.232938347118182,26.646715437530943,142894400,20.700000762939453,16.959999084472656,21.040000915527344,16.920000076293945,0.3226837870609123,20.503456420954258,25.0,0.0
2021-06-21,26.885892868041992,26.979171770871744,25.9244001122608,26.46015618937096,107708400,17.889999389648438,21.739999771118164,21.81999969482422,17.809999465942383,0.09151922244410615,9.094599461807066,12.103174603174603,0.0
2021-06-22,27.636905670166016,27.756494181374393,26.780651491967838,26.861970803697115,103578800,16.65999984741211,17.90999984741211,18.31999969482422,15.760000228881836,-0.021151621660935316,4.100691284190852,3.571428571428571,0.0
2021-06-23,27.684743881225586,27.97414789634561,27.488618770781596,27.64169193870002,93996800,16.31999969482422,16.25,16.84000015258789,14.859999656677246,-0.10082644419660003,2.7202602481659675,1.5873015873015872,0.0
2021-06-24,28.194190979003906,28.579266188897066,28.029160049604084,28.160706336819818,93672400,15.970000267028809,15.989999771118164,16.049999237060547,14.1899995803833,-0.1002816750969685,1.299231260260324,0.7936507936507936,0.0
2021-06-25,28.10569190979004,28.402270901317085,27.947834201940843,28.340084365669597,86993200,15.619999885559082,16.040000915527344,16.170000076293945,15.210000038146973,-0.24541066135975342,0.0,0.3968253968253968,0.0
2021-06-28,29.10066795349121,29.150894909353333,28.399879203037273,28.40705422176388,88787600,15.760000228881836,16.06999969482422,16.459999084472656,15.390000343322754,-0.11906088504391277,0.5677224233708537,1.1904761904761905,0.0
2021-06-29,29.4283447265625,29.437912027625224,28.861494455834695,29.07436188634606,74560000,16.020000457763672,15.6899995803833,16.309999465942383,14.100000381469727,-0.03841532986255414,1.6220624093627463,1.984126984126984,0.0
2021-06-30,29.29918670654297,29.49052906392465,29.143721269267346,29.39246560395315,80546800,15.829999923706055,16.18000030517578,17.309999465942383,15.579999923706055,-0.030024496340742224,0.8515817014099724,1.5873015873015872,0.0
2021-07-01,29.313539505004883,29.45226263593077,28.856712275283197,29.198735539586046,83834800,15.479999542236328,15.619999885559082,16.010000228881836,15.3100004196167,-0.030682574614862235,0.0,0.3968253968253968,0.0
2021-07-02,30.308513641357422,30.411359837614235,29.748838440283436,29.811024979241864,93502000,15.069999694824219,15.529999732971191,15.539999961853027,14.25,-0.03521128007455021,0.0,0.3968253968253968,0.0
2021-07-06,30.71511459350586,30.796433910034306,29.777541048246267,30.48311257610557,109599600,16.440000534057617,15.770000457763672,17.940000534057617,15.729999542236328,0.043147226859147514,5.43435497416265,5.952380952380952,0.0
2021-07-07,30.91124153137207,31.38481104207812,30.399400994132478,31.308272638562986,115275600,16.200000762939453,16.43000030517578,17.639999389648438,16.079999923706055,0.011235973784791575,4.482352674146762,3.968253968253968,0.0
2021-07-08,30.375484466552734,30.581176869552415,29.23700123072733,29.58380903800634,152524400,19.0,17.739999771118164,21.290000915527344,17.739999771118164,0.20025269056045558,15.589053740173863,23.015873015873016,0.0
2021-07-09,30.88970947265625,31.04517671934506,30.047807197878004,30.203272619791036,92875600,16.18000030517578,17.8799991607666,18.1299991607666,16.079999923706055,0.045219688865593355,4.403017257685004,3.968253968253968,0.0
2021-07-12,31.277183532714844,31.401552969774162,30.868189175565757,31.2843585521778,87126000,16.170000076293945,16.850000381469727,17.520000457763672,16.139999389648438,0.07299272752125674,4.363349549454124,3.968253968253968,0.0
2021-07-13,31.260438919067383,32.0664680389958,31.047571495901874,31.183904162758914,119450000,17.1200008392334,16.389999389648438,17.229999542236328,15.9399995803833,0.04136254763295599,8.131698607128536,12.3015873015873,0.0
2021-07-14,31.430255889892578,32.068858152558015,31.22456348828277,31.896650390765984,136042800,16.329999923706055,17.34000015258789,17.510000228881836,15.949999809265137,0.00802463917557339,4.998017749464716,5.952380952380952,0.0
2021-07-15,30.779693603515625,31.470915097339336,30.246328005885154,31.43025543882641,137192800,17.010000228881836,16.700000762939453,18.09000015258789,16.559999465942383,-0.1047368300588507,7.695361382430602,11.904761904761903,0.0
2021-07-16,30.023895263671875,31.26283429979794,29.937791378344382,31.011697663463394,127402800,18.450000762939453,16.799999237060547,18.700000762939453,16.030000686645508,0.14029668819212127,13.407382748367668,22.22222222222222,0.0
2021-07-19,29.303970336914062,29.418776119795197,28.622316133239863,29.134154856333893,202286400,22.5,19.610000610351562,25.09000015258789,19.270000457763672,0.3914656706146935,29.47243385562861,52.182539682539684,0.0
2021-07-20,30.270248413085938,30.68641781522128,29.07197264510555,29.52401714675586,121544800,19.729999542236328,20.889999389648438,22.969999313354492,19.3700008392334,0.15245318779550954,18.484728348452407,28.57142857142857,0.0
2021-07-21,30.961467742919922,30.994952383235223,30.136307667644825,30.210451967660696,81763200,17.90999984741211,19.729999542236328,19.81999969482422,17.809999465942383,0.09675443546159412,11.265371898950617,19.642857142857142,0.0
2021-07-22,31.61203384399414,31.619208864343307,31.054750816376036,31.057144922860804,94957600,17.690000534057617,17.59000015258789,18.450000762939453,17.399999618530273,0.03997650182397927,10.392705015396487,17.857142857142858,0.0
2021-07-23,32.66201400756836,32.79356210146029,31.64072708714604,31.97796756888213,103898400,17.200000762939453,16.979999542236328,17.479999542236328,16.329999923706055,-0.06775067470516738,8.449032707133833,13.88888888888889,0.0
2021-07-26,32.798343658447266,32.90358212391754,32.298460947463475,32.53285703857506,85977600,17.579999923706055,18.670000076293945,19.389999389648438,17.530000686645508,-0.21866667005750873,9.956367790698554,17.46031746031746,0.0
2021-07-27,31.72682762145996,32.72658938021238,30.57399637809007,32.72658938021238,178782000,19.360000610351562,18.6200008392334,20.440000534057617,18.25,-0.01875311406331781,17.017060973118564,28.174603174603174,0.0
2021-07-28,32.07365036010742,32.49460073951599,31.3967787335868,32.01624654264371,143940400,18.309999465942383,19.40999984741211,19.6200008392334,17.520000457763672,0.022333870571644487,12.852042398977098,22.817460317460316,0.0
2021-07-29,32.23149871826172,32.556779660056044,31.92296192215457,31.925352378873207,88638400,17.700000762939453,17.90999984741211,18.010000228881836,17.190000534057617,0.0005653040463500236,10.432372723627367,19.047619047619047,0.0
2021-07-30,31.748367309570312,31.894265476174656,31.157599622627522,31.176734227212823,113118800,18.239999771118164,19.690000534057617,19.719999313354492,17.530000686645508,0.060465055932996226,12.57437600720268,23.015873015873016,0.0
2021-08-02,31.73879051208496,32.33434261863324,31.57615188674429,32.17887536253218,109120000,19.459999084472656,18.15999984741211,19.8700008392334,17.989999771118164,0.10693965693546348,17.413722923743883,30.158730158730158,0.0
2021-08-03,32.291290283203125,32.336734503924546,31.057139552376,31.91578423483758,126835600,18.040000915527344,19.170000076293945,20.440000534057617,17.700000762939453,-0.06818180026907805,11.78104454011031,22.023809523809522,0.0
2021-08-04,32.451534271240234,32.70984587446403,32.00188398374827,32.310420714249446,96856800,17.969999313354492,18.229999542236328,18.899999618530273,17.670000076293945,-0.018569096805289953,11.503370582494156,21.825396825396826,0.0
2021-08-05,33.06144332885742,33.121237592676295,32.48024483632304,32.66201808449361,77340400,17.280000686645508,17.729999542236328,17.84000015258789,17.229999542236328,-0.023728816846909306,8.766366807139129,14.484126984126986,0.0
2021-08-06,32.63092041015625,32.98968595470592,32.327168210114856,32.717024286830245,86306000,16.149999618530273,17.459999084472656,17.5,16.139999389648438,-0.11458334313672902,4.284014132992366,3.968253968253968,0.0
2021-08-09,32.80552291870117,32.95381151219292,32.45153828006318,32.74572866009296,68421600,16.719999313354492,17.1200008392334,17.389999389648438,16.59000015258789,-0.14080163926135225,6.545020541260318,10.317460317460316,0.0
2021-08-10,32.315208435058594,33.03273951985786,31.982752511750338,32.951420206139716,106162400,16.790000915527344,16.81999969482422,17.049999237060547,16.34000015258789,-0.06929046211544831,6.822694498876472,11.507936507936508,0.0
2021-08-11,32.14060974121094,32.77921195909786,31.77227507949078,32.64766386562637,93188000,16.170000076293945,16.809999465942383,17.09000015258789,16.06999969482422,-0.100166906279338,4.363349549454124,4.563492063492063,0.0
2021-08-12,32.4754524230957,32.57590632408256,31.628767457891435,32.00427344613625,79490800,15.59000015258789,16.329999923706055,16.420000076293945,15.489999771118164,-0.09780095294577729,2.0626754329552934,1.1904761904761905,0.0
2021-08-13,32.80073928833008,32.913152789672445,32.439583269911175,32.57112772294618,73289600,15.449999809265137,15.680000305175781,15.720000267028809,15.1899995803833,-0.04334364246436062,1.507338866485591,0.7936507936507936,0.0
2021-08-16,32.8581428527832,32.87009878511603,31.45178069273434,32.51372733199148,122458400,16.1200008392334,17.049999237060547,17.709999084472656,16.020000457763672,-0.03588507767711846,4.165018574141466,4.761904761904762,0.0
2021-08-17,31.994707107543945,32.37260719126537,31.325010802842076,32.09994556751083,166395200,17.90999984741211,17.309999465942383,19.559999465942383,16.709999084472656,0.06670630558745194,11.265371898950617,24.6031746031746,0.0
2021-08-18,31.064311981201172,32.22192786182701,30.975814003656527,31.834462264072062,130084800,21.56999969482422,17.559999465942383,21.639999389648438,17.309999465942383,0.3339517373563252,25.783420214415955,49.404761904761905,0.0
2021-08-19,31.506792068481445,31.954055637848427,30.483114576898032,30.55247614101808,163247600,21.670000076293945,23.1200008392334,24.739999771118164,20.3700008392334,0.3899935769209595,26.18008973088301,51.587301587301596,0.0
2021-08-20,32.48024368286133,32.592657186812886,31.71009330026018,31.798587639712725,125082400,18.559999465942383,22.739999771118164,23.899999618530273,18.18000030517578,0.20129447864538008,13.843712407223865,29.761904761904763,0.0
2021-08-23,33.92726516723633,34.13056346500106,32.76725504346792,32.774430062827136,96532400,17.149999618530273,18.829999923706055,18.950000762939453,16.950000762939453,0.06389570258520272,8.250694165979436,16.26984126984127,0.0
2021-08-24,34.262107849121094,34.427140575568686,33.97988071949603,34.109034703491034,72686800,17.219999313354492,16.959999084472656,17.510000228881836,16.940000534057617,-0.038525993296271155,8.528360557753853,17.46031746031746,0.0
2021-08-25,34.30038070678711,34.53716364429453,34.11382290469857,34.31951530822594,76127200,16.790000915527344,17.420000076293945,17.5,16.459999084472656,-0.22160402628303466,6.822694498876472,13.293650793650794,0.0
2021-08-26,33.719181060791016,34.32429873356753,33.59002705356638,34.12339087808373,107004800,18.84000015258789,17.459999084472656,19.270000457763672,17.15999984741211,-0.13059528905133477,14.95438554016327,33.13492063492063,0.0
2021-08-27,34.704586029052734,34.82417453549392,33.75744345223584,33.88899153923146,92320000,16.389999389648438,17.950000762939453,18.219999313354492,16.110000610351562,-0.11691811092321946,5.236016433008254,8.531746031746032,0.0
2021-08-30,35.85503387451172,36.00093202682533,34.90789111285165,34.9198506957401,91270400,16.190000534057617,16.770000457763672,16.799999237060547,15.979999542236328,-0.055976624246416584,4.442684965915883,6.746031746031746,0.0
2021-08-31,35.75457763671875,35.948310458513426,35.32405822742387,35.929175857038985,91796000,16.479999542236328,15.979999542236328,17.06999969482422,15.90999984741211,-0.04297327529765216,5.59301824124443,10.714285714285714,0.0
2021-09-01,35.95070266723633,36.55103941290534,35.893302509567555,36.07507575810574,95568000,16.110000610351562,16.059999465942383,16.709999084472656,15.680000305175781,-0.04050031376394503,4.125350865910587,4.761904761904762,0.0
2021-09-02,35.90046691894531,36.43622102979113,35.541701441339136,36.342942151595565,95038400,16.40999984741211,16.270000457763672,16.979999542236328,15.729999542236328,-0.12898090687340003,5.315351849470012,9.920634920634921,0.0
2021-09-03,36.22336196899414,36.34056003240344,35.556059633364576,35.5656251091593,93201200,16.40999984741211,16.270000457763672,17.059999465942383,16.079999923706055,0.0012202842287050153,5.315351849470012,10.119047619047619,0.0
2021-09-07,36.37165832519531,36.5653911655088,35.91482925139905,36.24728522849869,90370800,18.139999389648438,16.940000534057617,18.389999389648438,16.889999389648438,0.1204446443030538,12.177706490735627,30.555555555555557,0.0
2021-09-08,35.99853515625,36.31903516510931,35.32884236054879,36.30946603971243,126846000,17.959999084472656,18.969999313354492,19.639999389648438,17.780000686645508,0.08980579996032523,11.463702874263276,28.968253968253972,0.0
2021-09-09,35.613468170166016,36.37883779777311,35.53932385426038,36.05116269422973,110573600,18.799999237060547,19.440000534057617,19.540000915527344,17.170000076293945,0.16697694132801666,14.795714707239755,35.714285714285715,0.0
2021-09-10,34.812217712402344,36.319033742825944,34.70697923446995,36.11573180595182,138435600,20.950000762939453,17.940000534057617,21.1299991607666,16.989999771118164,0.2766606311847901,23.324082830835344,49.007936507936506,0.0
2021-09-13,34.73329162597656,35.584761343308955,34.144914474920405,35.46756327452136,155549200,19.3700008392334,19.639999389648438,21.18000030517578,18.760000228881836,0.18037788052070503,17.05672868134944,39.682539682539684,0.0
2021-09-14,34.43431854248047,35.36471707674086,34.159266407885106,35.14706509570169,119258400,19.459999084472656,19.579999923706055,20.469999313354492,18.389999389648438,0.07276735056438177,17.413722923743883,40.67460317460318,0.0
2021-09-15,35.197288513183594,35.29295785422546,33.905730511809814,34.558686355372984,111785200,18.18000030517578,19.299999237060547,20.270000457763672,18.010000228881836,0.012249511799437007,12.336377323659145,31.746031746031743,0.0
2021-09-16,35.266658782958984,35.429301090822946,34.259725346551186,34.812223802804056,105230800,18.690000534057617,18.40999984741211,19.760000228881836,17.649999618530273,-0.005850995078025778,14.359385048383558,35.714285714285715,0.0
2021-09-17,34.02054214477539,35.14227935261283,33.714395837586004,35.13510433365932,154650400,20.809999465942383,18.3700008392334,21.510000228881836,18.350000381469727,-0.006682639231437748,22.76874248144477,49.60317460317461,0.0
2021-09-20,31.927743911743164,32.877277038479065,30.61466066770373,32.38935384033845,243827200,25.709999084472656,24.25,28.790000915527344,23.899999618530273,0.32731016884613484,42.20547312991307,82.93650793650794,0.0
2021-09-21,31.968406677246094,32.70746291586934,31.712485471567167,32.37979151191811,143401200,24.360000610351562,23.40999984741211,25.600000381469727,21.709999084472656,0.25179865140839963,36.850461138053916,78.17460317460318,0.0
2021-09-22,32.903587341308594,33.30061845642284,31.956444651442943,32.25541595323043,175338800,20.8700008392334,22.719999313354492,23.399999618530273,20.75,0.1479648233719657,23.006748730830047,50.595238095238095,0.0
2021-09-23,33.817237854003906,34.099468628211675,33.04708757717554,33.224079881324535,138739200,18.6299991607666,19.90999984741211,20.209999084472656,18.420000076293945,-0.003210346258775032,14.121378798998283,35.317460317460316,0.0
2021-09-24,33.912906646728516,34.02292967714622,33.07818121742751,33.178635123695045,109550400,17.75,19.329999923706055,20.40999984741211,17.6299991607666,-0.14704466816303252,10.630703698940025,26.38888888888889,0.0
2021-09-27,33.09492492675781,33.341276979069534,32.38456884595934,33.05665937509285,156710800,18.760000228881836,17.780000686645508,19.31999969482422,17.739999771118164,-0.2703227966969558,14.637051440157975,37.301587301587304,0.0
2021-09-28,30.33482551574707,32.023414895149756,30.153050447850624,31.84403210867691,297646000,23.25,19.739999771118164,24.81999969482422,19.709999084472656,-0.04556652637684577,32.44744388036891,74.40476190476191,0.0
2021-09-29,30.133914947509766,31.16237513108945,29.96888402972321,30.60509401122677,195061200,22.559999465942383,22.06999969482422,23.790000915527344,21.450000762939453,0.0809774105773855,29.710432539172142,68.45238095238095,0.0
2021-09-30,29.794281005859375,30.982989250376782,29.677084778186696,30.562039013289983,234624000,23.139999389648438,21.479999542236328,24.709999084472656,20.600000381469727,0.24208268556337686,32.01110665567098,73.80952380952381,0.0
2021-10-01,30.33721351623535,30.617050202530613,28.90215134063801,29.956922915594497,208708000,21.100000381469727,24.780000686645508,24.889999389648438,20.850000381469727,0.1887324158574495,23.919083322615055,53.17460317460318,0.0
2021-10-04,28.471633911132812,30.014325026941783,27.856949016139556,29.921046131089664,257236000,22.959999084472656,22.899999618530273,24.579999923706055,21.8799991607666,0.223880533280844,31.297103039198625,71.82539682539682,0.0
2021-10-05,29.567066192626953,30.13630688803719,28.634275376375367,28.694069636073852,162612800,21.299999237060547,22.920000076293945,23.170000076293945,20.6200008392334,-0.08387100055653562,24.71241478970743,56.15079365079365,0.0
2021-10-06,30.150657653808594,30.212844196332522,28.524254845639064,28.76343189020306,234990800,21.0,22.950000762939453,24.399999618530273,20.989999771118164,-0.06914891413439217,23.522413806148005,53.17460317460318,0.0
2021-10-07,30.96625328063965,31.65269025349121,30.789260947942285,30.930378182583787,150815200,19.540000915527344,20.540000915527344,20.760000228881836,19.06999969482422,-0.15557470047866706,17.731064589590915,43.65079365079365,0.0
2021-10-08,30.49028968811035,31.31305746016759,30.368308887469148,31.253263200508805,157132000,18.770000457763672,19.459999084472656,19.940000534057617,18.200000762939453,-0.11042653467211727,14.676719148388853,37.698412698412696,0.0
2021-10-11,29.81341552734375,31.018867911727508,29.787105909497562,30.102819498875988,136215200,20.0,19.93000030517578,20.450000762939453,18.110000610351562,-0.12891982589295659,19.55573377316093,47.22222222222222,0.0
2021-10-12,29.509660720825195,30.284595596536846,29.32549521426911,30.176964840300062,174403600,19.850000381469727,20.6200008392334,20.809999465942383,18.969999313354492,-0.06807506608112557,18.96073328138122,46.82539682539682,0.0
2021-10-13,30.200885772705078,30.36352624223855,29.56228347716857,30.083689527310344,140921200,18.639999389648438,20.139999389648438,20.229999542236328,18.440000534057617,-0.1123809814453125,14.16104650722916,36.11111111111111,0.0
2021-10-14,31.86795425415039,31.91817939531143,30.949511527842684,31.11932885405722,121750000,16.860000610351562,18.010000228881836,18.079999923706055,16.799999237060547,-0.1371545639512297,7.100360890650889,16.26984126984127,0.0
2021-10-15,32.45872116088867,32.49220580407253,31.91100363721047,32.193234472233634,102858000,16.299999237060547,16.639999389648438,16.850000381469727,15.720000267028809,-0.13159302932683092,4.879014624772079,8.333333333333332,0.0
2021-10-18,33.432167053222656,33.48957085785297,31.949270104350997,32.1095182865312,100876400,16.309999465942383,17.290000915527344,17.93000030517578,16.270000457763672,-0.1845000267028809,4.918682333002958,8.73015873015873,0.0
2021-10-19,34.166439056396484,34.20948916857654,33.55175235800193,33.73352558090392,106450800,15.699999809265137,16.09000015258789,16.309999465942383,15.569999694824219,-0.20906803488420467,2.499008874732358,2.7777777777777777,0.0
2021-10-20,34.05880355834961,34.4941074529227,33.64741882375029,34.31950926367867,118709600,15.489999771118164,15.819999694824219,15.890000343322754,15.289999961853027,-0.1689914013773841,1.666005916488239,1.5873015873015872,0.0
2021-10-21,34.6687126159668,34.73090098458757,33.75505818409437,33.829202485555626,92100400,15.010000228881836,16.059999465942383,16.110000610351562,14.920000076293945,-0.10972718354078104,0.0,0.3968253968253968,0.0
2021-10-22,33.79093551635742,34.59935516547216,33.331715988618704,34.31473387364526,140248400,15.430000305175781,15.350000381469727,16.389999389648438,14.84000015258789,-0.05337417009852918,1.662050258752576,1.1904761904761905,0.0
2021-10-25,34.80504608154297,35.09444827447733,33.656995487102506,34.19992842407778,118951600,15.239999771118164,16.139999389648438,16.329999923706055,15.100000381469727,-0.06560390741020761,0.9101684029679162,1.1904761904761905,0.0
2021-10-26,35.130332946777344,36.16357610133105,34.83614249170229,35.474748548146195,167975600,15.979999542236328,15.020000457763672,16.709999084472656,14.899999618530273,0.017834378112919103,3.8385412306980946,5.952380952380952,0.0
2021-10-27,35.40776824951172,36.287941675700566,35.22121044577779,35.29296428941825,145068000,16.979999542236328,15.789999961853027,17.290000915527344,15.539999961853027,0.09619107767169499,7.7958030326920476,20.634920634920633,0.0
2021-10-28,36.570167541503906,36.65388096437547,35.73304791099615,35.95069989082064,130737600,16.530000686645508,17.059999465942383,17.15999984741211,16.229999542236328,0.10126585173789193,6.605825478679432,15.476190476190476,0.0
2021-10-29,37.110713958740234,37.16811411812781,35.58476312944646,35.6828266011367,134514400,16.260000228881836,17.399999618530273,18.059999465942383,16.1299991607666,0.05379130961051515,5.432420632621364,10.714285714285714,0.0
2021-11-01,37.476654052734375,37.53405421132503,36.63714023782307,37.263786615672004,130045600,16.40999984741211,16.850000381469727,17.700000762939453,16.31999969482422,0.07677165970246613,6.30630491306399,13.88888888888889,0.0
2021-11-02,37.97652816772461,38.11764173818068,37.30205084735122,37.31879134152393,120171200,16.030000686645508,16.540000915527344,16.649999618530273,15.890000343322754,0.003128982843649153,4.594596893444416,6.746031746031746,0.0
2021-11-03,39.181983947753906,39.301572466237516,37.806715985192426,38.11046819446338,145210400,15.100000381469727,16.110000610351562,16.389999389648438,14.899999618530273,-0.11071844590397428,0.40540611363691625,1.1904761904761905,0.0
2021-11-04,40.64334487915039,40.9829794225741,39.39962523902086,39.56704840507749,160879600,15.4399995803833,15.0600004196167,16.139999389648438,14.729999542236328,-0.06594077803897569,1.936934115621246,2.380952380952381,0.0
2021-11-05,40.794036865234375,41.53548717644128,40.35634242792152,41.24847544775066,170505600,16.479999542236328,15.59000015258789,17.020000457763672,14.949999809265137,0.013530092881777422,6.621618869968046,17.261904761904763,0.0
2021-11-08,40.626617431640625,41.11453705074477,40.43527504490376,40.77969061111962,112919600,17.219999313354492,17.229999542236328,17.690000534057617,16.440000534057617,0.04936011416661423,9.954951344135285,27.18253968253968,0.0
2021-11-09,39.78948974609375,41.08821923095598,39.3613644801473,40.959065244164016,176237600,17.780000686645508,17.43000030517578,18.56999969482422,17.209999084472656,0.10917030100054292,12.477480182689641,34.12698412698413,0.0
2021-11-10,38.04589080810547,39.79905517544525,37.43120410708606,38.9188854824117,193953600,18.729999542236328,17.739999771118164,19.899999618530273,17.219999313354492,0.2403972893418751,16.75675452756905,45.23809523809524,0.0
2021-11-11,38.354427337646484,38.98346407244041,38.2444043018851,38.92606027340598,115438000,17.65999984741211,18.34000015258789,18.389999389648438,17.270000457763672,0.14378240462191094,11.936935833953436,32.53968253968254,0.0
2021-11-12,39.57183837890625,39.72013061731025,38.20853005520371,38.70123414679166,127640800,16.290000915527344,17.489999771118164,17.690000534057617,16.149999618530273,-0.011529043203068023,5.765769155988735,12.3015873015873,0.0
2021-11-15,39.559879302978516,40.01670830618019,38.76820391759082,39.921038953998995,139458400,16.489999771118164,17.030000686645508,17.459999084472656,16.489999771118164,-0.04239254188995223,6.666664948334476,18.253968253968253,0.0
2021-11-16,40.37787628173828,40.518989882641485,39.239391048485366,39.29440075485308,103181600,16.3700008392334,16.860000610351562,17.079999923706055,16.030000686645508,-0.07930257553202202,6.126129191259222,14.285714285714285,0.0
2021-11-17,40.42570495605469,41.06430722491391,40.131514564567944,40.471149178295015,115936000,17.110000610351562,16.360000610351562,17.190000534057617,16.280000686645508,-0.08649220349587583,9.45946166542646,26.58730158730159,0.0
2021-11-18,41.66224670410156,41.83206034865455,40.365907662334024,41.061910033687035,173683200,17.59000015258789,16.809999465942383,18.149999618530273,16.3799991607666,-0.003963742663025904,11.621621877049378,33.33333333333333,0.0
2021-11-19,42.36781311035156,42.78158829336291,41.9325128734986,42.19799583664789,129214400,17.90999984741211,17.360000610351562,19.010000228881836,17.229999542236328,0.09944744265426109,13.063062018131324,38.69047619047619,0.0
2021-11-22,40.8992805480957,43.855509393343674,40.8657959029858,42.8820569290979,179044800,19.170000076293945,18.200000762939453,19.59000015258789,17.350000381469727,0.16252276181772518,18.7387390173872,52.38095238095239,0.0
2021-11-23,40.34199142456055,41.179111075469265,38.93562924317724,40.52854922622747,226025600,19.3799991607666,20.239999771118164,20.90999984741211,19.030000686645508,0.1838728263421494,19.684680888099372,53.96825396825397,0.0
2021-11-24,40.71510314941406,40.79403200407016,38.82560614860395,39.53835264732185,198241600,18.579999923706055,19.170000076293945,20.959999084472656,18.520000457763672,0.08591462658774773,16.081080535394506,45.63492063492063,0.0
2021-11-26,38.469242095947266,40.334824118946294,37.96218783542625,39.88995458768924,177682400,28.6200008392334,26.6200008392334,28.989999771118164,23.8799991607666,0.6270608636136221,61.3063122159758,98.01587301587301,0.0
2021-11-29,40.85861587524414,41.17672178957983,39.54314210070139,39.751224966272375,158932000,22.959999084472656,25.309999465942383,25.690000534057617,21.709999084472656,0.2819653422716384,35.81080750186031,84.32539682539682,0.0
2021-11-30,39.10305404663086,41.327397511569266,38.43814219352704,40.58355680042123,302586000,27.190000534057617,26.229999542236328,28.559999465942383,23.709999084472656,0.41836204620997286,54.86486906781251,96.42857142857143,0.0
2021-12-01,37.09635543823242,41.04755698672143,36.94567275518316,40.38742975781068,302551200,31.1200008392334,24.920000076293945,32.61000061035156,22.3799991607666,0.6057792666076878,72.5675740577547,99.20634920634922,0.0
2021-12-02,37.79475021362305,38.39269270811344,36.27119025596661,36.69453456394019,396432800,27.950000762939453,29.440000534057617,30.68000030517578,27.149999618530273,0.5043057522986476,58.288293698712614,96.62698412698413,0.0
2021-12-03,35.89569091796875,38.574473059701816,34.66392696136575,38.268326737763864,480573600,30.670000076293945,26.950000762939453,35.31999969482422,25.889999389648438,0.07162820324765073,70.54054348957011,98.80952380952381,0.0
2021-12-06,36.735198974609375,37.13940873717787,34.807432706561336,36.01766788826583,304828000,27.18000030517578,28.989999771118164,30.81999969482422,26.75,0.1837979699031007,54.81982298944609,94.84126984126983,0.0
2021-12-07,40.04780578613281,40.24871363199049,38.68449733273839,38.69167235226529,270578400,21.889999389648438,24.579999923706055,24.690000534057617,21.579999923706055,-0.19492464289474765,30.990988808244698,74.20634920634922,0.0
2021-12-08,40.60508346557617,40.66009315797425,39.57662155578766,40.15542950279615,205243600,19.899999618530273,21.739999771118164,23.110000610351562,19.850000381469727,-0.36053987526111886,22.02702541318801,59.523809523809526,0.0
2021-12-09,38.85190963745117,40.78206598926554,38.746671181179046,40.2176081643478,212802000,21.579999923706055,20.309999465942383,22.1200008392334,19.940000534057617,-0.22790700054934365,29.59459474552918,71.82539682539682,0.0
2021-12-10,40.05497741699219,40.141081293582786,38.694059535390224,39.648377196806734,203075200,18.690000534057617,21.270000457763672,21.299999237060547,18.690000534057617,-0.3906097004380559,16.57657880576428,47.817460317460316,0.0
2021-12-13,38.332916259765625,40.15544466146457,38.215718162582384,40.05499071368738,179145200,20.309999465942383,19.290000915527344,21.18000030517578,18.959999084472656,-0.25275940993735646,23.873871667906872,62.301587301587304,0.0
2021-12-14,37.1920280456543,37.68473214194496,35.83589472785222,36.86196257745686,230933600,21.889999389648438,19.670000076293945,23.0,19.670000076293945,0.0,30.990988808244698,75.59523809523809,0.0
2021-12-15,39.65315628051758,39.76796387704353,35.88372778382232,37.062872382473195,269061200,19.290000915527344,21.600000381469727,23.469999313354492,19.020000457763672,-0.03065320174352759,19.279283366123405,53.96825396825397,0.0
2021-12-16,36.6275749206543,40.09085773686829,36.10377657392108,39.94495958389489,296220000,20.56999969482422,18.559999465942383,22.1299991607666,18.190000534057617,-0.04680260576703388,25.045043930451193,63.095238095238095,0.0
2021-12-17,36.067893981933594,37.26138493088635,35.15902061039405,35.596714978388,300020800,21.56999969482422,20.700000762939453,23.260000228881836,20.489999771118164,0.15409304860738549,29.54954866716275,72.61904761904762,0.0
2021-12-20,34.98921203613281,35.21882362960599,34.082732544779994,34.68545978428869,241866000,22.8700008392334,25.889999389648438,27.389999389648438,22.850000381469727,0.12604635355032157,35.40540997988435,82.14285714285714,0.0
2021-12-21,37.32836151123047,37.41924630260872,34.85048728882207,35.91482436200987,219124800,21.010000228881836,22.280000686645508,22.68000030517578,20.899999618530273,-0.040200967807369814,27.027028420269346,67.46031746031747,0.0
2021-12-22,38.660579681396484,38.746683568642226,37.02939403633565,37.21116728738675,177222800,18.6299991607666,21.040000915527344,21.360000610351562,18.59000015258789,-0.034214708317067966,16.306302335565704,46.62698412698413,0.0
2021-12-23,39.579017639160156,40.01192752040266,38.7395074984411,38.78734217904678,131308400,17.959999084472656,18.809999465942383,18.93000030517578,17.6200008392334,-0.1268838429301623,13.288283818302524,39.88095238095239,0.0
2021-12-27,41.47090530395508,41.50438994234921,39.942564220194384,39.964089277115214,125963200,17.68000030517578,19.3700008392334,19.40999984741211,17.549999237060547,-0.18034304333262707,12.027027990686296,34.92063492063492,0.0
2021-12-28,40.98298645019531,41.85119660646358,40.66727101187817,41.798577366744055,144825200,17.540000915527344,17.780000686645508,18.469999313354492,17.510000228881836,-0.23305639388357435,11.396400076878182,32.53968253968254,0.0
2021-12-29,40.91840362548828,41.375232594016886,40.169778410536814,40.97341331633967,115494800,16.950000762939453,17.6299991607666,18.0,16.709999084472656,-0.19324128613579072,8.738741594885488,24.404761904761905,0.0
2021-12-30,40.53572463989258,41.53548658761356,40.36591098137685,40.84426507226388,113271600,17.329999923706055,17.299999237060547,17.790000915527344,16.6200008392334,-0.06977988704359417,10.450449614505061,31.349206349206348,0.0
2021-12-31,39.782310485839844,40.7557589692126,39.63402191504604,40.33241831074294,120497200,17.219999313354492,17.6299991607666,18.270000457763672,16.989999771118164,-0.041202661962156384,9.954951344135285,29.365079365079367,0.0
2022-01-03,40.93036651611328,41.00451081185517,39.49291022292318,40.14108158326218,153010400,16.600000381469727,17.600000381469727,18.540000915527344,16.559999465942383,-0.061085967481000925,7.1621632187042525,19.841269841269842,0.0
2022-01-04,39.33983612060547,41.112138754923095,38.361602962495326,41.09778871732567,213296400,16.90999984741211,16.56999969482422,17.809999465942383,16.34000015258789,-0.03591796095959854,8.558557281419768,24.404761904761905,0.0
2022-01-05,35.72109603881836,39.158069287434266,35.63738260643197,38.83757289693342,266490400,19.729999542236328,17.06999969482422,20.170000076293945,16.579999923706055,0.16401172000978548,21.261259264280607,62.5,0.0
2022-01-06,35.62303161621094,36.54864566317181,34.54195029175864,35.1662025593619,308453200,19.610000610351562,20.290000915527344,21.059999465942383,19.079999923706055,0.13156380246295618,20.720723507205356,61.30952380952381,0.0
2022-01-07,34.4582405090332,36.10138573016998,33.963142247027356,35.613462487942286,285426800,18.760000228881836,19.850000381469727,20.799999237060547,18.56999969482422,0.08943095104150434,16.89189276266834,52.976190476190474,0.0
2022-01-10,34.584999084472656,34.66631839663267,31.595286288427364,33.09014268645001,358434800,19.399999618530273,19.579999923706055,23.329999923706055,19.290000915527344,0.1686746489588118,19.77477304483223,59.72222222222222,0.0
2022-01-11,36.106170654296875,36.12291115076255,33.73353100283221,34.305164031372506,308653600,18.40999984741211,19.6200008392334,21.0,18.200000762939453,0.08870490913869289,15.315314386487106,48.01587301587302,0.0
2022-01-12,36.517555236816406,37.29488075563325,35.84786232486248,36.8260957172655,276742400,17.6200008392334,18.170000076293945,18.690000534057617,17.360000610351562,-0.10694367724064169,11.756760112148669,36.507936507936506,0.0
2022-01-13,33.867469787597656,37.096359776474685,33.494350545481566,36.895448292396196,173531800,20.309999465942383,18.059999465942383,20.610000610351562,17.450000762939453,0.03569601396245292,23.873871667906872,68.84920634920636,0.0
2022-01-14,34.379310607910156,34.4749799684429,33.00643302199701,33.04948313937109,178451600,19.190000534057617,20.110000610351562,22.06999969482422,19.049999237060547,0.0229211247297203,18.82883117412006,58.333333333333336,0.0
2022-01-18,31.901437759399414,33.350850174007164,31.60007232498038,32.76247299454095,155320000,22.790000915527344,21.18000030517578,23.200000762939453,21.18000030517578,0.17474233833278263,35.04504994461386,86.5079365079365,0.0
2022-01-19,30.79165267944336,32.8677075833478,30.69119876308204,32.22193032128108,183284400,23.850000381469727,23.1200008392334,23.989999771118164,21.850000381469727,0.2954916121209157,39.81982255986304,91.26984126984127,0.0
2022-01-20,29.60055160522461,32.61418200778734,29.418776540056076,31.580935421424762,172197000,25.59000015258789,23.459999084472656,25.889999389648438,21.68000030517578,0.4523268407347729,47.65765977074184,93.65079365079364,0.0
2022-01-21,27.108325958251953,29.672304225000214,27.02700663718303,28.997825017311115,342054600,28.850000381469727,25.3799991607666,29.790000915527344,25.309999465942383,0.4204825770600329,62.342346243420835,97.22222222222221,0.0
2022-01-24,27.500577926635742,27.624949189348655,23.042316049664624,25.759367475222472,510169200,29.899999618530273,28.200000762939453,38.939998626708984,28.020000457763672,0.5581031154983551,67.07207278030359,97.61904761904762,0.0
2022-01-25,25.472354888916016,26.93611903804351,24.75482376528458,25.902874293005283,347498000,31.15999984741211,32.290000915527344,35.849998474121094,29.1299991607666,0.36726628326645194,72.74774977955946,99.20634920634922,0.0
2022-01-26,25.42452049255371,28.15113733277177,24.573048975553515,27.261400262413055,415676200,31.959999084472656,29.350000381469727,33.040000915527344,26.899999618530273,0.340041868900933,93.74999406590923,99.60317460317461,0.0
2022-01-27,24.663938522338867,26.90263589892924,24.41519416663148,26.500818374290557,323528200,30.489999771118164,32.189998626708984,33.0,28.420000076293945,0.1914810312353492,85.61946685596679,98.01587301587301,0.0
2022-01-28,26.964820861816406,27.007872805014085,23.965540351781257,25.065756272438303,334032400,27.65999984741211,30.270000457763672,32.81999969482422,27.280000686645508,-0.041247851588312345,74.63127122488137,94.84126984126983,0.0
2022-01-31,29.576637268066406,29.68665850098069,26.893070258326127,27.29010324451453,227502200,24.829999923706055,28.360000610351562,29.40999984741211,24.709999084472656,-0.1695652093481007,57.935105355981605,91.66666666666666,0.0
2022-02-01,30.141090393066406,30.303730856576873,28.572089562572035,29.858861407115185,203691600,21.959999084472656,24.56999969482422,25.329999923706055,21.959999084472656,-0.295250346854656,41.002945869217086,82.53968253968253,0.0
2022-02-02,30.853837966918945,31.27000732775331,29.825375971444586,31.19825348629194,201630400,22.09000015258789,21.559999465942383,22.729999542236328,20.459999084472656,-0.30882350483795773,41.7699138744825,83.73015873015873,0.0
2022-02-03,27.14181137084961,29.213083593612467,26.845230526659673,28.375963951492107,211150000,24.350000381469727,22.6299991607666,25.809999465942383,22.299999237060547,-0.20137748231354824,55.10324945837483,90.87301587301587,0.0
2022-02-04,28.07938575744629,28.897370822415873,26.735210092811407,27.20399688720525,193068800,23.219999313354492,23.770000457763672,26.260000228881836,22.06999969482422,-0.16052062756873176,48.43657604003114,88.09523809523809,0.0
2022-02-07,27.443174362182617,28.830401989984768,27.132245290279435,28.25637670176401,153912200,22.860000610351562,24.09000015258789,24.81999969482422,22.020000457763672,-0.07933948124879642,46.31268974322359,85.31746031746032,0.0
2022-02-08,28.37596321105957,28.61992480798622,26.897849065693975,27.17051073888779,158593200,21.440000534057617,23.09000015258789,23.479999542236328,21.31999969482422,-0.02367935209900429,37.93510760654062,76.5873015873016,0.0
2022-02-09,30.136306762695312,30.174575964635654,29.0647928304536,29.44747755075306,151075400,19.959999084472656,21.270000457763672,21.299999237060547,19.93000030517578,-0.09642376882762038,29.20353504306051,67.06349206349206,0.0
2022-02-10,28.13678741455078,30.0932557147193,27.648866024007724,28.371181721441715,254286600,23.90999984741211,20.3700008392334,24.770000457763672,20.18000030517578,-0.01806983684453889,52.50737592583777,89.68253968253968,0.0
2022-02-11,25.486709594726562,28.485990459723876,25.14229583316022,28.117657529835466,268511200,27.360000610351562,24.389999389648438,30.989999771118164,23.329999923706055,0.17829463477270813,72.86136410207591,94.44444444444444,0.0
2022-02-14,25.558462142944336,26.29512796504414,24.73090969010868,25.304935029729,190125000,28.329999923706055,29.170000076293945,32.040000915527344,28.329999923706055,0.23928255325056913,78.58407430175562,96.03174603174604,0.0
2022-02-15,27.409687042236328,27.47665631810825,26.476896268135885,26.70650782080521,163444600,25.700000762939453,28.09000015258789,28.09000015258789,25.329999923706055,0.19869403557685517,63.06785401658954,92.06349206349206,0.0
2022-02-16,27.404903411865234,27.648863169562546,26.16596637426519,26.91698207169476,186181000,24.290000915527344,25.190000534057617,27.09000015258789,23.8799991607666,0.21693396942202736,54.74927028437276,89.28571428571429,0.0
2022-02-17,24.974864959716797,26.811744617596283,24.860061007535784,26.615619526575795,157671200,28.110000610351562,24.829999923706055,28.3700008392334,24.760000228881836,0.17565875323056668,77.28614316188462,95.63492063492063,0.0
2022-02-18,24.1281795501709,25.25231275222649,23.587640744382124,25.156641569638094,226165400,27.75,26.65999984741211,29.709999084472656,26.3799991607666,0.014254363338752407,75.16224561228202,94.44444444444444,0.0
2022-02-22,23.38195037841797,24.63523768770975,22.58309803267075,23.45848696620427,262876200,28.809999465942383,31.799999237060547,32.040000915527344,28.399999618530273,0.016943153672043243,81.41593019936239,96.82539682539682,0.0
2022-02-23,21.592899322509766,24.219063592036274,21.51158001819695,24.032505823529743,260920400,31.020000457763672,28.040000915527344,31.06999969482422,27.200000762939453,0.2070038730308481,94.45428501371885,98.80952380952381,0.0
2022-02-24,23.70722770690918,23.84594899652212,19.42595853450022,19.497710548139484,389734800,30.31999969482422,37.5,37.790000915527344,29.450000762939453,0.24825024915673044,90.32448672344601,97.61904761904762,0.0
2022-02-25,24.831361770629883,24.879196451706957,23.080585801477746,23.91770549375932,238372200,27.59000015258789,31.68000030517578,32.0,26.93000030517578,-0.0184987707745613,74.2182936464131,93.05555555555556,0.0
2022-02-28,25.094457626342773,25.44365592789824,23.879437678611993,24.13774935092192,243401000,30.149999618530273,32.439998626708984,33.5099983215332,28.43000030517578,0.08648647273982957,89.32153635311091,97.22222222222221,0.0
2022-03-01,23.93683624267578,25.338413704961958,23.36759377570598,24.836140510629587,248145000,33.31999969482422,29.450000762939453,35.189998626708984,29.440000534057617,0.1565428779064475,100.0,100.0,0.0
2022-03-02,25.08010482788086,25.376683849706822,23.640258009849216,24.238200616226738,219495800,30.739999771118164,34.20000076293945,34.40999984741211,30.1200008392334,-0.009026456560719653,85.90933916461879,98.01587301587301,0.0
2022-03-03,24.032506942749023,25.725878799053596,23.616337628479176,25.71152876227732,223888600,30.479999542236328,30.520000457763672,32.0099983215332,29.309999465942383,0.005277039875413392,84.48934879615672,96.82539682539682,0.0
2022-03-04,23.004047393798828,23.822032418913135,22.482641382365692,23.52066884263777,231391000,31.979999542236328,31.899999618530273,34.650001525878906,31.469999313354492,0.1591155985998305,92.6815937101453,99.60317460317461,0.0
2022-03-07,20.435287475585938,23.21930815613586,20.39223553414337,22.984913847220533,249752600,36.45000076293945,35.880001068115234,36.54999923706055,32.59000015258789,0.20895526448156843,100.0,100.0,0.0
2022-03-08,20.153060913085938,22.004290968403385,19.50249897509937,20.277432189571005,355936000,35.130001068115234,36.189998626708984,37.52000045776367,32.779998779296875,0.054321770404222924,93.84328515884415,99.60317460317461,0.0
2022-03-09,22.310436248779297,22.57831521750868,21.215004857181587,21.7172781516462,219074200,32.45000076293945,33.7400016784668,34.119998931884766,31.389999389648438,0.05562787913316525,81.34328404681722,98.80952380952381,0.0
2022-03-10,21.592899322509766,21.822509024115934,20.660108655201412,21.47809538409453,225574800,30.229999542236328,33.029998779296875,34.029998779296875,30.229999542236328,-0.008202099860715961,70.98880099922292,94.44444444444444,0.0
2022-03-11,20.25351333618164,22.22911634539428,20.13392480723035,22.166929799402293,197814800,30.75,30.43000030517578,31.040000915527344,28.84000015258789,-0.038461524698018,73.41417620822838,96.42857142857143,0.0
2022-03-14,19.067197799682617,20.631416178471113,18.923691911443825,19.99998881039933,246265200,31.770000457763672,31.030000686645508,33.18000030517578,30.059999465942383,-0.12839506741339146,78.17164091138167,97.61904761904762,0.0
2022-03-15,20.832319259643555,20.99495971546728,19.248968465217228,19.55033021368617,211407200,29.829999923706055,33.130001068115234,33.83000183105469,29.56999969482422,-0.15086823180371545,69.12313118314772,92.46031746031747,0.0
2022-03-16,23.171470642089844,23.190605242958465,20.89928879505653,21.60246986638252,326175000,26.670000076293945,29.020000457763672,29.799999237060547,26.290000915527344,-0.17812020187212874,54.38432629183056,86.90476190476191,0.0
2022-03-17,23.9464054107666,24.008590126052958,22.501775899811488,22.76487027346229,192061600,25.670000076293945,26.510000228881836,27.469999313354492,25.25,-0.1508435175320233,49.720147303534866,85.71428571428571,0.0
2022-03-18,25.434083938598633,25.54888971339165,23.405863790387702,23.659390852720097,201569600,23.8700008392334,26.360000610351562,26.81999969482422,23.850000381469727,-0.2237398101062309,41.32462868308878,82.93650793650794,0.0
2022-03-21,25.252309799194336,25.797633103968657,24.28603443512328,25.28579443546814,221094600,23.530000686645508,25.139999389648438,25.360000610351562,22.989999771118164,-0.2593641691026336,39.73880711537102,82.14285714285714,0.0
2022-03-22,26.744775772094727,26.950468166572364,25.290578972691502,25.38625015090044,186689200,22.940000534057617,24.020000457763672,24.020000457763672,22.700000762939453,-0.2309755081217053,36.98694080057932,79.36507936507937,0.0
2022-03-23,25.615863800048828,26.91698764315203,25.59194645803395,26.099002502720044,205499400,23.56999969482422,23.040000915527344,24.030000686645508,22.639999389648438,-0.11623548453699528,39.92536964887082,82.14285714285714,0.0
2022-03-24,27.275753021240234,27.309237664738298,25.54889430037067,26.036815737483284,171150600,21.670000076293945,23.610000610351562,23.790000915527344,21.489999771118164,-0.15582391850843702,31.06343135035209,74.0079365079365,0.0
2022-03-25,27.232702255249023,27.534065884556984,26.237724734577284,27.28532150438905,198789400,20.809999465942383,21.8700008392334,22.860000610351562,20.799999237060547,-0.1281944392838693,27.05223457362886,68.84920634920636,0.0
2022-03-28,28.471633911132812,28.514685849585785,26.945685114456897,27.227912258478025,183407400,19.6299991607666,22.139999389648438,23.329999923706055,19.540000915527344,-0.16574591636507507,21.548501944045473,62.698412698412696,0.0
2022-03-29,29.93061637878418,30.117174188860258,28.768215750858953,29.428344930554093,204013400,18.899999618530273,19.700000762939453,19.729999542236328,18.670000076293945,-0.17611163127609353,18.143653417681314,56.34920634920635,0.0
2022-03-30,29.031307220458984,29.91626332559229,28.6055723993754,29.504878542368537,167818800,19.329999923706055,19.3799991607666,20.510000228881836,18.719999313354492,-0.17988968290267882,20.14925180604293,58.730158730158735,0.0
2022-03-31,27.83064079284668,29.098279847167387,27.69670223306373,29.00739140322094,168098800,20.559999465942383,19.68000030517578,21.479999542236328,19.540000915527344,-0.05122291677173807,25.886189826554933,67.06349206349206,0.0
2022-04-01,27.711050033569336,28.136784842588323,26.97916892704347,27.950227056593565,176162600,19.6299991607666,20.6200008392334,20.860000610351562,19.40999984741211,-0.056703524048953846,21.548501944045473,62.10317460317461,0.0
2022-04-04,29.442691802978516,29.442691802978516,27.854556481900637,27.926310320262505,137515000,18.56999969482422,20.75,20.780000686645508,18.450000762939453,-0.05399895625369899,16.604474707392356,48.41269841269841,0.0
2022-04-05,27.495792388916016,29.25613555502739,27.199213369288035,29.093495094307016,172097600,21.030000686645508,18.790000915527344,21.56999969482422,18.549999237060547,0.11269847148710532,28.078359644631778,70.63492063492063,0.0
2022-04-06,25.68761444091797,26.48646487800236,25.065754502358242,26.22337049916278,296859800,22.100000381469727,21.270000457763672,24.780000686645508,21.239999771118164,0.14330059331074185,33.06902973871371,76.19047619047619,0.0
2022-04-07,25.855039596557617,26.352528314984433,24.6735061712641,25.462789367545433,229654000,21.549999237060547,21.969999313354492,23.81999969482422,21.1200008392334,0.04815174109114628,30.503725957421825,71.82539682539682,0.0
2022-04-08,24.797874450683594,25.634994052554003,24.635233997900592,25.458003561952946,204182400,21.15999984741211,21.25,22.34000015258789,20.280000686645508,0.07794196393566,28.68469899877544,70.23809523809523,0.0
2022-04-11,23.037534713745117,24.04686221501191,22.93708078488877,23.836387055773447,185914600,24.3700008392334,23.09000015258789,24.420000076293945,22.09000015258789,0.3123317845840212,43.656718177236634,84.52380952380952,0.0
2022-04-12,22.740957260131836,24.38649491764901,22.430026325458574,23.994244651468893,247928200,24.260000228881836,24.940000534057617,25.3799991607666,22.270000457763672,0.15359008258556295,43.14365564173517,82.93650793650794,0.0
2022-04-13,24.104263305664062,24.319523020072207,22.640500897240912,22.798356804622806,190084600,21.81999969482422,23.520000457763672,24.450000762939453,21.3700008392334,-0.012669714109158181,31.763056419353358,73.01587301587301,0.0
2022-04-14,22.48263931274414,24.228632244601613,22.4013200038883,24.11860921237484,167843600,22.700000762939453,21.719999313354492,22.700000762939453,20.850000381469727,0.0533643418372467,35.86753891093421,76.5873015873016,0.0
2022-04-18,22.544828414916992,22.965778693599,21.91818391004063,22.229114793517482,175525400,22.170000076293945,24.520000457763672,24.600000381469727,21.979999542236328,0.047731580159031006,33.395520844499934,75.0,0.0
2022-04-19,23.994237899780273,24.11860914378723,22.152575627394548,22.353483442661734,172372600,21.3700008392334,22.549999237060547,22.920000076293945,20.360000610351562,-0.12310217056580008,29.66418121234955,69.04761904761905,0.0
2022-04-20,22.913166046142578,24.27169199592067,22.69312173560758,24.19037083610251,215629400,20.31999969482422,21.1299991607666,21.31999969482422,19.75,-0.1624072752219926,24.76678793690982,62.698412698412696,0.0
2022-04-21,21.568984985351562,24.286036235840353,21.32980795150414,23.745495628407912,268626400,22.68000030517578,20.239999771118164,23.280000686645508,19.809999465942383,0.039413410741502286,35.774253196076586,76.19047619047619,0.0
2022-04-22,19.856477737426758,21.79859602560927,19.746456514234733,21.549851676523623,248824800,28.209999084472656,22.709999084472656,28.270000457763672,22.6200008392334,0.24273119543365618,61.56715730777391,90.47619047619048,0.0
2022-04-25,20.593141555786133,20.645760793424643,19.28245247631728,19.521629502109864,332878800,27.020000457763672,30.040000915527344,31.600000381469727,26.799999237060547,0.21876411207845514,56.01679071697714,86.5079365079365,0.0
2022-04-26,18.277910232543945,20.229595890839,18.22529098811303,20.196111248887718,332263200,33.52000045776367,27.3799991607666,33.810001373291016,27.059999465942383,0.5685540075517437,86.33395414089915,99.20634920634922,0.0
2022-04-27,18.19658660888672,19.239398475495758,17.876088479810658,18.258771315085607,316698600,31.600000381469727,31.110000610351562,32.77000045776367,29.81999969482422,0.5551181523648683,77.3787301275228,96.82539682539682,0.0
2022-04-28,20.119571685791016,20.44006801839466,18.31139216417465,19.052842389919043,344698400,29.989999771118164,29.90999984741211,32.0,28.0,0.32231037775930615,69.8693991095778,92.06349206349206,0.0
2022-04-29,17.474275588989258,19.980852004978328,17.31641967674331,19.32072280204466,320116800,33.400001525878906,28.969999313354492,34.34000015258789,28.540000915527344,0.18397740552437414,85.7742576441843,98.80952380952381,0.0
2022-05-02,18.297040939331055,18.311390975747393,16.80457693443263,17.340332916359497,311905600,32.34000015258789,33.349998474121094,36.63999938964844,31.739999771118164,0.19689117707974058,80.83022151131576,97.61904761904762,0.0
2022-05-03,18.34009552001953,18.737128457965266,17.842606838335428,18.268341678031554,285565600,29.25,31.760000228881836,32.81999969482422,29.059999465942383,-0.12738664676165556,66.41790772578483,90.07936507936508,0.0
2022-05-04,20.1578369140625,20.30612730837776,17.47427072922205,18.411845939587675,438806800,25.420000076293945,29.1200008392334,29.420000076293945,24.940000534057617,-0.19556962754974327,48.55410255646094,81.74603174603175,0.0
2022-05-05,17.153776168823242,19.37812136027661,16.512781682140318,19.373338622777293,455552600,31.200000762939453,25.969999313354492,33.20000076293945,25.780000686645508,0.04034681564041165,75.51306031144762,95.63492063492063,0.0
2022-05-06,16.555835723876953,17.47427472169933,15.833520009653654,16.785445473332548,466794400,30.190000534057617,32.22999954223633,35.34000015258789,29.829999923706055,-0.09610780973570088,70.8022384657231,91.26984126984127,0.0
2022-05-09,14.59936809539795,15.986593961267237,14.355407382471777,15.575210947102638,420419800,34.75,31.899999618530273,35.47999954223633,31.899999618530273,0.07452071230801338,92.07089216141115,99.20634920634922,0.0
2022-05-10,15.101637840270996,15.823953507671103,14.484561564561766,15.651745750548535,463579600,32.9900016784668,33.65999984741211,34.84000015258789,32.2400016784668,0.12786330524672818,83.8619449706803,97.61904761904762,0.0
2022-05-11,13.757462501525879,15.594341202651611,13.618739389946448,14.757222532770118,529531800,32.560001373291016,32.869998931884766,34.38999938964844,30.690000534057617,0.2808812460884158,81.85634658231868,97.22222222222221,0.0
2022-05-12,13.647442817687988,14.29800377403771,12.767271199650326,13.121253124584683,590993000,31.770000457763672,33.7400016784668,34.7599983215332,31.700000762939453,0.01826922054121516,78.17164091138167,95.03968253968253,0.0
2022-05-13,15.130339622497559,15.307331039087744,14.054042908811702,14.278869917376642,395948000,28.8700008392334,31.09000015258789,31.200000762939453,28.780000686645508,-0.043723076232977,64.64552362456726,87.3015873015873,0.0
2022-05-16,14.661552429199219,15.202093052736657,14.43672633914379,14.891162169560678,318388000,27.469999313354492,30.010000228881836,30.229999542236328,27.360000610351562,-0.20949642263728085,58.115665923980956,82.93650793650794,0.0
2022-05-17,15.76655101776123,15.823954824764016,14.943782277537167,15.51302392354866,307981400,26.100000381469727,27.06999969482422,27.170000076293945,25.510000228881836,-0.20885119570922317,51.725745691896485,80.55555555555556,0.0
2022-05-18,13.465668678283691,15.159042749164085,13.245626214775267,15.04902060502177,328105200,30.959999084472656,26.739999771118164,31.489999771118164,26.209999084472656,-0.049140117362858615,74.39364952558707,92.46031746031747,0.0
2022-05-19,13.193005561828613,13.88183569625254,12.934694831662146,13.173871872966064,392015600,29.350000381469727,31.239999771118164,33.11000061035156,29.059999465942383,-0.07617249107412483,66.8843274038575,87.3015873015873,0.0
2022-05-20,13.07819938659668,13.795730438915937,11.925366235528108,13.704842916820215,458111200,29.43000030517578,28.780000686645508,32.90999984741211,28.059999465942383,0.01939727917088807,67.25746136707252,87.3015873015873,0.0
2022-05-23,13.723978042602539,13.790947318090426,12.896424837101895,13.226489389298385,341040600,28.479999542236328,28.979999542236328,30.389999389648438,28.290000915527344,0.03676739185030953,62.82648776970545,84.52380952380952,0.0
2022-05-24,12.867725372314453,13.087768737284286,12.164545159304105,12.987313899775346,366488600,29.450000762939453,29.43000030517578,31.06999969482422,29.040000915527344,0.12835250316119273,67.35074708193014,87.3015873015873,0.0
2022-05-25,13.384346961975098,13.680926893525458,12.623763900502725,12.64768215197582,361283800,28.3700008392334,29.329999923706055,30.229999542236328,28.15999984741211,-0.08365627654486008,62.31343413041941,83.73015873015873,0.0
2022-05-26,14.503695487976074,14.723738838130918,13.240841014978177,13.279109304693629,337131600,27.5,28.420000076293945,28.459999084472656,27.110000610351562,-0.06303238015075918,58.25559449626737,80.55555555555556,0.0
2022-05-27,15.924408912658691,15.948326253432983,14.95813338221307,14.972483421722417,315035800,25.719999313354492,27.5,27.540000915527344,25.56999969482422,-0.12606187405199654,49.95335269446349,77.38095238095238,0.0
2022-05-31,15.809603691101074,16.26404048126822,15.178176383104521,15.929192224051576,369158600,26.190000534057617,27.469999313354492,28.350000381469727,25.940000534057617,-0.08040726983799995,52.14552251254033,77.77777777777779,0.0
2022-06-01,15.441267013549805,16.46972887526239,15.092068801724908,16.12531340068408,398894200,25.690000534057617,26.049999237060547,27.729999542236328,25.3799991607666,-0.1276740282334221,49.81343301839248,75.79365079365078,0.0
2022-06-02,16.694562911987305,16.73283030048363,15.04424049751439,15.269066651162811,336861400,24.719999313354492,25.729999542236328,26.5,24.329999923706055,-0.12865708205518456,45.28917370616779,73.80952380952381,0.0
2022-06-03,15.374298095703125,16.08704639697486,15.192523967368064,15.852652121455062,324723800,24.790000915527344,24.90999984741211,25.959999084472656,24.760000228881836,-0.09854542125355115,45.61567370816944,73.80952380952381,0.0
2022-06-06,15.565642356872559,16.326225424672845,15.307330713142042,16.08226381955757,300958600,25.06999969482422,25.3700008392334,25.809999465942383,24.81999969482422,-0.025272147584886495,46.92163813131437,74.20634920634922,0.0
2022-06-07,15.94354248046875,16.072696477223182,14.852893929136995,15.029885341499606,274886600,24.020000457763672,25.540000915527344,26.239999771118164,23.8799991607666,-0.08285605315173883,42.024253752090054,70.63492063492063,0.0
2022-06-08,15.618260383605957,16.235335718162734,15.465187234360382,15.823952770050175,225706000,23.959999084472656,24.3700008392334,24.780000686645508,23.739999771118164,-0.0673414329941906,41.74439660751722,70.23809523809523,0.0
2022-06-09,14.345836639404297,15.814384215383123,14.317135654294924,15.340812942945226,275959400,26.09000015258789,24.290000915527344,26.239999771118164,23.81999969482422,0.055420747463098996,51.67910283446767,76.98412698412699,0.0
2022-06-10,12.815103530883789,13.690491275652773,12.757700651973186,13.518283551308773,343352200,27.75,26.260000228881836,29.6299991607666,26.049999237060547,0.11940294373360216,59.421639243341296,81.54761904761905,0.0
2022-06-13,11.040412902832031,11.949285535983638,10.916040723838307,11.609654553352673,426731400,34.02000045776367,31.3700008392334,35.04999923706055,31.290000915527344,0.357000433661242,88.666043635047,98.80952380952381,0.0
2022-06-14,11.112164497375488,11.418311713514456,10.772533555700203,11.308289587264476,393201000,32.689998626708984,33.0099983215332,34.0,32.060001373291016,0.36094912588326045,82.46267704024692,96.82539682539682,0.0
2022-06-15,11.911016464233398,12.398937847047694,11.164784351474363,11.509198962196686,549823000,29.6200008392334,32.38999938964844,32.77000045776367,27.760000228881836,0.23622712733861162,68.14365786578902,86.5079365079365,0.0
2022-06-16,10.456820487976074,11.059546738678327,10.19850884665168,10.997360197298157,424284400,32.95000076293945,30.350000381469727,34.81999969482422,30.350000381469727,0.2629360126573672,83.67537354096507,96.82539682539682,0.0
2022-06-17,10.844287872314453,11.136084175740901,10.356366453847036,10.557275219546087,441181000,31.1299991607666,32.84000015258789,33.310001373291016,30.469999313354492,0.12180177155915684,75.18656030944597,92.06349206349206,0.0
2022-06-21,11.662271499633789,11.949284116100335,11.3752597955552,11.394393483379394,318408200,30.190000534057617,30.6299991607666,30.649999618530273,29.329999923706055,-0.11258083104558025,70.8022384657231,87.5,0.0
2022-06-22,11.619219779968262,12.174110379548065,11.265236996288962,11.341773567790458,388973600,28.950000762939453,31.450000762939453,31.56999969482422,28.780000686645508,-0.11440801532227074,65.01865758778229,83.33333333333334,0.0
2022-06-23,12.116708755493164,12.231513624691061,11.561818098175998,11.930150957095082,365372800,29.049999237060547,29.290000915527344,29.770000457763672,28.739999771118164,-0.019243807765793597,65.48506836963954,83.33333333333334,0.0
2022-06-24,13.384346961975098,13.41304886374281,12.461123440037689,12.489825341805403,303635000,27.229999542236328,29.06999969482422,29.719999313354492,26.829999923706055,-0.17359639114596626,56.99626403433583,75.79365079365078,0.0
2022-06-27,13.068634986877441,13.633093019271481,12.915561807730878,13.561340080595045,338262000,26.950000762939453,28.299999237060547,28.65999984741211,26.93000030517578,-0.13427557052732708,55.69029961119091,74.20634920634922,0.0
2022-06-28,11.877532005310059,13.494368426304069,11.844047365028493,13.135602859193549,373741600,28.360000610351562,26.899999618530273,28.68000030517578,26.469999313354492,-0.06061609444629246,62.266791272990595,80.15873015873017,0.0
2022-06-29,11.901451110839844,12.0975771560263,11.528335449608026,11.853616424704182,380182200,28.15999984741211,28.799999237060547,29.360000610351562,27.850000381469727,-0.027288459229979356,61.333951916845294,78.96825396825396,0.0
2022-06-30,11.480497360229492,11.906232178707189,10.882554789384205,11.509198348161437,512407800,28.709999084472656,29.420000076293945,30.219999313354492,28.280000686645508,-0.011703964251886578,63.89924680192176,81.34920634920636,0.0
2022-07-01,11.667057037353516,11.71967628406248,11.049980678879388,11.28915774590107,417200800,26.700000762939453,29.530000686645508,29.59000015258789,26.690000534057617,-0.01946378215962863,54.52425486411698,72.61904761904762,0.0
2022-07-05,12.269782066345215,12.28413301731814,11.002143926819679,11.198269028176295,441108000,27.540000915527344,27.3700008392334,29.81999969482422,27.299999237060547,0.021892398363091425,58.4421659259826,75.79365079365078,0.0
2022-07-06,12.504175186157227,12.781620512221401,12.092791303475305,12.327184689944351,412245800,26.729999542236328,27.84000015258789,28.06999969482422,26.43000030517578,-0.05747535377415591,54.66417454018798,72.22222222222221,0.0
2022-07-07,13.279109954833984,13.393914829601144,12.61419804632867,12.618980784437767,275732600,26.079999923706055,26.729999542236328,26.790000915527344,25.65999984741211,-0.07386363405457208,51.63245997703887,69.84126984126983,0.0
2022-07-08,13.34129524230957,13.542203996065577,12.776837271643263,12.910776744943274,319458400,24.639999389648438,26.40999984741211,26.610000610351562,24.43000030517578,-0.14176244599831467,44.91603974295275,65.07936507936508,0.0
2022-07-11,12.489825248718262,13.044715905326408,12.370236729408091,13.01123126590164,258448200,26.170000076293945,26.420000076293945,26.739999771118164,25.790000915527344,-0.019850212415767676,52.05223679768272,70.63492063492063,0.0
2022-07-12,12.126277923583984,12.905994789115585,11.915801841445216,12.647684021735031,319233000,27.290000915527344,27.139999389648438,27.75,25.81999969482422,-0.009077704854361435,57.27612117890868,74.20634920634922,0.0
2022-07-13,12.049739837646484,12.355886164681674,11.33220869936674,11.403961630717111,361151000,26.81999969482422,27.350000381469727,29.059999465942383,26.229999542236328,0.0033670091331532426,55.083951360831826,71.82539682539682,0.0
2022-07-14,12.174111366271973,12.284132582674216,11.298723460433122,11.705323687344716,351647000,26.399999618530273,27.469999313354492,28.450000762939453,26.200000762939453,0.01226992698467555,53.12499582989902,70.23809523809523,0.0
2022-07-15,12.815103530883789,12.843804514145186,12.346315938212657,12.566359242917525,308760400,24.229999542236328,26.719999313354492,26.719999313354492,24.1299991607666,-0.01663960460909575,43.00372706944875,61.111111111111114,0.0
2022-07-18,12.518527030944824,13.393915011256418,12.351102910826508,13.207357201278095,319900400,25.299999237060547,24.829999923706055,25.90999984741211,24.3799991607666,-0.033244204688462675,47.99439716353068,65.07936507936508,0.0
2022-07-19,13.6139554977417,13.690492983298462,12.767269543012894,12.987311962776335,298643400,24.5,25.1200008392334,25.40999984741211,24.229999542236328,-0.10223528112598568,44.26305753138029,62.698412698412696,0.0
2022-07-20,14.298003196716309,14.47021095793189,13.604390326330888,13.709627895747074,377126200,23.8799991607666,24.229999542236328,24.729999542236328,23.399999618530273,-0.1096197079608836,41.37126264430218,58.730158730158735,0.0
2022-07-21,14.905512809753418,14.915080110166036,13.977505654653067,14.355405809459636,319381800,23.110000610351562,24.06999969482422,24.670000076293945,22.920000076293945,-0.12462117635295145,37.779851584438205,55.55555555555556,0.0
2022-07-22,14.1257963180542,15.082504478541468,13.848350988008411,14.771573596472704,298800800,23.030000686645508,23.299999237060547,23.809999465942383,22.40999984741211,-0.04952533546272053,37.406717621223166,55.158730158730165,0.0
2022-07-25,13.91532039642334,14.192765729044035,13.590039472856729,14.12579644915256,220897600,23.360000610351562,24.329999923706055,24.56999969482422,23.190000534057617,-0.07667978992928937,38.94589633151213,56.74603174603175,0.0
2022-07-26,13.073416709899902,13.666575647816577,12.939477241704015,13.628307358673178,231755600,24.690000534057617,23.950000762939453,25.309999465942383,23.81999969482422,0.007755123839086497,45.149254030096785,63.095238095238095,0.0
2022-07-27,14.704604148864746,14.948564836482701,13.599606491620582,13.680926720826566,341919000,23.239999771118164,24.270000457763672,24.40999984741211,23.020000457763672,-0.026800645399515655,38.38619093858186,55.55555555555556,0.0
2022-07-28,15.125554084777832,15.221224338631183,14.121010488796557,14.675901063264716,324071800,22.329999923706055,23.329999923706055,23.540000915527344,22.219999313354492,-0.033751651494813295,34.14178877093001,50.0,0.0
2022-07-29,15.957894325256348,16.09661746313234,15.14947557709392,15.369518954872499,292146400,21.329999923706055,22.1299991607666,22.15999984741211,21.209999084472656,-0.07381679167405497,29.477609782634325,43.65079365079365,0.0
2022-08-01,15.933977127075195,16.464948691887678,15.51780770969276,15.680448190965194,285283000,22.84000015258789,22.40999984741211,23.270000457763672,22.260000228881836,-0.022260292987032027,36.520521122506665,51.587301587301596,0.0
2022-08-02,15.785682678222656,16.43145987605782,15.407782564040232,15.56564026671483,325375000,23.93000030517578,24.079999923706055,24.68000030517578,22.670000076293945,-0.030781701597514477,41.60447693144621,58.730158730158735,0.0
2022-08-03,17.048542022705078,17.196832469679194,15.933977775371606,16.048781752248853,294213800,21.950000762939453,23.860000610351562,23.920000076293945,21.68000030517578,-0.05550770313611941,32.36940466971243,47.22222222222222,0.0
2022-08-04,17.292499542236328,17.349901516983152,16.723257058012745,17.07245529361773,253567200,21.440000534057617,22.059999465942383,22.65999984741211,21.440000534057617,-0.039856667832031345,29.99067231813578,43.05555555555556,0.0
2022-08-05,16.88111686706543,17.21118054384091,16.33579347727285,16.469732043249667,283898600,21.149999618530273,21.5,22.579999923706055,20.760000228881836,-0.008438832902935456,28.63805614134663,40.87301587301587,0.0
2022-08-08,16.70890998840332,17.61778356974811,16.47451566065821,17.02940638117442,267787800,21.290000915527344,21.739999771118164,22.010000228881836,20.829999923706055,-0.06786336369113044,29.29104724913451,41.269841269841265,0.0
2022-08-09,16.1348819732666,16.4410282749293,15.876570346947739,16.397976337209492,218406000,21.770000457763672,21.40999984741211,22.229999542236328,21.40999984741211,-0.09026326033706433,31.529851028424744,45.63492063492063,0.0
2022-08-10,17.459924697875977,17.526893980095437,16.890683974234477,17.287716929439604,271554400,19.739999771118164,22.280000686645508,22.34000015258789,19.540000915527344,-0.10068341298432537,22.061564479546934,32.93650793650794,0.0
2022-08-11,17.196826934814453,18.187019584370887,17.062886571865135,17.85695597611065,273361000,20.200000762939453,19.84000015258789,20.850000381469727,19.709999084472656,-0.05783580877940808,24.20709144019497,34.523809523809526,0.0
2022-08-12,18.167884826660156,18.20136946090965,17.335549882778842,17.507755791158086,211187000,19.530000686645508,20.34000015258789,20.350000381469727,19.1200008392334,-0.07659569556045887,21.082091162188238,30.158730158730158,0.0
2022-08-15,18.603187561035156,18.69407599276591,18.005245035546622,18.010029597624964,196308400,19.950000762939453,20.739999771118164,21.15999984741211,19.809999465942383,-0.06294035204153492,23.041046693121046,33.33333333333333,0.0
2022-08-16,18.48360252380371,18.837585368208003,17.952629169585332,18.44533514387618,220755800,19.690000534057617,20.229999542236328,20.389999389648438,19.5,-0.09554432154199977,21.828359088618317,31.349206349206348,0.0
2022-08-17,17.842609405517578,18.335315420188145,17.48384379351075,17.943063338933186,262838400,19.899999618530273,19.739999771118164,20.6299991607666,19.40999984741211,0.008105362171594743,22.80783240597701,32.73809523809524,0.0
2022-08-18,17.96219253540039,18.158317604597,17.550807798847575,17.823469435906865,192140800,19.559999465942383,20.510000228881836,20.610000610351562,19.43000030517578,-0.031683231327954586,21.22201083825924,29.761904761904763,0.0
2022-08-19,16.90981674194336,17.555595873216436,16.775878177579795,17.45035738705873,224256600,20.600000381469727,20.15999984741211,21.270000457763672,20.079999923706055,0.054787488848163646,26.072761256270166,37.301587301587304,0.0
2022-08-22,15.579994201660156,16.249690727907744,15.431703761266071,16.21142152079589,224975400,23.799999237060547,22.40999984741211,24.6200008392334,22.389999389648438,0.192982372275049,40.99812868108714,56.74603174603175,0.0
2022-08-23,15.527375221252441,15.953110121422771,15.403003945552898,15.513025180726872,219509800,24.110000610351562,24.1299991607666,24.209999084472656,23.06999969482422,0.2244794289694767,42.4440305727339,59.523809523809526,0.0
2022-08-24,15.646960258483887,15.929189215941253,15.355164001224049,15.450835174472893,187005600,22.81999969482422,24.3700008392334,24.860000610351562,22.729999542236328,0.14673367498836187,36.42723540764906,50.0,0.0
2022-08-25,16.469728469848633,16.47451120697749,15.75698020245237,15.919620636469093,222052600,21.780000686645508,22.40999984741211,23.1299991607666,21.770000457763672,0.11349699802234459,31.57649388585355,44.44444444444444,0.0
2022-08-26,14.465428352355957,16.618022785851544,14.446294662165686,16.431463147876936,366276600,25.559999465942383,22.06999969482422,25.899999618530273,21.670000076293945,0.24077665012736182,49.207084768033404,65.47619047619048,0.0
2022-08-29,14.02055835723877,14.408025833547203,13.853134240457253,14.039692959105473,248441000,26.209999084472656,26.860000610351562,27.670000076293945,25.469999313354492,0.10126050103645978,52.23879933118253,69.84126984126983,0.0
2022-08-30,13.55177116394043,14.326705181512093,13.183438300267849,14.250168601059091,327014800,26.209999084472656,25.75,27.690000534057617,25.1299991607666,0.08710072256155255,52.23879933118253,69.64285714285714,0.0
2022-08-31,13.303027153015137,14.063610238573213,13.283893463618748,13.94880536503079,341030600,25.8700008392334,25.860000610351562,26.6200008392334,25.309999465942383,0.133654740806195,50.652986659680174,67.06349206349206,0.0
2022-09-01,13.317377090454102,13.360429028803317,12.44677284808191,12.95382789572071,397320400,25.559999465942383,26.8799991607666,27.450000762939453,25.25,0.17355365748976292,49.207084768033404,64.0873015873016,0.0
2022-09-02,12.76248550415039,13.891401292564188,12.518524842464974,13.700058953086133,454463000,25.469999313354492,25.510000228881836,26.280000686645508,23.190000534057617,-0.003521132803927185,48.787307947389564,63.49206349206349,0.0
2022-09-06,12.470688819885254,12.92512549161347,12.178892583572114,12.800753340273245,361083400,26.90999984741211,25.459999084472656,27.799999237060547,25.329999923706055,0.02670739364329644,55.50372818147567,71.82539682539682,0.0
2022-09-07,13.207356452941895,13.346078661828042,12.4898253322803,12.523309971929095,331569600,24.639999389648438,26.93000030517578,27.149999618530273,24.540000915527344,-0.05990079166978368,44.91603974295275,59.72222222222222,0.0
2022-09-08,13.422616004943848,13.594823775658861,12.743353135597799,12.92991185800175,410799800,23.610000610351562,24.700000762939453,25.899999618530273,23.559999465942383,-0.08735988231799396,40.11194107858606,52.77777777777778,0.0
2022-09-09,14.274086952209473,14.360190839420094,13.709628947062578,13.71919624839444,298735800,22.790000915527344,23.489999771118164,23.56999969482422,22.639999389648438,-0.10837240251534219,36.287315731578055,45.83333333333333,0.0
2022-09-12,14.795492172241211,14.843327763791752,14.441510254588048,14.494128584144422,273141200,23.8700008392334,23.579999923706055,24.229999542236328,23.15999984741211,-0.06281894453299719,41.32462868308878,53.769841269841265,0.0
2022-09-13,12.360669136047363,13.685710117584952,12.226729669133523,13.508718711748374,391296600,27.270000457763672,23.670000076293945,28.149999618530273,23.530000686645508,0.01337794917847912,57.18283546405106,73.80952380952381,0.0
2022-09-14,12.638113975524902,12.757702487438504,12.264997489894808,12.499390863758915,309291800,26.15999984741211,26.729999542236328,27.559999465942383,26.15999984741211,0.06168833179444966,52.0055939402539,67.46031746031747,0.0
2022-09-15,12.001903533935547,12.700300029149107,11.791427490391364,12.379802769902179,393730600,26.270000457763672,26.100000381469727,26.93000030517578,25.420000076293945,0.11266411599523041,52.518656475755364,69.04761904761905,0.0
2022-09-16,11.767509460449219,11.829695083638223,11.322640061275541,11.580950766106373,392143600,26.299999237060547,27.469999313354492,28.450000762939453,26.139999389648438,0.1540148389876439,52.658576151826374,69.04761904761905,0.0
2022-09-19,12.049739837646484,12.068873526892173,11.442229921596509,11.451797222413365,302692600,25.760000228881836,27.690000534057617,27.950000762939453,25.559999465942383,0.07917885727687035,50.13992412417871,64.68253968253968,0.0
2022-09-20,11.762726783752441,12.049739411388918,11.470930505876757,11.734025794705191,322118600,27.15999984741211,25.649999618530273,27.809999465942383,25.610000610351562,-0.00403375902108738,56.6697729285496,72.22222222222221,0.0
2022-09-21,11.116950035095215,12.398939268318241,11.11216638423834,11.867965884250527,591115200,27.989999771118164,28.030000686645508,30.18000030517578,25.549999237060547,0.06995412593196515,60.54104113298641,77.77777777777779,0.0
2022-09-22,10.705565452575684,11.054764674741303,10.557275921862582,10.930392486521622,431084000,27.350000381469727,28.15999984741211,28.3799991607666,26.709999084472656,0.04111153044867488,57.5559694272661,73.80952380952381,0.0
2022-09-23,10.193724632263184,10.456819909318314,9.78234076636839,10.42811800916746,561304000,29.920000076293945,27.68000030517578,32.310001373291016,27.579999923706055,0.13764262145423523,69.54290800379157,86.11111111111111,0.0
2022-09-26,10.055002212524414,10.624242867323755,9.964114688798194,10.121971486644822,490607800,32.2599983215332,31.739999771118164,32.880001068115234,29.829999923706055,0.25232911626156107,80.45707865188531,94.84126984126983,0.0
2022-09-27,10.06457233428955,10.691216051454395,9.80626064044848,10.437688008875735,543921200,32.599998474121094,31.200000762939453,34.13999938964844,30.299999237060547,0.20029450137229388,82.04290021960307,96.03174603174604,0.0
2022-09-28,10.652945518493652,10.806018677219546,9.89236246273487,10.059786572236813,512039000,30.18000030517578,34.5,34.880001068115234,30.030000686645508,0.07824224908774013,70.7555956082943,86.11111111111111,0.0
2022-09-29,9.753640174865723,10.231994292905442,9.385308197390072,10.193725999957788,540195600,31.84000015258789,31.670000076293945,33.459999084472656,31.15999984741211,0.16416817946957862,78.49813201716792,93.25396825396825,0.0
2022-09-30,9.241801261901855,10.088488255820879,9.22266757193809,9.643618787409594,513197600,31.6200008392334,31.610000610351562,33.25,29.389999389648438,0.056818207172612656,77.47201584238042,92.06349206349206,0.0
2022-10-03,9.882795333862305,10.050219446272079,9.26093538764087,9.423575849708879,447222600,30.100000381469727,33.0,33.060001373291016,29.6299991607666,-0.06695592227051361,70.38246164507926,84.52380952380952,0.0
2022-10-04,10.801237106323242,10.892124653959138,10.471172474036797,10.475956125216388,463323600,29.06999969482422,29.520000457763672,29.6200008392334,28.559999465942383,-0.10828217621234248,65.57835408449715,80.55555555555556,0.0
2022-10-05,10.801237106323242,11.00214589392523,10.050221206502627,10.365934885250297,458399000,28.549999237060547,29.360000610351562,30.110000610351562,28.5,-0.05400931251268726,63.152978875491684,77.38095238095238,0.0
2022-10-06,10.528573989868164,11.030845436562224,10.485522047307182,10.667296206262845,475087200,30.520000457763672,28.600000381469727,30.739999771118164,28.559999465942383,-0.041457276648817265,72.34141717601207,87.6984126984127,0.0
2022-10-07,9.32790470123291,10.002383891254095,9.165264238579347,9.988032940177128,501945200,31.360000610351562,30.3700008392334,32.02000045776367,29.8799991607666,-0.008222650916543728,76.25932823787768,91.26984126984127,0.0
2022-10-10,9.036108016967773,9.380523528499623,8.753879044968274,9.337471589558142,412999600,32.45000076293945,32.93000030517578,33.9900016784668,32.04999923706055,0.07807310138495693,81.34328404681722,95.03968253968253,0.0
2022-10-11,8.677342414855957,9.15569647807647,8.486000972045344,8.859117469817015,529747000,33.630001068115234,33.560001373291016,34.43000030517578,32.45000076293945,0.15686279398561198,86.84701667640061,98.4126984126984,0.0
2022-10-12,8.658207893371582,8.916518588205175,8.576887673956067,8.720393514153855,401483800,33.56999969482422,33.540000915527344,34.529998779296875,33.11000061035156,0.17583189463792515,86.56715953182777,98.01587301587301,0.0
2022-10-13,9.237017631530762,9.385308062917789,7.806738948571536,7.902410135763938,829507200,31.940000534057617,33.599998474121094,33.869998931884766,31.6299991607666,0.04652686942973894,78.96455169524057,92.06349206349206,0.0
2022-10-14,8.404682159423828,9.557515572831656,8.352062911648892,9.495329935597013,670132600,32.02000045776367,31.889999389648438,32.97999954223633,31.139999389648438,0.021045913092050395,79.3376856584556,92.85714285714286,0.0
2022-10-17,9.232232093811035,9.3279032614477,8.993055087107248,8.997838736727868,460050800,31.3700008392334,32.27000045776367,32.59000015258789,30.700000762939453,-0.03328196913139991,76.30597109530649,89.28571428571429,0.0
2022-10-18,9.461845397949219,10.04543713140947,9.170049075025027,9.983251493475333,692553800,30.5,31.100000381469727,31.93000030517578,30.420000076293945,-0.09307169101111934,72.24813146115446,84.52380952380952,0.0
2022-10-19,9.347040176391602,9.681887521328841,9.093512157994526,9.28485362829982,519702200,30.760000228881836,30.940000534057617,31.899999618530273,30.760000228881836,-0.08370567445598232,73.46081906565718,86.11111111111111,0.0
2022-10-20,9.18918228149414,9.791908587050202,9.069593750527972,9.246585177808658,529703000,29.979999542236328,31.299999237060547,31.31999969482422,29.760000228881836,-0.061365089513111926,69.82275625214899,79.76190476190477,0.0
2022-10-21,9.83974552154541,9.89714842567504,8.959573740812464,9.079162288060004,627458000,29.690000534057617,30.209999084472656,30.440000534057617,29.239999771118164,-0.07276701718913048,68.33723602764414,78.17460317460318,0.0
2022-10-24,10.174592018127441,10.270262291561131,9.471410900830175,9.868444770930708,549244000,29.850000381469727,30.649999618530273,30.950000762939453,29.780000686645508,-0.04845395017849852,69.08664981946298,78.57142857142857,0.0
2022-10-25,10.786884307861328,10.829936248726138,10.270261929871623,10.275045580233048,476799600,28.459999084472656,29.799999237060547,30.0,28.219999313354492,-0.06688527591892934,62.576105219175794,71.42857142857143,0.0
2022-10-26,10.074135780334473,10.762965850216977,10.011950156872793,10.131538666319647,558931800,27.280000686645508,28.440000534057617,28.520000457763672,27.270000457763672,-0.1131339244584535,57.04918073794111,63.888888888888886,0.0
2022-10-27,9.519247055053711,10.102839680679995,9.457061419274371,9.944982853437564,513258800,27.389999389648438,27.510000228881836,27.670000076293945,26.940000534057617,-0.08639093369361317,57.564397136243386,65.07936507936508,0.0
2022-10-28,10.38028335571289,10.43290168132518,9.428357983612974,9.447492583754135,510777200,25.75,27.43000030517578,27.59000015258789,25.75,-0.13270462994899623,49.88290130324172,53.17460317460318,0.0
2022-10-31,10.02151870727539,10.222427464714801,9.801475347990307,10.131539930723916,419122200,25.8799991607666,26.90999984741211,27.06999969482422,25.84000015258789,-0.132998364153041,50.49179665895062,53.96825396825397,0.0
2022-11-01,9.710588455200195,10.461605204248757,9.667536510592695,10.399418656532104,430464800,25.809999465942383,25.959999084472656,26.350000381469727,25.65999984741211,-0.09311313084251194,50.16392924174451,53.17460317460318,0.0
2022-11-02,8.70604419708252,10.035867890808843,8.696476896975204,9.70102059854441,662952600,25.860000610351562,26.040000915527344,26.6200008392334,25.389999389648438,-0.05205278741026875,50.39812663526108,53.17460317460318,0.0
2022-11-03,8.203773498535156,8.586457366365135,8.151155162404487,8.442950573783342,424463600,25.299999237060547,25.979999542236328,26.8700008392334,25.100000381469727,-0.07630522815483409,46.930029041900525,47.817460317460316,0.0
2022-11-04,8.586456298828125,8.777797752759945,8.060266616224604,8.672559268806427,764740400,24.549999237060547,25.6299991607666,25.709999084472656,24.0,-0.04660197137628941,40.97221420660635,44.44444444444444,0.0
2022-11-07,8.85911750793457,8.916519484830749,8.471650058139486,8.686909752470088,401886800,24.350000381469727,25.670000076293945,25.670000076293945,24.34000015258789,-0.05911896556844998,39.980156383666966,43.05555555555556,0.0
2022-11-08,9.050458908081055,9.385307117122387,8.653425072303001,9.016974269654515,592112600,25.540000915527344,24.709999084472656,26.15999984741211,24.239999771118164,-0.010461005656792643,45.88293685521729,48.80952380952381,0.0
2022-11-09,8.41903018951416,8.945219747431508,8.385545557059132,8.863899534731665,431138200,26.09000015258789,25.34000015258789,26.350000381469727,25.020000457763672,0.00889402694539232,48.6111076946191,54.563492063492056,0.0
2022-11-10,10.260695457458496,10.303747397970529,9.423575811216969,9.638834601389128,656884800,23.530000686645508,26.510000228881836,26.59000015258789,22.84000015258789,-0.06996041912215822,35.912697549189446,35.51587301587302,0.0
2022-11-11,10.844287872314453,10.920824458067608,10.102839355685237,10.251128876533466,614268400,22.520000457763672,23.889999389648438,23.90999984741211,22.3700008392334,-0.08268834388525759,30.902775741022925,28.968253968253972,0.0
2022-11-14,10.557272911071777,10.983007690280196,10.437684407933423,10.605108494804693,428451800,23.729999542236328,23.989999771118164,24.329999923706055,22.860000610351562,-0.02546204638687466,36.653380134299,36.507936507936506,0.0
2022-11-15,10.983010292053223,11.456581679567089,10.609894657802172,11.313074894372917,636531400,24.540000915527344,23.770000457763672,26.219999313354492,23.18000030517578,-0.03915426641163655,40.68725153055704,43.25396825396825,0.0
2022-11-16,10.538142204284668,10.801236620614198,10.437687358806834,10.762968325286481,383358800,24.110000610351562,24.290000915527344,24.719999313354492,23.989999771118164,-0.07589112804355158,37.833753574597075,39.88095238095239,0.0
2022-11-17,10.456820487976074,10.624243686181144,10.002383746707455,10.021518347866893,426924400,23.93000030517578,24.049999237060547,25.18000030517578,23.809999465942383,0.01699955830249067,36.92695104705751,38.2936507936508,0.0
2022-11-18,10.447253227233887,10.801235138541267,10.1793751966963,10.791667837925068,389577000,23.1200008392334,24.030000686645508,24.1200008392334,22.979999542236328,0.026643000411790796,32.8463492819385,32.142857142857146,0.0
2022-11-21,10.131539344787598,10.428118357139253,10.03108451568347,10.294179801517723,288222600,22.360000610351562,24.049999237060547,24.1200008392334,22.299999237060547,-0.057732783746849425,29.017632837220912,26.58730158730159,0.0
2022-11-22,10.557272911071777,10.571623859908014,9.964114044992089,10.203291051268796,292477200,21.290000915527344,22.59000015258789,22.709999084472656,21.280000686645508,-0.1324368328749168,23.62720626663465,18.452380952380953,0.0
2022-11-23,10.872987747192383,10.939957937139445,10.52857314667541,10.547706834954585,357567000,20.350000381469727,21.489999771118164,21.780000686645508,20.31999969482422,-0.15595189272900678,18.89168729437749,14.682539682539684,0.0
2022-11-25,10.648161888122559,10.7629667573814,10.595542647566758,10.686430177875506,134753000,20.5,20.610000610351562,21.110000610351562,20.459999084472656,-0.1433347372099244,19.647352864390783,14.682539682539684,0.0
2022-11-28,10.179374694824219,10.652945103321729,10.074136218010576,10.428118111865645,262765200,22.209999084472656,22.09000015258789,22.5,21.649999618530273,-0.03935993606092425,28.261957658398572,26.190476190476193,0.0
2022-11-29,9.935416221618652,10.24634624625318,9.791909424749374,10.198510647296754,275805400,21.889999389648438,22.09000015258789,22.56999969482422,21.829999923706055,-0.021019732015818415,26.64986854668781,23.809523809523807,0.0
2022-11-30,11.27002239227295,11.313074334461648,9.878012027873158,9.973683213267607,545469800,20.579999923706055,21.700000762939453,22.6299991607666,20.309999465942383,-0.03334903528836708,20.050375142318472,15.873015873015872,0.0
2022-12-01,11.332208633422852,11.561818377363108,11.00692770664681,11.336992283803442,411007200,19.84000015258789,20.829999923706055,21.059999465942383,19.799999237060547,-0.02506143583890208,16.32241666928507,11.11111111111111,0.0
2022-12-02,11.19826889038086,11.30350645905667,10.710347511961379,10.739049413554051,363310000,19.059999465942383,20.420000076293945,20.959999084472656,18.950000762939453,-0.07024392849061545,12.392942252883293,6.349206349206349,0.0
2022-12-05,10.633810997009277,11.097815039304802,10.456820498053913,10.944740967045782,301980000,20.75,20.299999237060547,21.290000915527344,19.780000686645508,-0.0657361163735195,20.906798684015946,17.46031746031746,0.0
2022-12-06,9.959334373474121,10.62424642454755,9.80626117429649,10.609896382367294,339801000,22.170000076293945,20.690000534057617,22.600000381469727,20.3799991607666,0.01279126059628477,28.060451323839253,27.976190476190478,0.0
2022-12-07,9.83974552154541,10.05978892292275,9.653187679803475,9.834961870168923,347335800,22.68000030517578,22.31999969482422,23.010000228881836,22.18000030517578,0.10204083524075913,30.629721948931675,29.96031746031746,0.0
2022-12-08,10.18894100189209,10.284612177803583,9.753638885031904,9.983249524741899,377840200,22.290000915527344,22.809999465942383,23.280000686645508,22.059999465942383,0.12348794073067992,28.664989545135317,28.174603174603174,0.0
2022-12-09,9.992816925048828,10.37550075508627,9.935414943595442,10.069353508578708,354007800,22.829999923706055,22.549999237060547,23.209999084472656,22.18000030517578,0.197796461878194,31.385387518944967,31.746031746031743,0.0
2022-12-12,10.356364250183105,10.361147899823305,9.887577534098114,10.002382388299262,225655000,25.0,24.399999618530273,25.049999237060547,24.18000030517578,0.20481927710843384,42.31737761764377,48.41269841269841,0.0
2022-12-13,10.681646347045898,11.590518897605861,10.389850072369686,11.566601559060066,695385600,22.549999237060547,25.239999771118164,25.84000015258789,21.459999084472656,0.017140241743748508,29.974804741793527,28.57142857142857,0.0
2022-12-14,10.428118705749512,10.997360323334606,10.083704092424453,10.624243807941449,578911000,21.139999389648438,22.829999923706055,23.469999313354492,21.06999969482422,-0.06790127402140733,22.87153108781231,17.857142857142858,0.0
2022-12-15,9.394874572753906,10.059787416291753,9.256152353164735,9.978467179847042,428053200,22.829999923706055,21.520000457763672,23.670000076293945,21.25,0.024226064872098885,31.385387518944967,31.150793650793652,0.0
2022-12-16,9.11742877960205,9.476194350237048,8.950004664161447,9.31833753565317,351284200,22.6200008392334,23.260000228881836,23.829999923706055,22.09000015258789,-0.009198383056260973,30.32745764268817,28.174603174603174,0.0
2022-12-19,8.73952865600586,9.150912515924054,8.600805544455955,9.136562478445054,310533000,22.420000076293945,22.6299991607666,22.860000610351562,21.610000610351562,-0.10319999694824222,29.31989714346442,26.984126984126984,0.0
2022-12-20,8.701261520385742,8.87825203023014,8.452517164097772,8.610373983975126,345762400,21.479999542236328,23.170000076293945,23.389999389648438,21.350000381469727,-0.04745009893684127,24.58437817120726,20.634920634920633,0.0
2022-12-21,9.079161643981934,9.208317484820098,8.720396027690242,8.80649992158235,326374600,20.06999969482422,21.25,21.290000915527344,19.940000534057617,-0.05061493499134928,17.481104517226047,12.3015873015873,0.0
2022-12-22,8.433876991271973,8.775270641773847,7.97227323677317,8.765653686714362,460900400,21.969999313354492,20.079999923706055,24.299999237060547,20.010000228881836,-0.03766975966822328,27.0528908246155,23.809523809523807,0.0
2022-12-23,8.45792007446289,8.520428460021341,8.092483966634866,8.275201561987135,330134600,20.8700008392334,22.170000076293945,22.639999389648438,20.780000686645508,-0.0773651607017053,21.51133690531201,15.873015873015872,0.0
2022-12-27,8.097291946411133,8.405027211051967,8.039591125729261,8.395410254751084,263200600,21.649999618530273,21.670000076293945,22.799999237060547,21.59000015258789,-0.034344355715584585,25.440801712904737,20.634920634920633,0.0
2022-12-28,7.770322799682617,8.270393523811185,7.741472847790103,8.05401659180874,364869200,22.139999389648438,21.469999313354492,22.260000228881836,20.959999084472656,0.030726250534332866,27.909314366312977,24.6031746031746,0.0
2022-12-29,8.318477630615234,8.414645373157892,7.948233931210195,8.015550800715918,306109800,21.440000534057617,22.25,22.309999465942383,21.360000610351562,0.06826112905157156,24.38287183664794,18.650793650793652,0.0
2022-12-30,8.318477630615234,8.318477630615234,7.9338084946917276,8.058826193147757,301941200,21.670000076293945,21.829999923706055,22.399999618530273,21.59000015258789,-0.013654949769533742,25.541559684588922,20.436507936507937,0.0
2023-01-03,8.130949974060059,8.674296055573214,7.919381531525169,8.53004446956713,359851800,22.899999618530273,23.09000015258789,23.760000228881836,22.729999542236328,0.09726874449763767,31.738030811030566,32.53968253968254,0.0
2023-01-04,8.25596809387207,8.409835726881877,7.953041306024443,8.332901910376973,435272800,22.010000228881836,22.93000030517578,23.270000457763672,21.940000534057617,0.016628204004375036,26.100307791782352,23.015873015873016,0.0
2023-01-05,7.866489887237549,8.1020997955777,7.8280229821437155,8.082865884469104,362504000,22.459999084472656,22.200000762939453,22.920000076293945,21.969999313354492,0.014453464482651945,25.703655150555445,26.984126984126984,0.0
2023-01-06,8.481961250305176,8.606978934134593,7.741473021005948,8.005932906372074,466895200,21.1299991607666,22.690000534057617,22.899999618530273,21.0,-0.014459018916467614,18.64045850108733,13.492063492063492,0.0
2023-01-09,8.659870147705078,9.116664518906244,8.602169333037105,8.693528574126672,372042800,21.969999313354492,21.75,21.979999542236328,21.270000457763672,0.013843988740393831,23.10142587225748,22.023809523809522,0.0
2023-01-10,8.890673637390137,8.890673637390137,8.510812986090947,8.568512897038989,328723000,20.579999923706055,22.219999313354492,22.459999084472656,20.579999923706055,-0.10131003202929822,15.719591590365123,10.515873015873016,0.0
2023-01-11,9.33304214477539,9.34265910081303,8.905097689457905,8.982031503512207,302550000,21.09000015258789,20.799999237060547,21.25,20.6200008392334,-0.04179918522157522,18.428036789240405,12.698412698412698,0.0
2023-01-12,9.477293014526367,9.578269220780959,8.9387563049133,9.385934681633435,561852600,18.829999923706055,21.559999465942383,21.799999237060547,18.829999923706055,-0.16162062817162537,6.425911255311935,1.1904761904761905,0.0
2023-01-13,9.66481876373291,9.698477189163409,9.183982018443942,9.21764044387444,319566000,18.350000381469727,19.0,19.40999984741211,18.010000228881836,-0.13156644059213563,0.0,0.3968253968253968,0.0
2023-01-17,9.717711448669434,9.861963041331745,9.52537690890978,9.645586110899993,279515800,19.360000610351562,19.889999389648438,20.219999313354492,19.209999084472656,-0.11879830607989317,5.580111644173477,3.1746031746031744,0.0
2023-01-18,9.357084274291992,10.054298044843401,9.323425842921994,9.895621927582363,373300200,20.34000015258789,19.280000686645508,20.579999923706055,18.709999084472656,-0.01166179650184107,10.994473641865058,8.333333333333332,0.0
2023-01-19,9.063773155212402,9.284957625710565,8.933947009246955,9.169556912782392,332741400,20.520000457763672,20.43000030517578,21.709999084472656,20.170000076293945,-0.027027012361319325,11.988950445081374,9.523809523809524,0.0
2023-01-20,9.804261207580566,9.833112073405374,9.11666449651931,9.222449170296938,322650400,19.850000381469727,20.280000686645508,20.700000762939453,19.40999984741211,0.054168903977505733,8.287292643019267,5.952380952380952,0.0
2023-01-23,10.44858455657959,10.578410726514639,9.799454624027852,9.88119692541768,388084200,19.809999465942383,20.209999084472656,20.329999923706055,19.549999237060547,0.07956398115103025,8.066293114376741,5.555555555555555,0.0
2023-01-24,10.386075019836426,10.51590117540119,10.212973479083406,10.270674298375548,290013000,19.200000762939453,19.889999389648438,20.469999313354492,18.90999984741211,-0.00826445466776271,4.696134605278424,2.380952380952381,0.0
2023-01-25,10.309142112731934,10.381267455351573,9.607119848996163,9.886005179682664,436167200,19.079999923706055,19.559999465942383,20.899999618530273,18.989999771118164,-0.06194691344294434,4.0331465571883705,2.380952380952381,0.0
2023-01-26,10.905379295349121,10.92461229137016,10.38607556305266,10.684193879804699,406837800,18.729999542236328,19.049999237060547,19.479999542236328,18.670000076293945,-0.0872320114812718,2.099442832916369,1.1904761904761905,0.0
2023-01-27,11.217923164367676,11.453533100112937,10.737086336204255,10.751511771213606,376822200,18.510000228881836,18.899999618530273,19.0,17.969999313354492,-0.06750630361895615,0.883977038895053,0.7936507936507936,0.0
2023-01-30,10.544750213623047,11.011161537123801,10.506283309799514,10.842868488974595,347816000,19.940000534057617,19.760000228881836,20.25,19.540000915527344,0.006562396346286414,8.784531044627427,8.73015873015873,0.0
2023-01-31,11.015971183776855,11.020779661905499,10.530325898265117,10.549559810779687,316513800,19.399999618530273,20.1200008392334,20.700000762939453,19.1299991607666,0.010416606648103066,5.801100634978476,4.761904761904762,0.0
2023-02-01,11.727609634399414,11.996878911358559,10.751511486073703,10.991929893779297,543277600,17.8700008392334,19.6200008392334,20.040000915527344,17.700000762939453,-0.06341714304564994,0.0,0.3968253968253968,0.0
2023-02-02,12.93931770324707,13.198970005204423,12.381547110660952,12.482522394451005,535770200,18.729999542236328,17.739999771118164,19.25,17.059999465942383,0.0,4.628625977041394,2.1825396825396823,0.0
2023-02-03,12.270955085754395,13.049910171003248,12.073812075467748,12.121895020709648,534808400,18.329999923706055,18.56999969482422,19.299999237060547,17.93000030517578,-0.009724489624528432,2.4757754917197152,0.7936507936507936,0.0
2023-02-06,11.958410263061523,12.237295538741924,11.790117218726747,11.948793308042779,323632400,19.43000030517578,19.229999542236328,19.809999465942383,19.209999084472656,-0.025576740984071367,8.396122025554982,6.349206349206349,0.0
2023-02-07,12.69890022277832,12.833534861269964,11.799735891467897,11.939178091045456,519789200,18.65999984741211,19.540000915527344,19.989999771118164,18.43000030517578,-0.038144318848921,4.251878425310209,2.380952380952381,0.0
2023-02-08,12.016112327575684,12.64600832101304,11.929561551033066,12.525799112953512,362514400,19.6299991607666,18.8799991607666,20.1200008392334,18.549999237060547,0.09848898930486594,9.47254213541539,8.333333333333332,0.0
2023-02-09,11.693950653076172,12.54503199636318,11.506424597380981,12.525798084433724,395196800,20.709999084472656,19.239999771118164,21.079999923706055,19.020000457763672,0.10571273842113071,15.285243578584353,17.063492063492063,0.0
2023-02-10,11.453532218933105,11.66510066384252,11.165029960806338,11.424682268257447,367863400,20.530000686645508,20.739999771118164,21.940000534057617,20.440000534057617,0.12002186427148898,14.316468559390247,15.079365079365079,0.0
2023-02-13,11.996877670288086,12.06900300171375,11.46795704462764,11.607399229767477,279739800,20.34000015258789,21.65999984741211,21.690000534057617,20.329999923706055,0.046834782970626154,13.293860729262125,13.690476190476192,0.0
2023-02-14,12.256528854370117,12.37673804389959,11.564123665885829,11.799734484432125,511474400,18.90999984741211,20.719999313354492,20.75,18.479999542236328,0.013397642124561626,5.597411261836366,4.365079365079365,0.0
2023-02-15,12.53060531616211,12.549839226178621,11.948793295012244,12.030535578335805,275527400,18.229999542236328,19.3700008392334,19.40999984741211,18.110000610351562,-0.07131939268384568,1.937560303989079,0.7936507936507936,0.0
2023-02-16,11.814159393310547,12.439247749936433,11.794926399250024,11.939177064635725,388993000,20.170000076293945,18.260000228881836,20.270000457763672,18.229999542236328,-0.026074313474189204,12.378897989800304,13.492063492063492,0.0
2023-02-17,11.559316635131836,11.650674963032348,11.203496610748983,11.554508157275487,389804800,20.020000457763672,20.940000534057617,21.299999237060547,19.81999969482422,-0.0248417053981681,11.571580341004783,13.095238095238097,0.0
2023-02-21,10.746702194213867,11.275622834545391,10.717852244268038,11.107329778468538,300937600,22.8700008392334,21.799999237060547,23.34000015258789,21.799999237060547,0.12438548021955698,26.91065673052315,38.88888888888889,0.0
2023-02-22,10.756319046020508,10.987120477604838,10.568792080375296,10.794785951284563,334677400,22.290000915527344,23.030000686645508,23.6299991607666,22.020000457763672,0.17874146458958307,23.7890209604065,32.73809523809524,0.0
2023-02-23,11.025588035583496,11.169838709582498,10.554368188921774,11.15060571437356,359540000,21.139999389648438,21.959999084472656,22.43000030517578,20.889999389648438,0.15962698411868037,17.599561699905482,22.023809523809522,0.0
2023-02-24,10.467817306518555,10.592834983981096,10.26586581479036,10.458200350454495,345563600,21.670000076293945,21.350000381469727,22.899999618530273,21.31999969482422,0.0743678727975301,20.45209500895725,27.380952380952383,0.0
2023-02-27,10.693809509277344,10.963077840019949,10.626492655872529,10.809210222452746,277508800,20.950000762939453,21.989999771118164,22.020000457763672,20.68000030517578,0.04645356063491657,16.576964135378226,20.634920634920633,0.0
2023-02-28,10.640917778015137,10.924611557987546,10.578409398738701,10.616876305321906,254631600,20.700000762939453,21.299999237060547,21.3700008392334,20.100000381469727,-0.09488412753231379,15.231431298852069,19.047619047619047,0.0
2023-03-01,10.381265640258789,10.679383915528971,10.275481884053779,10.607258585519949,308773800,20.579999923706055,20.389999389648438,21.31999969482422,20.219999313354492,-0.07671605749599109,14.585571020455134,18.253968253968253,0.0
2023-03-02,10.631302833557129,10.722661172894194,10.073532172124203,10.102382125750461,315874600,19.59000015258789,21.40999984741211,21.420000076293945,19.549999237060547,-0.07332068504313816,9.257262219683653,8.73015873015873,0.0
2023-03-03,11.280428886413574,11.31408822682542,10.761125271233059,10.818826080530116,303353200,18.489999771118164,19.760000228881836,19.760000228881836,18.15999984741211,-0.14674666792708346,3.3369156858483864,1.984126984126984,0.0
2023-03-06,11.328514099121094,11.770883966342632,11.29966414957629,11.424681820434916,303699800,18.610000610351562,19.049999237060547,19.190000534057617,18.489999771118164,-0.11169451395569163,3.982775964245323,3.1746031746031744,0.0
2023-03-07,10.905379295349121,11.43429998421783,10.82844547701805,11.328515296170014,352663000,19.59000015258789,18.639999389648438,19.739999771118164,18.510000228881836,-0.053623215914990086,9.257262219683653,9.722222222222223,0.0
2023-03-08,11.054437637329102,11.126562972047424,10.737085430869769,10.939036918355107,290985600,19.110000610351562,19.709999084472656,20.010000228881836,19.0,-0.07142853832867135,7.184239598347303,6.746031746031746,0.0
2023-03-09,10.472623825073242,11.400637900657314,10.381264593805243,11.112136609702768,393667400,22.610000610351562,19.329999923706055,23.139999389648438,18.8799991607666,0.15416030802657854,28.080568760543102,39.682539682539684,0.0
2023-03-10,10.039873123168945,10.655344627384189,9.914856348008577,10.49186002340707,629715200,24.799999237060547,23.34000015258789,28.969999313354492,21.790000915527344,0.34126552428620127,41.05449491925463,57.53968253968254,0.0
2023-03-13,10.256248474121094,10.650534486727858,9.679243971642713,9.842728550107475,659081400,26.520000457763672,24.049999237060547,30.809999465942383,23.850000381469727,0.42504027877421335,51.24407611722557,69.84126984126983,0.0
2023-03-14,10.953463554382324,11.015971940099451,10.539943578162362,10.63611131309093,434325800,23.729999542236328,26.850000381469727,27.239999771118164,22.270000457763672,0.2113322796019239,34.715633852773244,48.61111111111111,0.0
2023-03-15,11.112137794494629,11.16502921434326,10.49666641278114,10.660150984218735,549118800,26.139999389648438,23.209999084472656,29.90999984741211,23.190000534057617,0.3678701493860155,48.99288484348158,67.06349206349206,0.0
2023-03-16,11.992070198059082,12.035345583967601,10.924611901813511,11.00154571740123,456714200,22.989999771118164,26.190000534057617,27.489999771118164,22.969999313354492,0.016806685117585873,30.33174873482779,44.84126984126984,0.0
2023-03-17,11.814159393310547,12.266146217774901,11.588166439640053,11.987260925472079,403540600,25.510000228881836,22.920000076293945,26.139999389648438,22.579999923706055,0.02862907313159435,45.26066214153454,61.111111111111114,0.0
2023-03-20,11.939177513122559,11.982452897788551,11.487190671679636,11.746842979675591,328356000,24.149999618530273,27.770000457763672,28.90999984741211,24.0,-0.08936654593984317,37.203786087224366,53.57142857142857,0.0
2023-03-21,12.444055557250977,12.501756374822909,11.987261163060323,12.169978737311908,270290200,21.3799991607666,24.15999984741211,24.15999984741211,21.290000915527344,-0.09903078073335103,20.793829952855265,28.174603174603174,0.0
2023-03-22,11.936232566833496,13.038930919559068,11.92172303812452,12.434381060399916,475836200,22.260000228881836,21.799999237060547,22.3799991607666,19.940000534057617,-0.14843149393121635,26.007106681923947,36.904761904761905,0.0
2023-03-23,12.361837387084961,12.869659909567194,12.03296205956581,12.381183428689635,392994400,22.610000610351562,21.540000915527344,24.90999984741211,20.15999984741211,-0.016528889280111536,28.080568760543102,40.67460317460318,0.0
2023-03-24,12.48758316040039,12.497256180637489,12.013616238422323,12.303800388245419,338830200,21.739999771118164,22.110000610351562,25.209999084472656,21.600000381469727,-0.14778519889997355,22.926535096516027,31.746031746031743,0.0
2023-03-27,12.231252670288086,12.700383008846531,12.120014799882199,12.56980002345908,273591200,20.600000381469727,22.049999237060547,22.93000030517578,20.56999969482422,-0.14699790033688598,16.172983874202668,21.23015873015873,0.0
2023-03-28,12.028124809265137,12.158706882169195,11.747613702056194,12.158706882169195,236041400,19.969999313354492,20.530000686645508,21.399999618530273,19.90999984741211,-0.0659494809522505,12.440749872796337,15.079365079365079,0.0
2023-03-29,12.68587589263916,12.753586114122523,12.36667359376192,12.45856544418719,238730600,19.1200008392334,19.389999389648438,19.450000762939453,19.09000015258789,-0.14106016879435435,7.405213638311765,7.142857142857142,0.0
2023-03-30,13.029258728027344,13.101804526104281,12.81162041132666,12.97122153608387,260300000,19.020000457763672,19.1200008392334,20.079999923706055,18.850000381469727,-0.15877930365664283,6.812794287354968,5.555555555555555,0.0
2023-03-31,13.667664527893066,13.696682665391704,13.014750438118979,13.058278105601914,254044200,18.700000762939453,19.209999084472656,19.43000030517578,18.520000457763672,-0.13983436247397685,4.917061403860641,3.968253968253968,0.0
2023-04-03,13.57093620300293,13.599955263035817,13.217879274832464,13.387153435144455,250232600,18.549999237060547,19.790000915527344,19.829999923706055,18.540000915527344,-0.09951461681783336,4.0284267276958,2.7777777777777777,0.0
2023-04-04,13.435517311096191,13.749883074635125,13.261406644687577,13.619300074828665,232180800,19.0,18.790000915527344,20.030000686645508,18.579999923706055,-0.04857282657520312,6.69430815727175,6.349206349206349,0.0
2023-04-05,13.005077362060547,13.309771033127474,12.77293041813238,13.2855884832579,258274000,19.079999923706055,19.420000076293945,20.079999923706055,19.0,-0.0020920980006059464,7.168241378145332,7.341269841269842,0.0
2023-04-06,13.266243934631348,13.32911672204804,12.62783935022189,12.797112594216827,241920600,18.399999618530273,19.299999237060547,19.8799991607666,18.350000381469727,-0.0325973093749492,3.1398033509902454,1.984126984126984,0.0
2023-04-10,13.237224578857422,13.24206016612408,12.656856325047945,12.884166747847205,237057600,18.969999313354492,19.389999389648438,20.049999237060547,18.93000030517578,0.014438424566812547,6.516578962146924,6.349206349206349,0.0
2023-04-11,12.980896949768066,13.237226467560125,12.913187648735086,13.232389957133478,208521600,19.100000381469727,19.079999923706055,19.280000686645508,18.559999465942383,0.029649658600003903,7.286727508228549,8.73015873015873,0.0
2023-04-12,12.63751220703125,13.295262871665546,12.574639415838877,13.222717059529716,348038600,19.09000015258789,19.3799991607666,19.979999542236328,18.25,0.00473685013620484,7.227484443186941,8.73015873015873,0.0
2023-04-13,13.362971305847168,13.41617199511251,12.811622062442678,12.830968103073708,247523000,17.799999237060547,18.829999923706055,19.059999465942383,17.770000457763672,-0.06708599013436911,0.0,0.3968253968253968,0.0
2023-04-14,13.285590171813965,13.508065046540102,12.913188081190984,13.159843663920073,285332200,17.06999969482422,17.940000534057617,18.1200008392334,17.06999969482422,-0.07228260604780878,0.0,0.3968253968253968,0.0
2023-04-17,13.300098419189453,13.358135618178164,12.966386600561831,13.227552612306054,228617800,16.950000762939453,17.579999923706055,17.790000915527344,16.899999618530273,-0.10648384942180789,0.0,0.3968253968253968,0.0
2023-04-18,13.309772491455078,13.62897480494821,13.155007845212353,13.575774111876003,212829800,16.829999923706055,16.940000534057617,17.34000015258789,16.579999923706055,-0.11884818913228723,0.0,0.3968253968253968,0.0
2023-04-19,13.28075122833252,13.416170732596232,12.980895006529169,12.995404535637036,191850600,16.459999084472656,17.299999237060547,17.719999313354492,16.170000076293945,-0.13776852001537065,0.0,0.3968253968253968,0.0
2023-04-20,12.971223831176758,13.338790318601971,12.801949657399746,12.898678020263763,273695200,17.170000076293945,16.850000381469727,17.690000534057617,16.329999923706055,-0.03539321279603824,3.8819079074978715,1.984126984126984,0.0
2023-04-21,12.995407104492188,13.101807571572781,12.695549900944936,12.913188268234883,228888000,16.770000457763672,17.510000228881836,17.709999084472656,16.579999923706055,-0.017574648062325893,1.6949226778214053,0.7936507936507936,0.0
2023-04-24,12.918022155761719,13.140497004421455,12.642347541800493,12.966386333511224,215290800,16.889999389648438,18.219999313354492,18.239999771118164,16.739999771118164,-0.0035399038696332097,2.351013032540263,1.5873015873015872,0.0
2023-04-25,12.187728881835938,12.79227890727482,12.173219349136156,12.710060066916327,276576000,18.760000228881836,17.6200008392334,19.860000610351562,17.329999923706055,0.11467619215239933,12.57518332028397,8.73015873015873,0.0
2023-04-26,12.39085578918457,12.763257845528898,12.337655100076814,12.58431158257188,249724600,18.84000015258789,18.65999984741211,19.610000610351562,17.8700008392334,0.14459302554642184,13.012580366219261,9.523809523809524,0.0
2023-04-27,13.391989707946777,13.459699001884301,12.763257255419965,12.845476079116937,255631200,17.030000686645508,18.43000030517578,18.43000030517578,16.719999313354492,-0.008153720968337663,3.1164656842031495,2.380952380952381,0.0
2023-04-28,13.662830352783203,13.677339885247083,13.21788150439553,13.367809649975147,261072200,15.779999732971191,17.209999084472656,17.649999618530273,15.720000267028809,-0.0590340308747076,0.0,0.3968253968253968,0.0
2023-05-01,13.624136924743652,13.798247595497553,13.479045314095378,13.60962739469084,178002600,16.079999923706055,16.40999984741211,16.6200008392334,15.529999732971191,-0.047957341338852655,1.5814453690666765,0.7936507936507936,0.0
2023-05-02,13.261406898498535,13.648318472956204,13.038932051332907,13.609627315510437,249312000,17.780000686645508,16.270000457763672,19.809999465942383,16.260000228881836,-0.052238780931760154,10.54296745135243,4.365079365079365,0.0
2023-05-03,13.00024127960205,13.638646780103523,12.976059651407216,13.300098450555923,340267600,18.34000015258789,17.81999969482422,18.829999923706055,17.190000534057617,-0.026539277916689308,13.494994114819066,6.349206349206349,0.0
2023-05-04,12.85515022277832,13.096970205089779,12.710058602379455,12.951878584690913,242621600,20.09000015258789,19.170000076293945,21.329999923706055,18.670000076293945,0.1796828739027565,22.720086235885734,24.206349206349206,0.0
2023-05-05,13.64348316192627,13.764393154878343,13.07278877006732,13.116316441327669,195603200,17.190000534057617,19.5,19.6299991607666,16.690000534057617,0.08935366444527437,7.432792731885756,4.365079365079365,0.0
2023-05-08,13.754721641540527,13.803085825272408,13.454864440378929,13.590283970334179,151477000,16.979999542236328,17.729999542236328,17.8799991607666,16.829999923706055,0.0559701257960481,6.3257764489904655,3.1746031746031744,0.0
2023-05-09,13.48871898651123,13.64832014584626,13.450027824323044,13.537083169863982,129681400,17.709999084472656,17.290000915527344,17.860000610351562,17.219999313354492,-0.00393709783292806,10.173955320685678,5.158730158730158,0.0
2023-05-10,13.923994064331055,14.03523102713262,13.47904529065484,13.793411061492717,303102000,16.940000534057617,17.579999923706055,18.309999465942383,16.360000610351562,-0.07633585642760887,6.359653262018296,2.7777777777777777,0.0
2023-05-11,14.040068626403809,14.117450947614484,13.778902600465251,13.982031424260786,194683000,16.93000030517578,16.799999237060547,18.190000534057617,16.6299991607666,-0.15729217637686554,6.3048274479587425,2.7777777777777777,0.0
2023-05-12,13.894976615905762,14.170651261114594,13.624138481267092,14.112614979212772,210763400,17.030000686645508,16.829999923706055,17.920000076293945,16.3799991607666,-0.009307727890706552,6.853075131599469,4.563492063492063,0.0
2023-05-15,14.107776641845703,14.146467798926876,13.749883208227367,13.953012013521011,172935200,17.1200008392334,17.440000534057617,18.15999984741211,17.079999923706055,0.008245070716805802,7.3464970011806425,5.555555555555555,0.0
2023-05-16,14.160978317260742,14.383452255389717,14.006212755662744,14.015885776225748,159327000,17.989999771118164,17.540000915527344,18.299999237060547,17.260000228881836,0.015810316268790814,12.116227797858906,8.333333333333332,0.0
2023-05-17,14.66879940032959,14.741345207117632,14.136795279767304,14.29155991357379,202209200,16.8700008392334,17.959999084472656,18.260000228881836,16.68000030517578,-0.004132213259585571,5.975883020556229,2.380952380952381,0.0
2023-05-18,15.457132339477539,15.49582442099933,14.702654276732513,14.702654276732513,271867600,16.049999237060547,16.920000076293945,17.149999618530273,16.049999237060547,-0.05197879812478223,1.4802603802661158,0.7936507936507936,0.0
2023-05-19,15.35073184967041,15.592552746311275,15.210476744335704,15.490986955005118,198058400,16.809999465942383,16.1299991607666,17.360000610351562,15.850000381469727,-0.012918450489297073,5.646928136198909,2.380952380952381,0.0
2023-05-22,15.510331153869629,15.650587165018903,15.316875381999843,15.321711891605322,166624800,17.209999084472656,17.450000762939453,18.1299991607666,16.81999969482422,0.005256906590390464,7.839908413807008,7.936507936507936,0.0
2023-05-23,14.910618782043457,15.428113351810191,14.862254605272652,15.263675704271423,212630000,18.530000686645508,17.350000381469727,19.309999465942383,17.299999237060547,0.030016727203870275,15.076759015345948,13.095238095238097,0.0
2023-05-24,14.66879940032959,14.847746584712079,14.397961291168237,14.639781262108368,235945000,20.030000686645508,18.799999237060547,20.809999465942383,18.799999237060547,0.18731474156557937,23.300442899092424,28.968253968253972,0.0
2023-05-25,15.727972030639648,15.897245282000533,15.321714382433456,15.650589709311804,261747000,19.139999389648438,19.540000915527344,19.950000762939453,18.700000762939453,0.19252338314464645,18.421050017340246,21.428571428571427,0.0
2023-05-26,16.917726516723633,17.04830953455131,15.85855560981932,15.868228630948051,252784400,17.950000762939453,19.06999969482422,19.559999465942383,17.270000457763672,0.06781685503957036,11.896934998575501,9.920634920634921,0.0
2023-05-30,17.154708862304688,17.735075300824388,16.94674354535716,17.560966476232426,270612800,17.459999084472656,17.559999465942383,18.34000015258789,16.979999542236328,0.01452643889014249,9.210522394431422,8.333333333333332,0.0
2023-05-31,16.80649185180664,17.212749570367354,16.637218571131505,16.912893253911232,210289000,17.940000534057617,18.040000915527344,18.399999618530273,17.1200008392334,-0.031840266094167013,11.842109184515948,10.317460317460316,0.0
2023-06-01,17.415874481201172,17.619004227658298,16.642051268364657,16.801653343790974,216759200,15.649999618530273,17.239999771118164,17.59000015258789,15.579999923706055,-0.2186720378414908,0.0,0.3968253968253968,0.0
2023-06-02,17.80762481689453,17.986571101964213,17.415875749097463,17.6818792275067,216505600,14.600000381469727,15.649999618530273,15.649999618530273,14.420000076293945,-0.23719953777188185,0.0,0.3968253968253968,0.0
2023-06-05,17.846317291259766,18.233228934267025,17.68187961236415,17.778606139410783,206261800,14.729999542236328,15.279999732971191,15.289999961853027,14.65999984741211,-0.17938724701066944,0.6694086521930139,0.7936507936507936,0.0
2023-06-06,17.826969146728516,17.972060765137726,17.536784064970067,17.74474939450128,159509000,13.960000038146973,14.90999984741211,14.970000267028809,13.949999809265137,-0.20045814603955314,0.0,0.3968253968253968,0.0
2023-06-07,16.917726516723633,18.165518568228016,16.816162562282152,17.86566044805773,228485400,13.9399995803833,14.140000343322754,14.289999961853027,13.770000457763672,-0.22296548687836681,0.0,0.3968253968253968,0.0
2023-06-08,17.498096466064453,17.59482484123532,16.903219449433045,16.937074104001802,188153800,13.649999618530273,14.140000343322754,14.210000038146973,13.529999732971191,-0.12779553027157353,0.0,0.3968253968253968,0.0
2023-06-09,17.710895538330078,18.194535517983635,17.507767632446836,17.73991460128773,207944000,13.829999923706055,13.779999732971191,14.140000343322754,13.5,-0.05273975600308567,0.8836538918009949,0.7936507936507936,0.0
2023-06-12,18.61530303955078,18.62497421529051,17.81729636039959,17.96722541352607,154857400,15.010000228881836,14.4399995803833,15.020000457763672,14.319999694824219,0.019008872732320325,6.676487748258456,2.7777777777777777,0.0
2023-06-13,19.03122901916504,19.166649443533476,18.533080520604088,19.04090203840134,266534200,14.609999656677246,14.989999771118164,15.0600004196167,14.470000267028809,0.04656157713138187,4.712812953340562,2.380952380952381,0.0
2023-06-14,19.437490463256836,19.49069115715385,18.58144746267615,19.031232799336173,305313000,13.880000114440918,14.479999542236328,14.729999542236328,13.829999923706055,-0.004304122507063468,1.151153549668147,1.1904761904761905,0.0
2023-06-15,20.11942481994629,20.356409250070563,19.108617067878054,19.219855900039057,255874000,14.5,14.09000015258789,14.520000457763672,13.789999961853027,0.062271091957821545,4.254255854858226,2.380952380952381,0.0
2023-06-16,19.73250961303711,20.525678836732034,19.65996472742013,20.511170228596637,224810400,13.539999961853027,14.489999771118164,14.539999961853027,13.479999542236328,-0.020968905528042536,0.0,0.3968253968253968,0.0
2023-06-20,19.635780334472656,19.867929123408334,19.152140406579832,19.485853137587423,168249800,13.880000114440918,14.359999656677246,14.670000076293945,13.859999656677246,-0.07528315104663375,1.6923849371113773,1.7857142857142856,0.0
2023-06-21,18.84883689880371,19.513520536782206,18.679028291013594,19.445597093666162,199266600,13.199999809265137,13.880000114440918,13.890000343322754,13.100000381469727,-0.09650923207022077,0.0,0.3968253968253968,0.0
2023-06-22,19.474708557128906,19.498966668355585,18.55288737508831,18.61595809412263,210199200,12.90999984741211,13.880000114440918,13.979999542236328,12.729999542236328,-0.06988474488696927,0.0,0.3968253968253968,0.0
2023-06-23,18.89735221862793,19.26608022084261,18.62080575427323,18.839132397388717,225152400,13.4399995803833,13.239999771118164,13.800000190734863,12.880000114440918,-0.07310347721494481,2.557913618468436,1.1904761904761905,0.0
2023-06-26,18.15019416809082,19.24667661991378,18.116232445076953,18.805172369958395,216900000,14.25,14.430000305175781,14.710000038146973,13.779999732971191,0.05243722600792422,6.467181822600386,4.365079365079365,0.0
2023-06-27,19.047760009765625,19.16420154233872,18.242378449359116,18.363670864184044,195354000,13.739999771118164,14.109999656677246,14.34000015258789,13.59000015258789,-0.010086479983317576,4.005790901579343,2.380952380952381,0.0
2023-06-28,19.164201736450195,19.474710025423047,18.742104646801188,18.761510026780446,217352600,13.430000305175781,13.899999618530273,13.960000038146973,13.359999656677246,0.017424280245004642,2.50965457108224,1.1904761904761905,0.0
2023-06-29,19.033201217651367,19.193308057466517,18.76150560346882,19.096273777345967,198266400,13.539999961853027,13.640000343322754,13.850000381469727,13.40999984741211,0.0487993897666239,3.0405409137304056,2.1825396825396823,0.0
2023-06-30,19.891952514648438,20.06176112507322,19.54748256162956,19.60085151084165,184308800,13.59000015258789,13.510000228881836,13.59000015258789,12.960000038146973,0.01116075720891585,3.28185456136139,2.7777777777777777,0.0
2023-07-03,20.027801513671875,20.129688541439428,19.81432754510104,19.988988906102286,79868000,13.569999694824219,13.850000381469727,13.850000381469727,13.470000267028809,-0.04771931966145837,3.185327261238996,2.7777777777777777,0.0
2023-07-05,20.01324462890625,20.299494747326456,19.75125261866911,19.756105350770735,139007400,14.180000305175781,14.1899995803833,14.739999771118164,14.050000190734863,0.032023329067480066,6.129345477522008,6.349206349206349,0.0
2023-07-06,19.54262924194336,19.61055268407127,19.06231241502459,19.392227863167275,170473400,15.4399995803833,14.850000381469727,17.079999923706055,14.789999961853027,0.14966487189377697,12.210422702307817,9.126984126984127,0.0
2023-07-07,19.343711853027344,20.018097315519558,19.30004651404996,19.49896598033022,168624800,14.829999923706055,15.970000267028809,16.059999465942383,14.329999923706055,0.09527326185283713,9.266409088699806,8.73015873015873,0.0
2023-07-10,19.35826873779297,19.460153914646295,18.88765361026774,19.29034343578218,172013600,15.069999694824219,16.079999923706055,16.209999084472656,15.039999961853027,0.10890357068572198,10.424709074118532,9.523809523809524,0.0
2023-07-11,19.634811401367188,19.707585720142884,19.06716209088742,19.416484743490354,162478600,14.84000015258789,15.020000457763672,15.25,14.630000114440918,0.0935888346591538,9.314672738761004,9.126984126984127,0.0
2023-07-12,20.362565994262695,20.59059441738806,19.964727123271743,20.29464255542642,230335400,13.539999961853027,14.819999694824219,14.819999694824219,13.510000228881836,-0.045134014777781784,3.0405409137304056,2.380952380952381,0.0
2023-07-13,21.376571655273438,21.52212215431268,20.779813313670044,20.871994864547396,164773200,13.609999656677246,13.4399995803833,13.609999656677246,13.119999885559082,-0.11852331434199592,3.3783772588087833,3.968253968253968,0.0
2023-07-14,21.35716438293457,22.00729167131195,21.211613884206052,21.454198665678582,186056400,13.34000015258789,13.720000267028809,13.760000228881836,13.220000267028809,-0.10047200126659273,2.0752909258814674,1.1904761904761905,0.0
2023-07-17,21.949073791503906,22.109178799093385,21.400831618463826,21.48330956311822,145525200,13.479999542236328,13.779999732971191,14.0,13.430000305175781,-0.10550764331693885,2.7509636160382236,2.380952380952381,0.0
2023-07-18,22.473052978515625,22.725341361787812,21.497863015990852,21.842332945722617,196113200,13.300000190734863,13.609999656677246,13.670000076293945,13.289999961853027,-0.10377358126808867,1.8822409283116799,1.1904761904761905,0.0
2023-07-19,22.473052978515625,22.870891853851592,22.230468208151013,22.67197241618361,200573800,13.760000228881836,13.319999694824219,13.84000015258789,13.119999885559082,0.01624817338616147,4.102318201701738,6.349206349206349,0.0
2023-07-20,20.896251678466797,22.172248070929662,20.711886737354984,21.910256078419437,233862800,13.989999771118164,13.960000038146973,14.229999542236328,13.579999923706055,0.027920655696305197,5.212354537059266,8.73015873015873,0.0
2023-07-21,20.71189308166504,21.434796723001718,20.624562390744487,21.28924618839262,205108600,13.600000381469727,13.869999885559082,13.890000343322754,13.369999885559082,0.019490271807185655,3.3301182114225876,5.158730158730158,0.0
2023-07-24,20.79436683654785,21.012693500291046,20.47415501331614,20.85258666328773,126429200,13.90999984741211,14.289999961853027,14.300000190734863,13.729999542236328,0.03189913351469187,4.826254541919691,8.333333333333332,0.0
2023-07-25,21.21161651611328,21.483310320577893,20.90110825342502,20.90110825342502,138199200,13.859999656677246,14.020000457763672,14.09000015258789,13.819999694824219,0.04210522239935699,4.584940894288706,7.5396825396825395,0.0
2023-07-26,20.993289947509766,21.27468736829919,20.590598269396583,21.01754805866442,205764600,13.1899995803833,13.859999656677246,14.15999984741211,13.149999618530273,-0.04142446504485664,1.3513499829885132,0.7936507936507936,0.0
2023-07-27,20.81377410888672,22.167395725568852,20.595447444655754,21.885998353384995,261103200,14.40999984741211,13.140000343322754,15.020000457763672,12.739999771118164,0.030021449833117275,7.239381812879536,11.507936507936508,0.0
2023-07-28,21.93936538696289,22.118877583784535,21.410530557818248,21.493008484464085,204487600,13.329999923706055,14.029999732971191,14.180000305175781,13.270000457763672,-0.01985297427870314,2.0270272758202705,1.984126984126984,0.0
2023-07-31,21.983034133911133,22.17710085366135,21.745300227556434,21.9927377475149,159009200,13.630000114440918,13.979999542236328,14.09000015258789,13.569999694824219,-0.020129384330890843,3.474904558931178,6.746031746031746,0.0
2023-08-01,21.81322479248047,21.944220806697594,21.44934759213572,21.730746848774395,153056600,13.930000305175781,13.75,14.300000190734863,13.75,0.005050551964827177,4.9227818420420855,10.317460317460316,0.0
2023-08-02,20.386823654174805,21.201908603900225,20.149089772682032,21.197055872218307,258044000,16.09000015258789,15.699999809265137,16.479999542236328,14.949999809265137,0.21986358335580136,15.347490916160616,18.253968253968253,0.0
2023-08-03,20.24127197265625,20.600296363391664,19.916207447816333,19.945318283865724,201340200,15.920000076293945,16.770000457763672,17.420000076293945,15.720000267028809,0.10478835842271139,14.52702727582027,17.46031746031746,0.0
2023-08-04,19.959875106811523,20.944768706784224,19.877397171204436,20.566337047834114,247452800,17.100000381469727,16.010000228881836,17.389999389648438,14.569999694824219,0.2828207411358725,20.222009108141506,24.206349206349206,0.0
2023-08-07,20.45474624633789,20.47415347071394,19.86283885829181,20.246123211232298,149792200,15.770000457763672,16.899999618530273,17.360000610351562,15.770000457763672,0.15700662695192746,13.803090935602317,17.063492063492063,0.0
2023-08-08,19.930767059326172,20.032652226043282,19.406783029166647,20.032652226043282,188780000,15.989999771118164,16.280000686645508,18.139999389648438,15.960000038146973,0.14788222690684205,14.86486362089865,18.253968253968253,0.0
2023-08-09,19.26608657836914,19.993841061719248,19.139943282262944,19.969582949095983,199430600,15.960000038146973,15.8100004196167,16.8700008392334,15.380000114440918,-0.008079559553018978,14.720077273390059,18.253968253968253,0.0
2023-08-10,19.353412628173828,20.25582826747139,19.10112424562371,19.726993395559106,260554200,15.850000381469727,15.579999923706055,16.860000610351562,14.600000381469727,-0.004396965734218439,14.189190930741894,17.857142857142858,0.0
2023-08-11,18.96527862548828,19.24667601457785,18.727544721093185,18.936167784916933,201573800,14.84000015258789,15.529999732971191,16.510000228881836,14.84000015258789,-0.13216375312662954,9.314672738761004,15.277777777777779,0.0
2023-08-14,19.595998764038086,19.62025687254136,18.727544783885495,18.839135414395642,142553600,14.819999694824219,15.880000114440918,16.059999465942383,14.770000457763672,-0.060241010485942104,9.21814543863861,14.682539682539684,0.0
2023-08-15,18.9943904876709,19.571741642575997,18.863394474216772,19.44074562912187,162553600,16.459999084472656,14.949999809265137,16.56999969482422,14.90999984741211,0.029393328335340252,17.133199941674903,21.626984126984127,0.0
2023-08-16,18.36366844177246,19.12538455833052,18.34911394616152,18.882799760680815,190222000,16.780000686645508,16.540000915527344,16.93000030517578,15.800000190734863,0.051378486625225595,18.677609127583207,22.61904761904762,0.0
2023-08-17,17.74264907836914,18.611102957482956,17.67472564215239,18.55773401451984,210232800,17.889999389648438,16.959999084472656,18.1299991607666,16.399999618530273,0.12870655893255867,24.03474540947606,31.349206349206348,0.0
2023-08-18,17.660167694091797,17.859087083001768,17.160441931103744,17.23806896456192,247002000,17.299999237060547,17.799999237060547,18.8799991607666,17.139999389648438,0.16576813067240215,21.187254493315443,29.365079365079367,0.0
2023-08-21,18.514068603515625,18.620806488977934,17.810572437175058,17.88819948548179,191487200,17.1299991607666,18.030000686645508,18.110000610351562,16.8799991607666,0.15587041251756117,20.366790852975093,28.174603174603174,0.0
2023-08-22,18.431596755981445,18.911913697494658,18.32485883530054,18.907062815088906,180368000,16.969999313354492,16.959999084472656,17.579999923706055,16.610000610351562,0.030984219759947473,19.594590862695945,25.793650793650798,0.0
2023-08-23,19.300045013427734,19.465002742208103,18.572290654239357,18.606252376272813,175454000,15.979999542236328,16.639999389648438,17.100000381469727,15.90999984741211,-0.047675870779067764,14.816599970837451,19.841269841269842,0.0
2023-08-24,18.02890396118164,19.84829013265762,17.99979311615891,19.833735635533916,232397200,17.200000762939453,15.569999694824219,17.31999969482422,15.479999542236328,-0.038568957532118975,20.704636403403477,30.158730158730158,0.0
2023-08-25,18.455854415893555,18.708142862626136,17.63591650131882,18.15990062548081,278289400,15.680000305175781,17.209999084472656,17.360000610351562,15.449999809265137,-0.09364156088598885,13.368727290401544,17.857142857142858,0.0
2023-08-28,18.868244171142578,19.004091057702354,18.475258006230366,18.897355011451825,182641000,15.079999923706055,16.239999771118164,16.280000686645508,15.0,-0.11967304947426538,10.47297272417973,17.063492063492063,0.0
2023-08-29,20.071462631225586,20.14423879992364,18.77120816262925,18.824577106237843,187495600,14.449999809265137,15.079999923706055,15.300000190734863,14.34000015258789,-0.14849732504739988,7.432431810449325,13.095238095238097,0.0
2023-08-30,20.406230926513672,20.512966963689372,19.930765013204134,20.10057360696652,185958200,13.880000114440918,14.529999732971191,14.699999809265137,13.829999923706055,-0.13141423579174427,4.681468194411101,9.523809523809524,0.0
2023-08-31,20.59059715270996,20.852589180832236,20.386826809131623,20.396530423222277,162242800,13.569999694824219,13.979999542236328,14.0,13.4399995803833,-0.21104656436624902,3.185327261238996,5.357142857142857,0.0
2023-09-01,20.517820358276367,21.03695161972198,20.255828361628602,20.964175448172625,165058400,13.09000015258789,13.5600004196167,13.5600004196167,13.020000457763672,-0.16517857794511415,0.8687272904015447,0.7936507936507936,0.0
2023-09-05,20.571189880371094,20.774960205178957,20.212163595189416,20.362566823577346,123778600,14.010000228881836,14.149999618530273,14.470000267028809,13.699999809265137,-0.07095488728366361,5.30888183718166,13.095238095238097,0.0
2023-09-06,20.027801513671875,20.493565759933613,19.688184257030827,20.445047687002578,148058200,14.449999809265137,14.270000457763672,15.300000190734863,14.130000114440918,0.0,7.432431810449325,14.880952380952381,0.0
2023-09-07,19.591148376464844,19.69788442672467,19.105978791069898,19.280640137936093,168623000,14.399999618530273,14.8100004196167,15.6899995803833,14.399999618530273,0.03746394090792138,7.19111816281834,14.285714285714285,0.0
2023-09-08,19.649368286132812,20.008394595084678,19.48926143394783,19.557186730822583,149541600,13.84000015258789,14.220000267028809,14.869999885559082,13.579999923706055,0.01989686542636049,4.488418196841313,9.523809523809524,0.0
2023-09-11,20.318899154663086,20.420784305359035,19.814322431062052,20.129683346006388,141712800,13.800000190734863,14.170000076293945,14.329999923706055,13.739999771118164,0.054239880051231815,4.295368199271525,9.126984126984127,0.0
2023-09-12,19.66877555847168,20.28494115784991,19.600852112217797,20.056910859047505,155524200,14.229999542236328,14.020000457763672,14.420000076293945,13.710000038146973,0.015703019968619225,6.370654522477992,14.682539682539684,0.0
2023-09-13,19.86284065246582,20.129685384803164,19.498963491033027,19.688181169629036,170849400,13.479999542236328,14.420000076293945,14.680000305175781,13.40999984741211,-0.06712804704722963,2.7509636160382236,4.166666666666666,0.0
2023-09-14,20.3286075592041,20.493565301932577,19.794919873541286,20.134538973367587,152379800,12.819999694824219,13.390000343322754,13.460000038146973,12.789999961853027,-0.10972221983067776,0.0,0.3968253968253968,0.0
2023-09-15,19.285490036010742,20.178202101645763,19.130235924663346,20.11027865927815,179839600,13.789999961853027,12.699999809265137,14.170000076293945,12.680000305175781,-0.0036127305045956515,4.661221542607746,9.920634920634921,0.0
2023-09-18,19.32915496826172,19.513519915690747,19.08171931181812,19.130235526563936,124798200,14.0,14.399999618530273,14.75,13.859999656677246,0.014492739601511984,5.67035188517707,15.079365079365079,0.0
2023-09-19,19.212717056274414,19.324307702462097,18.72754741494652,19.120535490701222,148741400,14.109999656677246,14.109999656677246,14.880000114440918,13.859999656677246,-0.008432880493278172,6.198942223563242,15.873015873015872,0.0
2023-09-20,18.379661560058594,19.42645097460863,18.35531800892127,19.363156255816467,196038400,15.140000343322754,14.180000305175781,15.149999618530273,13.569999694824219,0.12314546420311179,11.148488685234703,23.41269841269841,0.0
2023-09-21,17.332876205444336,17.90739306186685,17.318270442799566,17.79541121457017,216821200,17.540000915527344,15.489999771118164,17.540000915527344,15.100000381469727,0.36817483097200987,22.68140754070828,38.88888888888889,0.0
2023-09-22,17.34748077392578,17.907389911920017,17.293923843923288,17.59092001408693,188181200,17.200000762939453,17.309999465942383,17.40999984741211,15.930000305175781,0.24728069691946608,21.047577025808508,37.5,0.0
2023-09-25,17.57631492614746,17.59579051391367,17.045617231931008,17.191682282883313,162538400,16.899999618530273,17.25,18.40999984741211,16.790000915527344,0.20714282989501953,19.60595701325905,32.142857142857146,0.0
2023-09-26,16.792442321777344,17.27445105523623,16.636639474143365,17.19168259168454,210679400,18.940000534057617,18.030000686645508,19.5,17.170000076293945,0.34231048865367475,29.408940102657695,50.39682539682539,0.0
2023-09-27,16.89468765258789,17.172208303723167,16.373727703453635,16.948244595314776,256871600,18.219999313354492,18.290000915527344,19.709999084472656,18.030000686645508,0.20343453766103248,25.949059404969592,43.25396825396825,0.0
2023-09-28,17.30366325378418,17.610395387805895,16.617164606654242,16.743752206160863,268145800,17.34000015258789,18.219999313354492,18.770000457763672,17.059999465942383,-0.011402551453825849,21.720327532341976,39.285714285714285,0.0
2023-09-29,17.342613220214844,18.014506131092578,17.152730885189328,17.810018034078716,286858200,17.520000457763672,16.8700008392334,17.739999771118164,15.829999923706055,0.018604632594767967,22.585297706764003,40.07936507936508,0.0
2023-10-02,17.7564640045166,17.96582196133648,17.274453349739666,17.36695961963665,236463200,17.610000610351562,17.309999465942383,18.549999237060547,16.93000030517578,0.042011893955476554,23.017782793975012,40.87301587301587,0.0
2023-10-03,16.81678581237793,17.717510400330518,16.573346533764333,17.386432832832483,266539000,19.780000686645508,17.809999465942383,20.479999542236328,17.520000457763672,0.04435058758722921,33.44546147293499,59.523809523809526,0.0
2023-10-04,17.498414993286133,17.62013463478524,16.865473228949625,16.933635931022035,252759200,18.579999923706055,20.719999313354492,20.8799991607666,18.299999237060547,0.01975854137863209,27.678999753813642,48.41269841269841,0.0
2023-10-05,17.313404083251953,17.52763000355831,16.797312086743382,17.474073059158094,218006200,18.489999771118164,18.670000076293945,19.579999923706055,18.260000228881836,0.06632062332240762,27.24651466660263,47.023809523809526,0.0
2023-10-06,18.18490982055664,18.350448571999166,16.753487810290512,16.8703394584298,294897400,17.450000762939453,18.729999542236328,19.93000030517578,17.190000534057617,-0.003995416266852847,22.248922453497265,39.682539682539684,0.0
2023-10-09,18.45269775390625,18.545204009609805,17.59579046740088,17.82462397981327,210966000,17.700000762939453,19.540000915527344,19.600000381469727,17.559999465942383,0.005110741026038701,23.45026788118603,41.66666666666667,0.0
2023-10-10,18.754560470581055,19.168406462101355,18.428350902348782,18.506251389833572,216109600,17.030000686645508,17.700000762939453,17.860000610351562,16.510000228881836,-0.13902931772174643,20.23066176835862,34.92063492063492,0.0
2023-10-11,19.15380096435547,19.1878823120176,18.69613582625386,18.959048814319722,191710800,16.09000015258789,16.950000762939453,17.780000686645508,16.09000015258789,-0.13401505819928428,15.713600393898172,28.76984126984127,0.0
2023-10-12,18.929838180541992,19.49948518160209,18.559809449562678,19.21709659381768,236509200,16.690000534057617,16.079999923706055,18.079999923706055,15.4399995803833,-0.0973498788178565,18.65060645413686,30.158730158730158,0.0
2023-10-13,18.214128494262695,19.124590963346062,17.999902577212044,19.03208469724806,259511000,19.31999969482422,16.530000686645508,20.780000686645508,16.5,0.10716325788685888,33.854165321423004,59.92063492063492,0.0
2023-10-16,18.827592849731445,18.988263664548114,18.38940326415691,18.413746820473115,173152200,17.209999084472656,19.100000381469727,19.56999969482422,17.139999389648438,-0.02768370945456511,22.864579245862195,39.88095238095239,0.0
2023-10-17,18.647449493408203,18.90062658128956,17.941475171451742,18.26768479023337,210387000,17.8799991607666,17.40999984741211,18.540000915527344,16.969999313354492,0.04991182852902876,27.27762347048386,45.23809523809524,0.0
2023-10-18,17.858705520629883,18.589023352093065,17.688298769539525,18.243340024284457,263165200,19.219999313354492,18.360000610351562,20.149999618530273,17.8799991607666,0.19453071044646175,35.6744672687183,60.71428571428571,0.0
2023-10-19,17.38156509399414,18.262814105543946,17.25497562735864,18.08753938275486,370050400,21.399999618530273,19.729999542236328,21.399999618530273,18.549999237060547,0.28220484923660916,47.8260851075095,76.5873015873016,0.0
2023-10-20,16.597688674926758,17.381563382390752,16.563607327410423,17.293925100978992,277722800,21.709999084472656,21.59000015258789,21.829999923706055,20.420000076293945,0.1237059745031317,51.80652371036666,78.96825396825396,0.0
2023-10-23,16.74375343322754,17.24036978884501,16.096205912209744,16.393200274604784,263599000,20.3700008392334,21.829999923706055,23.079999923706055,19.479999542236328,0.18361428953309966,44.33353399879601,69.44444444444444,0.0
2023-10-24,17.21603012084961,17.328011992415615,16.748627041975485,16.9920663777176,245074600,18.969999313354492,20.030000686645508,20.239999771118164,18.649999618530273,0.06096198007545972,36.11273852356886,56.15079365079365,0.0
2023-10-25,15.955011367797852,16.884949385871106,15.862505105769722,16.86060582821048,328363200,20.190000534057617,19.389999389648438,21.239999771118164,18.860000610351562,0.05046832754198616,47.12276935324781,68.65079365079364,0.0
2023-10-26,15.025074005126953,15.891717325250546,14.835190718231914,15.76512970551684,374047400,20.68000030517578,21.780000686645508,21.959999084472656,20.219999313354492,-0.03364482832658766,53.94647065877231,73.4126984126984,0.0
2023-10-27,15.239296913146973,15.692094073701217,15.06889017844123,15.375623229558622,294702200,21.270000457763672,20.389999389648438,22.06999969482422,19.719999313354492,-0.02026709559023787,57.99588840033534,77.38095238095238,0.0
2023-10-30,15.731045722961426,15.916058224169777,15.375623695937247,15.55576915777948,264305600,19.75,21.1299991607666,21.15999984741211,19.549999237060547,-0.030436956980347984,50.58394101643021,64.28571428571429,0.0
2023-10-31,15.959875106811523,16.013432033848165,15.385359311909992,15.735911464016395,222923600,18.139999389648438,19.860000610351562,19.860000610351562,17.969999313354492,-0.043753292237694086,38.83211239823878,47.22222222222222,0.0
2023-11-01,16.78270721435547,16.860607721995898,16.05238925874097,16.066995023518984,332635600,16.8700008392334,18.020000457763672,18.420000076293945,16.6299991607666,-0.16443782105026983,29.562050502690752,32.34126984126984,0.0
2023-11-02,17.673690795898438,17.7126419709641,17.23550122017522,17.410775936087955,234134000,15.65999984741211,16.59000015258789,16.6200008392334,15.579999923706055,-0.24274663364039062,20.729926966650357,24.6031746031746,0.0
2023-11-03,18.29689598083496,18.491646277733953,17.834361007596797,17.868442355986478,228661200,14.90999984741211,15.699999809265137,15.829999923706055,14.90999984741211,-0.29901271619531755,15.255474716772666,22.22222222222222,0.0
2023-11-06,18.506254196166992,18.60363028461286,18.17030864118788,18.408879965015533,183599600,14.890000343322754,15.390000343322754,15.579999923706055,14.84000015258789,-0.24607593198365807,15.109492943228119,22.22222222222222,0.0
2023-11-07,19.0272159576416,19.168409335483236,18.48678043213735,18.671792956838637,204502200,14.8100004196167,15.100000381469727,15.170000076293945,14.710000038146973,-0.18357216549477928,14.525551926797913,20.634920634920633,0.0
2023-11-08,19.061298370361328,19.197623787155674,18.710745175982147,19.085641929461104,187960200,14.449999809265137,14.90999984741211,15.09000015258789,14.300000190734863,-0.14344996500179374,11.897810391735975,18.650793650793652,0.0
2023-11-09,18.60849952697754,19.33394755569539,18.530599030122715,19.1538030049613,258365200,15.289999961853027,14.609999656677246,15.569999694824219,14.130000114440918,-0.02362706827358152,18.029198025379152,25.396825396825395,0.0
2023-11-10,19.850038528442383,19.879251909806456,18.783775182126156,18.86654364338298,248927600,14.170000076293945,15.09000015258789,15.449999809265137,14.15999984741211,-0.049631105210682036,9.854016834230253,16.26984126984127,0.0
2023-11-13,19.66989517211914,19.830564136069547,19.353423355464244,19.59686264295436,180430400,14.760000228881836,15.15999984741211,15.1899995803833,14.579999923706055,-0.00873069922387304,14.16058705124753,21.428571428571427,0.0
2023-11-14,20.90656280517578,21.072101574881906,20.590092884201287,20.67773116565124,233552400,14.15999984741211,14.829999923706055,14.859999656677246,13.90999984741211,-0.04388930140363989,9.781022466894973,16.26984126984127,0.0
2023-11-15,20.964990615844727,21.315541901932427,20.7410250757428,21.237641409769136,218432600,14.180000305175781,14.210000038146973,14.350000381469727,13.970000267028809,-0.018685087034827186,9.927011201565529,17.261904761904763,0.0
2023-11-16,20.999073028564453,21.038022347971534,20.609570548021985,20.818926622261916,178045000,14.319999694824219,14.119999885559082,14.420000076293945,13.680000305175781,-0.06344017458789142,10.948904499755386,18.650793650793652,0.0
2023-11-17,21.0136775970459,21.179216374031245,20.72641918572704,20.877352200926516,157517000,13.800000190734863,14.180000305175781,14.1899995803833,13.670000076293945,-0.02611149495885201,7.153287892959044,10.515873015873016,0.0
2023-11-20,21.763473510742188,21.885193159172182,21.003942235913012,21.0088120619351,165655600,13.40999984741211,14.260000228881836,14.3100004196167,13.390000343322754,-0.09146343906066445,4.3065702170172795,3.571428571428571,0.0
2023-11-21,21.369098663330078,21.50055609102047,21.076972284436458,21.466474742059358,148275200,13.350000381469727,13.449999809265137,14.3100004196167,13.130000114440918,-0.0572033527309973,3.8686179352576295,3.571428571428571,0.0
2023-11-22,21.61741065979004,22.11402519913689,21.447002034807383,21.700179130583024,171446400,12.850000381469727,13.079999923706055,13.25,12.819999694824219,-0.0937940687646246,0.21898310200583454,0.7936507936507936,0.0
2023-11-24,21.510295867919922,21.641753307730983,21.349625044608267,21.544377220023414,63975400,12.460000038146973,13.029999732971191,13.170000076293945,12.449999809265137,-0.1298882469494409,0.0,0.3968253968253968,0.0
2023-11-27,21.44700050354004,21.782947903417252,21.310675099122815,21.427524915110624,121856400,12.6899995803833,13.140000343322754,13.279999732971191,12.640000343322754,-0.08043482572535054,1.6358430680800673,0.7936507936507936,0.0
2023-11-28,21.61741065979004,21.714784894300735,21.261987646107013,21.325282384374542,158349000,12.6899995803833,12.779999732971191,14.300000190734863,12.5600004196167,-0.05369129569138331,1.6358430680800673,0.992063492063492,0.0
2023-11-29,21.539508819580078,22.264956851003653,21.485951879549944,22.026387391062233,177523200,12.979999542236328,12.710000038146973,13.100000381469727,12.479999542236328,-0.027715417877213877,3.698431639901271,2.7777777777777777,0.0
2023-11-30,21.359359741210938,21.64661813677326,20.857875469598145,21.568717649364533,186394600,12.920000076293945,13.069999694824219,13.390000343322754,12.819999694824219,0.00544744690631771,3.2716929190498067,2.7777777777777777,0.0
2023-12-01,21.539508819580078,21.636883048041025,20.896827396512826,21.17434989096846,172937600,12.630000114440918,12.9399995803833,12.960000038146973,12.479999542236328,0.013643665792414161,1.209104347228603,0.7936507936507936,0.0
2023-12-04,20.926040649414062,20.96985979486698,20.317442438842594,20.891959298205606,181143600,13.079999923706055,13.279999732971191,13.699999809265137,12.979999542236328,0.030732888590921048,4.409671885173275,3.968253968253968,0.0
2023-12-05,21.07697105407715,21.276591168037033,20.575484927948377,20.59983033918021,167540400,12.850000381469727,13.260000228881836,13.760000228881836,12.8100004196167,0.012608416578181902,2.7738288170932073,2.579365079365079,0.0
2023-12-06,20.702077865600586,21.578458955969207,20.64852092354402,21.55898336662238,163000600,12.970000267028809,12.779999732971191,13.029999732971191,12.640000343322754,-0.0007703602126473141,3.627313041685808,3.968253968253968,0.0
2023-12-07,21.56871795654297,21.685569617967303,20.989333189269942,21.169477720725563,162755400,13.0600004196167,13.170000076293945,13.279999732971191,12.949999809265137,0.010835939821674634,4.267427905852678,4.761904761904762,0.0
2023-12-08,21.826766967773438,21.909535432349927,21.2230367297614,21.25225011229716,181789000,12.350000381469727,13.140000343322754,13.239999771118164,12.350000381469727,-0.022169416503096007,0.0,0.3968253968253968,0.0
2023-12-11,22.381805419921875,22.435362352521054,21.71478053228824,21.7488618789797,151540000,12.630000114440918,13.050000190734863,13.140000343322754,12.609999656677246,-0.034403655343266615,1.9760037506254071,1.3888888888888888,0.0
2023-12-12,22.922245025634766,22.931980963065335,22.187057310899466,22.386677459526013,142899400,12.069999694824219,12.6899995803833,12.739999771118164,11.8100004196167,-0.060700440738531314,0.0,0.3968253968253968,0.0
2023-12-13,23.730459213256836,23.89112815453603,22.931976902831924,23.068304147550087,230081400,12.1899995803833,12.199999809265137,12.460000038146973,11.819999694824219,-0.06013883350707072,0.8304489911644224,0.7936507936507936,0.0
2023-12-14,23.691513061523438,24.212473025050897,23.151077507867313,23.978771515390452,202697800,12.479999542236328,11.960000038146973,12.739999771118164,11.84000015258789,-0.04441047923009134,2.837369036433921,1.984126984126984,0.0
2023-12-15,23.97390365600586,24.241686520967306,23.71098875995156,23.827838586668246,156731000,12.279999732971191,12.119999885559082,12.539999961853027,12.010000228881836,-0.005668068529258163,1.4532873844932168,1.1904761904761905,0.0
2023-12-18,24.475383758544922,24.636052706552842,24.03719234162481,24.095619102076945,116436000,12.5600004196167,12.619999885559082,12.640000343322754,12.399999618530273,-0.005542335248610364,3.391008297032113,2.7777777777777777,0.0
2023-12-19,24.84054183959961,24.860017425778835,24.51920209681889,24.548413618793607,120349600,12.529999732971191,12.600000381469727,12.600000381469727,12.329999923706055,0.03811102317958026,3.1833910993745747,2.7777777777777777,0.0
2023-12-20,23.736835479736328,25.07184884544663,23.69771330697149,24.685525783909252,176165000,13.670000076293945,12.630000114440918,13.930000305175781,12.289999961853027,0.12141103747799376,11.072666415169454,17.46031746031746,0.0
2023-12-21,24.524150848388672,24.58283224056508,23.932440126088533,24.397005655650663,149089400,13.649999618530273,13.399999618530273,14.489999771118164,13.34000015258789,0.09375000955202673,10.934254950064428,17.261904761904763,0.0
2023-12-22,24.621952056884766,24.910471538728252,24.27475118403264,24.744206042997295,132420000,13.029999732971191,13.720000267028809,13.960000038146973,13.0,0.061074919894850366,6.64359852913729,7.936507936507936,0.0
2023-12-26,25.071849822998047,25.1892126149728,24.75398868595786,24.763769229530414,87371200,12.989999771118164,13.770000457763672,13.800000190734863,12.960000038146973,0.03423561601398317,6.366782198749149,7.936507936507936,0.0
2023-12-27,25.203880310058594,25.26256169660951,24.949591814407775,25.1109660937847,111495600,12.430000305175781,13.020000457763672,13.039999961853027,12.369999885559082,-0.007980800472985883,2.4913535733151777,1.984126984126984,0.0
2023-12-28,25.140310287475586,25.433719115644948,25.07184835193259,25.389707604874758,85768200,12.470000267028809,12.4399995803833,12.649999618530273,12.380000114440918,-0.08778345300422752,2.7681699037033187,2.7777777777777777,0.0
2023-12-29,24.793109893798828,25.194102837402873,24.45079834389473,25.125640900511627,134245400,12.449999809265137,12.550000190734863,13.1899995803833,12.359999656677246,-0.08791207639567267,2.629758438598293,2.380952380952381,0.0
2024-01-02,23.53633689880371,24.17205722568138,23.115782906507615,24.132935056422347,176270600,13.199999809265137,13.220000267028809,14.229999542236328,13.100000381469727,0.013046821164836686,7.820069583242366,11.706349206349206,0.0
2024-01-03,22.783252716064453,23.247818232089706,22.705010240293195,23.066880991192356,167812200,14.039999961853027,13.350000381469727,14.220000267028809,13.329999923706055,0.08083142488342632,13.633219121215234,27.77777777777778,0.0
2024-01-04,22.401823043823242,22.96908151432263,22.36270086943462,22.43116280916676,143735400,14.130000114440918,13.930000305175781,14.199999809265137,13.640000343322754,0.1367658702757446,14.256057514544027,28.57142857142857,0.0
2024-01-05,22.484952926635742,22.944627243362056,22.235555615489538,22.426271535562716,170481600,13.350000381469727,14.239999771118164,14.579999923706055,13.289999961853027,0.07056937414569875,8.858135772064326,13.690476190476192,0.0
2024-01-08,23.839527130126953,23.912880267475686,22.656109448005328,22.6854492105866,135374200,13.079999923706055,14.0,14.180000305175781,13.020000457763672,0.05060241960582834,6.989620592077943,10.515873015873016,0.0
2024-01-09,23.996013641357422,24.162279146764043,23.282050768619307,23.306501194175123,148431600,12.760000228881836,13.199999809265137,13.449999809265137,12.739999771118164,-0.033333302025842726,4.775089948972817,6.349206349206349,0.0
2024-01-10,24.470359802246094,24.65129519041587,23.883540259982926,24.044914561472755,147621000,12.6899995803833,12.859999656677246,12.949999809265137,12.670000076293945,-0.09615387358530669,4.290656420927138,5.952380952380952,0.0
2024-01-11,24.587722778320312,24.925144997046512,23.66837408274958,24.67085646461804,190228400,12.4399995803833,12.640000343322754,13.3100004196167,12.350000381469727,-0.11960371694055616,2.56055270604578,2.380952380952381,0.0
2024-01-12,24.617061614990234,24.930031506940498,24.372553653723127,24.77843589939372,128214000,12.699999809265137,12.65999984741211,13.079999923706055,12.470000267028809,-0.048689180047276515,4.35986215347965,7.142857142857142,0.0
2024-01-16,24.602394104003906,24.895802939607016,24.12315867761329,24.39211708782412,145874000,13.84000015258789,14.119999885559082,14.350000381469727,13.520000457763672,0.058103993372692564,12.24913746927453,25.595238095238095,0.0
2024-01-17,24.176950454711914,24.250303601152865,23.40919548120809,23.996015056391702,166554600,14.789999961853027,14.59000015258789,15.399999618530273,14.380000114440918,0.159090885310202,18.823530265859308,38.492063492063494,0.0
2024-01-18,25.213665008544922,25.291907491993673,24.504591452976157,24.739318903322406,182140800,14.130000114440918,14.850000381469727,14.890000343322754,13.890000343322754,0.11347522314213676,14.256057514544027,31.547619047619047,0.0
2024-01-19,26.670930862426758,26.71005116912981,25.47773072809432,25.585314836061432,186359400,13.300000190734863,13.800000190734863,14.579999923706055,13.279999732971191,0.06913188419296268,8.512113709123673,14.484126984126986,0.0
2024-01-22,26.77851676940918,27.34577528508781,26.656262762879752,27.096377932564938,149656600,13.1899995803833,13.770000457763672,13.84000015258789,13.170000076293945,0.038582659722615986,7.750863850689853,13.293650793650794,0.0
2024-01-23,27.096376419067383,27.13060738974777,26.54378781809433,26.900769273366908,112172000,12.550000190734863,13.199999809265137,13.289999961853027,12.529999732971191,-0.09320808870163311,3.3218025644796,4.761904761904762,0.0
2024-01-24,27.541379928588867,28.31402607476671,27.443576359200186,27.849460519256432,179718600,13.140000343322754,12.65999984741211,13.180000305175781,12.40999984741211,-0.11156184062109664,7.40484838757111,13.492063492063492,0.0
2024-01-25,27.619617462158203,28.13308377763654,27.15016265174644,28.00104926243681,151395200,13.449999809265137,13.180000305175781,13.579999923706055,13.0600004196167,-0.04812457888664967,9.550173298123724,19.047619047619047,0.0
2024-01-26,27.11104393005371,27.57560946135998,26.983900602286184,27.228408580294975,128382600,13.260000228881836,13.729999542236328,14.100000381469727,13.199999809265137,-0.003007515885668388,8.235297378735531,15.476190476190476,0.0
2024-01-29,27.90813636779785,27.971708955082242,27.062139111811568,27.19417362442643,115977200,13.600000381469727,13.979999542236328,15.350000381469727,13.59000015258789,0.03108421638588954,10.588239486945685,23.214285714285715,0.0
2024-01-30,27.350664138793945,27.83478891838166,27.189287968632748,27.72231546589716,119554400,13.3100004196167,13.6899995803833,13.739999771118164,13.229999542236328,0.06055778624154229,8.581319441676186,16.666666666666664,0.0
2024-01-31,25.74180030822754,26.88609775024052,25.712460543975848,26.49977468704495,203451600,14.350000381469727,13.420000076293945,14.609999656677246,13.180000305175781,0.09208523641796162,15.778550631589757,38.095238095238095,0.0
2024-02-01,26.651369094848633,26.719831028914214,25.873833664986513,26.059660247055795,162261400,13.880000114440918,14.210000038146973,14.630000114440918,13.869999885559082,0.03197028336606911,12.52595379966267,30.357142857142854,0.0
2024-02-02,27.991273880004883,28.206440227067908,26.793184425939444,26.983900348521097,198505000,13.850000381469727,13.949999809265137,14.229999542236328,13.390000343322754,0.04449473170466467,12.318343201827043,29.365079365079367,0.0
2024-02-05,27.84946060180664,28.07929684528619,27.174618023017135,27.966823393062594,139947800,13.670000076293945,14.369999885559082,14.529999732971191,13.579999923706055,0.005147036239763203,11.072666415169454,25.992063492063494,0.0
2024-02-06,27.68808364868164,28.186880161027567,27.208848222807607,28.05973682985604,140124200,13.0600004196167,13.569999694824219,13.779999732971191,12.979999542236328,-0.018782869430382765,6.851215726794828,12.103174603174603,0.0
2024-02-07,28.514522552490234,28.685677399834045,27.957042766610545,28.211331300841298,131823400,12.829999923706055,13.0600004196167,13.130000114440918,12.8100004196167,-0.10592337403185448,5.259516877196586,8.73015873015873,0.0
2024-02-08,28.631885528564453,28.798151037965674,28.372707653639704,28.514522736897675,98922200,12.789999961853027,12.949999809265137,13.170000076293945,12.739999771118164,-0.07853026971187427,4.982700546808445,8.333333333333332,0.0
2024-02-09,29.472990036010742,29.639255525198642,28.710124521128428,28.866609467958483,110222000,12.930000305175781,12.789999961853027,13.010000228881836,12.6899995803833,-0.0664259964588042,5.951561003077893,11.11111111111111,0.0
2024-02-12,29.125791549682617,29.89843580442192,28.988865810965276,29.443650807693597,116255000,13.930000305175781,13.479999542236328,13.9399995803833,13.34000015258789,0.019019767917391572,12.871975862603325,34.32539682539682,0.0
2024-02-13,27.746767044067383,28.29935374874708,27.111044788750817,27.50225905831421,188933000,15.850000381469727,13.960000038146973,17.940000534057617,13.430000305175781,0.21362939297171257,26.159172920877904,53.37301587301587,0.0
2024-02-14,28.626996994018555,28.729689905974947,27.805449967471432,28.26512433440575,156151400,14.380000114440918,15.380000114440918,15.470000267028809,14.220000267028809,0.12081061574060659,15.986161229425386,41.66666666666667,0.0
2024-02-15,28.86661148071289,28.954634502623257,28.230891106708555,28.75902923817076,130057200,14.010000228881836,14.270000457763672,14.640000343322754,13.9399995803833,0.0953870422726768,13.425608523379607,36.7063492063492,0.0
2024-02-16,28.074405670166016,28.954634008809794,27.927701257966685,28.930183584351205,151933000,14.239999771118164,13.9399995803833,14.710000038146973,13.75,0.10131472815340925,15.017300773155936,40.87301587301587,0.0
2024-02-20,27.424015045166016,27.96193183758758,26.675819382062393,27.668523017257236,163321000,15.420000076293945,15.09000015258789,15.90999984741211,15.069999694824219,0.10696336959623354,23.183392419338958,51.98412698412699,0.0
2024-02-21,27.08170509338379,27.101264314553507,26.318839504327944,26.881208619172995,152898600,15.34000015258789,15.539999961853027,16.1200008392334,15.220000267028809,-0.032176669817502224,22.629759758562678,51.98412698412699,0.0
2024-02-22,29.424089431762695,29.63436644389841,28.602544334784444,28.74435754551145,179279200,14.539999961853027,14.279999732971191,14.640000343322754,14.119999885559082,0.011126553973489273,17.09342655097795,45.23809523809524,0.0
2024-02-23,29.15513038635254,29.937557024807482,28.95952512582466,29.74684110297748,140390800,13.75,14.3100004196167,14.3100004196167,13.640000343322754,-0.018558188767609063,11.626299075945735,28.57142857142857,0.0
2024-02-26,29.116010665893555,29.521892942100088,29.062218611896196,29.311615930354687,109875400,13.739999771118164,14.170000076293945,14.199999809265137,13.65999984741211,-0.035112360114928465,11.557093343393223,28.373015873015873,0.0
2024-02-27,29.296945571899414,29.38496859238166,28.788368534768168,29.3213959963783,109399800,13.430000305175781,13.630000114440918,13.75,13.40999984741211,-0.12905316220961016,9.411768432840608,20.833333333333336,0.0
2024-02-28,28.82259750366211,29.111116969582728,28.631881594323474,28.86660901085162,123503400,13.84000015258789,13.520000457763672,13.899999618530273,13.4399995803833,-0.09778357138718452,12.24913746927453,32.142857142857146,0.0
2024-02-29,29.517005920410156,29.756622714638503,28.744359748609057,29.380082037993958,136959800,13.399999618530273,14.140000343322754,14.149999618530273,13.300000190734863,-0.07840442546861381,9.204151235183069,20.238095238095237,0.0
2024-03-01,30.8715763092041,31.057401020240036,29.6979373262357,29.70771786872934,140959600,13.109999656677246,13.34000015258789,13.65999984741211,13.079999923706055,-0.04654547951438215,7.197231189913571,15.079365079365079,0.0
2024-03-04,30.50481605529785,30.944929299281394,30.470585087391836,30.852016938600475,120418600,13.489999771118164,13.489999771118164,13.579999923706055,13.319999694824219,-0.018195051249237038,9.826989628511864,23.809523809523807,0.0
2024-03-05,28.871501922607422,29.878873578285432,28.372705433435293,29.878873578285432,193207000,14.460000038146973,13.75,15.100000381469727,13.75,0.07669394710097222,16.53979389020167,47.61904761904761,0.0
2024-03-06,29.404531478881836,30.0402518815036,29.023097744950437,29.702831525956523,181677400,14.5,14.270000457763672,14.930000305175781,13.890000343322754,0.04768784972077467,16.81661022058981,48.214285714285715,0.0
2024-03-07,30.7150936126709,30.964490935480995,29.7859625275631,30.09893244852004,142370800,14.4399995803833,14.979999542236328,14.979999542236328,14.25,0.07761193966116653,16.401382425096642,46.42857142857143,0.0
2024-03-08,29.37030029296875,31.360593307574526,29.228485211724653,30.768884422250004,296451200,14.739999771118164,14.220000267028809,15.529999732971191,13.970000267028809,0.12433258254211466,18.477508202918653,50.79365079365079,0.0
2024-03-11,29.02798843383789,29.282276963459672,28.636776028822805,29.052438859379855,146770000,15.220000267028809,15.510000228881836,16.040000915527344,15.130000114440918,0.12824318200616602,21.799310767398254,56.34920634920635,0.0
2024-03-12,30.26030731201172,30.33854978888621,28.832379777242533,29.482771881938064,170560000,13.84000015258789,14.970000267028809,15.199999809265137,13.8100004196167,-0.0428768937706403,12.24913746927453,33.53174603174603,0.0
2024-03-13,29.55612564086914,30.054922172444257,29.326289395031555,30.04514162883126,143779800,13.75,13.890000343322754,14.039999961853027,13.670000076293945,-0.051724137931034475,11.940300935427775,30.753968253968257,0.0
2024-03-14,29.316503524780273,29.87887068948909,28.749245156429684,29.76639725654733,162480400,14.399999618530273,13.619999885559082,15.329999923706055,13.420000076293945,-0.0027700805412326224,16.56005667550346,46.62698412698413,0.0
2024-03-15,28.245561599731445,28.812820050179546,28.01572536239029,28.700346600959858,140883800,14.40999984741211,14.329999923706055,15.529999732971191,14.140000343322754,-0.022388054873152874,17.410714729201207,47.42063492063492,0.0
2024-03-18,29.04265785217285,29.732170287950773,28.993757001870023,29.282276495731583,129193800,14.329999923706055,14.75,14.850000381469727,14.260000228881836,-0.05847571141314423,16.81547722527901,45.63492063492063,0.0
2024-03-19,29.243152618408203,29.331175636180305,28.20643935575071,28.62699335945125,118810000,13.819999694824219,14.5,14.859999656677246,13.800000190734863,-0.0014451197646795366,14.486755058381764,32.93650793650794,0.0
2024-03-20,30.281156539916992,30.34495852768485,29.132730120990516,29.481183818790598,156556000,13.039999961853027,13.829999923706055,14.170000076293945,13.010000228881836,-0.051636366410688916,9.203037787215191,13.095238095238097,0.0
2024-03-21,30.673778533935547,31.385410570358626,30.634515198766255,31.28725410461426,126541800,12.920000076293945,12.979999542236328,13.079999923706055,12.399999618530273,-0.1027777487113144,8.064519047787947,10.912698412698413,0.0
2024-03-22,30.737579345703125,31.00259935927717,30.37930985074635,30.560898088534568,91574800,13.0600004196167,12.920000076293945,13.149999618530273,12.579999923706055,-0.09368490229636306,9.392795434524382,14.285714285714285,0.0
2024-03-25,30.423480987548828,30.737580176705258,29.967055018250004,30.17318190906684,86669400,13.1899995803833,13.670000076293945,13.670000076293945,13.109999656677246,-0.07955340888989515,11.582211755145353,17.46031746031746,0.0
2024-03-26,30.138826370239258,30.92407431559022,30.07502438962362,30.72776326534187,93986000,13.239999771118164,13.119999885559082,13.430000305175781,12.84000015258789,-0.041968157490138935,12.136931020455325,19.047619047619047,0.0
2024-03-27,30.403850555419922,30.73758142550205,29.795281947570473,30.708133923255186,111388600,12.779999732971191,13.130000114440918,13.34000015258789,12.65999984741211,-0.01993866791736476,7.365146090251627,8.333333333333332,0.0
2024-03-28,30.212446212768555,30.54126822690672,30.133921412961016,30.374402793293335,87023400,13.010000228881836,12.930000305175781,13.100000381469727,12.84000015258789,0.006965956041519394,9.751043501797339,13.492063492063492,0.0
2024-04-01,30.398941040039062,30.914262021148726,29.99650121232711,30.389125206170615,112290600,13.649999618530273,13.609999656677246,14.149999618530273,13.550000190734863,0.045176047469904335,16.390041740071894,31.349206349206348,0.0
2024-04-02,29.584245681762695,29.65295464696723,28.956047288831062,29.3830257670156,109672800,14.609999656677246,13.739999771118164,15.430000305175781,13.680000305175781,0.10765732535775263,26.34854899037145,55.75396825396825,0.0
2024-04-03,29.78055763244629,30.163365781478337,29.142543426666602,29.152359260254453,111683800,14.329999923706055,15.0,15.180000305175781,14.25,0.08232629693586735,23.443987261126335,49.404761904761905,0.0
2024-04-04,28.37692642211914,30.727765305882922,28.337664958333743,30.600161336177845,167520400,16.350000381469727,14.289999961853027,16.920000076293945,13.739999771118164,0.2793427795845935,44.39835018289971,70.63492063492063,0.0
2024-04-05,29.378116607666016,29.903251513850382,28.4947122150685,28.661577634839713,154897200,16.030000686645508,16.450000762939453,16.75,15.529999732971191,0.2321291625390871,41.078851063762436,69.04761904761905,0.0
2024-04-08,29.397747039794922,29.770739324235002,29.10818652564826,29.549887767313198,89725400,15.1899995803833,16.239999771118164,16.5,15.109999656677246,0.11282051317880137,32.36514609025163,62.698412698412696,0.0
2024-04-09,29.70203399658203,29.908160893445192,28.749920567500908,29.8443607808993,119965000,14.979999542236328,15.34000015258789,16.6299991607666,14.9399995803833,0.02532511254303693,30.18672232009586,61.111111111111114,0.0
2024-04-10,28.921693801879883,29.09346622080462,28.494715308996287,28.641949078385913,202080600,15.800000190734863,15.239999771118164,16.6200008392334,14.59000015258789,0.10258201499338426,38.69295365221672,67.46031746031747,0.0
2024-04-11,30.281156539916992,30.45783781547168,28.798999238760324,29.255425243216937,146931200,14.90999984741211,16.020000457763672,17.610000610351562,14.90999984741211,-0.08807342510460381,29.460584361006507,60.912698412698404,0.0
2024-04-12,28.81863021850586,29.618601048323736,28.52416080889663,29.38793549713563,172589800,17.309999465942383,14.90999984741211,19.200000762939453,14.90999984741211,0.07985020115209562,54.356847540311534,84.92063492063492,0.0
2024-04-15,27.370826721191406,29.559707142847913,27.20886826931163,29.544984328014806,203656200,19.229999542236328,16.940000534057617,19.459999084472656,16.260000228881836,0.2659644551320708,74.27386204091066,95.63492063492063,0.0
2024-04-16,27.375732421875,27.881237549592683,27.11071240637799,27.331562107262364,163766200,18.399999618530273,19.489999771118164,19.559999465942383,17.639999389648438,0.22830441794415313,65.66390378098255,91.66666666666666,0.0
2024-04-17,26.359819412231445,27.75363606516393,26.183138138001006,27.748729084070405,171026400,18.209999084472656,18.239999771118164,19.110000610351562,17.540000915527344,0.15253157371169013,63.69294375932899,90.47619047619048,0.0
2024-04-18,25.888668060302734,26.77698132555057,25.770879931625153,26.448157459118963,172781600,18.0,17.90999984741211,18.3700008392334,17.209999084472656,0.20724347311943236,61.514529882060955,89.68253968253968,0.0
2024-04-19,24.283817291259766,25.751251711877913,23.97462507272812,25.65800222491977,250807600,18.709999084472656,21.329999923706055,21.360000610351562,18.170000076293945,0.08087808559929699,68.87966607942485,92.85714285714286,0.0
2024-04-22,24.990537643432617,25.407702116322838,24.1316719237029,24.725517644200398,142604800,16.940000534057617,18.59000015258789,18.719999313354492,16.690000534057617,-0.11908471464853698,50.518684103474854,77.18253968253968,0.0
2024-04-23,26.104610443115234,26.31564617815656,25.270285208407238,25.334085316449485,151835000,15.6899995803833,16.719999313354492,16.760000228881836,15.6899995803833,-0.14728261382232777,37.55186841034748,67.06349206349206,0.0
2024-04-24,26.359819412231445,26.94875636893991,25.927933933200347,26.65919580776869,144316800,15.970000267028809,15.760000228881836,16.3799991607666,15.579999923706055,-0.12300927677442086,40.45644003248033,70.23809523809523,0.0
2024-04-25,25.937746047973633,26.104611475953075,24.774596905040415,24.980725667687416,172827200,15.369999885559082,16.25,17.549999237060547,15.270000457763672,-0.1461111174689399,34.232369291210205,65.07936507936508,0.0
2024-04-26,27.130346298217773,27.419906877255006,26.389268543558593,26.51687065383203,135994600,15.029999732971191,15.489999771118164,16.059999465942383,14.920000076293945,-0.1966862389937517,30.70539653068299,62.301587301587304,0.0
2024-04-29,27.454259872436523,27.645665835719434,26.934033752447196,27.522970713506254,102355000,14.670000076293945,15.369999885559082,15.420000076293945,14.630000114440918,-0.13400238407312148,26.97096002165355,56.74603174603175,0.0
2024-04-30,25.883760452270508,27.41008600221662,25.878851599597755,27.140157142756248,125248600,15.649999618530273,14.819999694824219,15.899999618530273,14.670000076293945,-0.002549392155691166,37.13693102045533,67.26190476190477,0.0
2024-05-01,25.324270248413086,26.894768049037044,25.16231367487042,25.594200991282243,208076800,15.390000343322754,15.75,16.219999313354492,14.350000381469727,-0.03631809104621653,34.43984293260015,66.26984126984127,0.0
2024-05-02,26.261661529541016,26.42852696043867,25.127959867781797,25.972100983929757,124829800,14.680000305175781,15.140000343322754,16.09000015258789,14.600000381469727,-0.044892621048851944,27.074696842348523,57.14285714285714,0.0
2024-05-03,27.827253341674805,28.028473261788847,27.351195681233243,27.645665089908213,150878000,13.489999771118164,14.510000228881836,14.579999923706055,13.479999542236328,-0.10246174246262574,14.730292180503254,26.785714285714285,0.0
2024-05-06,28.74010467529297,28.759734471017136,28.03337960821384,28.180613373129024,82530800,13.489999771118164,13.979999542236328,14.020000457763672,13.4399995803833,-0.08043628486973275,14.730292180503254,26.984126984126984,0.0
2024-05-07,28.74010467529297,29.068926687864256,28.60268487215042,28.81862947472633,93320400,13.229999542236328,13.520000457763672,13.640000343322754,13.15999984741211,-0.1546325965036166,12.033194199760356,19.841269841269842,0.0
2024-05-08,28.68611717224121,28.965861874045164,28.195336730875848,28.219875378508355,78027200,13.0,13.239999771118164,13.510000228881836,12.9399995803833,-0.1552956653675256,9.64730668110237,13.492063492063492,0.0
2024-05-09,28.843168258666992,28.956047541370186,28.342571957866582,28.710657307968745,81439200,12.6899995803833,13.079999923706055,13.289999961853027,12.680000305175781,-0.13555862966098564,6.4315344897723365,6.944444444444445,0.0
2024-05-10,29.03948211669922,29.481185328200745,28.730291740827237,29.132731612560143,92669600,12.550000190734863,12.770000457763672,12.960000038146973,12.5,-0.06968121544344441,4.9792585715936415,4.9603174603174605,0.0
2024-05-13,29.230884552001953,29.432104463514854,28.94623098966822,29.407563943040053,67722000,13.600000381469727,13.260000228881836,13.65999984741211,13.25,0.008154233670712996,15.871377422372488,32.142857142857146,0.0
2024-05-14,29.77564811706543,29.888529264724735,29.09346361140819,29.132726944886,92952800,13.420000076293945,13.710000038146973,14.029999732971191,13.270000457763672,0.014361340939661238,14.00415422141391,25.793650793650798,0.0
2024-05-15,31.149837493896484,31.223453442185463,29.96705661846907,30.276246971204866,130481400,12.449999809265137,13.729999542236328,13.9399995803833,12.380000114440918,-0.04230770697960484,3.9419101504193796,2.976190476190476,0.0
2024-05-16,30.958431243896484,31.508102943681994,30.914260929138173,31.09584916884286,87715200,12.420000076293945,12.520000457763672,12.670000076293945,12.329999923706055,-0.02127655736937384,3.6307095812221912,1.984126984126984,0.0
2024-05-17,30.889719009399414,31.095847759656554,30.43820192093505,30.96333682138669,70099600,11.989999771118164,12.279999732971191,12.479999542236328,11.90999984741211,-0.04462154670165852,0.0,0.3968253968253968,0.0
2024-05-20,31.527732849121094,31.67005961896526,30.894627535865016,30.928982015182065,74539000,12.149999618530273,12.270000457763672,12.59000015258789,12.069999694824219,-0.10661770016676675,1.6460890814290752,1.1904761904761905,0.0
2024-05-21,31.6896915435791,31.738768836667273,31.09093883257404,31.135109145224884,62314000,11.859999656677246,12.300000190734863,12.5600004196167,11.84000015258789,-0.11624444193352845,0.0,0.3968253968253968,0.0
2024-05-22,31.670066833496094,31.900734280467567,31.125300148542525,31.748593515170754,80039400,12.289999961853027,12.050000190734863,12.8100004196167,11.779999732971191,-0.01285139356331877,4.365485585332895,2.7777777777777777,0.0
2024-05-23,31.19891357421875,32.641809319346365,30.821012396789083,32.63690046634479,130877800,12.770000457763672,11.529999732971191,13.369999885559082,11.520000457763672,0.028180384808352166,9.238587349746666,11.507936507936508,0.0
2024-05-24,32.0724983215332,32.337520186281,31.380498033921945,31.53264063157612,82558000,11.930000305175781,12.859999656677246,12.890000343322754,11.890000343322754,-0.005004125695390882,0.7106665235025545,0.7936507936507936,0.0
2024-05-28,32.420955657958984,32.44058732548122,31.802574980618413,32.322801064705544,83186400,12.920000076293945,12.510000228881836,13.4399995803833,12.359999656677246,0.06337452526248022,10.761426205015978,15.476190476190476,0.0
2024-05-29,31.74367904663086,32.11667322989346,31.50810278763406,31.52773445458026,79282200,14.279999732971191,13.75,14.319999694824219,13.6899995803833,0.20404722987757196,24.568530120570582,55.55555555555556,0.0
2024-05-30,30.722856521606445,31.55718556310632,30.423482009013217,31.532645041984217,84703600,14.470000267028809,14.819999694824219,14.880000114440918,13.670000076293945,0.17738000910840457,26.497469664683248,61.50793650793651,0.0
2024-05-31,30.688499450683594,30.865180703661284,28.936413478952737,30.72285393074273,143746400,12.920000076293945,14.5,14.869999885559082,12.84000015258789,0.011746250051156482,10.761426205015978,15.674603174603174,0.0
2024-06-03,30.987876892089844,31.483566188269798,29.91797537586366,31.277437428539663,111435000,13.109999656677246,13.079999923706055,14.3100004196167,13.0,0.09891025325368408,12.690356067155328,22.42063492063492,0.0
2024-06-04,31.218544006347656,31.473748186963242,30.5608981435795,30.919167639181577,88491800,13.15999984741211,13.510000228881836,14.079999923706055,13.109999656677246,0.018575833568184263,13.197972246236207,23.41269841269841,0.0
2024-06-05,33.1031379699707,33.11786452789267,31.728955034826868,31.959622432290637,104871400,12.630000114440918,13.140000343322754,13.25,12.600000381469727,-0.11554619393448429,7.8172639847148755,9.126984126984127,0.0
2024-06-06,33.06388473510742,33.314180102512864,32.808676769759906,33.24547112977119,73031200,12.579999923706055,12.75,12.979999542236328,12.539999961853027,-0.1306150869692303,7.309647805633998,8.73015873015873,0.0
2024-06-07,32.941184997558594,33.53502888995206,32.69579477370885,32.941184997558594,89943400,12.220000267028809,12.6899995803833,13.079999923706055,12.109999656677246,-0.05417955148077125,3.654828743803658,2.7777777777777777,0.0
2024-06-10,33.28963851928711,33.40251592491988,32.62708566668635,32.68106807088616,72041800,12.739999771118164,13.09000015258789,13.279999732971191,12.619999885559082,-0.02822272274970139,8.93401183311415,12.698412698412698,0.0
2024-06-11,33.97673416137695,34.02090260713366,32.71542848187756,33.03934165050042,71386800,12.850000381469727,12.850000381469727,13.470000267028809,12.779999732971191,-0.023556190694283607,10.050769363486742,15.873015873015872,0.0
2024-06-12,35.316558837890625,35.83678488878525,34.70799216096129,34.850318933148166,124402600,12.039999961853027,13.100000381469727,13.149999618530273,11.9399995803833,-0.04671418426301477,1.827414371901829,1.5873015873015872,0.0
2024-06-13,35.880958557128906,36.26376670431691,35.37054644609236,36.10671711202548,87285000,11.9399995803833,12.050000190734863,12.680000305175781,11.880000114440918,-0.05087443141527548,0.8121820137400756,1.1904761904761905,0.0
2024-06-14,36.401187896728516,36.4208195655717,35.69446654016389,35.802435102264425,71555000,12.65999984741211,12.220000267028809,13.449999809265137,12.119999885559082,0.03600651151951917,8.121829819374074,11.507936507936508,0.0
2024-06-17,37.72138977050781,38.1434613027526,36.15579876731245,36.45517517377347,93354600,12.75,13.069999694824219,13.289999961853027,12.5,0.0007849473360672654,9.035537005324988,14.285714285714285,0.0
2024-06-18,37.74101638793945,37.90297483094018,37.328758873424654,37.70666190709302,66433200,12.300000190734863,12.699999809265137,12.739999771118164,12.239999771118164,-0.04280156999279072,4.467010757543734,4.761904761904762,0.0
2024-06-20,36.85270309448242,38.11401247641253,36.42572648892915,38.01585413739735,105455000,13.279999732971191,12.5,13.550000190734863,12.180000305175781,0.10299001453878076,14.41624526684632,30.952380952380953,0.0
2024-06-21,36.51406478881836,37.068645327477874,36.180333946205835,36.759455004140584,77341800,13.199999809265137,13.220000267028809,13.779999732971191,12.989999771118164,0.10552766106892841,13.604063253106244,29.166666666666668,0.0
2024-06-24,35.27729797363281,36.6269442331543,35.23803838270407,36.22941326036245,93754600,13.329999923706055,13.850000381469727,13.880000114440918,13.149999618530273,0.05292259750152395,14.923861445927194,32.34126984126984,0.0
2024-06-25,36.455169677734375,36.528787490977514,35.51778100513486,35.72390788672962,77675000,12.84000015258789,13.479999542236328,13.520000457763672,12.84000015258789,0.007058835497089522,9.949244191275904,17.46031746031746,0.0
2024-06-26,36.68327713012695,36.80151387811977,36.16598900848435,36.25959137791771,72549600,12.550000190734863,12.8100004196167,13.239999771118164,12.369999885559082,0.020325202936851694,7.0050819709748,9.523809523809524,0.0
2024-06-27,36.949310302734375,37.29416902875528,36.417239332292226,36.61430307230912,74115400,12.239999771118164,12.6899995803833,12.770000457763672,12.210000038146973,-0.07831325171422598,3.857869406252018,3.968253968253968,0.0
2024-06-28,36.367977142333984,38.19573604859204,36.18569251098848,37.092184281520446,107803000,12.4399995803833,12.239999771118164,12.760000228881836,11.869999885559082,-0.057575775747238156,5.888324440602207,6.944444444444445,0.0
2024-07-01,36.964088439941406,37.09218043133897,35.678252174994576,36.535478857411206,86557400,12.220000267028809,12.979999542236328,13.260000228881836,12.100000381469727,-0.08327079242537905,3.654828743803658,3.7698412698412698,0.0
2024-07-02,38.097198486328125,38.12182910166605,36.57488513216073,36.59951950617641,74950200,12.029999732971191,12.670000076293945,12.880000114440918,11.850000381469727,-0.06308414408028218,1.72588919969099,1.984126984126984,0.0
2024-07-03,39.03325271606445,39.07266245678041,37.909990535400794,37.909990535400794,56150400,12.09000015258789,12.130000114440918,12.229999542236328,11.949999809265137,-0.03665338893672454,2.335030550982706,3.1746031746031744,0.0
2024-07-05,40.215633392333984,40.32401865186298,39.131788314401476,39.20076006888743,79624600,12.479999542236328,12.369999885559082,12.609999656677246,11.84000015258789,0.01960782480441492,6.294415447472244,10.515873015873016,0.0
2024-07-08,40.48166275024414,40.629461492314626,40.0431979097607,40.30430576323082,73365600,12.369999885559082,12.90999984741211,12.90999984741211,12.3100004196167,-0.005626985304292287,5.17766759907297,7.142857142857142,0.0
2024-07-09,40.570335388183594,41.13196451310575,40.21069759769222,40.85114995064467,72033600,12.510000228881836,12.479999542236328,12.609999656677246,12.350000381469727,0.023731583921113852,6.598990964104762,11.507936507936508,0.0
2024-07-10,41.84139633178711,41.97441218614011,40.727989470219704,41.04821755644176,77554800,12.850000381469727,12.510000228881836,12.920000076293945,12.390000343322754,0.06816298143807265,10.050769363486742,22.023809523809522,0.0
2024-07-11,39.092369079589844,41.905442752516564,38.77214097573875,41.86110538485071,149329000,12.920000076293945,12.880000114440918,13.329999923706055,12.229999542236328,0.06865177115224363,10.761426205015978,23.809523809523807,0.0
2024-07-12,39.7278938293457,40.861007392577385,39.0677346943462,39.171192300935175,101019800,12.460000038146973,12.869999885559082,12.890000343322754,12.109999656677246,-0.0016025244249144865,6.091374785023885,10.119047619047619,0.0
2024-07-15,40.02349090576172,41.19601806341439,39.52590957855633,40.13680377511904,109900400,13.119999885559082,12.779999732971191,13.260000228881836,12.75,0.060630558362054776,12.791881239366168,31.746031746031743,0.0
2024-07-16,40.05305099487305,40.57033904675081,39.28450283987504,40.36835145278271,83637600,13.1899995803833,13.380000114440918,13.470000267028809,12.949999809265137,0.05435646195525634,13.502538080895404,33.53174603174603,0.0
2024-07-17,36.53055191040039,38.21543954456352,36.500989906494915,38.09720280497616,142840000,14.479999542236328,13.600000381469727,14.880000114440918,13.539999961853027,0.1268481799515846,26.598985154920772,65.87301587301587,0.0
2024-07-18,35.983699798583984,37.40255186989752,35.24964126684297,37.34835925090879,131678400,15.930000305175781,14.270000457763672,16.43000030517578,14.079999923706055,0.2329721525624977,41.319805938399604,79.36507936507937,0.0
2024-07-19,35.00823974609375,36.441874834261796,34.70279451038275,35.86546647782815,118249600,16.520000457763672,16.440000534057617,17.190000534057617,10.619999885559082,0.3258427293087307,47.30965555121266,82.93650793650794,0.0
2024-07-22,36.53548049926758,36.76702635744031,35.530458789623054,36.28422413218688,112808600,14.90999984741211,16.790000915527344,16.889999389648438,14.75,0.13643292511177862,30.964470740253663,70.23809523809523,0.0
2024-07-23,36.14134979248047,37.01335180006432,36.03296455521151,36.32363439685809,87127000,14.720000267028809,15.210000038146973,15.350000381469727,13.899999618530273,0.11599702314782379,29.035540878114315,66.66666666666666,0.0
2024-07-24,32.24443054199219,34.673232067192416,32.047370557060326,34.59933645218211,159575200,18.040000915527344,15.350000381469727,18.459999084472656,15.180000305175781,0.24585645620408636,62.74113317622072,92.06349206349206,0.0
2024-07-25,31.170434951782227,33.1755486062417,30.608805797949216,32.29861900670166,188128000,18.459999084472656,18.40999984741211,19.360000610351562,16.420000076293945,0.15881975711418272,67.00507422539614,93.65079365079364,0.0
2024-07-26,32.0621452331543,32.68289086521532,31.42168909491993,32.022731738163124,137407000,16.389999389648438,17.969999313354492,18.049999237060547,16.3700008392334,-0.007869313832502889,45.989847676418385,81.34920634920636,0.0
2024-07-29,32.249351501464844,33.101650418922354,31.78625236353137,32.6484027747273,115640800,16.600000381469727,16.59000015258789,17.209999084472656,16.229999542236328,0.11334678412830068,48.12183756495273,82.14285714285714,0.0
2024-07-30,30.933961868286133,32.80605793105238,30.219608186875963,32.653335323678924,143063600,17.690000534057617,16.639999389648438,18.31999969482422,16.260000228881836,0.20176631882821927,59.18782960462791,89.68253968253968,0.0
2024-07-31,33.63865280151367,33.99336679555144,32.70260281917586,32.998200319992904,173408400,16.360000610351562,16.65999984741211,16.770000457763672,15.710000038146973,-0.09312639799977929,45.6852915237325,80.15873015873017,0.0
2024-08-01,31.21477699279785,34.59440747196165,30.39696568367703,33.78644953756989,210693200,18.59000015258789,16.200000762939453,19.479999542236328,15.949999809265137,0.0070423117314553085,68.32488210019042,94.44444444444444,0.0
2024-08-02,28.938697814941406,29.91415928564654,28.081473073167174,29.38701599409385,209844000,23.389999389648438,20.520000457763672,29.65999984741211,20.010000228881836,0.4270897047391622,100.0,100.0,0.0
2024-08-05,26.416292190551758,27.68242169858006,24.04168340962668,24.302793138526248,287924400,38.56999969482422,23.389999389648438,65.7300033569336,23.389999389648438,1.3234939041253995,100.0,100.0,0.0
2024-08-06,27.076454162597656,28.45096895810871,26.179817715477117,26.667549438811044,192909400,27.709999084472656,33.709999084472656,34.77000045776367,24.020000457763672,0.5664216081352891,59.34106853297861,99.60317460317461,0.0
2024-08-07,26.204448699951172,28.82538614469806,26.110844462402714,28.362288825134467,182751600,27.850000381469727,24.770000457763672,29.760000228881836,21.969999313354492,0.7023226981940347,59.865221647157284,99.60317460317461,0.0
2024-08-08,28.60369110107422,28.746560327669975,26.60842700340267,27.317854906339736,152879200,23.790000915527344,28.34000015258789,29.469999313354492,23.360000610351562,0.27972031846463263,44.664924155042236,98.80952380952381,0.0
2024-08-09,28.992889404296875,29.327896611672067,28.081473897941386,28.29824249357399,125592400,20.3700008392334,23.780000686645508,24.520000457763672,20.260000228881836,-0.12911494780763355,31.8607307016183,96.23015873015873,0.0
2024-08-12,29.18995475769043,29.756511593330604,28.628325549122792,29.180101382884445,108972600,20.709999084472656,20.790000915527344,21.190000534057617,18.889999389648438,-0.46305420668043795,33.13365561645797,96.82539682539682,0.0
2024-08-13,31.31330680847168,31.387204295087734,30.002838124820826,30.032396367731668,108962800,18.1200008392334,20.059999465942383,20.790000915527344,17.950000762939453,-0.34608439415694636,23.436919407022376,88.4920634920635,0.0
2024-08-14,31.36749839782715,31.845376717464607,30.480715379006117,31.52515050809704,124710600,16.190000534057617,18.40999984741211,18.489999771118164,16.1200008392334,-0.41867144300544445,16.21116013177201,76.19047619047619,0.0
2024-08-15,33.727325439453125,33.8110762960819,32.51046104972813,32.57943278561979,106424800,15.229999542236328,16.270000457763672,16.68000030517578,14.770000457763672,-0.3598150922181782,12.61699693278203,69.84126984126983,0.0
2024-08-16,33.81600570678711,34.121454666622085,33.101653936498835,33.313496781822884,89675200,14.800000190734863,15.289999961853027,15.760000228881836,14.649999618530273,-0.2734413558673253,11.007115424405601,65.47619047619048,0.0
2024-08-19,35.1264762878418,35.15110690415285,33.44651264616302,33.83571246718548,91599800,14.649999618530273,15.9399995803833,16.06999969482422,14.460000038146973,-0.2926122517545582,10.445525862479878,63.095238095238095,0.0
2024-08-20,34.909706115722656,35.50089353375916,34.53035778622892,34.9294128641476,97859000,15.880000114440918,14.890000343322754,15.930000305175781,14.779999732971191,-0.12362034332484328,15.050544560173511,75.39682539682539,0.0
2024-08-21,35.3875846862793,35.79649126204826,34.69293589428543,35.06735659972917,103000800,16.270000457763672,16.25,17.170000076293945,15.920000076293945,0.004941316928172235,16.5106731366084,78.17460317460318,0.0
2024-08-22,33.68791198730469,36.04281753955227,33.46129003213664,35.89501881464029,127496400,17.549999237060547,16.270000457763672,18.059999465942383,15.760000228881836,0.1523309103450936,21.302881213990627,85.71428571428571,0.0
2024-08-23,34.747127532958984,35.33339107062706,33.74703356306252,34.58454968086446,128753200,15.859999656677246,17.1200008392334,17.209999084472656,15.609999656677246,0.071621584613625,14.975664523726085,75.39682539682539,0.0
2024-08-26,33.727325439453125,34.81609785166031,33.26915390321411,34.619034138250825,84981400,16.149999618530273,16.270000457763672,16.670000076293945,15.8100004196167,0.1023890811643915,16.061400058877158,77.77777777777779,0.0
2024-08-27,34.01306915283203,34.23969111782232,32.934148186774095,33.36768912734496,71532600,15.430000305175781,16.209999084472656,16.809999465942383,15.369999885559082,-0.02833751927091721,13.365783015349658,73.01587301587301,0.0
2024-08-28,32.86024856567383,34.05248238429794,32.10155944292827,33.89483215950072,118625800,17.110000610351562,15.510000228881836,17.889999389648438,15.460000038146973,0.051628772523301336,19.655563257867144,82.53968253968253,0.0
2024-08-29,32.68782424926758,34.20521024559441,32.41193725309122,33.229746745476184,120033600,15.649999618530273,16.540000915527344,16.56999969482422,15.1899995803833,-0.1082620912323472,14.1894419934114,72.81746031746032,0.0
2024-08-30,33.801231384277344,33.92932338673983,32.604073508626215,33.559830261646006,92946800,15.0,15.670000076293945,16.040000915527344,14.779999732971191,-0.05422444358724665,11.755897936496574,67.85714285714286,0.0
2024-09-03,30.71718978881836,33.16569779977463,30.19497411953454,33.13613955696321,147572600,20.719999313354492,15.760000228881836,21.989999771118164,15.710000038146973,0.28297212401049654,33.17109563468168,96.82539682539682,0.0
2024-09-04,30.45608139038086,31.219700011409365,29.879673114161175,30.071809206234402,96798400,21.31999969482422,23.200000762939453,23.309999465942383,19.34000015258789,0.38172386734643937,35.417446741431256,97.22222222222221,0.0
2024-09-05,30.554615020751953,31.392133054663827,29.914160716938998,30.121075942137747,110171600,19.899999618530273,20.75,21.530000686645508,19.209999084472656,0.16306247274420071,30.101085549870366,94.04761904761905,0.0
2024-09-06,28.07655143737793,30.5299855343723,27.943533688347372,30.35262853566489,169904600,22.3799991607666,21.979999542236328,23.760000228881836,18.829999923706055,0.4300319301137694,39.38599584075174,98.01587301587301,0.0
2024-09-09,29.120983123779297,29.308193487124548,28.24897918320429,28.85494764102643,110835000,19.450000762939453,21.31999969482422,21.40999984741211,19.290000915527344,0.29666671752929696,28.41632757552317,92.46031746031747,0.0
2024-09-10,29.904308319091797,30.012691682780588,28.672664664099045,29.451062476798146,91582400,19.079999923706055,19.860000610351562,20.739999771118164,18.899999618530273,-0.0791505523164483,27.031075465059047,90.87301587301587,0.0
2024-09-11,31.810890197753906,31.998098668577178,28.46082003982757,30.14078180586548,163475200,17.690000534057617,19.40999984741211,21.40999984741211,17.549999237060547,-0.17026262723858498,21.827034328169294,83.92857142857143,0.0
2024-09-12,32.751869201660156,32.95385680332407,31.475884441056845,31.840449904652896,109802600,17.06999969482422,17.6200008392334,18.59000015258789,16.889999389648438,-0.14221105416860635,19.505803184972294,79.36507936507937,0.0
2024-09-13,33.180477142333984,33.436661110666755,32.540024738857866,32.589289730097896,87966600,16.559999465942383,17.030000686645508,17.18000030517578,16.229999542236328,-0.2600536154186729,17.59640510128282,76.5873015873016,0.0
2024-09-16,32.737083435058594,32.86517541426064,32.03751081400036,32.72230431412716,82331000,17.139999389648438,17.15999984741211,17.690000534057617,16.90999984741211,-0.11876613278558601,19.76787617158497,79.76190476190477,0.0
2024-09-17,32.75679397583008,33.628799798542474,32.25428501258087,33.352909060721835,103114400,17.610000610351562,17.15999984741211,18.079999923706055,16.670000076293945,-0.07704398947759339,21.527521323332905,83.13492063492063,0.0
2024-09-18,32.328182220458984,33.87512626483381,32.214869356651555,33.01789962214615,166396200,18.229999542236328,17.579999923706055,19.389999389648438,17.110000610351562,0.03052566375784327,23.848745325576594,87.3015873015873,0.0
2024-09-19,34.77176284790039,35.372805523161034,34.19535454799094,34.633819366760825,114801400,16.329999923706055,17.209999084472656,17.270000457763672,16.209999084472656,-0.04335089539237302,16.735306104997363,73.4126984126984,0.0
2024-09-20,34.55006790161133,34.82103102051263,33.65343143362652,34.559923156123176,96759600,16.149999618530273,16.350000381469727,16.68000030517578,15.8100004196167,-0.024758445690491904,16.061400058877158,72.02380952380952,0.0
2024-09-23,34.80624771118164,35.052576422855005,34.50572638224591,34.791468589869694,69837000,15.890000343322754,16.709999084472656,16.950000762939453,15.75,-0.07292876842694695,15.087984578397224,70.23809523809523,0.0
2024-09-24,35.29890441894531,35.51567112492261,34.18056998575964,35.11661982287829,81259600,15.390000343322754,15.869999885559082,16.670000076293945,15.270000457763672,-0.1260647467396362,13.216026512931464,66.07142857142857,0.0
2024-09-25,35.42246627807617,35.82774620384753,35.12097713894087,35.16051756359721,64724800,15.40999984741211,15.819999694824219,15.819999694824219,15.170000076293945,-0.154690058455058,13.290902978902233,66.66666666666666,0.0
2024-09-26,36.17372512817383,37.10290263354838,35.37799186417135,37.02876526799365,107003200,15.369999885559082,15.0600004196167,15.829999923706055,14.899999618530273,-0.05878751026528495,13.141146476484037,65.67460317460318,0.0
2024-09-27,35.550968170166016,36.4060118795458,35.28407597944832,36.386241668664994,82930600,16.959999084472656,15.640000343322754,16.969999313354492,15.199999809265137,0.05015476687770337,19.093970125464764,78.96825396825396,0.0
2024-09-30,35.82775115966797,35.89200530131799,34.6860485779646,35.31868037684409,85862800,16.729999542236328,17.010000228881836,17.790000915527344,16.469999313354492,0.05286338456666906,18.23287112917931,78.17460317460318,0.0
2024-10-01,34.31041717529297,35.798092653780515,33.46031690187151,35.723955300487724,134760200,19.260000228881836,16.959999084472656,20.729999542236328,16.610000610351562,0.25146197525837977,27.70498151117925,91.66666666666666,0.0
2024-10-02,34.43892288208008,34.86397303375522,33.54434242765759,34.107780299267425,79119400,18.899999618530273,19.649999618530273,20.360000610351562,18.579999923706055,0.22647630147149278,26.35716941893884,89.68253968253968,0.0
2024-10-03,34.359840393066406,34.99741559019999,33.80134604400321,33.9693909607616,97749400,20.489999771118164,19.6299991607666,20.75,19.15999984741211,0.33311645567216885,32.30999663839623,94.84126984126983,0.0
2024-10-04,35.57073974609375,35.664647308685815,34.488344226220356,35.5855664621278,110700400,19.209999084472656,20.479999542236328,20.479999542236328,18.479999542236328,0.13266510150109245,27.51778142006069,90.47619047619048,0.0
2024-10-07,34.399383544921875,35.37798837809176,34.13249131769373,35.11603964695561,82403400,22.639999389648438,20.760000228881836,23.030000686645508,20.649999618530273,0.353257621585213,40.35941489170833,98.01587301587301,0.0
2024-10-08,35.891998291015625,36.06992642104604,34.75029216152343,34.92328056684016,77914000,21.420000076293945,22.920000076293945,23.139999389648438,21.139999389648438,0.11214952345499074,35.79183978271507,96.82539682539682,0.0
2024-10-09,36.75693130493164,36.88543204278952,35.61522498688497,35.84257679707527,78696200,20.860000610351562,21.979999542236328,22.010000228881836,20.709999084472656,0.10370375827413403,33.695248748860344,95.23809523809523,0.0
2024-10-10,36.62842559814453,37.04358877601182,35.94142669373361,36.237972359464926,86060600,20.93000030517578,20.90999984741211,21.389999389648438,20.639999389648438,0.02147391600647186,33.95732173547302,95.23809523809523,0.0
2024-10-11,36.72233200073242,36.969454009429725,36.03038962222345,36.16383384777565,70735200,20.459999084472656,20.8700008392334,21.15999984741211,20.139999389648438,0.0650702789991473,32.19767658372509,92.85714285714286,0.0
2024-10-14,37.66139221191406,37.9678248568832,37.172091695777475,37.28576947769939,67691200,19.700000762939453,20.860000610351562,20.860000610351562,19.690000534057617,-0.12985860008694272,29.35230660825605,90.47619047619048,0.0
2024-10-15,36.15889358520508,37.883804124459104,35.65476258331625,37.735529413131204,106307600,20.639999389648438,19.610000610351562,20.889999389648438,19.440000534057617,-0.03641459775290823,32.87158262984529,93.25396825396825,0.0
2024-10-16,36.13912582397461,36.32199370679783,35.42246969831545,36.198432695903094,70784200,19.579999923706055,20.770000457763672,21.010000228881836,19.450000762939453,-0.06136148845606071,28.90303353052481,89.68253968253968,0.0
2024-10-17,36.24785232543945,37.36484479584862,36.203372176426896,37.354961575217736,97697800,19.110000610351562,19.549999237060547,19.649999618530273,18.8799991607666,-0.0869565058904539,27.143395519730184,87.3015873015873,0.0
2024-10-18,36.89037322998047,37.14243873517176,36.63830772478918,36.80140915584135,64151600,18.030000686645508,19.299999237060547,19.31999969482422,17.989999771118164,-0.11876825545272407,23.099966383962276,82.53968253968253,0.0
2024-10-21,37.093017578125,37.27588546390232,36.16877984422014,36.60371325211385,74995800,18.3700008392334,18.780000686645508,19.34000015258789,18.360000610351562,-0.06751268386791698,24.372898439755257,84.92063492063492,0.0
2024-10-22,37.201744079589844,37.53783014914493,36.30716364963722,36.48014829482385,76308000,18.200000762939453,18.790000915527344,19.440000534057617,18.049999237060547,-0.11821699122397822,23.736432411858768,84.12698412698413,0.0
2024-10-23,35.481773376464844,36.806347304092924,34.73546396133125,36.65807261181031,118172200,19.239999771118164,18.209999084472656,20.469999313354492,18.18000030517578,-0.017364665674806434,27.630101474731827,89.68253968253968,0.0
2024-10-24,36.326934814453125,36.475209526090445,35.70418630467196,36.28739438857883,78612800,19.079999923706055,18.8700008392334,20.239999771118164,18.6299991607666,-0.0015698945937896447,27.031075465059047,87.89682539682539,0.0
2024-10-25,36.939796447753906,38.05678897210494,36.76681179749176,36.92002623475501,114826000,20.329999923706055,19.219999313354492,20.510000228881836,18.229999542236328,0.12756512198938053,31.71097062872345,92.46031746031747,0.0
2024-10-28,36.974395751953125,37.65645494647151,36.900262161925305,37.65645494647151,69162200,19.799999237060547,19.110000610351562,19.8799991607666,18.90999984741211,0.07784422060411966,29.72669250858655,92.06349206349206,0.0
2024-10-29,37.997474670410156,38.28413707508802,36.60865033545828,37.03370044700622,78545200,19.34000015258789,19.75,20.530000686645508,19.059999465942383,0.06263732647582132,28.004494516015644,90.47619047619048,0.0
2024-10-30,37.152320861816406,38.04690507285439,37.03864685257707,37.83438000038247,80473200,20.350000381469727,19.329999923706055,20.440000534057617,19.299999237060547,0.05769234010167823,31.785850665170873,93.25396825396825,0.0
2024-10-31,34.32524490356445,36.24291407104936,34.31536168253256,36.23302707923493,138905200,23.15999984741211,21.440000534057617,23.420000076293945,21.1200008392334,0.21383647484384083,42.30625299362153,98.01587301587301,0.0
2024-11-01,35.05672836303711,35.76349745992022,34.5822545580417,34.63662170170829,96678800,21.8799991607666,22.959999084472656,23.09000015258789,21.15999984741211,0.0762419696447294,37.51403777528598,96.82539682539682,0.0
2024-11-04,34.73052978515625,35.4669561781051,34.35490699993978,34.91340145193646,82214400,21.979999542236328,22.5,23.06999969482422,21.729999542236328,0.11010102975637381,37.888430816569795,96.82539682539682,0.0
2024-11-05,36.0501594543457,36.198430395527225,35.05178443812364,35.066611155163535,79352600,20.489999771118164,21.979999542236328,22.059999465942383,20.200000762939453,0.05946223420150232,32.30999663839623,93.05555555555556,0.0
2024-11-06,38.97608184814453,39.1540099884672,37.6564512830701,37.88874656464594,118794200,16.270000457763672,16.059999465942383,16.81999969482422,15.4399995803833,-0.20049139298401264,16.5106731366084,73.21428571428571,0.0
2024-11-07,40.79984664916992,40.9876580252257,39.58894649941864,39.618603705688415,99545200,15.199999809265137,15.859999656677246,15.859999656677246,15.130000114440918,-0.3436960315453724,12.504680448587546,62.698412698412696,0.0
2024-11-08,40.89868927001953,41.07661740415592,40.48352613755617,40.63674056442494,70060000,14.9399995803833,15.130000114440918,15.329999923706055,14.65999984741211,-0.31718463649795436,11.531261397630953,60.71428571428571,0.0
2024-11-11,40.824554443359375,41.234777876360965,40.12272885463686,41.185354229551955,70806000,14.970000267028809,15.329999923706055,15.5600004196167,14.890000343322754,-0.3189262703002903,11.643581452302092,61.111111111111114,0.0
2024-11-12,40.602142333984375,41.007422233006515,39.86077638913055,40.7948971779838,68286000,14.710000038146973,15.09000015258789,15.369999885559082,14.6899995803833,-0.28208881393539276,10.670162401345499,57.53968253968254,0.0
2024-11-13,40.424217224121094,41.06673216183641,39.8756060823007,40.45881415329974,74989000,14.020000457763672,15.09000015258789,15.260000228881836,13.770000457763672,-0.1382913298521975,8.086861842012476,48.01587301587302,0.0
2024-11-14,39.569175720214844,40.54283705981193,39.35171091177874,40.325368480593134,77651400,14.3100004196167,14.170000076293945,14.319999694824219,13.59000015258789,-0.05855259215897746,9.172597377163552,50.79365079365079,0.0
2024-11-15,36.70750045776367,38.2791965387386,36.22314344627585,38.19023246733313,120601600,16.139999389648438,15.020000457763672,17.549999237060547,14.5600004196167,0.08032127462980498,16.02396004065345,71.42857142857143,0.0
2024-11-18,37.4488639831543,37.92828123783262,36.72726823876608,37.03370085793734,77551200,15.579999923706055,16.600000381469727,17.0,15.350000381469727,0.040748139331751476,13.927369006798724,66.66666666666666,0.0
2024-11-19,38.20011901855469,38.32862351372137,36.781637388274525,36.845891521249094,80088200,16.350000381469727,15.4399995803833,17.93000030517578,15.369999885559082,0.11148880619101242,16.81018614144479,74.0079365079365,0.0
2024-11-20,38.155635833740234,38.200119755179074,36.62842366201967,38.13092589585868,101260600,17.15999984741211,16.190000534057617,18.790000915527344,16.040000915527344,0.22396571234843576,19.842756208032394,78.57142857142857,0.0
2024-11-21,38.53126525878906,38.98596887476553,36.85083475324253,38.82287120586674,109865600,16.8700008392334,17.100000381469727,17.989999771118164,15.729999542236328,0.17889590108658227,18.757024243357975,76.19047619047619,0.0
2024-11-22,38.67459487915039,38.8525230294583,37.997479208768496,38.37310572283881,79934800,15.239999771118164,16.670000076293945,17.559999465942383,15.239999771118164,-0.05576206025803809,12.65443695100574,61.904761904761905,0.0
2024-11-25,38.85251998901367,39.96951245169463,38.323679075534244,39.61859967459915,91515800,14.600000381469727,15.229999542236328,15.720000267028809,14.539999961853027,-0.06290112625387057,10.258332912314627,53.57142857142857,0.0
2024-11-26,39.455501556396484,39.66308314262237,38.99091096464865,39.18860932948492,69747200,14.100000381469727,14.949999809265137,15.029999732971191,13.880000114440918,-0.1376146756883283,8.386374846848867,46.42857142857143,0.0
2024-11-27,38.501609802246094,39.19849190764974,37.72564684389254,39.18860868642231,78463600,14.100000381469727,14.279999732971191,15.130000114440918,13.960000038146973,-0.17832164878508783,8.386374846848867,46.230158730158735,0.0
2024-11-29,39.48514938354492,39.62353708804126,38.476891259780274,38.61527896427661,40865800,13.510000228881836,14.0,14.149999618530273,13.489999771118164,-0.1991701507528939,6.177463758323004,38.095238095238095,0.0
2024-12-02,40.7652473449707,40.99753886073766,39.68285176329653,39.776759331250375,73638200,13.34000015258789,14.079999923706055,14.100000381469727,13.300000190734863,-0.1246718928520607,5.540997730426513,34.523809523809526,0.0
2024-12-03,41.126041412353516,41.18535204785201,40.29571136928639,40.42915935646241,84810800,13.300000190734863,13.380000114440918,13.770000457763672,13.1899995803833,-0.08904110662797105,5.391241228008319,33.13492063492063,0.0
2024-12-04,42.628543853759766,42.68785448964665,41.76856037270298,41.946488509581265,69992600,13.449999809265137,13.15999984741211,13.609999656677246,12.890000343322754,-0.04609933011482914,5.952827219457384,36.30952380952381,0.0
2024-12-05,42.27762985229492,42.82129746778754,42.178778795343916,42.6285426202109,54020400,13.539999961853027,13.460000038146973,13.699999809265137,13.260000228881836,-0.03971634074227781,6.289780242517486,38.095238095238095,0.0
2024-12-06,43.36497116088867,43.429225299607616,42.366599855846296,42.396253291696404,62740600,12.770000457763672,13.619999885559082,13.739999771118164,12.699999809265137,-0.05477422343311167,3.4069666783480757,18.055555555555554,0.0
2024-12-09,42.351768493652344,43.32542975230947,42.050279359628085,43.12278790746789,69577600,14.1899995803833,13.359999656677246,14.229999542236328,13.350000381469727,0.06371809730680655,8.723324299432313,47.22222222222222,0.0
2024-12-10,41.89212417602539,43.058540364470524,41.541211374444906,42.62854670974268,71541600,14.180000305175781,14.300000190734863,14.539999961853027,13.859999656677246,0.06616542118953883,8.685887851685257,46.82539682539682,0.0
2024-12-11,44.13105010986328,44.294151545559295,42.84107288350883,42.93992018168554,74897800,13.579999923706055,14.420000076293945,14.430000305175781,13.520000457763672,0.009665436154977947,6.4395367449356815,37.301587301587304,0.0
2024-12-12,43.2562370300293,43.87404208443363,43.137619515402854,43.557726198241234,66348400,13.920000076293945,13.729999542236328,13.949999809265137,13.390000343322754,0.028065001145606505,7.712468800728662,43.25396825396825,0.0
2024-12-13,44.1854133605957,44.862525212069265,43.419333669508916,44.19529658122918,79663600,13.8100004196167,13.569999694824219,14.25,13.239999771118164,0.0814408711489707,7.3006393116977915,40.476190476190474,0.0
2024-12-16,46.1080207824707,46.35514276944668,44.813100213234996,44.8378139202455,69967600,14.6899995803833,14.369999885559082,14.6899995803833,13.989999771118164,0.03523608278968626,10.595282364898074,55.158730158730165,0.0
2024-12-17,45.49021911621094,45.92021276223496,45.060225470186914,45.63355033155228,69168200,15.869999885559082,14.979999542236328,15.9399995803833,14.779999732971191,0.1191819142462529,15.013104541949799,67.85714285714286,0.0
2024-12-18,40.572486877441406,45.752165494121634,40.17709395231265,45.29746193337151,134849200,27.6200008392334,15.569999694824219,28.31999969482422,14.819999694824219,1.0338734163774395,59.00412265087183,98.80952380952381,0.0
2024-12-19,39.99916458129883,41.77844211640079,39.910200516004615,41.64993762857977,113317600,24.09000015258789,21.610000610351562,24.1200008392334,20.15999984741211,0.7306034497523941,45.788096137940364,98.4126984126984,0.0
2024-12-20,41.037078857421875,42.435790287206906,38.79815413306811,39.07492956736699,145241000,18.360000610351562,24.139999389648438,26.510000228881836,17.81999969482422,0.3294714013383897,24.335458421531545,82.53968253968253,0.0
2024-12-23,42.18009948730469,42.26935919807331,40.57838840052366,41.381722014127945,83645800,16.780000686645508,18.09000015258789,20.020000457763672,16.739999771118164,0.14227373491917228,18.420071220297874,74.60317460317461,0.0
2024-12-24,43.856197357177734,43.87603326850075,42.467713831072594,42.621437414684415,48139600,14.270000457763672,16.969999313354492,17.040000915527344,14.270000457763672,-0.10081912031085338,9.022840874745357,45.23809523809524,0.0
2024-12-26,43.7619743347168,44.17356095033587,42.93880110347865,43.449567268031025,59062000,14.729999542236328,14.989999771118164,15.930000305175781,14.550000190734863,-0.4666908365436109,10.745038867316268,53.96825396825397,0.0
2024-12-27,41.98173904418945,42.93879604120101,40.801527142558626,42.8297042252052,102139000,15.949999809265137,15.380000114440918,18.450000762939453,15.289999961853027,-0.337899555490385,15.312617546786186,67.46031746031747,0.0
2024-12-30,40.29573059082031,41.188323855618194,39.378341492286495,40.26597483367458,102844000,17.399999618530273,17.209999084472656,19.219999313354492,16.440000534057617,-0.052287633981887294,20.741295222541563,77.77777777777779,0.0
2024-12-31,39.2394905090332,40.74202951880198,39.01634313644966,40.563510107409904,105177600,17.350000381469727,17.389999389648438,17.809999465942383,16.68000030517578,0.03396899115015284,20.554102272376312,77.38095238095238,0.0
2025-01-02,38.991546630859375,40.46928978119305,37.95018593788457,39.93869147961508,141370600,17.93000030517578,17.209999084472656,19.5,16.959999084472656,0.2564821114228393,22.72557334267846,79.36507936507937,0.0
2025-01-03,40.86104202270508,41.113945157829875,39.482478371729385,39.665953926967646,92431600,16.1299991607666,17.65999984741211,17.940000534057617,16.110000610351562,0.09504410468689839,15.986520022429735,67.06349206349206,0.0
2025-01-06,42.254478454589844,43.06773182414736,41.669332368365495,42.13546678139708,92050000,16.040000915527344,16.770000457763672,16.8700008392334,15.710000038146973,0.0056427026544494385,15.649574140322947,66.66666666666666,0.0
2025-01-07,39.97835922241211,42.591678643395966,39.527100824271436,42.50737887120901,111021000,17.81999969482422,16.479999542236328,18.899999618530273,15.789999961853027,0.02413793594838154,22.313740283170933,78.96825396825396,0.0
2025-01-08,40.008113861083984,40.370112588311294,38.89732941334859,39.94860613264154,96021200,17.700000762939453,17.90999984741211,19.5,17.3700008392334,0.020172932206015126,21.864474346393006,78.57142857142857,0.0
2025-01-10,38.09895324707031,39.08576612962422,37.30553575900403,39.075850066222834,145651600,19.540000915527344,18.290000915527344,20.309999465942383,18.049999237060547,0.08979367445335784,28.75328059858327,88.4920634920635,0.0
2025-01-13,37.702247619628906,37.78654741133435,36.36831180782246,36.72039453000591,113382000,19.190000534057617,21.18000030517578,22.040000915527344,19.149999618530273,0.18970871249230647,27.442908524566572,85.71428571428571,0.0
2025-01-14,37.568355560302734,38.708892035724645,36.789814046290346,38.4212807926349,125271000,18.709999084472656,18.790000915527344,19.65999984741211,18.239999771118164,0.1664587292112092,25.645823354594928,83.53174603174604,0.0
2025-01-15,40.1072883605957,40.399863287071746,38.97666803902786,39.328746908757296,106919200,16.1200008392334,19.079999923706055,19.139999389648438,15.960000038146973,-0.09539836614501074,15.949087145159336,64.68253968253968,0.0
2025-01-16,39.28908157348633,40.68748108570166,39.27420180333798,40.667645175483564,93055400,16.600000381469727,15.869999885559082,16.600000381469727,15.640000343322754,-0.06214691152855345,17.74616517417767,70.43650793650794,0.0
2025-01-17,41.22799301147461,41.62470362572963,40.5833392091384,41.50073203168903,87352200,15.970000267028809,16.190000534057617,16.229999542236328,15.529999732971191,-0.18270217406497946,15.387497583233614,62.89682539682539,0.0
2025-01-21,41.91231918334961,42.224730053963064,40.82633047988881,41.87760728476069,83451800,15.0600004196167,16.290000915527344,16.290000915527344,14.930000305175781,-0.21521625844205505,11.980534475362195,52.38095238095239,0.0
2025-01-22,43.5388298034668,44.089264040096054,42.99831163071963,43.0627755042362,86265400,15.100000381469727,14.890000343322754,15.289999961853027,14.59000015258789,-0.1929448893452299,12.130290977780387,52.38095238095239,0.0
2025-01-23,43.806602478027344,43.82643838789722,42.78011778796733,42.914009233760744,60481000,15.020000457763672,15.279999732971191,15.390000343322754,14.59000015258789,-0.06823823351128544,11.830777972944,51.19047619047619,0.0
2025-01-24,43.01814270019531,44.04958726025269,42.651187844846866,43.85123195511662,72479200,14.850000381469727,15.020000457763672,15.15999984741211,14.579999923706055,-0.1054216843243867,11.194311945047508,48.41269841269841,0.0
2025-01-27,39.244449615478516,40.18167461411865,38.272512719974415,38.47086803775981,161821600,17.899999618530273,18.829999923706055,22.510000228881836,17.56999969482422,0.120851554115881,22.613253288007325,77.77777777777779,0.0
2025-01-28,40.98501205444336,41.24287131991081,38.67913951877676,39.462640945229154,101033400,16.40999984741211,18.290000915527344,18.389999389648438,16.25,0.0896413937702778,17.034819109833755,68.65079365079364,0.0
2025-01-29,40.732112884521484,41.14865947172802,39.799847716298686,41.11394757140359,118481200,16.559999465942383,16.420000076293945,18.079999923706055,16.170000076293945,0.09668867864826836,17.59640510128282,69.24603174603175,0.0
2025-01-30,41.24287414550781,41.94703197955872,40.097377684247995,41.39164159025131,115171000,15.84000015258789,15.930000305175781,16.420000076293945,15.319999694824219,0.05459385285174001,14.900788057755316,58.333333333333336,0.0
2025-01-31,41.01972579956055,43.18674706173608,40.75194667529115,42.110674424379695,118146600,16.43000030517578,15.449999809265137,17.09000015258789,14.899999618530273,0.10639729852651225,17.10969914628118,68.25396825396825,0.0
2025-02-03,40.027950286865234,40.65772434192446,38.351851855589686,38.941957874488516,153257000,18.6200008392334,20.360000610351562,20.420000076293945,17.65999984741211,0.04022353274006618,25.30887747248814,82.93650793650794,0.0
2025-02-04,41.480899810791016,41.62470732666184,40.032912371648635,40.122172078626626,84634600,17.209999084472656,18.780000686645508,19.110000610351562,16.780000686645508,0.048750715691609825,20.029949158197642,73.4126984126984,0.0
2025-02-05,42.02140808105469,42.06107989689996,40.543668882287754,40.836240011693334,79694800,15.770000457763672,17.540000915527344,17.75,15.770000457763672,-0.0477052556555595,14.638715071142641,56.34920634920635,0.0
2025-02-06,42.65119171142578,42.71069566004204,41.74867858538569,42.130509461154794,76431000,15.5,15.880000114440918,16.149999618530273,14.989999771118164,-0.021464655890949702,13.627856001962336,54.36507936507936,0.0
2025-02-07,41.024681091308594,43.23633384948154,40.836241849220535,42.77515937363814,110870400,16.540000915527344,15.380000114440918,16.65999984741211,14.789999961853027,0.006695107018160451,17.521532205788706,67.85714285714286,0.0
2025-02-10,42.46771240234375,42.745407584897066,41.90240219025273,42.01645773069462,65594200,15.8100004196167,16.579999923706055,16.610000610351562,15.699999809265137,-0.1509130125115714,14.788471573560836,56.34920634920635,0.0
2025-02-11,42.165218353271484,42.64126882483266,41.659415909523005,41.68916788171031,62602800,16.020000457763672,16.1299991607666,16.420000076293945,15.75,-0.06914576932096617,15.574694103875519,60.317460317460316,0.0
2025-02-12,42.249515533447266,42.45283075306615,40.71226860413568,40.801528298524744,96986600,15.890000343322754,15.90999984741211,17.18000030517578,15.640000343322754,0.007609377430297215,15.087984578397224,58.13492063492064,0.0
2025-02-13,44.029754638671875,44.11405442007188,42.43795972232588,42.63631504227118,92920200,15.100000381469727,15.970000267028809,16.329999923706055,14.979999542236328,-0.025806427001953125,12.130290977780387,47.023809523809526,0.0
2025-02-14,44.54547882080078,44.71903831427152,43.935536848531356,44.0396725446138,76057400,14.770000457763672,15.079999923706055,15.420000076293945,14.739999771118164,-0.10701332284099452,10.89479894021112,42.46031746031746,0.0
2025-02-18,44.82316970825195,45.00168910820573,44.00991634549045,44.94218138045019,68825200,15.350000381469727,15.569999694824219,16.030000686645508,15.350000381469727,-0.029095510812018333,13.066270010513268,50.0,0.0
2025-02-19,44.82813262939453,45.18517145318002,44.09421907124514,44.629777306923366,68515800,15.270000457763672,15.140000343322754,15.960000038146973,15.050000190734863,-0.04681647806299105,12.76675700567688,49.2063492063492,0.0
2025-02-20,44.282657623291016,44.743832132767636,43.08756956737895,44.654572428245935,80266000,15.65999984741211,15.609999656677246,16.6299991607666,15.119999885559082,-0.014474543168106035,14.226882011635112,54.36507936507936,0.0
2025-02-21,41.510650634765625,44.525640894327836,41.391638956531416,44.51572104754238,118627200,18.209999084472656,15.630000114440918,19.030000686645508,15.279999732971191,0.20596017380366605,23.773865289129166,79.96031746031747,0.0
2025-02-24,40.01803207397461,42.17514100031225,39.91885630455561,41.90240195944036,106467400,18.979999542236328,18.079999923706055,20.239999771118164,17.309999465942383,0.28503716682417046,26.656682423775237,84.12698412698413,0.0
2025-02-25,38.49070739746094,39.859351267882595,37.57827436719982,39.83455921550815,151194400,19.43000030517578,19.09000015258789,21.479999542236328,18.850000381469727,0.2657980340268502,28.34144753907574,87.6984126984127,0.0
2025-02-26,38.7386474609375,39.8940599134555,38.029529747885945,38.96675475406634,126351400,19.100000381469727,18.959999084472656,20.059999465942383,17.829999923706055,0.2508185860439043,27.10595550150647,84.52380952380952,0.0
2025-02-27,35.525299072265625,39.75520918257152,35.4459592207721,39.532061830476195,206751000,21.1299991607666,18.25,21.469999313354492,17.670000076293945,0.34929753299189437,34.70610067708734,94.44444444444444,0.0
2025-02-28,37.15180969238281,37.275781297429454,34.751721234670114,35.436043132534856,186358000,19.6299991607666,21.209999084472656,22.399999618530273,19.049999237060547,0.07797914045502363,29.090226480690056,88.4920634920635,0.0
2025-03-03,34.7517204284668,38.208049302314116,33.93846702089249,37.87084639307747,183891600,22.780000686645508,19.829999923706055,24.309999465942383,19.25,0.20021081328021162,40.883568005887,96.82539682539682,0.0
2025-03-04,34.36988830566406,36.08565495203412,32.733465306515285,34.09715303079593,261673800,23.510000228881836,22.959999084472656,26.350000381469727,21.709999084472656,0.2099845527341151,43.61662506763822,97.61904761904762,0.0
2025-03-05,35.70878219604492,36.04598511328451,33.46737345694848,34.48890205573164,201266600,21.93000030517578,23.030000686645508,24.84000015258789,21.3700008392334,0.14816753231333113,37.70123786640455,94.84126984126983,0.0
2025-03-06,32.74833679199219,34.95998957947642,32.316914281997526,33.913669021312174,245645400,24.8700008392334,22.600000381469727,25.920000076293945,22.389999389648438,0.17699961320448576,48.708353290810145,98.4126984126984,0.0
2025-03-07,33.427703857421875,33.72523493913428,31.18629522300825,32.51031099578191,270354600,23.3700008392334,24.850000381469727,26.559999465942383,23.09000015258789,0.1905248007316136,43.092479094412866,96.42857142857143,0.0
2025-03-10,29.658967971801758,31.830951058458208,28.701907013392578,31.73673142637593,312271600,27.860000610351562,24.700000762939453,29.559999465942383,24.68000030517578,0.2230026238183629,59.902661665381,99.60317460317461,0.0
2025-03-11,29.311845779418945,30.670573473370023,28.449002600117453,29.45565329124528,278978600,26.920000076293945,27.940000534057617,29.56999969482422,26.18000030517578,0.14504465394359944,56.38337850283845,98.01587301587301,0.0
2025-03-12,30.31353759765625,31.07224322026706,29.336640738049272,30.71520439002358,283837200,24.229999542236328,26.8799991607666,26.90999984741211,23.889999389648438,0.10487912471746363,46.312242111165716,97.22222222222221,0.0
2025-03-13,28.657276153564453,30.174687360981352,28.285361345212227,30.149893418755845,242454600,24.65999984741211,24.920000076293945,26.1299991607666,23.459999084472656,-0.008443947918570394,47.922127190018806,97.22222222222221,0.0
2025-03-14,30.69040870666504,30.859010156756444,29.505240524400378,29.60937621343012,198217000,21.770000457763672,24.350000381469727,24.360000610351562,21.479999542236328,-0.0684638563976282,37.10221185673177,91.66666666666666,0.0
2025-03-17,31.28547477722168,31.875578944772634,30.323455789157705,30.685452654124923,180300800,20.510000228881836,22.889999389648438,22.950000762939453,20.31999969482422,-0.2638191033900691,32.38487667484365,88.09523809523809,0.0
2025-03-18,29.708555221557617,30.63586229339284,29.26225668877245,30.630904261542586,175652400,21.700000762939453,20.829999923706055,22.56999969482422,20.40999984741211,-0.19390784912929038,36.84013887011909,91.26984126984127,0.0
2025-03-19,30.863969802856445,31.692099167688806,29.723429590427592,30.09038635203327,185186400,19.899999618530273,21.84000015258789,22.100000381469727,19.420000076293945,-0.1787040860714112,30.101085549870366,84.72222222222221,0.0
2025-03-20,30.546602249145508,31.553252952708817,29.936662188852996,30.08046970245583,176818200,19.799999237060547,19.520000457763672,21.170000076293945,19.299999237060547,-0.19708031794094216,29.72669250858655,83.92857142857143,0.0
2025-03-21,30.834217071533203,30.953228750398665,29.292010036448985,29.520117330654898,160982000,19.280000686645508,20.020000457763672,21.139999389648438,19.149999618530273,-0.11437757091227685,27.779861547626677,80.55555555555556,0.0
2025-03-24,32.79296875,32.991324081663365,32.14335872753291,32.26237041320562,126823000,17.479999542236328,19.1299991607666,19.139999389648438,17.459999084472656,-0.1477328450917671,21.04080822737795,66.26984126984127,0.0
2025-03-25,33.378108978271484,33.407864731897696,32.7731270264774,32.966526183453674,111139400,17.149999618530273,17.579999923706055,17.770000457763672,17.020000457763672,-0.20967746472064375,19.805316189808682,63.888888888888886,0.0
2025-03-26,31.52200698852539,33.3174368134456,31.21364897998481,33.14336527413841,157006400,18.329999923706055,17.229999542236328,19.06999969482422,16.969999313354492,-0.07889445853869681,24.223138366860404,72.61904761904762,0.0
2025-03-27,30.984867095947266,31.944753482483897,30.711325306671352,31.134071535803454,144736000,18.690000534057617,18.360000610351562,19.280000686645508,17.950000762939453,-0.05606054271584493,25.570950459100818,75.0,0.0
2025-03-28,28.518014907836914,30.741167351346416,28.333996159540884,30.60688278456691,207264200,21.649999618530273,19.079999923706055,22.18000030517578,18.920000076293945,0.12292525142524346,36.65293877900053,90.87301587301587,0.0
2025-03-31,28.49812126159668,28.66224748015102,26.379413576471073,27.214960750186442,213709000,22.280000686645508,24.110000610351562,24.799999237060547,21.670000076293945,0.27459961499490326,39.011609940421245,92.85714285714286,0.0
2025-04-01,29.15462303161621,29.338643686577267,27.66257474283204,28.18976582120795,194196400,21.770000457763672,22.059999465942383,23.520000457763672,21.579999923706055,0.2693878100289617,37.10221185673177,91.07142857142857,0.0
2025-04-02,29.806150436401367,30.43778441780706,27.896328616928525,27.946062799272696,246174800,21.510000228881836,22.299999237060547,23.65999984741211,20.68000030517578,0.17348610575077572,36.12879280577517,89.68253968253968,0.0
2025-04-03,25.01667594909668,26.7723207270862,24.922180240403904,26.076030766203882,280231400,30.020000457763672,26.3799991607666,30.020000457763672,24.93000030517578,0.6062065061507145,67.98951993691682,99.60317460317461,0.0
2025-04-04,20.436086654663086,23.26600402065305,20.40624500804784,22.87309944169117,516053400,45.310001373291016,30.1200008392334,45.61000061035156,29.989999771118164,1.0928407469582635,100.0,100.0,0.0
2025-04-07,20.51566505432129,23.290875928707166,17.4072309551817,18.277592502940784,791455200,46.97999954223633,60.130001068115234,60.130001068115234,38.58000183105469,1.1086175087236798,100.0,100.0,0.0
2025-04-08,19.346891403198242,23.280924874775057,18.45166101240722,22.574687777288506,502295400,52.33000183105469,44.040000915527344,57.52000045776367,36.47999954223633,1.4037666849195052,100.0,100.0,0.0
2025-04-09,26.165552139282227,26.563431278340342,19.26234196198367,19.277261836811665,713864000,33.619998931884766,50.97999954223633,57.959999084472656,31.899999618530273,0.5629938900113367,53.768218695536206,98.4126984126984,0.0
2025-04-10,22.94770050048828,24.53921892442964,20.674813944974435,24.21096840364227,563385400,40.720001220703125,34.439998626708984,54.869998931884766,34.439998626708984,0.35642906728111834,71.31208305765267,98.80952380952381,0.0
2025-04-11,24.16123390197754,24.404934036843258,22.191728906236857,22.713945378186445,358585800,37.560001373291016,40.79999923706055,46.119998931884766,36.849998474121094,-0.17104391448040013,63.50383082728144,98.01587301587301,0.0
2025-04-14,24.668529510498047,25.8870359213974,23.907585534707334,25.812434649650946,294861400,30.889999389648438,34.7599983215332,35.16999816894531,29.75,-0.3424861709102941,47.02248260569542,97.22222222222221,0.0
2025-04-15,24.763029098510742,25.469264393366075,24.46461829586003,24.847577592724033,209340200,30.1200008392334,30.010000228881836,31.450000762939453,28.290000915527344,-0.4244219418054941,45.11984235601798,96.82539682539682,0.0
2025-04-16,22.52495574951172,23.8777448855363,21.465600950751725,23.290874313769645,269148800,32.63999938964844,33.2400016784668,34.959999084472656,29.479999542236328,-0.029149303193668707,51.34667313195136,97.22222222222221,0.0
2025-04-17,22.46030044555664,23.02230583925512,22.05744671954025,22.922835572644434,202191600,29.649999618530273,30.790000915527344,32.54999923706055,29.56999969482422,-0.27185661272879746,43.95848531265045,95.63492063492063,0.0
2025-04-21,20.819046020507812,21.70432733828843,20.013340530199194,21.570042773697427,229539400,33.81999969482422,32.75,35.75,31.790000915527344,-0.09957405595640678,54.262413783734345,97.61904761904762,0.0
2025-04-22,22.410566329956055,22.86812690164321,21.435759990851285,21.614806091854966,260222800,30.56999969482422,32.61000061035156,32.68000030517578,30.079999923706055,-0.010359329917353555,46.23177423497332,96.03174603174604,0.0
2025-04-23,23.897640228271484,25.280272962502462,23.68875437400811,24.489487276492813,303995400,28.450000762939453,28.75,30.290000915527344,27.110000610351562,-0.055444888106332746,40.99332892244257,94.44444444444444,0.0
2025-04-24,25.93179702758789,26.00142563899655,24.141339973055047,24.240810231026288,240615400,26.469999313354492,28.690000534057617,29.65999984741211,26.360000610351562,-0.18903186861733579,36.10081263086069,92.06349206349206,0.0
2025-04-25,26.78723907470703,26.89168199370985,25.603546967629562,25.882063315541142,226103200,24.84000015258789,26.219999313354492,27.200000762939453,24.84000015258789,-0.16222595372096704,32.073140100122366,91.26984126984127,0.0
2025-04-28,26.767345428466797,27.175171797977313,25.683123549357145,26.866815691155633,191356800,25.149999618530273,25.75,26.93000030517578,24.700000762939453,-0.2563571896667046,32.839138245135196,91.66666666666666,0.0
2025-04-29,27.289562225341797,27.438766672338087,26.27497084742454,26.379413770598195,169808000,24.170000076293945,24.760000228881836,25.989999771118164,23.760000228881836,-0.20935556697482893,30.41759268155035,89.68253968253968,0.0
2025-04-30,27.29453468322754,27.5631019082747,25.026620812665158,25.842273497614507,268446600,24.700000762939453,24.350000381469727,28.170000076293945,24.229999542236328,-0.13181018978688241,31.72720636617986,90.47619047619048,0.0
2025-05-01,28.234525680541992,29.288905877870953,28.164897068063297,28.627432162085945,205481600,24.600000381469727,23.940000534057617,25.18000030517578,23.299999237060547,-0.07064597583655108,31.480108822080787,89.68253968253968,0.0
2025-05-02,29.557476043701172,29.935460766343255,28.861186100073038,29.16456954840762,195097800,22.68000030517578,23.6299991607666,24.31999969482422,22.34000015258789,-0.08695651506214164,26.735853884754533,85.71428571428571,0.0
2025-05-05,29.045207977294922,29.592291600938257,28.69706299077755,28.796533257959304,138579000,23.639999389648438,24.25,24.6299991607666,22.809999465942383,-0.06003977144275119,29.107978996920835,87.6984126984127,0.0
2025-05-06,28.2196044921875,28.866158302987202,27.63770473440165,27.881406763971537,165885800,24.760000228881836,23.969999313354492,25.110000610351562,23.899999618530273,0.024410432384175618,31.87546300744184,90.47619047619048,0.0
2025-05-07,28.5478572845459,28.975576189334372,27.39897944867885,28.329022326911723,207867200,23.549999237060547,24.559999465942383,25.6200008392334,23.290000915527344,-0.0465587647917971,28.885591678531043,86.90476190476191,0.0
2025-05-08,29.398324966430664,30.194083291626278,28.677167917026043,29.443086490800262,197621600,22.479999542236328,22.84000015258789,23.610000610351562,21.8799991607666,-0.08617889456742922,26.241658796556393,83.73015873015873,0.0
2025-05-09,29.328697204589844,29.975251099802602,29.010393865238182,29.741496254924794,146818800,21.899999618530273,22.399999618530273,22.81999969482422,21.829999923706055,-0.03439156420414613,24.808498696374173,81.74603174603175,0.0
2025-05-12,32.87976837158203,32.90463735879259,31.755757691314344,32.75045646814157,202490000,18.389999389648438,19.84000015258789,20.440000534057617,18.139999389648438,-0.22208122400793662,16.135407418153033,62.301587301587304,0.0
2025-05-13,34.38673782348633,34.74483000496551,33.00410707403327,33.158284176541024,170595400,18.219999313354492,18.690000534057617,18.850000381469727,17.649999618530273,-0.2641357372807541,15.71534300708271,60.317460317460316,0.0
2025-05-14,34.99350357055664,35.11784091871966,34.42155101011183,34.620491526067596,161184800,18.6200008392334,18.100000381469727,18.81999969482422,18.059999465942383,-0.20934176465147514,16.703733183478985,63.29365079365079,0.0
2025-05-15,35.10292434692383,35.65498252826927,34.282297012939374,34.55584072242589,161694800,17.829999923706055,19.190000534057617,19.3799991607666,17.770000457763672,-0.20685052105066404,14.751667769389357,56.74603174603175,0.0
2025-05-16,35.535614013671875,35.570428320776045,34.64038734764679,35.36651703473015,127627200,17.239999771118164,17.959999084472656,17.959999084472656,17.149999618530273,-0.21278538486681697,13.293797443497862,52.77777777777778,0.0
2025-05-19,35.63011169433594,35.73952917246723,34.03362053167684,34.053514963562066,143794200,18.139999389648438,19.84000015258789,19.920000076293945,17.920000076293945,-0.013594345203770009,15.517665914402185,58.730158730158735,0.0
2025-05-20,35.25709915161133,35.39635637842746,34.51604959778269,35.102922049704155,134069400,18.09000015258789,18.459999084472656,18.68000030517578,17.700000762939453,-0.007134970673205121,15.394119498849475,57.936507936507944,0.0
2025-05-21,33.789920806884766,35.8041836810718,33.4119341852558,34.43647277615871,219255200,20.8700008392334,18.770000457763672,21.049999237060547,17.770000457763672,0.12083780336137906,22.263406717236617,77.38095238095238,0.0
2025-05-22,33.9639892578125,34.69011888962761,33.630766087396076,33.899335205104336,173542000,20.280000686645508,20.6200008392334,22.06999969482422,19.639999389648438,0.13740890484705104,20.805536391345125,72.61904761904762,0.0
2025-05-23,32.98421096801758,33.49150566971218,32.25808132331077,32.372469556631025,214220800,22.290000915527344,20.139999389648438,25.530000686645508,19.829999923706055,0.2929235041446665,25.643564898667858,82.93650793650794,0.0
2025-05-27,35.28196716308594,35.386410080306895,34.01372469280693,34.31213356979177,130539600,18.959999084472656,20.6299991607666,21.010000228881836,18.950000762939453,0.04520395382660003,17.400986420244788,63.49206349206349,0.0
2025-05-28,34.82938003540039,35.77931926967438,34.705042677687565,35.48090657558358,132542600,19.309999465942383,19.209999084472656,19.43000030517578,18.68000030517578,0.06744053637721859,18.267323965419205,67.46031746031747,0.0
2025-05-29,34.99847412109375,36.336341253955865,34.48123035660114,36.30650150804404,193248800,19.18000030517578,18.25,20.200000762939453,18.110000610351562,-0.08097750196926656,17.925229812712214,65.07936507936508,0.0
2025-05-30,34.81446075439453,35.11286965910861,33.34230686926,34.8791148154988,187118200,18.56999969482422,19.610000610351562,20.549999237060547,18.56999969482422,-0.08431957267868018,16.414953565224696,59.92063492063492,0.0
2025-06-02,35.61519241333008,35.669901153308615,34.162933011749715,34.41657848495025,137925400,18.360000610351562,19.809999465942383,20.450000762939453,18.360000610351562,-0.17631225409408213,15.895025185004897,58.13492063492064,0.0
2025-06-03,36.44576644897461,36.74417535484016,35.510750865402535,35.68979696781689,128728400,17.690000534057617,18.829999923706055,19.209999084472656,17.639999389648438,-0.06698304914239728,14.23619864635867,51.19047619047619,0.0
2025-06-04,36.739200592041016,36.963006298451944,36.162273481642195,36.59496881444131,128889000,17.610000610351562,17.68000030517578,18.06999969482422,17.40999984741211,-0.08803722954985882,14.03813001737085,50.198412698412696,0.0
2025-06-05,35.88376235961914,37.62448537559328,35.461016100349,37.02766377914569,198008800,18.479999542236328,17.68000030517578,18.799999237060547,17.079999923706055,-0.036496389562129194,16.19212576732232,59.523809523809526,0.0
2025-06-06,36.908302307128906,37.30618338575947,36.57507908559904,36.93814205995989,131215400,16.770000457763672,18.15999984741211,18.350000381469727,16.649999618530273,-0.09693049362635353,11.958407051834428,43.65079365079365,0.0
2025-06-09,37.072425842285156,37.42056891492803,36.72427897516737,36.95803380728827,100363800,17.15999984741211,17.690000534057617,17.719999313354492,16.81999969482422,-0.06535951650583716,12.923991027858978,46.62698412698413,0.0
2025-06-10,37.78860855102539,37.94278564862885,36.68449229141097,37.15697269698753,122693000,16.950000762939453,17.5,17.989999771118164,16.68000030517578,-0.041831529043398374,12.404062647639178,44.047619047619044,0.0
2025-06-11,37.40066909790039,38.335688291756234,36.913268866378154,38.09198438152076,181652000,17.260000228881836,17.040000915527344,18.09000015258789,16.229999542236328,-0.019875091955646407,13.171577994675904,47.61904761904761,0.0
2025-06-12,37.64437484741211,37.86320598891072,37.06247320352662,37.10226206360802,126110000,18.020000457763672,17.8700008392334,18.8700008392334,17.43000030517578,-0.024891725966838973,15.053232331224505,53.17460317460318,0.0
2025-06-13,36.22195816040039,37.246496722832404,35.943439912714865,36.3562408304913,210666200,20.81999969482422,21.760000228881836,22.0,18.8799991607666,0.24150263127664973,21.98563906812684,76.19047619047619,0.0
2025-06-16,37.69908905029297,37.92289478038718,36.91327602482535,36.91327602482535,116668600,19.110000610351562,19.780000686645508,20.219999313354492,18.670000076293945,0.11363640910716732,17.751920352638944,64.0873015873016,0.0
2025-06-17,36.58502197265625,37.49019776160777,36.346296376929985,37.142054686809075,135418200,21.600000381469727,20.530000686645508,21.790000915527344,19.549999237060547,0.2743362483320546,23.746898635902667,78.96825396825396,0.0
2025-06-18,36.53528594970703,37.28131003911032,36.2269279600761,36.76406621512041,142661400,20.139999389648438,20.899999618530273,21.579999923706055,19.59000015258789,0.16685974058953867,20.12406757929902,71.03174603174604,0.0
2025-06-20,36.032958984375,37.4653275446017,35.66989608282684,37.1818385661359,163355000,20.6200008392334,20.739999771118164,21.06999969482422,19.110000610351562,0.14428414624981611,21.315138111793576,74.20634920634922,0.0
2025-06-23,37.152000427246094,37.2663924642496,35.520694924861175,36.17222525005727,167572800,19.829999923706055,21.149999618530273,22.510000228881836,19.81999969482422,-0.04755042198027859,19.35483817532059,69.44444444444444,0.0
2025-06-24,38.842987060546875,39.04690213421193,38.12680651070013,38.251143859674016,113191600,17.479999542236328,18.190000534057617,18.719999313354492,17.329999923706055,-0.08529570989298085,13.523572023645917,45.83333333333333,0.0
2025-06-25,39.1412353515625,39.61004978316825,38.7621907388018,39.34072891134584,101438200,16.760000228881836,17.280000686645508,17.510000228881836,16.68000030517578,-0.22407407718103767,11.736973324216239,38.88888888888889,0.0
2025-06-26,40.213531494140625,40.323255248560315,39.211063676243356,39.61005464992853,100144200,16.59000015258789,16.670000076293945,16.780000686645508,16.110000610351562,-0.17626610450073676,11.315136928574885,37.301587301587304,0.0
2025-06-27,40.60753631591797,41.02149271796671,39.82451223022263,40.413027414732866,146023600,16.31999969482422,16.309999465942383,17.290000915527344,16.1200008392334,-0.20853544953439695,10.645160641460718,32.93650793650794,0.0
2025-06-30,41.395545959472656,41.639928237662,40.81201929712236,41.295799177994176,113721400,16.729999542236328,17.190000534057617,17.43000030517578,16.549999237060547,-0.15632881459388137,11.662529936911962,38.2936507936508,0.0
2025-07-01,40.343204498291016,41.16612883360191,39.804562700077035,40.95665829155074,140390000,16.829999923706055,16.979999542236328,17.479999542236328,16.510000228881836,-0.037185333841668666,11.910669828384778,39.682539682539684,0.0
2025-07-02,41.14617919921875,41.19106411371718,40.11378430969674,40.12874594786289,100285000,16.639999389648438,16.75,17.3700008392334,16.540000915527344,-0.007159954510418509,11.439204507873907,37.301587301587304,0.0
2025-07-03,42.29826736450195,42.537664969877525,41.63992870608894,41.63992870608894,83484600,16.3799991607666,16.649999618530273,16.829999923706055,16.139999389648438,-0.012658287515960653,10.794042683194496,32.93650793650794,0.0
2025-07-07,41.355648040771484,41.879328185599256,40.79705994505761,41.69479244392463,139674800,17.790000915527344,17.829999923706055,18.5,17.510000228881836,0.09007360589408142,14.165011245488177,48.80952380952381,0.0
2025-07-08,41.4105110168457,41.78456718593213,41.1312169615586,41.63494700135523,115515400,16.809999465942383,17.40999984741211,17.440000534057617,16.540000915527344,0.004781824620143427,11.111109520062946,38.88888888888889,0.0
2025-07-09,42.268348693847656,42.58754299904541,41.57010972431647,41.87933087220641,117976200,15.9399995803833,16.760000228881836,16.760000228881836,15.760000228881836,-0.052881779403286644,8.933932735272649,25.396825396825395,0.0
2025-07-10,42.07383346557617,42.50275146223851,41.46536822356236,42.407989359109756,110317800,15.779999732971191,16.229999542236328,16.239999771118164,15.699999809265137,-0.05168267357102441,8.327061814717043,21.825396825396826,0.0
2025-07-11,41.754642486572266,42.118721681217345,41.270862582231054,41.55514510884137,106937600,16.399999618530273,16.40999984741211,17.239999771118164,15.979999542236328,0.001221029230061177,9.882115383010012,32.53968253968254,0.0
2025-07-14,42.19852066040039,42.36310627658377,41.171114338339,41.7097522925183,97311400,17.200000762939453,17.729999542236328,17.850000381469727,16.90999984741211,-0.03316470613966804,11.888639357010655,42.857142857142854,0.0
2025-07-15,42.30824661254883,43.22592923838092,42.29328497485966,43.10623233177153,123257600,17.3799991607666,16.889999389648438,17.389999389648438,16.559999465942383,0.03390837078722431,12.340102586839672,44.44444444444444,0.0
2025-07-16,42.42794418334961,42.567591210762686,41.11625525575262,42.42295570234311,166357600,17.15999984741211,17.65999984741211,19.479999542236328,16.690000534057617,0.0765370325686967,11.097065817121916,41.66666666666667,0.0
2025-07-17,43.41545104980469,43.55010958661934,42.39302940677932,42.57756513991392,97330800,16.520000457763672,17.15999984741211,17.3700008392334,16.479999542236328,0.046894850273431876,9.479271662846344,32.34126984126984,0.0
2025-07-18,43.265830993652344,43.75958408019908,42.98653693339903,43.709710684453306,98496200,16.40999984741211,16.43000030517578,16.809999465942383,16.280000686645508,0.0006097700679539297,9.201211484552646,31.150793650793652,0.0
2025-07-21,43.92416763305664,44.378024264596256,43.45036468823916,43.465326325745565,87720400,16.649999618530273,16.8700008392334,16.989999771118164,16.299999237060547,-0.03197680930307034,9.807884292405985,35.317460317460316,0.0
2025-07-22,43.24089050292969,43.969056508351365,42.62744053239118,43.95409106569529,108345200,16.5,16.75,17.479999542236328,16.43000030517578,-0.050632865550022665,9.428714390173509,31.349206349206348,0.0
2025-07-23,43.809452056884766,43.829402173734564,42.84189612279178,43.48028464160241,118025200,15.369999885559082,16.229999542236328,16.31999969482422,15.319999694824219,-0.10431235301688979,6.5722935731513985,15.674603174603174,0.0
2025-07-24,44.098724365234375,44.3680452431348,43.68975647029576,44.11368600204621,90378200,15.390000343322754,15.390000343322754,15.539999961853027,14.949999809265137,-0.0684019420780263,6.622850845824233,16.071428571428573,0.0
2025-07-25,44.34809494018555,44.67726616905225,43.8792804999606,44.043862309298135,79003200,14.930000305175781,15.329999923706055,15.390000343322754,14.920000076293945,-0.09018888214491527,5.460060092086943,9.920634920634921,0.0
2025-07-28,44.782005310058594,44.98150269588436,44.47777265282093,44.68225471459764,95592000,15.029999732971191,15.149999618530273,15.539999961853027,15.0,-0.09729729265315634,5.712839223340778,11.904761904761903,0.0
2025-07-29,44.577518463134766,45.699686953000295,44.378024886791074,45.38049266473512,116251200,15.979999542236328,14.949999809265137,16.1200008392334,14.699999809265137,-0.0315151792584043,8.114254229121162,24.206349206349206,0.0
2025-07-30,44.73212814331055,45.32562796460399,44.01892761755646,44.757062936251316,145527600,15.479999542236328,15.869999885559082,17.270000457763672,15.4399995803833,0.007156776675099064,6.850351340741651,17.857142857142858,0.0
2025-07-31,43.99399185180664,46.25827895483262,43.719686281223765,46.238328836138145,178874600,16.719999313354492,14.989999771118164,17.170000076293945,14.739999771118164,0.08641968423404123,9.984829925354015,36.11111111111111,0.0
2025-08-01,41.355648040771484,42.55262851102353,40.82698322015771,42.517716755041405,219781200,20.3799991607666,17.399999618530273,21.899999618530273,17.389999389648438,0.3650367544668749,19.236598682579494,72.22222222222221,0.0
2025-08-04,43.61993408203125,43.67479595514749,42.47283083754618,42.50275411193833,108586000,17.520000457763672,19.559999465942383,19.579999923706055,17.479999542236328,0.16566871384103798,12.00707743960537,46.42857142857143,0.0
2025-08-05,42.712223052978516,44.19348596178727,42.602499310830346,43.91419193093431,152088400,17.850000381469727,17.209999084472656,18.940000534057617,17.110000610351562,0.11702133246567659,12.841253153079574,50.39682539682539,0.0
2025-08-06,44.30819320678711,44.4229054264777,42.797007064694085,42.90673080393839,128995200,16.770000457763672,17.219999313354492,17.8799991607666,16.559999465942383,0.08333339494020309,10.1112231070361,37.5,0.0
2025-08-07,44.75706481933594,45.719636145571336,43.799481973936906,45.33061835244648,169239200,16.56999969482422,16.40999984741211,17.639999389648438,15.979999542236328,-0.008971269419279615,9.605660023121539,34.12698412698413,0.0
2025-08-08,45.964019775390625,46.02386632183368,44.9366096686674,45.00643317624815,104522600,15.149999618530273,16.479999542236328,16.520000457763672,15.149999618530273,-0.25662412942119084,6.016175627267447,13.492063492063492,0.0
2025-08-11,45.56003952026367,46.502660738917015,45.24583371574457,45.99893451652709,94617000,16.25,15.8100004196167,16.360000610351562,15.520000457763672,-0.07248860870896234,8.796762945983753,28.57142857142857,0.0
2025-08-12,47.24080276489258,47.325587919728314,45.45031852547059,46.09369561617568,119469600,14.729999542236328,16.09000015258789,16.559999465942383,14.65999984741211,-0.1747899592468527,4.954497008172381,8.531746031746032,0.0
2025-08-13,47.31062316894531,48.03878536658453,46.97147876681647,47.904126823944786,96058600,14.489999771118164,14.619999885559082,14.8100004196167,14.300000190734863,-0.13595710342333245,4.347824200319042,6.746031746031746,0.0
2025-08-14,47.18095016479492,47.67470323696375,46.702158730404534,46.801905518991504,106385800,14.829999923706055,14.65999984741211,15.390000343322754,14.569999694824219,-0.10500904062549066,5.2072785501296615,10.317460317460316,0.0
2025-08-15,46.512638092041016,47.136065030527696,46.09369321072802,47.116114911884594,96167400,15.09000015258789,14.430000305175781,15.180000305175781,14.399999618530273,-0.003960360887996117,5.864508630655836,13.88888888888889,0.0
2025-08-18,46.45278549194336,46.61238262828185,45.99893268130097,46.283215199313155,73371400,14.989999771118164,15.729999542236328,15.949999809265137,14.949999809265137,-0.07753847562349758,5.611727088698554,12.3015873015873,0.0
2025-08-19,44.55756759643555,46.31313995751701,44.29822366848506,46.26825124002604,111118600,15.569999694824219,15.229999542236328,15.90999984741211,14.760000228881836,0.05702648870960925,7.077854246362514,20.634920634920633,0.0
2025-08-20,43.74462127685547,44.33313646321153,42.08381098759268,44.303213187580305,164404200,15.6899995803833,15.949999809265137,17.190000534057617,15.569999694824219,0.08281572313458607,7.3811906502891835,21.825396825396826,0.0
2025-08-21,43.13615417480469,43.864316357235126,42.58753924887446,43.36557482364475,119920000,16.600000381469727,15.720000267028809,17.239999771118164,15.649999618530273,0.11935269500131884,9.68149593213079,37.10317460317461,0.0
2025-08-22,45.07625961303711,45.54507788448394,43.07630875078862,43.40048771201016,132726400,14.220000267028809,16.809999465942383,16.829999923706055,14.210000038146973,-0.057654067379838914,3.665317894159897,5.952380952380952,0.0
2025-08-25,44.682254791259766,45.375509064340356,44.40296073368219,44.697220234426695,80452600,14.789999961853027,15.050000190734863,15.1899995803833,14.239999771118164,-0.013342215631682919,5.106166415487439,9.920634920634921,0.0
2025-08-26,45.20094680786133,45.27077032277259,44.308198947100216,44.54260809220069,84374600,14.619999885559082,15.75,15.75,14.619999885559082,-0.061014760943183255,4.676439240582129,7.936507936507936,0.0
2025-08-27,45.40542984008789,45.60492721526998,44.65731753697701,44.95656169720217,90055200,14.850000381469727,14.65999984741211,15.229999542236328,14.65999984741211,-0.05353723526951515,5.257835822802496,11.30952380952381,0.0
2025-08-28,46.23333740234375,46.437823252079895,45.141096060527396,45.52512535685453,90658000,14.430000305175781,14.420000076293945,14.6899995803833,14.119999885559082,-0.13072289315826013,4.196157203707431,7.142857142857142,0.0
2025-08-29,44.567543029785156,45.679734500963605,44.133636532700436,45.594949354838874,121887000,15.359999656677246,14.3100004196167,15.970000267028809,14.3100004196167,0.0801687319438169,6.547014936814981,18.650793650793652,0.0
2025-09-02,43.43041229248047,43.510208956695614,42.018972883583395,42.44789089339025,166668000,17.170000076293945,16.649999618530273,19.3799991607666,16.549999237060547,0.16091954838265798,11.122344453458332,46.03174603174603,0.0
2025-09-03,44.4428596496582,44.826888967401615,43.68477036579375,44.25333923124011,119929800,16.350000381469727,17.399999618530273,17.56999969482422,16.34000015258789,0.11833108819784965,9.049544487941034,31.944444444444443,0.0
2025-09-04,45.64482116699219,45.714648478844744,44.1984738369475,44.58749160461997,101759600,15.300000190734863,16.219999313354492,16.350000381469727,15.279999732971191,0.030303016680501837,6.3953479402033695,17.857142857142858,0.0
2025-09-05,45.79444885253906,47.00140248725195,44.73213072357052,46.85178230568942,172625800,15.180000305175781,15.229999542236328,16.920000076293945,14.739999771118164,0.05197505087584697,6.0920115362767,16.666666666666664,0.0
2025-09-08,46.44779586791992,46.93157574572077,46.203413591281894,46.338075931028406,101696800,15.109999656677246,15.579999923706055,15.649999618530273,14.989999771118164,-0.01627604203046451,5.915063492625224,16.26984126984127,0.0
2025-09-09,46.82684326171875,46.93656701021403,46.00391895310013,46.63233436396657,94620800,15.039999961853027,15.020000457763672,15.819999694824219,14.970000267028809,-0.12405358794271293,5.738117859677195,14.682539682539684,0.0
2025-09-10,46.87671661376953,47.60986729161797,46.353040276089224,47.60487881075549,120818800,15.350000381469727,14.979999542236328,15.630000114440918,14.630000114440918,-0.06116207808370144,6.521738711182009,19.642857142857142,0.0
2025-09-11,47.66472625732422,47.869212104152176,47.086188080746936,47.47520585217052,91247200,14.710000038146973,15.1899995803833,15.239999771118164,14.649999618530273,-0.03856210099560475,4.903942146202993,9.325396825396826,0.0
2025-09-12,48.258235931396484,48.562468596988985,47.644782119027404,47.85924114878775,92235200,14.760000228881836,14.619999885559082,14.970000267028809,14.40999984741211,-0.027667988659443088,5.030332917181633,10.714285714285714,0.0
2025-09-15,49.4901237487793,49.51007006151612,48.662210981652706,48.697122736586,78114400,15.6899995803833,15.140000343322754,15.84000015258789,14.920000076293945,0.038385171203478397,7.3811906502891835,25.595238095238095,0.0
2025-09-16,49.355464935302734,49.77939450556005,49.180906148149276,49.709570990698666,77137200,16.360000610351562,15.600000381469727,16.3799991607666,15.4399995803833,0.08776600078766905,9.074823124277453,35.317460317460316,0.0
2025-09-17,49.041255950927734,49.475158650241774,47.63480497726635,49.3205499923341,147697200,15.720000267028809,16.420000076293945,16.75,15.260000228881836,0.024104226473228074,7.457026559298435,26.190476190476193,0.0
2025-09-18,50.36292266845703,51.05617310857261,49.76941901486755,50.253198920220726,123401600,15.699999809265137,14.930000305175781,15.800000190734863,14.329999923706055,0.06730113994227249,7.4064692866256,26.190476190476193,0.0
2025-09-19,51.36040496826172,51.51501362654038,50.44770704563827,50.81178623547433,84365400,15.449999809265137,15.760000228881836,16.1299991607666,15.289999961853027,0.04674793832544366,6.774517842435844,23.41269841269841,0.0
2025-09-22,52.228214263916016,52.4077615213015,51.08110720896385,51.08110720896385,81054600,16.100000381469727,16.139999389648438,16.350000381469727,15.779999732971191,0.026131345573714215,8.417593043751278,32.53968253968254,0.0
2025-09-23,51.17586898803711,52.31798755482805,50.86166319218909,52.26312568180914,99930600,16.639999389648438,16.100000381469727,17.06999969482422,15.949999809265137,0.01711483917180967,9.782605656069569,42.26190476190476,0.0
2025-09-24,50.625732421875,51.59920663704326,49.91683950216077,51.52432312616872,101055600,16.18000030517578,16.56999969482422,17.209999084472656,16.18000030517578,0.0292620884435848,8.619817313035725,34.12698412698413,0.0
2025-09-25,49.94679260253906,50.356151457534224,48.67378440986463,49.62229994472662,122820600,16.739999771118164,16.549999237060547,17.739999771118164,16.31999969482422,0.0662420365915728,10.035387198026848,44.047619047619044,0.0
2025-09-26,50.54585266113281,50.61074966871421,49.29281366698927,50.12151786967491,124097400,15.289999961853027,16.889999389648438,17.049999237060547,15.289999961853027,-0.010355977306624964,6.370069303866951,19.841269841269842,0.0
2025-09-29,51.21979904174805,52.05848597450549,50.890316929986305,51.31465174166036,92393200,16.1200008392334,15.84000015258789,16.290000915527344,15.739999771118164,0.0012422644279370676,8.468150316424113,32.34126984126984,0.0
2025-09-30,51.61917495727539,51.70404115742731,50.53087886927564,51.12494988780614,92323800,16.280000686645508,16.489999771118164,16.700000762939453,16.020000457763672,-0.02163453823363004,8.872598854993004,34.523809523809526,0.0
2025-10-01,52.3480339050293,52.487814426740954,50.57081788543784,50.785481917704615,93996400,16.290000915527344,17.280000686645508,17.280000686645508,15.979999542236328,0.00679855428163223,8.897877491329423,34.92063492063492,0.0
2025-10-02,52.987030029296875,53.33648131561884,52.24818907857805,53.32150537602409,89158600,16.6299991607666,16.1200008392334,16.920000076293945,15.930000305175781,-0.0065711237667606115,9.75732701973315,42.06349206349206,0.0
2025-10-03,52.26815414428711,53.35146074283165,51.79889153529824,53.1367967228878,103096400,16.649999618530273,16.350000381469727,17.059999465942383,16.200000762939453,0.08894700196666472,9.807884292405985,43.452380952380956,0.0
2025-10-06,53.43632888793945,53.85567044429474,52.98203839315441,53.61604778601557,82476800,16.3700008392334,16.739999771118164,17.09000015258789,16.290000915527344,0.015508684056116273,9.10010176061387,36.904761904761905,0.0
2025-10-07,52.57268142700195,53.94553184268841,52.17829848690217,53.76581293811804,100185800,17.239999771118164,16.579999923706055,17.549999237060547,16.190000534057617,0.058968000244628005,11.299290086406362,51.78571428571429,0.0
2025-10-08,54.354888916015625,54.43975892443722,52.747409136616874,52.7773610168048,86931000,16.299999237060547,17.170000076293945,17.200000762939453,16.229999542236328,0.0006137704709194836,8.923151306258948,35.317460317460316,0.0
2025-10-09,54.14022445678711,54.39482686255884,53.29654809876207,54.35488848347043,87956200,16.43000030517578,16.309999465942383,17.270000457763672,16.260000228881836,-0.012026389999023945,9.25176875722548,39.48412698412698,0.0
2025-10-10,48.45912170410156,54.744282273009276,48.33931037489897,54.280009087524064,238009400,21.65999984741211,16.360000610351562,22.440000534057617,16.229999542236328,0.30090092154152726,22.472191812537528,82.14285714285714,0.0
2025-10-13,51.53430938720703,51.75895611005783,50.34616733561923,50.95022105207455,114511200,19.030000686645508,19.450000762939453,20.770000457763672,18.610000610351562,0.16249234642902288,15.824064741080324,67.46031746031747,0.0
2025-10-14,50.48594665527344,51.68407136899682,48.45912152197426,49.78704406360715,147230000,20.809999465942383,21.459999084472656,22.940000534057617,19.18000030517578,0.20707655117287005,20.32355593801098,79.36507936507937,0.0
2025-10-15,51.51932907104492,52.67252597952425,49.941801161288474,51.9885955103713,127069400,20.639999389648438,20.020000457763672,22.440000534057617,19.110000610351562,0.2662576905353613,19.89382876310567,78.76984126984127,0.0
2025-10-16,50.94523239135742,53.08188624657991,49.79702870229722,52.258175235622254,159344000,25.309999465942383,20.489999771118164,25.43000030517578,19.850000381469727,0.5404746802085709,31.69868193342659,92.85714285714286,0.0
2025-10-17,51.91371154785156,52.30310122443509,49.9817391049974,50.38111147204539,142274000,20.780000686645508,28.40999984741211,28.989999771118164,20.729999542236328,-0.040627847043671284,20.24772485040862,78.57142857142857,0.0
2025-10-20,53.86066436767578,54.17517053887665,52.69249532430094,52.72244720477716,79928800,18.229999542236328,20.530000686645508,21.020000457763672,18.229999542236328,-0.0420389445897702,13.80181722682897,62.301587301587304,0.0
2025-10-21,53.80075454711914,54.15520289201507,53.25161517853958,53.86565536374705,79811400,17.8700008392334,18.649999618530273,18.889999389648438,17.399999618530273,-0.14127816925322767,12.891810425752407,58.730158730158735,0.0
2025-10-22,52.21823501586914,53.785780221129485,50.71059737958568,53.64100645265213,134380800,18.600000381469727,17.84000015258789,21.010000228881836,17.729999542236328,-0.09883716417171162,14.737107485648842,65.47619047619048,0.0
2025-10-23,53.526187896728516,53.73086542362795,51.958642705416935,52.05349159453613,91245000,17.299999237060547,18.360000610351562,19.350000381469727,17.079999923706055,-0.31647571702481636,11.450957083017974,53.57142857142857,0.0
2025-10-24,55.19357681274414,55.543031925607984,54.679382547209485,54.90902251974275,84387600,16.3700008392334,17.020000457763672,17.219999313354492,16.020000457763672,-0.21222327727093115,9.10010176061387,37.5,0.0
2025-10-27,58.12398910522461,58.25378693477012,57.04567570666225,57.17048028656622,77489400,15.789999961853027,15.729999542236328,16.06999969482422,15.619999885559082,-0.13384529027168468,7.633972192246465,27.380952380952383,0.0
2025-10-28,59.451908111572266,59.94613699241417,58.43849552777355,58.73303631816015,92239400,16.420000076293945,15.949999809265137,16.549999237060547,15.65999984741211,-0.08114161694698929,9.226490120889064,40.07936507936508,0.0
2025-10-29,60.21072006225586,60.5901270404477,58.678120018471375,60.19075087301067,133060800,16.920000076293945,16.34000015258789,17.579999923706055,16.260000228881836,-0.09032259520002395,10.490393009268576,50.39682539682539,0.0
2025-10-30,57.45503234863281,59.57671012473417,57.425080469411945,59.20229639953982,127234200,16.90999984741211,16.260000228881836,17.40999984741211,15.729999542236328,-0.022543318314891536,10.46511437293216,50.39682539682539,0.0
2025-10-31,58.268760681152344,59.65159369858212,57.59980617751168,59.65159369858212,122666800,17.440000534057617,16.43000030517578,18.540000915527344,15.960000038146973,0.06536344776841974,11.804853170320923,57.14285714285714,0.0
2025-11-03,59.06751251220703,60.115870240957,58.448482850930574,59.90619945695372,83598000,17.170000076293945,18.059999465942383,18.829999923706055,17.0,0.08739709422259989,11.122344453458332,53.37301587301587,0.0
2025-11-04,55.45317077636719,57.61478697227483,55.23351350122211,56.591387913512676,124762800,19.0,19.729999542236328,20.479999542236328,17.899999618530273,0.15712545138357692,15.748228832071073,70.63492063492063,0.0
2025-11-05,56.5314826965332,57.4101080249253,54.88406449062334,55.25348498886006,109730000,18.010000228881836,19.3700008392334,20.020000457763672,17.309999465942383,0.06442081251022302,13.245701691648465,63.095238095238095,0.0
2025-11-06,53.361446380615234,56.16206148468347,52.97704994674061,56.09716447366747,156461400,19.5,18.360000610351562,20.309999465942383,17.639999389648438,0.15316381880300622,17.012131720450586,74.60317460317461,0.0
2025-11-07,52.80731201171875,52.83726389140455,49.901861611459886,52.427905031187095,183589400,19.079999923706055,19.520000457763672,22.719999313354492,19.079999923706055,0.09403665937083971,15.950453101355519,71.82539682539682,0.0
2025-11-10,56.26689529418945,56.536473638786646,54.619477155517856,55.12867815615693,119878800,17.600000381469727,18.579999923706055,18.81999969482422,17.600000381469727,0.025043698501170608,12.209301708889816,58.730158730158735,0.0
2025-11-11,55.8026237487793,56.1221231720215,54.71432764813128,55.548021336631,102665600,17.280000686645508,17.899999618530273,18.010000228881836,17.25,-0.09052627965023641,11.400404631752032,55.158730158730165,0.0
2025-11-12,55.68780517578125,56.68124856714001,54.77922798481222,56.67625531748958,125708400,17.510000228881836,17.209999084472656,18.059999465942383,17.100000381469727,-0.027762353894819625,11.981798803268951,57.936507936507944,0.0
2025-11-13,52.248191833496094,54.85410829618633,51.61917567621673,54.699351833902874,201264400,20.0,17.610000610351562,21.309999465942383,17.510000228881836,0.02564102564102555,18.2760346088301,76.98412698412699,0.0
2025-11-14,52.288124084472656,53.46128633690067,49.30779020076769,49.91184770017707,222397600,19.829999923706055,21.329999923706055,23.030000686645508,19.559999465942383,0.039308176257808025,17.84630743392479,75.9920634920635,0.0
2025-11-17,50.94523239135742,53.23164946119628,49.97674760682375,51.62416962873906,186327000,22.3799991607666,19.579999923706055,23.440000534057617,19.540000915527344,0.2715908338462043,24.292210236097546,85.71428571428571,0.0
2025-11-18,49.10311508178711,50.59078356739695,47.8251173799907,49.90685689513883,267348000,24.690000534057617,23.540000915527344,25.84000015258789,22.90999984741211,0.4288194185743739,30.131445051823857,90.47619047619048,0.0
2025-11-19,49.94679260253906,51.49436857587526,48.638839281099195,49.247886218496895,184263600,23.65999984741211,24.520000457763672,24.790000915527344,21.93000030517578,0.351227843411799,27.52780336605558,88.09523809523809,0.0
2025-11-20,46.37738037109375,53.45629594713029,46.157723102480865,52.867218206632096,178246300,26.420000076293945,20.780000686645508,28.270000457763672,19.280000686645508,0.3210000038146972,34.504547888479316,92.85714285714286,0.0
2025-11-21,47.40576934814453,49.02323557496818,45.169273495280564,46.776753223205695,179618600,23.43000030517578,25.969999313354492,27.84000015258789,22.540000915527344,0.18154313642563635,26.946409194538656,86.11111111111111,0.0
2025-11-24,51.000144958496094,51.36956544565707,48.59390902051381,48.62386470939364,93894200,20.520000457763672,22.690000534057617,23.68000030517578,20.40999984741211,-0.08310986473420479,19.590494769882447,76.5873015873016,0.0
2025-11-25,51.928688049316406,52.27814315908653,49.00327219371433,50.56083091688719,101851900,18.559999465942383,20.549999237060547,21.770000457763672,18.389999389648438,-0.24827869321669127,14.635992940303172,64.28571428571429,0.0
2025-11-26,53.28656005859375,53.775795666444466,52.28812346265897,52.82728013855976,75598100,17.190000534057617,18.25,18.700000762939453,16.93000030517578,-0.27345728466106345,11.172901726131167,48.80952380952381,0.0
2025-11-28,54.454734802246094,54.5246250617603,53.54615761982799,53.73585920869032,34381600,16.350000381469727,17.40999984741211,18.520000457763672,15.779999732971191,-0.3811506308003305,9.049544487941034,32.34126984126984,0.0
2025-12-01,53.96549987792969,54.56456414991923,52.73742326214141,53.02697080316635,66359600,17.239999771118164,18.049999237060547,18.329999923706055,16.579999923706055,-0.264191227205841,11.299290086406362,50.0,0.0
2025-12-02,55.21354675292969,55.672826704235995,54.05536037513392,54.54459601629663,79504400,16.59000015258789,17.280000686645508,17.309999465942383,16.389999389648438,-0.1915204784358998,9.656217295794374,38.2936507936508,0.0
2025-12-03,55.602935791015625,55.792641192527,54.145219192869746,54.57454725802325,69844900,16.079999923706055,16.43000030517578,17.280000686645508,15.930000305175781,-0.13362066883607027,8.367035771078443,26.984126984126984,0.0
2025-12-04,55.423213958740234,55.96237063653062,54.52462330448963,55.95238794637896,63958000,15.779999732971191,16.229999542236328,16.6299991607666,15.680000305175781,-0.08202447686332925,7.608693555910047,22.023809523809522,0.0
2025-12-05,56.062217712402344,56.990764073302,55.592951282409295,55.77267017863074,73206000,15.40999984741211,15.579999923706055,16.18000030517578,15.279999732971191,-0.05749238606275309,6.673405707793621,17.46031746031746,0.0
2025-12-08,55.712764739990234,56.950827871427165,55.033827508030235,56.481561423495926,69700000,16.65999984741211,16.149999618530273,17.09000015258789,16.100000381469727,-0.03364268743655774,9.833162928742402,41.269841269841265,0.0
2025-12-09,55.92243576049805,56.13211035414704,55.00387585968761,55.36331366739034,48736000,16.93000030517578,16.65999984741211,17.200000762939453,16.450000762939453,0.020494282667915087,10.515671645604993,45.63492063492063,0.0
2025-12-10,56.56143569946289,57.00074643842348,54.804185126153705,55.562999085588764,100261100,15.770000457763672,16.940000534057617,17.65999984741211,15.5600004196167,-0.019278573844105806,5.6516140032558315,20.436507936507937,0.0
2025-12-11,56.022281646728516,56.07220271802166,53.89561049278506,55.54303250659389,99683900,14.850000381469727,16.84000015258789,16.8799991607666,14.850000381469727,-0.05893532111780064,3.277420374843456,7.5396825396825395,0.0
2025-12-12,52.737422943115234,55.433202628926644,52.14834517402583,55.023843759473564,138448500,15.739999771118164,14.989999771118164,17.850000381469727,14.850000381469727,0.021414661062535645,5.574192880239529,19.841269841269842,0.0
2025-12-15,51.93867492675781,53.975486604371895,51.63914469386952,53.975486604371895,98696300,16.5,16.510000228881836,17.350000381469727,15.989999771118164,-0.009603832465638562,6.9833839091826775,35.11904761904761,0.0
2025-12-16,52.248191833496094,52.68750258928367,51.020111399706146,51.349597323097,105953700,16.479999542236328,17.280000686645508,17.610000610351562,16.190000534057617,-0.026580080025272124,6.931461642747523,34.523809523809526,0.0
2025-12-17,49.32276916503906,52.71745129237508,49.29281347734237,52.567688088824966,125606200,17.6200008392334,16.450000762939453,18.0,15.819999694824219,0.11731137145014858,8.921544037442489,55.55555555555556,0.0
2025-12-18,51.42947006225586,52.377985639595536,50.90029985761452,51.589219773585334,109222100,16.8700008392334,17.610000610351562,17.68000030517578,15.930000305175781,0.13602696335848496,6.9535567133276395,44.047619047619044,0.0
2025-12-19,53.43632888793945,53.55614021707903,52.10840634201409,52.11839284120359,72957800,14.90999984741211,16.309999465942383,16.530000686645508,14.90999984741211,-0.05273188918522398,1.8105472371185343,6.349206349206349,0.0
2025-12-22,54.16518783569336,54.80418667726086,53.79576734454969,54.72431372643169,64783100,14.079999923706055,15.15999984741211,15.260000228881836,14.029999732971191,-0.14666667129054212,0.0,0.3968253968253968,0.0
2025-12-23,54.92399597167969,54.983903539130765,53.775796161034414,53.8856247969947,48197100,14.0,14.09000015258789,14.449999809265137,13.640000343322754,-0.1504854132963036,0.0,0.3968253968253968,0.0
2025-12-24,55.36000061035156,55.45000076293945,54.779998779296875,54.869998931884766,25855000,13.470000267028809,14.09000015258789,14.15999984741211,13.380000114440918,-0.235527830564232,0.0,0.3968253968253968,0.0
2025-12-26,55.310001373291016,55.75,55.11000061035156,55.52000045776367,37244200,13.600000381469727,14.119999885559082,14.289999961853027,13.520000457763672,-0.1938352279247585,0.3345345064557687,0.7936507936507936,0.0
2025-12-29,54.4900016784668,54.9900016784668,53.91999816894531,54.290000915527344,50635300,14.199999809265137,14.6899995803833,15.079999923706055,13.989999771118164,-0.04761905066486005,1.8785370891804476,1.984126984126984,0.0
2025-12-30,54.099998474121094,54.81999969482422,54.040000915527344,54.20000076293945,38976800,14.329999923706055,14.430000305175781,14.619999885559082,14.039999961853027,0.017755681914392918,2.213071595636216,2.7777777777777777,0.0
2025-12-31,52.720001220703125,54.20000076293945,52.63999938964844,54.130001068115234,57199400,14.949999809265137,14.770000457763672,15.170000076293945,14.380000114440918,0.06785712923322396,3.808542158182561,8.73015873015873,0.0
2026-01-02,52.349998474121094,54.880001068115234,51.61000061035156,54.16999816894531,107226600,14.510000228881836,14.850000381469727,15.420000076293945,14.460000038146973,0.07720860736719404,2.6762735975177967,3.968253968253968,0.0
2026-01-05,53.599998474121094,54.33000183105469,53.290000915527344,53.95000076293945,77968000,14.899999618530273,15.140000343322754,15.270000457763672,14.649999618530273,0.0955881765144524,3.679874662756749,8.333333333333332,0.0
2026-01-06,55.0099983215332,55.16999816894531,53.7400016784668,53.91999816894531,68915800,14.75,15.0,15.210000038146973,14.630000114440918,0.03873240831848479,3.293874630607668,5.555555555555555,0.0
2026-01-07,55.16999816894531,56.189998626708984,54.77000045776367,54.88999938964844,65588300,15.380000114440918,14.949999809265137,15.479999542236328,14.829999923706055,0.07327286785241727,4.9150791830648455,17.46031746031746,0.0
2026-01-08,54.189998626708984,54.97999954223633,53.5,54.869998931884766,83760300,15.449999809265137,15.6899995803833,15.850000381469727,15.149999618530273,0.03344481648020681,5.09521220418397,18.849206349206348,0.0
2026-01-09,55.7599983215332,56.099998474121094,53.790000915527344,54.38999938964844,78706300,14.489999771118164,15.680000305175781,15.8100004196167,14.430000305175781,-0.0013783912783034147,2.6248056176961305,3.7698412698412698,0.0
2026-01-12,55.88999938964844,56.34000015258789,54.58000183105469,54.599998474121094,59673900,15.119999885559082,16.059999465942383,16.65999984741211,15.029999732971191,0.014765118970553992,4.246010170153308,14.285714285714285,0.0
2026-01-13,55.599998474121094,56.5,54.959999084472656,55.90999984741211,88611000,15.979999542236328,15.359999656677246,16.5,14.75,0.08338979947364944,6.4590817657895245,27.976190476190478,0.0
2026-01-14,53.83000183105469,54.880001068115234,52.5,54.54999923706055,117421500,16.75,16.329999923706055,18.100000381469727,16.219999313354492,0.08907671491320301,8.440554814613304,45.63492063492063,0.0
2026-01-15,54.380001068115234,55.83000183105469,54.130001068115234,55.650001525878906,90483000,15.84000015258789,16.520000457763672,16.540000915527344,15.300000190734863,0.02524274097976864,6.098815723551276,26.38888888888889,0.0
2026-01-16,54.13999938964844,55.459999084472656,53.58000183105469,55.31999969482422,75855900,15.859999656677246,15.4399995803833,16.290000915527344,15.300000190734863,0.09454795770872271,6.150281249244589,26.984126984126984,0.0
2026-01-20,50.72999954223633,52.560001373291016,50.47999954223633,51.38999938964844,129209100,20.09000015258789,19.940000534057617,20.989999771118164,18.639999389648438,0.32870372385224633,17.03551111456325,75.39682539682539,0.0
2026-01-21,52.72999954223633,53.79999923706055,50.66999816894531,51.06999969482422,150230100,16.899999618530273,19.309999465942383,20.809999465942383,16.670000076293945,0.05757197137974357,8.826554846762386,48.01587301587302,0.0
2026-01-22,53.900001525878906,54.33000183105469,53.150001525878906,54.31999969482422,90992300,15.640000343322754,16.649999618530273,16.670000076293945,15.270000457763672,-0.06626863621953705,5.584148195976383,21.03174603174603,0.0
2026-01-23,54.380001068115234,55.06999969482422,53.31999969482422,53.59000015258789,78066100,16.09000015258789,15.680000305175781,16.209999084472656,15.300000190734863,0.015782828130791238,6.742150746551981,29.365079365079367,0.0
2026-01-26,55.08000183105469,55.630001068115234,54.209999084472656,54.470001220703125,58084300,16.149999618530273,16.899999618530273,17.389999389648438,15.800000190734863,0.018284991685414864,6.896549777760272,30.158730158730158,0.0
2026-01-27,56.540000915527344,56.79999923706055,55.560001373291016,55.97999954223633,51981200,16.350000381469727,16.020000457763672,16.3700008392334,15.739999771118164,-0.18616225697919653,7.411219759463518,32.93650793650794,0.0
2026-01-28,57.060001373291016,58.0099983215332,56.72999954223633,57.70000076293945,76172100,16.350000381469727,16.09000015258789,17.18000030517578,16.049999237060547,-0.03254433428847481,7.411219759463518,33.13492063492063,0.0
2026-01-29,56.040000915527344,57.209999084472656,53.060001373291016,56.95000076293945,122642300,16.8799991607666,16.040000915527344,19.739999771118164,16.020000457763672,0.07928381011661845,8.77508686694072,48.01587301587302,0.0
2026-01-30,54.0,55.709999084472656,53.31999969482422,55.02000045776367,110170700,17.440000534057617,18.719999313354492,19.270000457763672,16.670000076293945,0.0839030682826063,10.216160852407127,56.15079365079365,0.0
2026-02-02,55.099998474121094,55.709999084472656,53.150001525878906,53.15999984741211,74665800,16.34000015258789,19.950000762939453,19.959999084472656,16.079999923706055,0.01176473922882404,7.385485769552686,32.142857142857146,0.0
2026-02-03,52.52000045776367,55.7599983215332,51.08000183105469,55.63999938964844,129992200,18.0,16.15999984741211,20.3700008392334,16.049999237060547,0.1009174055066262,11.657229929616825,61.111111111111114,0.0
2026-02-04,49.7599983215332,52.150001525878906,48.43000030517578,52.13999938964844,142536200,18.639999389648438,17.6299991607666,21.239999771118164,17.469999313354492,0.14006109814982515,13.304166017856483,67.46031746031747,0.0
2026-02-05,47.63999938964844,49.529998779296875,47.060001373291016,48.38999938964844,158712900,21.770000457763672,19.239999771118164,23.100000381469727,19.059999465942383,0.28969203436707947,21.358723254449057,82.53968253968253,0.0
2026-02-06,50.59000015258789,51.0099983215332,48.0,48.34000015258789,117934600,20.3700008392334,21.239999771118164,21.489999771118164,19.989999771118164,0.16800459950984203,17.756048107296454,75.79365079365078,0.0
2026-02-09,51.7400016784668,52.27000045776367,49.439998626708984,50.060001373291016,71272700,17.360000610351562,17.950000762939453,19.200000762939453,16.899999618530273,0.06242352804397777,10.010293841377168,53.96825396825397,0.0
2026-02-10,51.02000045776367,52.400001525878906,50.88999938964844,51.970001220703125,70660900,17.790000915527344,17.469999313354492,17.969999313354492,17.139999389648438,-0.011666615804036495,11.116830866259452,58.53174603174603,0.0
2026-02-11,51.400001525878906,52.5,50.040000915527344,52.209999084472656,92393800,17.649999618530273,17.8700008392334,18.959999084472656,16.75,-0.053111577442859326,10.756559915764498,57.53968253968254,0.0
2026-02-12,48.2599983215332,52.06999969482422,47.9900016784668,51.79999923706055,131150000,20.81999969482422,17.440000534057617,21.209999084472656,17.079999923706055,-0.04363806811959259,18.9140482037437,78.76984126984127,0.0
2026-02-13,48.470001220703125,49.59000015258789,47.18000030517578,48.150001525878906,123216600,20.600000381469727,21.479999542236328,22.399999618530273,18.920000076293945,0.011291091446267387,18.347915150475494,76.5873015873016,0.0
2026-02-17,48.349998474121094,48.97999954223633,46.41999816894531,47.63999938964844,117089700,20.290000915527344,21.739999771118164,22.959999084472656,19.760000228881836,0.16877881348855817,17.5501810962665,74.60317460317461,0.0
2026-02-18,49.38999938964844,50.36000061035156,48.20000076293945,48.529998779296875,81370800,19.6200008392334,19.780000686645508,20.34000015258789,18.479999542236328,0.10286676950695406,15.82604303829434,70.63492063492063,0.0
2026-02-19,48.83000183105469,49.400001525878906,48.15999984741211,48.66999816894531,83447500,20.229999542236328,19.34000015258789,21.110000610351562,19.229999542236328,0.14617563623046093,17.3957771568015,73.80952380952381,0.0
2026-02-20,50.060001373291016,50.45000076293945,47.7599983215332,47.959999084472656,118813800,19.09000015258789,20.040000915527344,21.209999084472656,18.760000228881836,-0.08309315886620305,14.462171022560433,67.06349206349206,0.0
2026-02-23,48.2400016784668,49.880001068115234,47.65999984741211,49.529998779296875,91951800,21.010000228881836,20.489999771118164,22.040000915527344,19.5,0.019902904845619185,19.402984195536114,79.36507936507937,0.0
