Date,close,high,low,open,volume,vix_level,vix_open,vix_high,vix_low,vix_roc_5,iv_rank,iv_percentile,term_slope
2019-12-31,10.350387573242188,10.375501054902243,10.148282666812321,10.200901911655142,84380000,13.779999732971191,14.84000015258789,15.390000343322754,13.75,0.09278351373105753,16.103520072717835,34.523809523809526,0.0
2020-01-02,10.863420486450195,10.863420486450195,10.550099154681469,10.608697272759226,131072000,12.470000267028809,13.460000038146973,13.720000267028809,12.420000076293945,-0.015785304503615927,6.685839335847807,8.333333333333332,0.0
2020-01-03,10.568037986755371,10.762966948586758,10.432902373361454,10.438882164399207,145180000,14.020000457763672,15.010000228881836,16.200000762939453,13.130000114440918,0.1083004648653556,19.00383493995177,39.08730158730159,0.0
2020-01-06,10.768946647644043,10.772534157280848,10.27863298315258,10.316901273258509,128095200,13.850000381469727,15.449999809265137,16.389999389648438,13.539999961853027,0.031273273771414756,17.701152382026287,35.714285714285715,0.0
2020-01-07,10.755790710449219,10.856244619306752,10.662511820113535,10.77970804711399,107699200,13.789999961853027,13.84000015258789,14.460000038146973,13.390000343322754,-0.0695006581768629,17.24137905835003,35.51587301587302,0.0
2020-01-08,11.003339767456055,11.155216783462402,10.706759842152186,10.758182941251277,159164800,13.449999809265137,15.15999984741211,15.239999771118164,12.829999923706055,-0.023947745290333278,14.636013942499066,28.57142857142857,0.0
2020-01-09,11.28078556060791,11.344167331630665,11.08824796614934,11.268826890820451,145423200,12.539999961853027,12.949999809265137,13.239999771118164,12.529999732971191,0.005613447740598687,7.662835137044459,9.523809523809524,0.0
2020-01-10,11.188703536987305,11.41711808687566,11.137280428169747,11.4075507846798,137604000,12.5600004196167,12.420000076293945,12.869999885559082,12.09000015258789,-0.10413694653900585,7.8160953475528965,9.920634920634921,0.0
2020-01-13,11.579756736755371,11.585735615387721,11.278393152134193,11.328621024496396,116558400,12.319999694824219,12.84000015258789,13.09000015258789,12.319999694824219,-0.11046936061406432,5.9770093606969406,6.15079365079365,0.0
2020-01-14,11.444619178771973,11.618023052624793,11.387217209239067,11.549857643562058,145737600,12.390000343322754,12.720000267028809,13.819999694824219,12.050000190734863,-0.10152281525765494,6.513412789627414,7.738095238095238,0.0
2020-01-15,11.451796531677246,11.615632214440735,11.339383034829678,11.454187900543209,133003200,12.420000076293945,12.789999961853027,12.829999923706055,11.949999809265137,-0.07657990688309657,6.743295797541012,8.531746031746032,0.0
2020-01-16,11.771098136901855,11.778273156184513,11.543879764941657,11.613241325967362,121100800,12.319999694824219,12.199999809265137,12.420000076293945,11.779999732971191,-0.017543880996655048,5.9770093606969406,6.349206349206349,0.0
2020-01-17,11.946891784667969,11.975592770285706,11.750766710235654,11.924169676843825,144402400,12.100000381469727,12.210000038146973,12.479999542236328,11.75,-0.036624205635258256,4.291190892198484,3.571428571428571,0.0
2020-01-21,11.940913200378418,12.019842059282933,11.834479493592372,11.842850653259095,138882400,12.850000381469727,13.229999542236328,13.329999923706055,12.319999694824219,0.04301953731932051,10.038317244981828,20.634920634920633,0.0
2020-01-22,12.022234916687012,12.232710987437658,11.980379113171054,12.105947436107016,136148800,12.90999984741211,12.449999809265137,13.010000228881836,12.3100004196167,0.04196928891689611,10.498083260809022,22.61904761904762,0.0
2020-01-23,12.13344955444336,12.14899573156534,11.835674433771759,11.998314872847402,143588800,12.979999542236328,13.260000228881836,14.149999618530273,12.9399995803833,0.04508852355091797,11.034479381890435,23.809523809523807,0.0
2020-01-24,11.818933486938477,12.342730868826754,11.661076679219544,12.305658720104184,239374400,14.5600004196167,12.75,15.979999542236328,12.619999885559082,0.18181824515251677,23.141765621641817,50.79365079365079,0.0
2020-01-27,11.08824634552002,11.283175280490566,10.784491432896864,11.032039602107167,198626400,18.229999542236328,17.420000076293945,19.020000457763672,16.81999969482422,0.5066114849181536,51.26436385137384,89.68253968253968,0.0
2020-01-28,11.603673934936523,11.680210514648646,11.238929496830812,11.319053586156315,171862400,16.280000686645508,16.940000534057617,18.030000686645508,15.6899995803833,0.2669260858639346,36.321844103556025,77.57936507936508,0.0
2020-01-29,11.645528793334961,11.834478858400027,11.502022946068385,11.795014431065944,137877600,16.389999389648438,15.680000305175781,16.649999618530273,14.9399995803833,0.26955844952499475,37.164746029956184,79.76190476190477,0.0
2020-01-30,11.777078628540039,11.791428667959067,11.319054347729455,11.432663084274383,200249600,15.489999771118164,17.81999969482422,18.389999389648438,15.300000190734863,0.1933744466411118,30.268197329755804,65.47619047619048,0.0
2020-01-31,11.198269844055176,11.92895583324819,11.091836125651826,11.920584672667749,220384000,18.84000015258789,16.25,19.989999771118164,16.18000030517578,0.29395601714439135,55.938697961994365,92.06349206349206,0.0
2020-02-03,11.71250057220459,11.798604457228674,11.352538852129813,11.374064823385835,173688000,17.969999313354492,18.639999389648438,18.8799991607666,17.100000381469727,-0.014262218069696186,49.272024961858506,89.0873015873016,0.0
2020-02-04,12.51254653930664,12.58669175028582,12.080831908419812,12.198029059659417,140248800,16.049999237060547,16.450000762939453,16.459999084472656,15.630000114440918,-0.014127852572735522,34.559380914105226,74.0079365079365,0.0
2020-02-05,12.657247543334961,12.98492071979991,12.424050312263129,12.982528438647007,174612000,15.149999618530273,16.290000915527344,16.31999969482422,15.020000457763672,-0.07565587658906936,27.662832213904835,60.317460317460316,0.0
2020-02-06,12.96578598022461,12.980136929823383,12.605825223570907,12.737372401535286,113132800,14.960000038146973,15.130000114440918,15.65999984741211,14.699999809265137,-0.03421560624935582,26.206896753319974,58.730158730158735,0.0
2020-02-07,12.798364639282227,13.012428226837498,12.690735687482201,12.793581900774413,154052000,15.470000267028809,15.069999694824219,16.15999984741211,14.8100004196167,-0.17887472708412766,30.114944427096425,65.87301587301587,0.0
2020-02-10,13.25997543334961,13.263563855535278,12.664425084855004,12.673992385907363,123248800,15.039999961853027,15.880000114440918,16.43000030517578,15.010000228881836,-0.1630494971318125,26.81992297965561,59.92063492063492,0.0
2020-02-11,13.26954174041748,13.617544762927704,13.164304173888727,13.477625504585049,193770400,15.180000305175781,14.90999984741211,15.270000457763672,14.380000114440918,-0.054205543504069365,27.89272252966749,62.301587301587304,0.0
2020-02-12,13.65820598602295,13.674948307335129,13.405874113176154,13.500349161945207,121608000,13.739999771118164,14.859999656677246,14.880000114440918,13.729999542236328,-0.09306929920232543,16.858235839928,38.492063492063494,0.0
2020-02-13,13.605585098266602,13.764638043921828,13.319768617295045,13.368800346925232,155282400,14.149999618530273,14.430000305175781,15.4399995803833,14.0,-0.05414441293791805,19.999997076860375,46.42857142857143,0.0
2020-02-14,13.69766902923584,13.751483497647914,13.523069901575253,13.659400739781299,113969600,13.680000305175781,14.119999885559082,14.539999961853027,13.380000114440918,-0.11570781712706568,16.398469824100804,37.10317460317461,0.0
2020-02-18,13.721586227416992,13.804102596365555,13.464470732596672,13.503935162301461,130167200,14.829999923706055,14.979999542236328,15.489999771118164,14.529999732971191,-0.013962768529229397,25.21072730856231,57.53968253968254,0.0
2020-02-19,14.118621826171875,14.207117996960697,13.920105337068827,13.969136160851953,105627200,14.380000114440918,14.65999984741211,14.739999771118164,14.210000038146973,-0.05270093377152929,21.762452958462113,49.2063492063492,0.0
2020-02-20,13.716804504394531,14.109055662879594,13.201378214084118,14.027735423148169,227657600,15.5600004196167,14.539999961853027,17.209999084472656,14.489999771118164,0.13246002029230186,30.804600758686274,67.85714285714286,0.0
2020-02-21,12.932302474975586,13.582864315496602,12.763683136280367,13.520677774182564,207107200,17.079999923706055,17.329999923706055,18.209999084472656,16.190000534057617,0.20706716495870214,42.45210636691234,83.73015873015873,0.0
2020-02-24,11.442230224609375,11.908625659319886,11.197073380916349,11.513983157859904,269674400,25.030000686645508,22.25,26.350000381469727,22.0,0.8296783719497063,100.0,100.0,0.0
2020-02-25,10.51661491394043,11.828501145925237,10.397026391971176,11.711303992944641,300793600,27.850000381469727,22.190000534057617,30.25,22.190000534057617,0.8779501365304081,100.0,100.0,0.0
2020-02-26,10.66131591796875,11.209031516286212,10.422138896420995,10.6768620959097,335736000,27.559999465942383,26.6299991607666,29.56999969482422,24.760000228881836,0.9165507125598442,98.22194415655228,99.60317460317461,0.0
2020-02-27,9.067203521728516,10.33364669838078,9.038502526155616,9.842137701302402,425116000,39.15999984741211,28.950000762939453,39.310001373291016,27.790000915527344,1.516709433891954,100.0,100.0,0.0
2020-02-28,9.2083158493042,9.259738948334794,8.072224932831604,8.181050921724157,494222400,40.11000061035156,42.02000045776367,49.47999954223633,39.369998931884766,1.3483607019623691,100.0,100.0,0.0
2020-03-02,10.465190887451172,10.49269573413427,9.08513935649189,9.479780896655317,363518400,33.41999816894531,38.540000915527344,40.40999984741211,31.5,0.3351976529020313,76.58382117762453,99.20634920634922,0.0
2020-03-03,9.479782104492188,10.94235018662518,9.193965598838048,10.568038426733656,548126400,36.81999969482422,33.650001525878906,41.060001373291016,24.93000030517578,0.3220825562114811,88.48442127809247,99.20634920634922,0.0
2020-03-04,10.63022232055664,10.661315587863733,9.72254598983339,9.99042399020398,315827200,31.989999771118164,34.439998626708984,35.58000183105469,30.299999237060547,0.16074021738099842,71.57857663660874,98.4126984126984,0.0
2020-03-05,9.697432518005371,10.37550011067102,9.458255481232609,9.834959496627306,386972000,39.619998931884766,33.61000061035156,42.84000015258789,33.540000915527344,0.011746656952631662,98.2849084097149,99.60317460317461,0.0
2020-03-06,9.189180374145508,9.337470778683137,8.490783936211745,8.69767245329124,393519200,41.939998626708984,48.93000030517578,54.38999938964844,40.84000015258789,0.045624482386199094,100.0,100.0,0.0
2020-03-09,7.3224053382873535,8.269546694449982,7.294900032253288,7.358281804584222,406964800,54.459999084472656,41.939998626708984,62.119998931884766,41.939998626708984,0.6295631977346496,100.0,100.0,0.0
2020-03-10,8.462085723876953,8.482415557611947,7.294901265869189,8.129629713807978,456252800,47.29999923706055,49.68000030517578,55.65999984741211,43.560001373291016,0.28462790953552064,83.31780057367556,99.60317460317461,0.0
2020-03-11,7.373828411102295,8.039936913049896,7.0557229538056,7.8665330048879545,430928000,53.900001525878906,52.2400016784668,55.81999969482422,49.97999954223633,0.6849015914824095,98.69525263270889,99.60317460317461,0.0
2020-03-12,5.352781772613525,6.876339666375905,5.3097302900791625,5.919631538880127,618225600,75.47000122070312,61.459999084472656,76.83000183105469,59.90999984741211,0.904846119517877,100.0,100.0,0.0
2020-03-13,6.797412395477295,6.853619153304889,5.388659589246799,6.2473053130841265,556290400,57.83000183105469,71.30999755859375,77.56999969482422,55.16999816894531,0.37887467154627763,72.4073220048522,99.60317460317461,0.0
2020-03-16,4.454672336578369,5.812001845917267,4.423579522337007,4.838551373411718,658290400,82.69000244140625,57.83000183105469,83.55999755859375,57.83000183105469,0.5183621709788531,100.0,100.0,0.0
2020-03-17,5.180574417114258,5.39822547723854,4.275289397888954,4.709395833716608,762020800,75.91000366210938,82.69000244140625,84.83000183105469,70.37000274658203,0.6048626825903263,90.47083830918308,99.60317460317461,0.0
2020-03-18,4.70102596282959,4.9629247174227435,3.9141331019132473,4.341064179663483,848999200,76.44999694824219,69.37000274658203,85.47000122070312,69.37000274658203,0.4183672501667073,91.22978879029937,99.60317460317461,0.0
2020-03-19,4.809849739074707,5.271461433879203,4.305186110177408,4.646013161422211,804808800,72.0,80.62000274658203,84.26000213623047,68.56999969482422,-0.04597854994801864,84.97540116814712,98.4126984126984,0.0
2020-03-20,4.246588230133057,5.237977190417037,4.197556954191802,5.141110779227294,782255200,66.04000091552734,67.86000061035156,69.51000213623047,57.41999816894531,0.14196781643648304,76.59873373769213,98.01587301587301,0.0
2020-03-23,4.2597432136535645,4.54436403629253,3.859121829773808,4.29681582133738,820073600,61.59000015258789,74.08000183105469,76.73999786376953,60.459999084472656,-0.25516993186412984,70.3443407540541,97.61904761904762,0.0
2020-03-24,5.20927619934082,5.230802169865725,4.799087531063145,4.930634723209556,829824000,61.66999816894531,58.7599983215332,61.880001068115234,36.2400016784668,-0.18759063109190688,70.4567764723528,97.61904761904762,0.0
2020-03-25,5.0884928703308105,5.721116429093627,4.912698006547346,5.28581416647685,834874400,63.95000076293945,61.439998626708984,68.86000061035156,58.029998779296875,-0.16350551581794592,73.66127754689508,97.61904761904762,0.0
2020-03-26,5.917239189147949,5.979425266664533,5.22242980893171,5.241564407731223,649240000,61.0,65.66999816894531,67.05999755859375,57.65999984741211,-0.1527777777777778,69.51510655584386,96.42857142857143,0.0
2020-03-27,5.302555561065674,5.779714007525008,5.236781959283513,5.456824877819614,557143200,65.54000091552734,64.94999694824219,69.0999984741211,61.79999923706055,-0.007571168883531043,75.89599307349651,97.61904761904762,0.0
2020-03-30,5.859837532043457,5.905281297781381,5.381483447795012,5.4508450089841585,416621600,57.08000183105469,66.30000305175781,67.69000244140625,56.599998474121094,-0.07322614564636765,64.00562232206352,95.23809523809523,0.0
2020-03-31,5.697196960449219,6.162396225411215,5.603918061803182,5.813197969622672,731904000,53.540000915527344,56.689998626708984,58.75,50.880001068115234,-0.13183067123086,59.03021713280205,94.04761904761905,0.0
2020-04-01,4.9904279708862305,5.46758627902257,4.857684665006425,5.214058334595192,535589600,57.060001373291016,57.380001068115234,60.59000015258789,52.7599983215332,-0.10774041137527801,63.97751205211739,94.84126984126983,0.0
2020-04-02,5.2858123779296875,5.302554696796949,4.875623740905894,4.927046838109039,467531200,50.90999984741211,54.459999084472656,57.2400016784668,50.45000076293945,-0.16540983856701463,55.33379973791717,93.25396825396825,0.0
2020-04-03,5.072944164276123,5.379090901375297,4.886386388397984,5.245151903479258,554484000,46.79999923706055,51.11000061035156,52.290000915527344,46.7400016784668,-0.28593227672700605,49.55727062039159,92.46031746031747,0.0
2020-04-06,6.134891510009766,6.241325228931219,5.544124334860127,5.6338157325392,518616800,45.2400016784668,44.16999816894531,45.72999954223633,43.45000076293945,-0.2074281670072805,47.36472317945221,92.06349206349206,0.0
2020-04-07,6.122931957244873,6.731637506703002,6.099014163404492,6.684998059620945,658009600,46.70000076293945,44.83000183105469,47.5099983215332,43.5099983215332,-0.1277549502358002,49.41672463214679,92.06349206349206,0.0
2020-04-08,6.513986587524414,6.577368354779304,6.132498930983065,6.301118719648739,518180000,43.349998474121094,45.900001525878906,47.279998779296875,42.529998779296875,-0.24027344145118412,44.70835896514478,91.26984126984127,0.0
2020-04-09,6.537904262542725,6.783061096989561,6.3704806058746,6.688586055357444,553297600,41.66999816894531,43.0,45.72999954223633,41.38999938964844,-0.18149679249972517,42.34714990452869,90.47619047619048,0.0
2020-04-13,6.765122890472412,6.802195497823351,6.346563048782687,6.457780414641479,426961600,41.16999816894531,44.599998474121094,45.040000915527344,41.16999816894531,-0.12029917008325253,41.64440924033309,90.07936507936508,0.0
2020-04-14,7.642902851104736,7.70150143089415,7.10236264662787,7.181291057323508,490049600,37.7599983215332,40.2400016784668,40.56999969482422,37.310001373291016,-0.16534047478813207,36.85171812497851,88.4920634920635,0.0
2020-04-15,7.389374732971191,7.580716181786284,7.134651058578476,7.284136708025891,431688000,40.84000015258789,42.56999969482422,43.22999954223633,40.04999923706055,-0.12548180973482959,41.1806031899366,89.68253968253968,0.0
2020-04-16,7.78521203994751,7.90121304392885,7.408508496449777,7.630943204367244,562920000,40.11000061035156,41.91999816894531,43.02000045776367,39.869998931884766,-0.07474043778118544,40.15460246358931,89.0873015873016,0.0
2020-04-17,7.980143070220947,8.1439787736628,7.657253489284733,8.092555668868592,463564800,38.150001525878906,39.5,40.2599983215332,37.630001068115234,-0.08447316529256998,37.399860346699136,87.6984126984127,0.0
2020-04-20,7.721830368041992,8.073420893695783,7.708675558416309,7.79597557571512,386998400,43.83000183105469,40.68000030517578,43.83000183105469,39.880001068115234,0.06461024484853706,45.38299472088004,91.26984126984127,0.0
2020-04-21,6.8679680824279785,7.549622672392436,6.73402908058812,7.49341592739264,519489600,45.40999984741211,44.279998779296875,47.77000045776367,43.77000045776367,0.2025953883985312,47.60365243176554,91.66666666666666,0.0
2020-04-22,7.475477695465088,7.613004666946339,7.2123833336306475,7.298486752186259,274185600,41.97999954223633,44.90999984741211,45.06999969482422,41.40999984741211,0.027913794940968017,42.78285104646485,90.07936507936508,0.0
2020-04-23,7.426446437835693,7.843810090658428,7.38100313158168,7.561581584586978,424868000,41.380001068115234,41.29999923706055,42.470001220703125,39.060001373291016,0.03166293788177876,41.93956439402444,88.88888888888889,0.0
2020-04-24,7.78521203994751,7.821088958923082,7.320012795807461,7.479065737604308,317981600,35.93000030517578,38.79999923706055,40.16999816894531,35.599998474121094,-0.058191379604459414,34.27969008199521,84.92063492063492,0.0
2020-04-27,7.937091827392578,8.08298908160876,7.8497917906514285,8.033958254038213,304741600,33.290000915527344,36.290000915527344,36.439998626708984,32.5099983215332,-0.24047457164511188,30.569220232880156,84.12698412698413,0.0
2020-04-28,7.5077667236328125,8.159524668953463,7.487436895332354,8.158328528351097,386247200,33.56999969482422,33.209999084472656,35.38999938964844,30.540000915527344,-0.26073552504675124,30.962753289154243,84.52380952380952,0.0
2020-04-29,8.288681030273438,8.41544549720683,7.903605803385191,8.018411599351916,346104000,31.229999542236328,32.47999954223633,33.189998626708984,30.709999084472656,-0.25607432389760654,27.67392676625939,82.93650793650794,0.0
2020-04-30,8.3436918258667,8.42740434920788,8.126040725000639,8.42022932895137,380544800,34.150001525878906,30.989999771118164,35.939998626708984,30.93000030517578,-0.17472207239277482,31.77793503313432,84.52380952380952,0.0
2020-05-01,7.595067024230957,8.049503328124164,7.474282814671238,7.8115224187736825,346245600,37.189998626708984,38.16999816894531,39.56999969482422,36.59000015258789,0.03506814113084489,36.050594196714385,85.31746031746032,0.0
2020-05-04,7.862945079803467,7.884471049597308,7.422859295875601,7.4790660454699625,200756000,35.970001220703125,39.130001068115234,40.31999969482422,35.529998779296875,0.08050466300605463,34.33591062188745,84.52380952380952,0.0
2020-05-05,8.114080429077148,8.39750553350416,8.037543853705694,8.099730391437468,288714400,33.61000061035156,34.81999969482422,36.220001220703125,31.950000762939453,0.0011915673485547451,31.01897382904648,83.33333333333334,0.0
2020-05-06,8.27432918548584,8.506330271283076,8.178658013841597,8.316184980934729,311880800,34.119998931884766,32.689998626708984,35.689998626708984,31.68000030517578,0.09253920691673145,31.73576694747225,83.33333333333334,0.0
2020-05-07,8.597217559814453,8.700063747205439,8.43936076955655,8.590042541471604,289489600,31.440000534057617,32.119998931884766,32.279998779296875,30.3700008392334,-0.07935580880626458,27.96907923920785,80.95238095238095,0.0
2020-05-08,8.944025993347168,8.963159683117413,8.672559527651691,8.795736476172593,262202400,27.979999542236328,30.139999389648438,30.389999389648438,27.889999389648438,-0.24764720152095543,23.106112448987975,80.15873015873017,0.0
2020-05-11,9.166461944580078,9.315947622370398,8.759860718512773,8.786170343785976,269384000,27.56999969482422,28.459999084472656,31.459999084472656,26.969999313354492,-0.2335279744456652,22.529865318807012,79.36507936507937,0.0
2020-05-12,8.621137619018555,9.343452527562812,8.61396259840935,9.264524563697035,339363200,33.040000915527344,28.469999313354492,33.040000915527344,26.0,-0.016959228934041226,30.217849900782355,81.34920634920636,0.0
2020-05-13,8.294660568237305,8.903365751986577,7.983730570673972,8.680931011735465,491119200,35.279998779296875,32.7400016784668,37.41999816894531,30.770000457763672,0.03399765192630477,33.36612507394662,83.73015873015873,0.0
2020-05-14,8.569713592529297,8.573301102068257,7.905996956182309,8.136802831197858,402999200,32.61000061035156,35.15999984741211,39.279998779296875,32.33000183105469,0.03721374225253382,29.613492500655276,80.55555555555556,0.0
2020-05-15,8.716805458068848,8.741918932908314,8.166698555310091,8.216925504989026,357806400,31.889999389648438,32.5,35.130001068115234,31.040000915527344,0.13974267017088016,28.601544228538156,79.76190476190477,0.0
2020-05-18,9.22146987915039,9.351820914277905,8.995447673142056,9.088726562937508,296474400,29.299999237060547,30.709999084472656,31.079999923706055,28.350000381469727,0.06274934934297827,24.961347373545504,78.57142857142857,0.0
2020-05-19,9.150912284851074,9.51565760136427,9.136562247734433,9.253758475330601,261430400,30.530000686645508,28.729999542236328,30.739999771118164,28.3700008392334,-0.07596852782477514,26.690091444831282,78.57142857142857,0.0
2020-05-20,9.68666934967041,9.747659745488805,9.472605806407191,9.472605806407191,285416000,27.989999771118164,29.520000457763672,29.829999923706055,27.829999923706055,-0.2066326320979538,23.120167583961035,77.77777777777779,0.0
2020-05-21,9.388895988464355,9.796692411863777,9.319534420298274,9.71537217286619,322693600,29.530000686645508,28.969999313354492,30.200000762939453,27.670000076293945,-0.09444955124374799,25.284610116440078,78.17460317460318,0.0
2020-05-22,9.473803520202637,9.506092021946019,9.214296628319191,9.338667896980285,209664800,28.15999984741211,31.360000610351562,31.549999237060547,28.030000686645508,-0.11696455357873392,23.359099517017256,77.38095238095238,0.0
2020-05-26,9.434338569641113,9.964115766573451,9.373348167034141,9.931827266598013,245202400,28.010000228881836,27.719999313354492,28.579999923706055,27.18000030517578,-0.04402727105013149,23.148277853907153,76.98412698412699,0.0
2020-05-27,9.567083358764648,9.571867009930612,8.775406882367134,9.341061087404887,347291200,27.6200008392334,27.6200008392334,30.530000686645508,25.920000076293945,-0.09531607540005749,22.60014099367231,75.39682539682539,0.0
2020-05-28,9.50609016418457,9.950959556123482,9.393677588049353,9.399656465965496,303992800,28.59000015258789,27.81999969482422,29.889999389648438,27.43000030517578,0.021436241028084835,23.963456917144335,77.38095238095238,0.0
2020-05-29,9.89834213256836,9.964116188398426,9.366173544081699,9.571865959708745,358492800,27.510000228881836,29.299999237060547,30.15999984741211,27.290000915527344,-0.06840502576341578,22.44553718971155,73.80952380952381,0.0
2020-06-01,10.020320892333984,10.074135354354382,9.762009284905162,9.813432378288423,209881600,28.229999542236328,28.940000534057617,30.600000381469727,28.110000610351562,0.002485784630806842,23.45748278108578,76.98412698412699,0.0
2020-06-02,10.2200345993042,10.230798040324363,9.763206498804859,10.074136461925859,250714400,26.84000015258789,28.399999618530273,28.520000457763672,26.65999984741211,-0.041770798526717945,21.503864592459728,73.01587301587301,0.0
2020-06-03,10.358757972717285,10.462799401609375,10.190137720889686,10.302551222108086,215033600,25.65999984741211,26.75,26.979999542236328,25.040000915527344,-0.07096310399227668,19.845396196039243,72.61904761904762,0.0
2020-06-04,10.148282051086426,10.509438986117528,9.96889926806565,10.312118654705086,266408800,25.809999465942383,26.229999542236328,26.43000030517578,24.3799991607666,-0.09723681958056474,20.056217859149346,72.61904761904762,0.0
2020-06-05,10.749811172485352,10.826347746475125,10.224817682592402,10.272653269432993,281394400,24.520000457763672,24.790000915527344,25.09000015258789,23.540000915527344,-0.10868774068489695,18.24314833951099,71.03174603174604,0.0
2020-06-08,10.988987922668457,11.011710031143366,10.511830031410755,10.713933989424941,218544800,25.809999465942383,25.559999465942383,25.979999542236328,24.649999618530273,-0.08572441075223047,20.056217859149346,72.42063492063492,0.0
2020-06-09,11.234146118164062,11.358518291300273,10.851462297963103,10.869400758851715,213179200,27.56999969482422,25.93000030517578,27.700000762939453,25.709999084472656,0.027198194414538523,22.529865318807012,74.0079365079365,0.0
2020-06-10,11.639551162719727,11.865573398201725,11.406352995433775,11.475714557747834,302911200,27.56999969482422,26.729999542236328,29.010000228881836,26.059999465942383,0.07443491265666302,22.529865318807012,73.80952380952381,0.0
2020-06-11,9.925848007202148,11.266435321338905,9.904322035269319,11.071506345560788,383332000,40.790000915527344,30.450000762939453,42.58000183105469,29.489999771118164,0.5803952638337648,41.11033019581419,87.6984126984127,0.0
2020-06-12,10.141107559204102,10.721111738661714,9.618505362361526,10.558471267272337,411876800,36.09000015258789,37.68000030517578,44.15999984741211,34.970001220703125,0.4718596851070145,34.50456688007837,84.12698412698413,0.0
2020-06-15,10.498676300048828,10.605110010058135,9.574256637258019,9.69623743882491,398184800,34.400001525878906,44.09000015258789,44.439998626708984,34.279998779296875,0.3328168243967409,32.12930536523212,82.53968253968253,0.0
2020-06-16,11.053566932678223,11.255671823306765,10.560861902149163,11.168371802314626,383217600,33.66999816894531,34.279998779296875,37.45000076293945,31.729999542236328,0.2212549344085144,31.103299277399053,81.34920634920636,0.0
2020-06-17,11.1611967086792,11.415919925950519,11.049979349399722,11.26165062679589,258858400,33.470001220703125,33.279998779296875,35.16999816894531,32.25,0.21400078314061521,30.822207300909437,80.15873015873017,0.0
2020-06-18,11.24730110168457,11.284373252340135,11.006927911810541,11.114557766409959,212785600,32.939998626708984,33.83000183105469,36.25,32.2400016784668,-0.19244918148138934,30.07729855105177,78.57142857142857,0.0
2020-06-19,11.2317533493042,11.627591962817869,10.997359964393148,11.596498692786286,289950400,35.119998931884766,32.06999969482422,35.119998931884766,30.399999618530273,-0.026877285026377873,33.141248275863454,82.53968253968253,0.0
2020-06-22,11.631179809570312,11.66586059015177,11.182722855757016,11.23055844664137,220133600,31.770000457763672,35.220001220703125,35.38999938964844,31.639999389648438,-0.07645351603071004,28.43288797034723,76.5873015873016,0.0
2020-06-23,11.93493366241455,12.272173224103758,11.79860283401176,11.883510566621364,234898400,31.3700008392334,31.709999084472656,31.709999084472656,29.260000228881836,-0.06830999271729277,27.870695975139327,75.79365079365078,0.0
2020-06-24,11.2317533493042,12.01505850421059,10.984205154471631,11.82730456815292,392821600,33.84000015258789,31.049999237060547,37.119998931884766,30.950000762939453,0.011054643513305207,31.342233891198163,80.95238095238095,0.0
2020-06-25,11.529529571533203,11.566601720513054,10.851461974400475,11.230558273597643,301703200,32.220001220703125,36.59000015258789,36.93000030517578,31.59000015258789,-0.02185784565947302,29.06535564042043,76.98412698412699,0.0
2020-06-26,10.700780868530273,11.516374515377207,10.631419309918066,11.482888964317953,375940800,34.72999954223633,33.0099983215332,36.25,31.040000915527344,-0.01110476655779069,32.59311141562861,82.14285714285714,0.0
2020-06-29,11.042804718017578,11.053568160447659,10.318098498771667,10.668492937551944,259609600,31.780000686645508,35.04999923706055,36.310001373291016,31.780000686645508,0.0003147695542256024,28.446943105320287,75.39682539682539,0.0
2020-06-30,11.677818298339844,11.777076981584997,11.017689205737884,11.04041131482454,251388800,30.43000030517578,32.540000915527344,32.939998626708984,29.559999465942383,-0.029964950873765717,26.549542775843584,73.01587301587301,0.0
2020-07-01,12.095181465148926,12.254234397645119,11.628786107678803,11.70293131011162,252137600,28.6200008392334,30.959999084472656,31.760000228881836,28.200000762939453,-0.154255298162441,24.005622322063513,71.82539682539682,0.0
2020-07-02,12.35229778289795,12.660836369548486,12.286523734910755,12.471886297501603,228152000,27.68000030517578,28.329999923706055,28.440000534057617,25.899999618530273,-0.14090629247432007,22.68446912276777,68.65079365079364,0.0
2020-07-06,13.25997543334961,13.343687948975678,12.830653062990537,12.831849203719095,211984000,27.940000534057617,27.760000228881836,28.329999923706055,24.920000076293945,-0.19550818018068683,23.049894589838633,69.04761904761905,0.0
2020-07-07,12.999271392822266,13.65222549652833,12.944260784658615,13.220510878499788,246099200,29.43000030517578,28.770000457763672,29.6299991607666,27.25,-0.07394588831639759,25.14406144745238,72.22222222222221,0.0
2020-07-08,13.499151229858398,13.506327161174301,12.974157722578207,13.206159733386588,239931200,28.079999923706055,28.950000762939453,30.200000762939453,27.239999771118164,-0.0772264330562632,23.246661117975677,69.84126984126983,0.0
2020-07-09,13.836390495300293,13.952391498105595,13.137994022063342,13.801710629666902,317596000,29.260000228881836,28.18000030517578,31.479999542236328,26.110000610351562,0.022361962644358302,24.905129514396158,71.42857142857143,0.0
2020-07-10,14.12938404083252,14.165260049959224,13.380759638488703,13.802906974690224,242789600,27.290000915527344,30.860000610351562,30.90999984741211,27.1299991607666,-0.014089573170109837,22.136332262532925,64.28571428571429,0.0
2020-07-13,13.256386756896973,15.062173157951685,13.117664553398486,14.595778677545766,374584800,32.189998626708984,27.850000381469727,32.45000076293945,26.8700008392334,0.15211159668629248,29.023187554758362,76.19047619047619,0.0
2020-07-14,13.537418365478516,13.599604898852352,12.364255426474845,12.866526781200092,459751200,29.520000457763672,31.139999389648438,33.66999816894531,29.209999084472656,0.003058109128597719,25.27055498146702,71.82539682539682,0.0
2020-07-15,13.604389190673828,13.89857681660047,13.0817870720696,13.735936369559866,367544000,27.760000228881836,29.149999618530273,30.09000015258789,27.170000076293945,-0.011396000558891228,22.796907521809352,66.26984126984127,0.0
2020-07-16,13.312593460083008,13.43696562523289,12.794774970896233,13.15952030678714,299972000,28.0,28.40999984741211,29.290000915527344,26.979999542236328,-0.04306220844243602,23.134222718934094,67.85714285714286,0.0
2020-07-17,13.374780654907227,13.518287437241929,13.035149670252427,13.413049860106936,231003200,25.68000030517578,27.149999618530273,27.540000915527344,25.40999984741211,-0.058995989605684196,19.87350646598536,61.111111111111114,0.0
2020-07-20,14.513262748718262,14.617305088778819,13.285088146814287,13.489585317345036,251621600,24.459999084472656,26.940000534057617,27.079999923706055,24.350000381469727,-0.24013668443659142,18.158817529672643,59.12698412698413,0.0
2020-07-21,14.049261093139648,14.789513483283965,13.92010526004475,14.779946181783288,294313600,24.84000015258789,24.079999923706055,25.649999618530273,23.610000610351562,-0.1585365932453756,18.692901935677316,59.92063492063492,0.0
2020-07-22,14.211897850036621,14.366167134813457,13.830411130013871,14.13177376866515,227788800,24.31999969482422,24.559999465942383,26.260000228881836,24.1299991607666,-0.12391932657401783,17.9620510015356,58.333333333333336,0.0
2020-07-23,13.098527908325195,14.259732102749213,12.864134564087255,14.148514764231372,336648800,26.079999923706055,23.969999313354492,26.950000762939453,23.600000381469727,-0.06857143129621235,20.43569846119326,61.904761904761905,0.0
2020-07-24,12.711065292358398,12.934696177709359,12.079637983588748,12.498197849427974,357218400,25.84000015258789,27.959999084472656,28.579999923706055,25.530000686645508,0.006230523579077385,20.098383264068524,61.50793650793651,0.0
2020-07-27,13.393915176391602,13.459689231945179,12.85337542965226,12.98611785673555,267624000,24.739999771118164,26.600000381469727,26.940000534057617,24.549999237060547,0.011447289334661326,18.552353266689618,58.730158730158735,0.0
2020-07-28,12.890446662902832,13.359233441697517,12.840219703543687,13.2838930026588,238702400,25.440000534057617,24.860000610351562,25.850000381469727,24.049999237060547,0.024154604580677308,19.536191268860616,59.523809523809526,0.0
2020-07-29,13.329336166381836,13.466863145174242,13.053086980531027,13.11766489002628,194280800,24.100000381469727,25.15999984741211,25.420000076293945,23.729999542236328,-0.009046024511312534,17.652846074356972,56.34920634920635,0.0
2020-07-30,13.545792579650879,13.629505099245568,12.839024831983473,13.023191280226081,302200000,24.760000228881836,25.040000915527344,28.290000915527344,24.639999389648438,-0.050613485379053746,18.580463536635737,58.333333333333336,0.0
2020-07-31,14.27647590637207,14.29082685594229,13.499150596216214,14.26930088778092,359815200,24.459999084472656,24.790000915527344,26.40999984741211,23.549999237060547,-0.053405613775781124,18.158817529672643,56.547619047619044,0.0
2020-08-03,14.808646202087402,14.964110725946297,14.596974017160697,14.61969612723671,217868000,24.280000686645508,25.75,26.010000228881836,22.170000076293945,-0.018593334225074032,17.90583314238625,55.55555555555556,0.0
2020-08-04,15.001185417175293,15.022711388958905,14.630460246192175,14.747657406433639,211008000,23.760000228881836,24.010000228881836,24.760000228881836,22.920000076293945,-0.06603774645864069,17.17498220824453,55.158730158730165,0.0
2020-08-05,15.120774269104004,15.196114715759744,14.93780396123428,15.086093485357937,162381600,22.989999771118164,23.440000534057617,23.610000610351562,22.860000610351562,-0.046058115883061634,16.09276094200501,54.761904761904766,0.0
2020-08-06,15.699579238891602,15.777311039451776,14.974873169853796,15.081306869353146,192064000,22.649999618530273,23.030000686645508,24.110000610351562,20.969999313354492,-0.085218117562467,15.61489707589257,54.36507936507936,0.0
2020-08-07,15.186546325683594,15.764160024860837,14.791904746037094,15.620652337011153,296708000,22.209999084472656,23.450000762939453,24.020000457763672,22.020000457763672,-0.09198692085922078,14.996484540792428,53.96825396825397,0.0
2020-08-10,14.982048988342285,15.26069044680275,14.370951604715891,15.220029877328521,254311200,22.1299991607666,22.8799991607666,23.520000457763672,21.459999084472656,-0.0885503074578351,14.884046141750847,53.57142857142857,0.0
2020-08-11,14.131775856018066,15.002380176702102,14.03849695200021,14.776357936231749,310273600,24.030000686645508,21.850000381469727,24.93000030517578,20.280000686645508,0.01136365552031715,17.55446281028845,55.158730158730165,0.0
2020-08-12,15.18893814086914,15.350382459968507,14.482169551574842,14.482169551574842,221247200,22.280000686645508,22.81999969482422,22.8799991607666,21.540000915527344,-0.03088295309009148,15.094870485603842,53.57142857142857,0.0
2020-08-13,15.295371055603027,15.687620321422617,15.131534463686119,15.316897024523586,234281600,22.1299991607666,22.200000762939453,22.920000076293945,21.450000762939453,-0.022958077992118464,14.884046141750847,52.57936507936508,0.0
2020-08-14,15.251123428344727,15.449640804528096,14.997596356211142,15.3862590364947,199737600,22.049999237060547,22.270000457763672,23.549999237060547,21.790000915527344,-0.007203955605922019,14.771607742709266,51.98412698412699,0.0
2020-08-17,15.754590034484863,15.828734322380603,15.505845729392627,15.530958293136012,126664800,21.350000381469727,22.520000457763672,22.81999969482422,21.34000015258789,-0.03524621820500129,13.787772421281158,51.587301587301596,0.0
2020-08-18,16.21739959716797,16.311873726971324,15.700776304459275,15.956695669428107,149313600,21.510000228881836,21.690000534057617,22.549999237060547,21.18000030517578,-0.10486892991077368,14.01264921936432,51.587301587301596,0.0
2020-08-19,15.900490760803223,16.408741981629657,15.820364844893552,16.215007334255166,205847200,22.540000915527344,21.600000381469727,22.979999542236328,20.989999771118164,0.011669668800220467,15.460295952674702,53.57142857142857,0.0
2020-08-20,16.554637908935547,16.64552635177932,15.686425912688312,15.755787473098984,152774400,22.719999313354492,24.100000381469727,24.600000381469727,22.3700008392334,0.026660649569019368,15.713280339961091,53.96825396825397,0.0
2020-08-21,16.900253295898438,16.982767855428573,16.478104072222976,16.582147342545845,164280000,22.540000915527344,22.579999923706055,24.469999313354492,22.059999465942383,0.022222299112066413,15.460295952674702,52.976190476190474,0.0
2020-08-24,17.213577270507812,17.646487265030938,16.79501731896618,17.485043807159396,251384000,22.3700008392334,22.8700008392334,23.18000030517578,21.25,0.04777519623132931,15.22136401961848,52.38095238095239,0.0
2020-08-25,17.61539077758789,17.63332832712003,16.989943278626576,17.080829904216333,172556800,22.030000686645508,22.15999984741211,23.43000030517578,21.530000686645508,0.024174823441678095,14.743500153506039,50.0,0.0
2020-08-26,18.74311065673828,18.781379863988345,17.82825909013427,17.850981203841965,219663200,23.270000457763672,22.139999389648438,23.270000457763672,20.920000076293945,0.03238684616616161,16.486296679021986,54.36507936507936,0.0
2020-08-27,18.57329559326172,19.118619035999917,18.127230856295576,18.964350624479092,302602400,24.469999313354492,23.420000076293945,27.09000015258789,21.440000534057617,0.07702465021516858,18.172872664645702,57.14285714285714,0.0
2020-08-28,18.86030387878418,18.982282839737337,18.554155773946285,18.810075101008447,198145600,22.959999084472656,24.59000015258789,26.299999237060547,22.639999389648438,0.018633458380029833,16.050595537085833,53.17460317460318,0.0
2020-08-31,19.29680633544922,19.67709700587923,18.873463718859558,18.9595657864026,180398400,26.40999984741211,23.90999984741211,26.5,21.770000457763672,0.18059896542753817,20.89950719233265,61.904761904761905,0.0
2020-09-01,20.298954010009766,20.326458855919544,19.48694701860848,19.84212503344101,193147200,26.1200008392334,25.860000610351562,26.59000015258789,25.020000457763672,0.18565592488007643,20.4919190010855,61.50793650793651,0.0
2020-09-02,20.871782302856445,21.0081131299495,19.692639532646893,20.985391021304686,289369600,26.56999969482422,26.010000228881836,27.06999969482422,25.530000686645508,0.14181345819267288,21.124383990415808,61.904761904761905,0.0
2020-09-03,17.66680908203125,20.019114723030338,17.079630917642547,19.938990644790344,443024800,33.599998474121094,26.280000686645508,35.939998626708984,25.65999984741211,0.37310990670048394,31.00491601333053,79.36507936507937,0.0
2020-09-04,16.938518524169922,17.974155583490184,14.81223470617628,17.38578026237554,561480800,30.75,34.619998931884766,38.279998779296875,29.5,0.3392857676895793,26.99929637200991,72.61904761904762,0.0
2020-09-08,14.544357299804688,16.021275458028523,14.477387102798383,14.942586409995892,426824800,31.459999084472656,30.610000610351562,35.93000030517578,30.520000457763672,0.1912154209101744,27.997186828411074,73.80952380952381,0.0
2020-09-09,15.794059753417969,16.16837065224336,15.028691983181806,15.430509560742294,290352000,28.809999465942383,31.68000030517578,31.780000686645508,28.1200008392334,0.10298616157272433,24.27266184432296,69.04761904761905,0.0
2020-09-10,14.880398750305176,16.54985428692312,14.558705357479921,16.326224350921937,465936800,29.709999084472656,28.670000076293945,30.559999465942383,27.59000015258789,0.11817837507390339,25.537594503726467,71.03174603174604,0.0
2020-09-11,14.555118560791016,15.330052566574974,13.969134634295997,15.187741936778014,385797600,26.8700008392334,28.6299991607666,29.729999542236328,26.510000228881836,-0.20029755775349745,21.546029997378906,60.317460317460316,0.0
2020-09-14,15.304939270019531,15.643374089950871,14.958132377752513,15.18774211836411,269032800,25.850000381469727,25.860000610351562,26.790000915527344,25.3799991607666,-0.15934958109041542,20.11243839904158,57.936507936507944,0.0
2020-09-15,15.9555025100708,16.194679585907167,15.661315728666784,15.944739979604469,300889600,25.59000015258789,25.920000076293945,26.0,24.920000076293945,-0.1865861126099636,19.74701293197072,55.55555555555556,0.0
2020-09-16,15.18893814086914,16.18271935988898,15.138710269185871,16.088243407461974,306141600,26.040000915527344,25.309999465942383,26.59000015258789,24.84000015258789,-0.09614712258809932,20.37948060204392,57.936507936507944,0.0
2020-09-17,14.48934555053711,14.82419285978353,13.878248139106491,14.01697034814612,446844800,26.459999084472656,28.219999313354492,28.920000076293945,26.260000228881836,-0.10939078088691523,20.96978018645505,59.12698412698413,0.0
2020-09-18,13.929672241210938,14.763203520848302,13.245625710240622,14.692646726776559,463042400,25.829999923706055,26.649999618530273,28.100000381469727,25.280000686645508,-0.03870490818924055,20.084328129095464,56.34920634920635,0.0
2020-09-21,14.094704627990723,14.105467158056905,12.927520285836183,13.301832979531657,375314400,27.780000686645508,28.040000915527344,31.18000030517578,27.389999389648438,0.07466151940791765,22.82501779175547,63.888888888888886,0.0
2020-09-22,14.864855766296387,14.96411356027571,13.927281145864894,14.494130565395063,315066400,26.860000610351562,28.610000610351562,28.780000686645508,26.479999542236328,0.0496287788273122,21.531974862405846,59.523809523809526,0.0
2020-09-23,13.488389015197754,14.84691464868954,13.359233197162947,14.811037728439432,405507200,28.579999923706055,27.020000457763672,29.729999542236328,25.190000534057617,0.09754220118572032,23.94940178217128,67.46031746031747,0.0
2020-09-24,13.685709953308105,14.19635251108441,13.055477968102386,13.117664506861201,375036000,28.510000228881836,29.540000915527344,30.489999771118164,27.940000534057617,0.07747548054951259,23.851018518102755,67.06349206349206,0.0
2020-09-25,14.644810676574707,14.776357871727898,13.519483129647579,13.761051548937033,324478400,26.3799991607666,28.170000076293945,30.43000030517578,26.020000457763672,0.02129304059949977,20.857341787413468,56.74603174603175,0.0
2020-09-28,15.513025283813477,15.54650992844649,15.016732669004673,15.46160126362803,273331200,26.190000534057617,27.149999618530273,27.190000534057617,24.899999618530273,-0.05723542524432845,20.590302265154023,56.34920634920635,0.0
2020-09-29,15.350382804870605,15.646961829419926,15.251124112327366,15.484321366000744,221805600,26.270000457763672,26.809999465942383,27.43000030517578,25.979999542236328,-0.021965753506368535,20.702740664195602,56.34920634920635,0.0
2020-09-30,15.654135704040527,16.206635877851113,15.337226872835764,15.377886529523185,338768000,26.3700008392334,26.690000534057617,27.1200008392334,25.059999465942383,-0.07732677013198808,20.8432893331833,56.34920634920635,0.0
2020-10-01,16.3872127532959,16.51158582081909,15.998550110643535,16.332203062671844,278676000,26.700000762939453,25.780000686645508,27.110000610351562,25.329999923706055,-0.06348647672435925,21.307098064322684,57.936507936507944,0.0
2020-10-02,15.035865783691406,15.980615322088058,14.868441664721814,15.321681375609343,399553600,27.6299991607666,28.8700008392334,29.899999618530273,26.93000030517578,0.047384383615108217,22.614193447902476,61.904761904761905,0.0
2020-10-05,15.98420238494873,16.036821626910513,15.33722803907727,15.363537660058162,210790400,27.959999084472656,29.520000457763672,29.690000534057617,27.270000457763672,0.06758299023756509,23.07800217904186,63.888888888888886,0.0
2020-10-06,15.125555992126465,16.158799790930235,14.966503045958548,15.832323651309748,345648800,29.479999542236328,28.049999237060547,30.0,26.010000228881836,0.12219257817043516,25.21433444157478,69.84126984126983,0.0
2020-10-07,15.920818328857422,16.03801455336699,15.47236143301513,15.566835549504562,225088800,28.059999465942383,29.260000228881836,29.760000228881836,27.940000534057617,0.06408792464635038,23.218550848029558,65.07936507936508,0.0
2020-10-08,16.155214309692383,16.336989388816928,15.969851720598868,16.317854785798303,197893600,26.360000610351562,27.649999618530273,27.989999771118164,24.8799991607666,-0.012734087748035638,20.82923419821024,53.96825396825397,0.0
2020-10-09,16.873937606811523,16.90861746793789,16.37884130368369,16.44820102593642,195271200,25.0,26.200000762939453,26.219999313354492,24.030000686645508,-0.09518636412052761,18.91777873376048,47.61904761904761,0.0
2020-10-12,18.447721481323242,18.98228222602139,17.56276730508161,17.746932793460562,294116800,25.06999969482422,25.649999618530273,25.649999618530273,24.139999389648438,-0.10336192719167059,19.016161997829002,48.01587301587302,0.0
2020-10-13,18.450115203857422,18.934449035022404,18.19539109325584,18.799313434596087,283861600,26.06999969482422,25.670000076293945,26.93000030517578,25.15999984741211,-0.11567163841120698,20.421643326220206,51.98412698412699,0.0
2020-10-14,17.994483947753906,18.799314140517883,17.657243460503743,18.61514863083386,296589600,26.399999618530273,25.719999313354492,27.229999542236328,25.530000686645508,-0.059158940805644766,20.885452057359586,54.761904761904766,0.0
2020-10-15,17.622562408447266,17.745738424283335,16.974392921542425,17.10354872766463,249076800,26.969999313354492,27.100000381469727,29.059999465942383,26.81999969482422,0.023141073174459015,21.686575985623712,57.53968253968254,0.0
2020-10-16,17.352293014526367,18.209742386736572,17.280539180751337,17.946648037521122,228096800,27.40999984741211,27.15999984741211,27.459999084472656,26.190000534057617,0.09639999389648435,22.30498852072385,57.936507936507944,0.0
2020-10-19,16.490060806274414,17.879678812650432,16.307090518249122,17.70388354379853,277555200,29.18000030517578,27.360000610351562,29.690000534057617,27.040000915527344,0.1639409916387069,24.79269111535458,68.25396825396825,0.0
2020-10-20,16.59649658203125,17.148995024500195,16.334597400930658,16.620413923846456,274710400,29.350000381469727,28.809999465942383,29.600000381469727,28.290000915527344,0.12581514096821023,25.0316230484108,69.04761904761905,0.0
2020-10-21,16.553443908691406,17.102354816981084,16.469732303632437,16.633568003874718,242572800,28.649999618530273,29.1200008392334,30.549999237060547,28.3700008392334,0.08522727395877361,24.0477850462398,67.06349206349206,0.0
2020-10-22,16.561817169189453,16.86198374055939,15.961482201673318,16.70651827728692,239163200,28.110000610351562,30.100000381469727,30.1200008392334,27.68000030517578,0.0422692371531721,23.28882652289485,64.28571428571429,0.0
2020-10-23,16.65868377685547,16.674229046011522,16.13129788416056,16.67183858908061,191088000,27.549999237060547,28.469999313354492,28.670000076293945,27.260000228881836,0.005107602715351822,22.501755048860893,56.74603174603175,0.0
2020-10-26,15.89929485321045,16.740002081306617,15.246341582545197,16.236535386983622,317113600,32.459999084472656,29.3799991607666,33.68000030517578,29.219999313354492,0.11240571435892299,29.40266815680228,76.19047619047619,0.0
2020-10-27,16.27480125427246,16.407544584507697,15.847871186613835,16.057151096683516,223860000,33.349998474121094,32.040000915527344,33.77000045776367,31.850000381469727,0.13628613426447478,30.65354568123273,77.77777777777779,0.0
2020-10-28,14.364974975585938,15.57521126332735,14.326706681353187,15.477147789943567,369440000,40.279998779296875,34.689998626708984,40.77000045776367,34.68000030517578,0.4059336584857942,40.39353171590264,87.3015873015873,0.0
2020-10-29,15.095659255981445,15.601519096192087,14.4989118852531,14.58262439654688,276374400,37.59000015258789,38.79999923706055,41.15999984741211,35.630001068115234,0.337246507876108,36.61278887266518,84.52380952380952,0.0
2020-10-30,14.045670509338379,14.916275651775393,13.579276037803485,14.775161169714389,461622400,38.02000045776367,40.810001373291016,41.09000015258789,36.5,0.38003635247360634,37.21714627279226,84.92063492063492,0.0
2020-11-02,14.050455093383789,14.600562108154644,13.586451959816513,14.325509056963222,302272000,37.130001068115234,38.56999969482422,38.779998779296875,36.130001068115234,0.1438694428638012,35.96626874836181,83.33333333333334,0.0
2020-11-03,14.757224082946777,15.117185796603533,14.183198801279636,14.348231548762657,269938400,35.54999923706055,36.439998626708984,36.439998626708984,34.189998626708984,0.0659670423867218,33.74560567599054,81.34920634920636,0.0
2020-11-04,16.75196075439453,17.058107085579124,15.943542984561713,16.215007621718133,338375200,29.56999969482422,36.790000915527344,36.849998474121094,28.030000686645508,-0.2658887638789449,25.340827975589423,67.85714285714286,0.0
2020-11-05,18.044713973999023,18.24323138005456,17.650071443525405,17.89762058687952,300264800,27.579999923706055,27.559999465942383,28.139999389648438,26.040000915527344,-0.26629423219602455,22.54392045378007,55.158730158730165,0.0
2020-11-06,18.105701446533203,18.245621622656046,17.227922135634692,17.92273115440459,270302400,24.860000610351562,27.8700008392334,29.440000534057617,24.559999465942383,-0.34613360570659435,18.721012205623435,39.682539682539684,0.0
2020-11-09,17.000703811645508,18.94042968020357,16.919382672173143,18.61753922833873,331731200,25.75,24.799999237060547,25.81999969482422,22.40999984741211,-0.3064907282722278,19.97188973005388,42.46031746031746,0.0
2020-11-10,16.083463668823242,16.652704471764434,15.588367177985896,16.40037257517968,337333600,24.799999237060547,25.360000610351562,26.770000457763672,24.350000381469727,-0.3023910050831513,18.636681395785082,38.492063492063494,0.0
2020-11-11,17.164539337158203,17.243468194660423,16.44102845960636,16.51158706997854,253661600,23.450000762939453,25.010000228881836,25.1200008392334,22.56999969482422,-0.20696648613614899,16.739283747051267,33.730158730158735,0.0
2020-11-12,16.913402557373047,17.569944152202485,16.708907221537842,17.322396878595253,286687200,25.350000381469727,24.389999389648438,27.270000457763672,23.530000686645508,-0.0808556761568211,19.40969773484598,40.476190476190474,0.0
2020-11-13,17.357080459594727,17.46949397810317,16.821324316363807,17.19443997373116,209495200,23.100000381469727,24.940000534057617,25.030000686645508,22.739999771118164,-0.07079646764565972,16.24736474596577,32.53968253968254,0.0
2020-11-16,17.75650405883789,17.819885832454272,17.1896556061347,17.310439362035027,213748800,22.450000762939453,23.65999984741211,24.079999923706055,22.43000030517578,-0.12815531017710857,15.333802418660062,29.761904761904763,0.0
2020-11-17,17.592668533325195,17.861742722950318,17.47547228611468,17.794773438830024,182704000,22.709999084472656,22.84000015258789,24.09000015258789,22.34000015258789,-0.08427420229370985,15.699225204988032,30.952380952380953,0.0
2020-11-18,17.18486785888672,17.788790176036734,17.18486785888672,17.491014140708504,154341600,23.84000015258789,22.860000610351562,23.920000076293945,21.65999984741211,0.016631103495092114,17.287420607286112,33.730158730158735,0.0
2020-11-19,17.61060905456543,17.662033079477553,16.976791205199632,17.09039996170238,159341600,23.110000610351562,23.6200008392334,24.520000457763672,22.559999465942383,-0.08836290877358544,16.261419880938828,32.142857142857146,0.0
2020-11-20,17.253034591674805,17.731388624550316,17.23509522057648,17.58549049854122,129993600,23.700000762939453,23.43000030517578,23.729999542236328,22.1299991607666,0.02597404205893583,17.09065407914907,32.93650793650794,0.0
2020-11-23,17.256624221801758,17.66800903259858,16.83327982880287,17.438399287572086,179060800,22.65999984741211,23.65999984741211,23.959999084472656,22.450000762939453,0.00935407916864417,15.628952210865627,29.365079365079367,0.0
2020-11-24,17.962196350097656,18.061455046257834,17.109531395350686,17.438399843861976,156015200,21.639999389648438,22.040000915527344,22.479999542236328,20.799999237060547,-0.0471157964755623,14.195360612528305,24.6031746031746,0.0
2020-11-25,18.300630569458008,18.41782680491773,17.99209197731731,18.143969904503734,128677600,21.25,21.649999618530273,22.5,21.1299991607666,-0.10864094530245794,13.391598073099361,23.41269841269841,0.0
2020-11-27,18.800514221191406,19.022948967282254,18.59960453531441,18.66059403069653,92927200,20.84000015258789,21.520000457763672,21.600000381469727,19.510000228881836,-0.0982258934578687,12.3813564471881,23.015873015873016,0.0
2020-11-30,18.897377014160156,18.98826362557681,18.007638200591295,18.86150009591447,184622400,20.56999969482422,22.639999389648438,22.889999389648438,20.479999542236328,-0.13206755136521897,11.998865372128463,22.61904761904762,0.0
2020-12-01,19.6400203704834,19.965301261746255,19.146121067945064,19.34822411584091,169989600,20.770000457763672,20.209999084472656,20.920000076293945,20.0,-0.08340685800420622,12.28219269484144,22.61904761904762,0.0
2020-12-02,19.718950271606445,19.784724320166028,19.036099044375774,19.398453925572024,146129600,21.170000076293945,21.0,21.25,20.040000915527344,-0.021719007699201542,12.848844638257791,23.015873015873016,0.0
2020-12-03,19.799074172973633,20.11359255010552,19.65437309227159,19.766784763114334,157461600,21.280000686645508,21.239999771118164,21.8799991607666,20.719999313354492,0.0014117970186120488,13.004674935950888,23.41269841269841,0.0
2020-12-04,20.041839599609375,20.07173672956575,19.673506739573714,19.803859613013266,127088000,20.790000915527344,21.049999237060547,21.149999618530273,19.969999313354492,-0.0023991956187360275,12.310525967514657,21.825396825396826,0.0
2020-12-07,20.3814697265625,20.452028337211065,20.04303583506468,20.078910929728103,124028000,21.299999237060547,22.040000915527344,22.6200008392334,21.170000076293945,0.035488553868088246,13.033005506614506,23.41269841269841,0.0
2020-12-08,20.568035125732422,20.650549691434552,19.924648150489272,20.28819653524501,133925600,20.68000030517578,21.649999618530273,22.25,20.520000457763672,-0.004333180096500633,12.15469566982156,20.634920634920633,0.0
2020-12-09,19.190372467041016,20.60032049984262,18.96913294611688,20.55009353382889,244878400,22.270000457763672,20.65999984741211,22.93000030517578,20.100000381469727,0.05196033904135411,14.407139509159961,26.58730158730159,0.0
2020-12-10,19.425960540771484,19.64480776328634,18.567313971434597,18.780181402667957,173346400,22.520000457763672,22.1200008392334,23.459999084472656,21.530000686645508,0.05827066405577419,14.76129731154638,27.77777777777778,0.0
2020-12-11,19.289630889892578,19.31713574176203,18.643851711736946,19.092308714021602,169819200,23.309999465942383,22.489999771118164,25.139999389648438,22.479999542236328,0.121212046149211,15.880434562042478,32.142857142857146,0.0
2020-12-14,19.701013565063477,20.096851276777578,19.513258711595498,19.52043373087626,146684800,24.719999313354492,22.670000076293945,24.81999969482422,21.950000762939453,0.16056338961474603,17.87788435134112,36.904761904761905,0.0
2020-12-15,20.313310623168945,20.331248175270193,19.72254291028232,20.160237429316915,157417600,22.889999389648438,24.0,24.06999969482422,22.729999542236328,0.10686649186941932,15.285449345952905,29.365079365079367,0.0
2020-12-16,20.65413475036621,20.83830027413428,20.208068242710972,20.422132722207948,137590400,22.5,22.510000228881836,23.670000076293945,22.290000915527344,0.010327774472772777,14.732964038873163,26.190476190476193,0.0
2020-12-17,21.07748031616211,21.128902512813873,20.759374359685346,21.00572646177103,139275200,21.93000030517578,21.979999542236328,22.270000457763672,21.520000457763672,-0.026198940523755265,13.92548468175366,22.22222222222222,0.0
2020-12-18,20.847869873046875,21.275997054456692,20.39343306751639,21.23414033659847,168756000,21.56999969482422,22.149999618530273,23.770000457763672,21.56999969482422,-0.07464606653725714,13.415496581674144,21.428571428571427,0.0
2020-12-21,20.77013397216797,20.882547476690736,19.693837256181418,20.27862689031913,203596800,25.15999984741211,24.25,31.459999084472656,24.229999542236328,0.017799374849493343,18.501202840103907,40.07936507936508,0.0
2020-12-22,20.933971405029297,21.132488791998817,20.351574054697657,20.963868535906297,160330400,24.229999542236328,25.239999771118164,25.559999465942383,23.530000686645508,0.058540855758776544,17.18373538290489,33.730158730158735,0.0
2020-12-23,20.618255615234375,21.018876032136824,20.590748943871386,20.932772158252387,119434400,23.309999465942383,23.489999771118164,23.68000030517578,22.1299991607666,0.03599997626410589,15.880434562042478,30.753968253968257,0.0
2020-12-24,20.886131286621094,20.980607225718867,20.655326352081694,20.678048459580545,77065600,21.530000686645508,22.469999313354492,22.829999923706055,21.389999389648438,-0.018239836432463186,13.358832738337309,19.841269841269842,0.0
2020-12-28,21.512781143188477,21.616822583041717,21.051169332499654,21.425482024975715,117052800,21.700000762939453,22.110000610351562,22.1200008392334,21.149999618530273,0.0060269388017852865,13.59966015204046,20.634920634920633,0.0
2020-12-29,21.576160430908203,21.93253370744818,21.383622841864014,21.80696722201692,121142400,23.079999923706055,21.610000610351562,23.719999313354492,20.989999771118164,-0.0826709036693416,15.554610032329276,28.968253968253972,0.0
2020-12-30,21.57257080078125,21.884696878431885,21.438632256273205,21.818922834333893,104807200,22.770000457763672,22.579999923706055,23.149999618530273,22.40999984741211,-0.06025584449259569,15.115455113932802,27.380952380952383,0.0
2020-12-31,21.741191864013672,21.822511176346552,21.32621958105837,21.558221586488813,106708000,22.75,22.989999771118164,23.25,21.239999771118164,-0.024024001663345507,15.087121841259584,26.984126984126984,0.0
2021-01-04,20.790462493896484,22.05092454398573,19.95095067100538,22.01385239909719,197472000,26.969999313354492,23.040000915527344,29.190000534057617,22.559999465942383,0.2526706202142981,21.065304572818903,51.388888888888886,0.0
2021-01-05,21.311872482299805,21.353727372439398,20.602711558898335,20.602711558898335,118712800,25.34000015258789,26.940000534057617,28.600000381469727,24.799999237060547,0.16774190145951717,18.756196890143666,39.682539682539684,0.0
2021-01-06,20.430500030517578,21.327413830057957,20.117178727139727,20.31808654234439,210730400,25.06999969482422,25.479999542236328,26.770000457763672,22.139999389648438,0.08622182745651497,18.37370581508403,38.69047619047619,0.0
2021-01-07,21.906227111816406,22.08202240542342,20.96985048231127,20.97224093918836,123695200,22.3700008392334,23.670000076293945,23.90999984741211,22.25,-0.017566956982378534,14.54880317051645,21.626984126984127,0.0
2021-01-08,22.755300521850586,22.82705435456045,21.932531025820758,22.40012251701072,152815200,21.559999465942383,22.43000030517578,23.34000015258789,21.420000076293945,-0.052307715782752395,13.401329945337533,16.666666666666664,0.0
2021-01-11,21.74956703186035,22.355881801259592,21.62280347232219,22.101157628934907,140325600,24.079999923706055,23.309999465942383,24.809999465942383,23.229999542236328,-0.10715607946706263,16.971241241874957,31.746031746031743,0.0
2021-01-12,21.65509033203125,22.005483834486757,21.095415085991117,21.77946159516457,146031200,23.329999923706055,23.489999771118164,25.149999618530273,22.829999923706055,-0.07932123980972283,15.908767834715695,29.365079365079367,0.0
2021-01-13,22.076038360595703,22.266183642220433,21.585724768898785,21.713685342867162,108750400,22.209999084472656,23.06999969482422,24.18000030517578,21.920000076293945,-0.11408060012629428,14.322139691140306,19.246031746031747,0.0
2021-01-14,21.7399959564209,22.40371259847736,21.640739091954558,22.183670162573804,118236000,23.25,22.219999313354492,23.469999313354492,21.65999984741211,0.039338360650537973,15.795437446032423,27.77777777777778,0.0
2021-01-15,21.211416244506836,21.900247321208248,20.937559323232207,21.694554910779473,141692000,24.34000015258789,23.520000457763672,25.799999237060547,23.079999923706055,0.1289425211274695,17.339565680597985,33.33333333333333,0.0
2021-01-19,22.131052017211914,22.2518375946237,21.47809969634307,21.699337371454604,120967200,23.239999771118164,23.030000686645508,23.559999465942383,22.530000686645508,-0.034883727377462925,14.876860084757393,26.984126984126984,0.0
2021-01-20,23.67374610900879,23.890201055497094,22.848584160373957,22.92631779943529,121736000,21.579999923706055,22.81999969482422,22.860000610351562,21.3700008392334,-0.07501071606184584,12.424763190020515,14.682539682539684,0.0
2021-01-21,24.262123107910156,24.429546330747943,23.678530460116257,23.977501804309643,92168400,21.31999969482422,21.34000015258789,22.219999313354492,21.09000015258789,-0.04007201379268177,11.963849958019726,12.3015873015873,0.0
2021-01-22,24.04207420349121,24.281251233001683,23.889001050586582,24.015766409038907,81878800,21.90999984741211,22.239999771118164,23.729999542236328,21.270000457763672,-0.05763441516507062,11.925806821436906,15.476190476190476,0.0
2021-01-25,24.709379196166992,25.130331293717063,23.15233799361406,24.817009958064265,153170400,23.190000534057617,22.309999465942383,26.6299991607666,22.200000762939453,-0.04724731353002898,13.780611410659638,26.58730158730159,0.0
2021-01-26,24.73569107055664,25.013137335637584,24.43911202753396,24.80744491836065,90968800,23.020000457763672,23.90999984741211,23.940000534057617,22.549999237060547,-0.009466407724663561,13.53427019774625,25.0,0.0
2021-01-27,22.74095344543457,24.22863492909601,22.243464763319462,24.21906762850426,188900800,37.209999084472656,23.81999969482422,37.209999084472656,23.709999084472656,0.7242817060252507,34.096504928150914,83.73015873015873,0.0
2021-01-28,23.07579803466797,24.156877284498673,22.805526853628507,22.934682654122675,90021600,30.209999084472656,33.25,36.290000915527344,27.389999389648438,0.41697933944185905,23.953047772213548,67.85714285714286,0.0
2021-01-29,21.638351440429688,22.94186583994477,21.226966557160498,22.697906013119006,184278400,33.09000015258789,35.15999984741211,37.5099983215332,29.239999771118164,0.5102693009145001,28.12635740699651,74.60317460317461,0.0
2021-02-01,23.228878021240234,23.44652820911041,21.942104198728924,22.375015942350878,105659600,30.239999771118164,31.450000762939453,33.959999084472656,29.030000686645508,0.3040103093877329,23.996520726447464,67.46031746031747,0.0
2021-02-02,24.353004455566406,24.62566611632717,23.860300371169913,23.89139272730022,92746400,25.559999465942383,28.010000228881836,28.079999923706055,25.309999465942383,0.11033879051562212,17.2148946428297,38.88888888888889,0.0
2021-02-03,24.073171615600586,24.929425934096397,24.073171615600586,24.857672085704127,95172000,22.90999984741211,24.59000015258789,25.43000030517578,22.90999984741211,-0.3843052832276953,13.374872129427958,21.825396825396826,0.0
2021-02-04,24.924636840820312,24.946163721335846,24.097084577048136,24.405623149414705,72808800,21.770000457763672,23.440000534057617,23.440000534057617,21.68000030517578,-0.27937765251528845,11.722938562757435,11.904761904761903,0.0
2021-02-05,25.18534278869629,25.422127544978366,24.771565710754974,25.161423625115972,86615200,20.8700008392334,21.989999771118164,22.15999984741211,20.860000610351562,-0.3692958373225874,10.418780338340033,6.349206349206349,0.0
2021-02-08,25.678049087524414,25.72349331246333,25.197302690107026,25.582377899389073,76994800,21.239999771118164,21.889999389648438,22.06999969482422,21.229999542236328,-0.29761904987167975,10.954932954527992,6.746031746031746,0.0
2021-02-09,25.666091918945312,25.967455551247145,25.467576329003478,25.467576329003478,65768800,21.6299991607666,21.56999969482422,22.260000228881836,20.649999618530273,-0.15375588369680293,11.520067540205227,10.714285714285714,0.0
2021-02-10,25.484312057495117,26.118129696858862,24.745254121260793,26.017675787009797,123548000,21.989999771118164,21.639999389648438,23.850000381469727,19.690000534057617,-0.04015714021918104,12.04173193552128,12.698412698412698,0.0
2021-02-11,25.89569664001465,26.00811013783611,25.34319827600598,25.86938884509724,98860000,21.25,22.09000015258789,23.25,21.110000610351562,-0.023886102288905975,10.96942393927263,6.15079365079365,0.0
2021-02-12,26.335784912109375,26.38122913517643,25.458005583534085,25.730667272384306,77471600,19.969999313354492,21.600000381469727,22.450000762939453,19.950000762939453,-0.04312417296059701,9.1146193500499,2.380952380952381,0.0
2021-02-16,26.115739822387695,26.75434203822559,25.85025317988864,26.539082351770155,88663600,21.459999084472656,21.1299991607666,22.459999084472656,20.8799991607666,0.010357783226233597,10.364512851490437,7.936507936507936,0.0
2021-02-17,25.752193450927734,25.816772278597824,24.876806365695245,25.407779727533118,105986800,21.5,22.020000457763672,23.440000534057617,21.09000015258789,-0.006010132492395126,10.423070770045145,7.936507936507936,0.0
2021-02-18,25.405384063720703,25.58237455251137,24.46302599475456,24.888760810244065,110202000,22.489999771118164,21.979999542236328,24.229999542236328,21.799999237060547,0.022737608240301244,10.323252112002134,17.063492063492063,0.0
2021-02-19,25.070537567138672,25.754584055906204,24.840927824897097,25.745016755215804,93377200,22.049999237060547,23.100000381469727,23.190000534057617,20.84000015258789,0.037647022920496376,7.575063439471277,12.896825396825399,0.0
2021-02-22,23.128419876098633,24.348224284116448,23.080585196275845,24.046860691859898,132734800,23.450000762939453,24.459999084472656,25.09000015258789,21.959999084472656,0.17426147066804298,5.548471422235178,27.18253968253968,0.0
2021-02-23,22.922727584838867,23.286277722534752,20.669680212892704,21.951669346244575,199274800,23.110000610351562,22.81999969482422,27.010000228881836,22.5,0.07688730644321229,5.006379369252125,24.00793650793651,0.0
2021-02-24,23.47522735595703,23.55176393744506,21.741193777915633,22.30086718790132,123042000,21.34000015258789,23.760000228881836,25.040000915527344,21.309999465942383,-0.007441853368005069,2.184312453614436,5.952380952380952,0.0
2021-02-25,21.02366065979004,23.456090542645544,20.676852882017688,22.870107566954694,237792000,28.889999389648438,21.729999542236328,31.15999984741211,21.520000457763672,0.2845709063434141,14.221938187857713,62.698412698412696,0.0
2021-02-26,21.33937644958496,22.281734599765553,20.62902032722252,21.61921315694712,209318400,27.950000762939453,28.729999542236328,30.81999969482422,25.229999542236328,0.26757377460414955,12.723215962366357,56.34920634920635,0.0
2021-03-01,23.200172424316406,23.27431672133179,22.049731468440985,22.329568161798363,133707200,23.350000381469727,25.200000762939453,25.389999389648438,23.170000076293945,-0.004264408452718138,5.389032046466076,27.77777777777778,0.0
2021-03-02,22.08799934387207,23.365205690104133,22.028205083696577,23.329328769043638,151693200,24.100000381469727,23.579999923706055,24.600000381469727,22.799999237060547,0.04283858697410503,6.584822803154607,31.150793650793652,0.0
2021-03-03,20.172191619873047,22.052123388059513,20.150666561160175,21.853607822417377,231542400,26.670000076293945,22.799999237060547,26.790000915527344,22.450000762939453,0.24976569285823969,10.682398642838798,49.2063492063492,0.0
2021-03-04,19.17482566833496,20.72230163583415,18.387932872466894,20.083699283412848,432037200,28.56999969482422,26.520000457763672,31.899999618530273,24.93000030517578,-0.011076486728444745,13.71173461823911,62.301587301587304,0.0
2021-03-05,20.033470153808594,20.203285639783395,17.945453711195253,19.68187959948744,336656400,24.65999984741211,29.479999542236328,30.030000686645508,24.329999923706055,-0.11771022632277528,7.4776790499871595,34.92063492063492,0.0
2021-03-08,18.320960998535156,20.294171589250503,18.2420321369603,19.91866370740238,235731600,25.469999313354492,27.610000610351562,28.389999389648438,24.06999969482422,0.09079224399358776,8.769132215715889,40.476190476190474,0.0
2021-03-09,20.47834014892578,20.844280751878323,19.59577623019827,19.72493205914201,173429200,24.030000686645508,25.110000610351562,25.25,22.899999618530273,-0.0029045516064821753,6.4732161524321805,30.357142857142854,0.0
2021-03-10,20.303735733032227,21.406341867967704,20.165012632701455,21.34893989791818,203371200,22.559999465942383,23.760000228881836,23.8700008392334,22.3799991607666,-0.15410575922738,4.129464323048643,19.047619047619047,0.0
2021-03-11,21.712493896484375,22.066476759298926,21.08106658424325,21.291541746731554,158935600,21.90999984741211,22.5,22.5,21.450000762939453,-0.23311165273196155,3.0931129421292147,11.30952380952381,0.0
2021-03-12,21.171947479248047,21.207824394613517,20.346787549720744,20.84905889051022,166590000,20.690000534057617,22.56999969482422,22.989999771118164,20.6299991607666,-0.16098942976153807,1.1479610726950071,1.5873015873015872,0.0
2021-03-15,21.84882164001465,21.8870908412579,20.899288525283882,21.241311756097655,126701600,20.030000686645508,21.84000015258789,21.860000610351562,19.8700008392334,-0.21358456118436842,0.09566545009335273,0.7936507936507936,0.0
2021-03-16,22.20758628845215,22.958601996984875,21.908615008788612,22.324782519143007,168770400,19.790000915527344,20.139999389648438,20.309999465942383,19.329999923706055,-0.17644609446368065,0.0,0.3968253968253968,0.0
2021-03-17,22.487424850463867,22.896419201079098,21.19347799266046,21.55463583966009,196370800,19.229999542236328,20.100000381469727,20.950000762939453,19.18000030517578,-0.14760638309115104,0.0,0.3968253968253968,0.0
2021-03-18,20.423328399658203,21.645523285870084,20.31808991246153,21.432655854786706,228253600,21.579999923706055,18.950000762939453,22.600000381469727,18.950000762939453,-0.01506161232333525,4.453288537207105,10.912698412698413,0.0
2021-03-19,20.68402862548828,20.93994795316987,19.947362996820914,20.38984010031842,193286400,20.950000762939453,21.43000030517578,23.170000076293945,19.899999618530273,0.01256646796378047,3.6744310408940257,4.761904761904762,0.0
2021-03-22,21.786636352539062,22.212373029347088,21.11694171527594,21.11694171527594,141101200,18.8799991607666,21.90999984741211,22.290000915527344,18.8700008392334,-0.05741395339270461,0.0,0.3968253968253968,0.0
2021-03-23,21.502010345458984,22.298470107488285,21.32741035139238,22.01624120494226,187780800,20.299999237060547,19.459999084472656,21.579999923706055,18.799999237060547,0.02577050520159685,3.043291947902814,2.380952380952381,0.0
2021-03-24,20.41615104675293,21.793811224846227,20.389841427960587,21.78663438126804,190483600,21.200000762939453,20.639999389648438,21.489999771118164,19.299999237060547,0.1024441636816611,4.972142123711216,6.349206349206349,0.0
2021-03-25,20.306129455566406,20.612275750598528,19.52880413702122,20.047817834842107,239874400,19.809999465942383,20.799999237060547,23.549999237060547,19.809999465942383,-0.08202041075168365,1.9931424564957132,1.5873015873015872,0.0
2021-03-26,21.203044891357422,21.279581470915154,19.9784577936577,20.263079054251765,215060400,18.860000610351562,19.31999969482422,21.489999771118164,18.68000030517578,-0.0997613401659202,0.0,0.3968253968253968,0.0
2021-03-29,21.191083908081055,21.415910894003172,20.502254737614994,21.10498003367581,190589200,20.739999771118164,20.399999618530273,21.600000381469727,19.420000076293945,0.09851698585965618,4.9188882802762395,4.761904761904762,0.0
2021-03-30,20.889720916748047,20.99735167507465,20.320480242473373,20.796442021063875,148349600,19.610000610351562,20.760000228881836,21.75,19.469999313354492,-0.033990081410904316,1.9633507461278077,1.5873015873015872,0.0
2021-03-31,21.827299118041992,22.147795504186693,21.169562199681945,21.236531484859874,161968800,19.399999618530273,19.799999237060547,20.110000610351562,18.850000381469727,-0.08490571130336144,1.4136099408212643,1.5873015873015872,0.0
2021-04-01,22.937076568603516,22.968168924264756,22.58309377632363,22.63571301265484,145087200,17.329999923706055,18.600000381469727,18.639999389648438,17.290000915527344,-0.12518927860144458,0.0,0.3968253968253968,0.0
2021-04-05,24.314739227294922,24.486945166576398,23.432175348888183,23.489577328648675,130539600,17.90999984741211,18.15999984741211,18.399999618530273,17.350000381469727,-0.05037119470812912,1.9681029427212255,0.7936507936507936,0.0
2021-04-06,24.257335662841797,24.702205116134724,24.08752017848659,24.242985623953654,120606800,18.1200008392334,18.06999969482422,18.299999237060547,17.3700008392334,-0.12632589010600137,2.6898225841111825,1.1904761904761905,0.0
2021-04-07,24.43671417236328,24.630448787335773,23.941617844812658,24.16405253253979,98987200,17.15999984741211,17.989999771118164,18.170000076293945,16.8700008392334,-0.12493629202878087,0.0,0.3968253968253968,0.0
2021-04-08,25.199695587158203,25.242747531631895,24.898331975842343,25.09445709516113,113619200,16.950000762939453,16.920000076293945,17.360000610351562,16.549999237060547,-0.12628860328691238,0.0,0.3968253968253968,0.0
2021-04-09,25.656518936157227,25.70196315530898,24.71177040747449,24.879193596808474,129438400,16.690000534057617,17.049999237060547,17.34000015258789,16.200000762939453,-0.03693014382377291,0.0,0.3968253968253968,0.0
2021-04-12,25.556066513061523,25.6493454132416,25.108806613422697,25.424520235134345,109632000,16.90999984741211,17.43000030517578,17.90999984741211,16.809999465942383,-0.055834729677258665,0.7660143405790225,0.7936507936507936,0.0
2021-04-13,26.431453704833984,26.548649936861256,25.859820757580934,25.922005470621425,115022000,16.649999618530273,16.989999771118164,17.860000610351562,16.43000030517578,-0.08112589142492099,0.0,0.3968253968253968,0.0
2021-04-14,25.50345230102539,26.531914511937188,25.29536940179597,26.498429865514606,161227600,16.989999771118164,16.709999084472656,17.690000534057617,15.380000114440918,-0.009906764440885674,1.1821980176705635,1.984126984126984,0.0
2021-04-15,26.62997055053711,26.73281674992805,26.12769913539978,26.15879331821452,120798000,16.56999969482422,16.780000686645508,16.920000076293945,15.9399995803833,-0.022418941062592346,0.0,0.3968253968253968,0.0
2021-04-16,26.742380142211914,26.78543207577628,26.285553015011505,26.766299302351012,117488000,16.25,16.649999618530273,16.8799991607666,16.049999237060547,-0.02636312282673403,0.0,0.3968253968253968,0.0
2021-04-19,26.012895584106445,26.63714780935454,25.532149219021772,26.34535152631584,159168000,17.290000915527344,17.040000915527344,18.610000610351562,16.780000686645508,0.02247197347984531,3.5665326507868333,3.571428571428571,0.0
2021-04-20,25.443653106689453,26.146834195082995,24.967691303379873,25.843080154218857,158283600,18.68000030517578,17.360000610351562,19.700000762939453,17.239999771118164,0.12192196595525817,8.333334423496023,5.158730158730158,0.0
2021-04-21,26.087038040161133,26.12530724004828,24.879193334167358,25.11358762153642,111057200,17.5,18.479999542236328,19.290000915527344,16.90999984741211,0.030017671321503014,4.85814233283642,4.365079365079365,0.0
2021-04-22,25.13750648498535,26.220978181891134,24.86006206806553,25.99136844295804,174848400,18.709999084472656,17.280000686645508,19.899999618530273,16.989999771118164,0.1291490301183822,9.789092637938188,5.952380952380952,0.0
2021-04-23,26.08464813232422,26.386011722139912,25.285797672142238,25.285797672142238,107686000,17.329999923706055,18.559999465942383,18.780000686645508,16.799999237060547,0.06646153376652641,4.4009775200240515,4.166666666666666,0.0
2021-04-26,26.601268768310547,26.66106302401174,25.96266655536802,26.14443977886102,99976800,17.639999389648438,17.940000534057617,18.170000076293945,16.8700008392334,0.020242825655768293,5.664218980403276,5.158730158730158,0.0
2021-04-27,26.2520751953125,26.708902441100495,26.015288586853274,26.661067757956353,119312800,17.559999465942383,17.6200008392334,18.15999984741211,16.969999313354492,-0.05995721739485582,5.338220933453588,5.158730158730158,0.0
2021-04-28,25.981796264648438,26.405140566934982,25.8239403971069,26.163571291468816,118950000,17.280000686645508,17.469999313354492,17.84000015258789,16.670000076293945,-0.012571389334542382,4.197231655332943,3.571428571428571,0.0
2021-04-29,26.242504119873047,26.84283897831351,25.491488388898926,26.7543428199694,148124400,17.610000610351562,16.8799991607666,18.8700008392334,16.770000457763672,-0.05879201111420562,5.541974570551222,5.952380952380952,0.0
2021-04-30,25.749801635742188,26.26164036795143,25.517799609270735,25.661305471845804,118440400,18.610000610351562,17.670000076293945,19.25,17.639999389648438,0.07386039770805586,9.616954043625585,7.5396825396825395,0.0
2021-05-03,25.328847885131836,26.187492548403075,25.216434388876063,26.012894338079963,134222000,18.309999465942383,18.649999618530273,19.1200008392334,17.799999237060547,0.03798186504967327,8.39445553825936,7.5396825396825395,0.0
2021-05-04,23.99424171447754,24.80026903431329,23.06862586898654,24.74286522815999,211234000,19.479999542236328,18.15999984741211,21.850000381469727,18.110000610351562,0.10933941541500536,13.162181832652625,10.714285714285714,0.0
2021-05-05,23.714405059814453,24.599359421895738,23.535022270897212,24.405626593793468,136429200,19.149999618530273,18.84000015258789,19.579999923706055,17.889999389648438,0.10821752648019034,11.817438917434348,9.920634920634921,0.0
2021-05-06,24.233417510986328,24.27168671310696,23.14994581661593,23.647434495528145,169663200,18.389999389648438,18.40999984741211,20.600000381469727,18.209999084472656,0.04429294447828558,8.720453585209048,7.936507936507936,0.0
2021-05-07,24.82657814025879,25.371901513955454,24.580224249714163,24.867237800190757,158706800,16.690000534057617,18.450000762939453,18.56999969482422,16.68000030517578,-0.10317033924361996,1.7929931444265472,1.7857142857142856,0.0
2021-05-10,22.96099853515625,24.553918684425298,22.9035965497557,24.513257196022703,184214800,19.65999984741211,17.34000015258789,19.75,17.06999969482422,0.07373022505985327,13.895679381391055,12.698412698412698,0.0
2021-05-11,22.846187591552734,23.018395333726314,21.525931276181616,21.667044838655308,228806800,21.84000015258789,21.170000076293945,23.729999542236328,20.709999084472656,0.12114993150973308,22.77913587627821,27.380952380952383,0.0
2021-05-12,21.10737419128418,22.27934207507556,20.884939466758926,21.769893802092152,236158000,27.59000015258789,22.420000076293945,28.3799991607666,21.65999984741211,0.4407311071636131,46.2102678464558,73.4126984126984,0.0
2021-05-13,21.5522403717041,22.164532929245713,21.06431905562222,21.669436594876352,208602000,23.1299991607666,26.030000686645508,28.93000030517578,22.229999542236328,0.25774877261748386,28.035855354892746,42.46031746031746,0.0
2021-05-14,22.953821182250977,23.17386362457006,22.104741946968904,22.214763168128446,144263200,18.809999465942383,21.770000457763672,22.100000381469727,18.65999984741211,0.12702210090159638,10.431945274796542,9.920634920634921,0.0
2021-05-17,22.56635284423828,22.760087483066293,21.93971018159053,22.604622045657727,138542400,19.719999313354492,19.889999389648438,21.579999923706055,19.670000076293945,0.0030518548529023803,14.14017597350169,13.492063492063492,0.0
2021-05-18,22.092784881591797,23.027966203125782,22.04973293937437,22.7720468312711,131684000,21.34000015258789,18.889999389648438,21.450000762939453,18.809999465942383,-0.022893772733822648,20.74164613974103,22.817460317460316,0.0
2021-05-19,22.174104690551758,22.241073974411837,20.887332783419346,20.96386936851317,191889600,22.18000030517578,22.459999084472656,25.959999084472656,21.8799991607666,-0.19608553162348064,24.164629518916016,32.53968253968254,0.0
2021-05-20,23.456092834472656,23.64504291983608,22.441982670100007,22.499384650217994,139226400,20.670000076293945,22.329999923706055,23.5,20.190000534057617,-0.1063553468970867,18.011409581884948,16.26984126984127,0.0
2021-05-21,23.068626403808594,23.900963364567453,22.987307080370247,23.80768445837587,128133200,20.149999618530273,20.420000076293945,20.889999389648438,19.530000686645508,0.07123871295233752,15.89241839050871,15.476190476190476,0.0
2021-05-24,24.223852157592773,24.47737925530472,23.491970943578362,23.570899810714543,92181600,18.399999618530273,20.5,20.510000228881836,18.3799991607666,-0.06693710653074458,8.761204312628575,8.73015873015873,0.0
2021-05-25,24.341047286987305,24.740474342581127,24.068385599202333,24.57544159610957,106728800,18.84000015258789,18.350000381469727,19.290000915527344,16.8700008392334,-0.11715088950909991,10.554197457055123,10.714285714285714,0.0
2021-05-26,24.58740234375,24.69263900864239,24.32909068262331,24.482163854081463,78034800,17.360000610351562,18.3700008392334,18.920000076293945,17.350000381469727,-0.21731287775047747,4.523229702282632,5.555555555555555,0.0
2021-05-27,24.300386428833008,24.673503844860875,24.262119052057,24.484553767943936,83216800,16.739999771118164,18.030000686645508,18.170000076293945,16.520000457763672,-0.19013063815529585,1.9967390091176547,2.380952380952381,0.0
2021-05-28,24.53717041015625,24.898328233131068,24.46781067788561,24.582614629374035,81857200,16.760000228881836,16.799999237060547,16.860000610351562,15.899999618530273,-0.1682381862941048,2.0782404639567083,2.7777777777777777,0.0
2021-06-01,24.29800033569336,24.94617187242878,23.98707120538881,24.838541084234702,103863600,17.899999618530273,17.239999771118164,18.530000686645508,15.680000305175781,-0.027173913606849176,6.723714576091394,8.333333333333332,0.0
2021-06-02,24.424760818481445,24.628060944491054,24.044468362969575,24.38409933345867,83178800,17.479999542236328,17.860000610351562,18.309999465942383,16.739999771118164,-0.07218686832997456,5.0122228865039,6.746031746031746,0.0
2021-06-03,23.656999588012695,24.077949823393915,23.29105721979969,23.795720870812325,121032000,18.040000915527344,17.729999542236328,19.270000457763672,17.450000762939453,0.03917052311451563,7.294216987558243,9.523809523809524,0.0
2021-06-04,24.86962890625,24.967690541732463,24.044467040500095,24.068384379048794,91175200,16.420000076293945,18.09000015258789,18.420000076293945,16.18000030517578,-0.019115872114665144,0.6927468213189028,0.7936507936507936,0.0
2021-06-07,25.089672088623047,25.10641440858393,24.589791121603525,24.738081544668496,62193200,16.420000076293945,17.34000015258789,17.350000381469727,15.779999732971191,-0.020286405008633657,0.6927468213189028,0.992063492063492,0.0
2021-06-08,25.118375778198242,25.692401126915062,24.73808510234882,25.49149325849113,92944400,17.06999969482422,16.579999923706055,17.75,15.149999618530273,-0.04636871180973823,3.341481924335933,5.158730158730158,0.0
2021-06-09,25.147071838378906,25.620643142792883,25.09684488294916,25.438868095921514,77803600,17.889999389648438,17.18000030517578,17.959999084472656,15.550000190734863,0.02345536945933202,6.682963848671866,9.920634920634921,0.0
2021-06-10,25.917224884033203,25.95070952453439,25.113589862452635,25.21643606535658,117206800,16.100000381469727,18.18000030517578,18.290000915527344,16.010000228881836,-0.10753882680725502,0.0,0.3968253968253968,0.0
2021-06-11,26.1229190826416,26.127701820994556,25.773720790038208,25.93157670255221,68338800,15.649999618530273,16.18000030517578,16.200000762939453,15.149999618530273,-0.046894059329228965,0.0,0.3968253968253968,0.0
2021-06-14,26.854801177978516,26.87632806320251,25.950712143647884,26.223373857976924,90823200,16.389999389648438,16.040000915527344,17.040000915527344,15.039999961853027,-0.0018270820040263702,3.004465271346488,1.5873015873015872,0.0
2021-06-15,26.35730743408203,26.869146121774587,26.180316946458895,26.79260954673951,90108000,17.020000457763672,16.270000457763672,17.350000381469727,16.139999389648438,-0.002929070764758568,5.562325967983337,6.349206349206349,0.0
2021-06-16,26.07508087158203,26.708900411343528,25.237961206743538,26.45776560675761,157778000,18.149999618530273,16.989999771118164,19.110000610351562,16.420000076293945,0.014533272093473437,10.150223650767629,13.492063492063492,0.0
2021-06-17,27.04852867126465,27.285315238014103,25.81437618073409,25.821551199464217,144323600,17.75,18.489999771118164,19.219999313354492,16.709999084472656,0.10248444592767458,8.526189415446025,11.507936507936508,0.0
2021-06-18,26.402753829956055,26.926552142005633,26.232938347118182,26.646715437530943,142894400,20.700000762939453,16.959999084472656,21.040000915527344,16.920000076293945,0.3226837870609123,20.503456420954258,25.0,0.0
2021-06-21,26.88589096069336,26.97916985690568,25.924398273122726,26.46015431222509,107708400,17.889999389648438,21.739999771118164,21.81999969482422,17.809999465942383,0.09151922244410615,9.094599461807066,12.103174603174603,0.0
2021-06-22,27.636905670166016,27.756494181374393,26.780651491967838,26.861970803697115,103578800,16.65999984741211,17.90999984741211,18.31999969482422,15.760000228881836,-0.021151621660935316,4.100691284190852,3.571428571428571,0.0
2021-06-23,27.68474006652832,27.974144041771194,27.488614983108526,27.64168812993491,93996800,16.31999969482422,16.25,16.84000015258789,14.859999656677246,-0.10082644419660003,2.7202602481659675,1.5873015873015872,0.0
2021-06-24,28.194189071655273,28.579264255497932,28.029158153419857,28.160704431736434,93672400,15.970000267028809,15.989999771118164,16.049999237060547,14.1899995803833,-0.1002816750969685,1.299231260260324,0.7936507936507936,0.0
2021-06-25,28.105693817138672,28.402272828792583,27.947836098576712,28.34008628892491,86993200,15.619999885559082,16.040000915527344,16.170000076293945,15.210000038146973,-0.24541066135975342,0.0,0.3968253968253968,0.0
2021-06-28,29.100671768188477,29.150898730634662,28.39988292587077,28.407057945537925,88787600,15.760000228881836,16.06999969482422,16.459999084472656,15.390000343322754,-0.11906088504391277,0.5677224233708537,1.1904761904761905,0.0
2021-06-29,29.4283447265625,29.437912027625224,28.861494455834695,29.07436188634606,74560000,16.020000457763672,15.6899995803833,16.309999465942383,14.100000381469727,-0.03841532986255414,1.6220624093627463,1.984126984126984,0.0
2021-06-30,29.2991886138916,29.49053098372949,29.14372316649533,29.39246751737415,80546800,15.829999923706055,16.18000030517578,17.309999465942383,15.579999923706055,-0.030024496340742224,0.8515817014099724,1.5873015873015872,0.0
2021-07-01,29.313535690307617,29.45225880318086,28.856708520034825,29.198731739828713,83834800,15.479999542236328,15.619999885559082,16.010000228881836,15.3100004196167,-0.030682574614862235,0.0,0.3968253968253968,0.0
2021-07-02,30.308515548706055,30.411361751435095,29.748840312411087,29.811026855282982,93502000,15.069999694824219,15.529999732971191,15.539999961853027,14.25,-0.03521128007455021,0.0,0.3968253968253968,0.0
2021-07-06,30.715116500854492,30.79643582243271,29.777542897373415,30.48311446904733,109599600,16.440000534057617,15.770000457763672,17.940000534057617,15.729999542236328,0.043147226859147514,5.43435497416265,5.952380952380952,0.0
2021-07-07,30.911239624023438,31.38480910550833,30.39939911836648,31.308270706715927,115275600,16.200000762939453,16.43000030517578,17.639999389648438,16.079999923706055,0.011235973784791575,4.482352674146762,3.968253968253968,0.0
2021-07-08,30.375484466552734,30.581176869552415,29.23700123072733,29.58380903800634,152524400,19.0,17.739999771118164,21.290000915527344,17.739999771118164,0.20025269056045558,15.589053740173863,23.015873015873016,0.0
2021-07-09,30.889713287353516,31.045180553241615,30.047810908605296,30.203276349717395,92875600,16.18000030517578,17.8799991607666,18.1299991607666,16.079999923706055,0.045219688865593355,4.403017257685004,3.968253968253968,0.0
2021-07-12,31.277185440063477,31.401554884707103,30.86819105797305,31.28436045996398,87126000,16.170000076293945,16.850000381469727,17.520000457763672,16.139999389648438,0.07299272752125674,4.363349549454124,3.968253968253968,0.0
2021-07-13,31.26044273376465,32.06647195205244,31.047575284623022,31.183907968116678,119450000,17.1200008392334,16.389999389648438,17.229999542236328,15.9399995803833,0.04136254763295599,8.131698607128536,12.3015873015873,0.0
2021-07-14,31.430253982543945,32.06885620645573,31.224561593416603,31.896648455114146,136042800,16.329999923706055,17.34000015258789,17.510000228881836,15.949999809265137,0.00802463917557339,4.998017749464716,5.952380952380952,0.0
2021-07-15,30.77968978881836,31.470911196975177,30.24632425729083,31.430251543501424,137192800,17.010000228881836,16.700000762939453,18.09000015258789,16.559999465942383,-0.1047368300588507,7.695361382430602,11.904761904761903,0.0
2021-07-16,30.023895263671875,31.26283429979794,29.937791378344382,31.011697663463394,127402800,18.450000762939453,16.799999237060547,18.700000762939453,16.030000686645508,0.14029668819212127,13.407382748367668,22.22222222222222,0.0
2021-07-19,29.303972244262695,29.418778034616356,28.622317996220712,29.134156752629508,202286400,22.5,19.610000610351562,25.09000015258789,19.270000457763672,0.3914656706146935,29.47243385562861,52.182539682539684,0.0
2021-07-20,30.270244598388672,30.68641394807779,29.071968981416603,29.52401342609966,121544800,19.729999542236328,20.889999389648438,22.969999313354492,19.3700008392334,0.15245318779550954,18.484728348452407,28.57142857142857,0.0
2021-07-21,30.961467742919922,30.994952383235223,30.136307667644825,30.210451967660696,81763200,17.90999984741211,19.729999542236328,19.81999969482422,17.809999465942383,0.09675443546159412,11.265371898950617,19.642857142857142,0.0
2021-07-22,31.61202621459961,31.61920123321712,31.054743321478767,31.05713742738573,94957600,17.690000534057617,17.59000015258789,18.450000762939453,17.399999618530273,0.03997650182397927,10.392705015396487,17.857142857142858,0.0
2021-07-23,32.66201400756836,32.79356210146029,31.64072708714604,31.97796756888213,103898400,17.200000762939453,16.979999542236328,17.479999542236328,16.329999923706055,-0.06775067470516738,8.449032707133833,13.88888888888889,0.0
2021-07-26,32.7983512878418,32.90358977779214,32.29846846057767,32.53286460621336,85977600,17.579999923706055,18.670000076293945,19.389999389648438,17.530000686645508,-0.21866667005750873,9.956367790698554,17.46031746031746,0.0
2021-07-27,31.72683334350586,32.72659528256886,30.574001892218767,32.72659528256886,178782000,19.360000610351562,18.6200008392334,20.440000534057617,18.25,-0.01875311406331781,17.017060973118564,28.174603174603174,0.0
2021-07-28,32.073646545410156,32.49459687475276,31.396774999393635,32.0162427347738,143940400,18.309999465942383,19.40999984741211,19.6200008392334,17.520000457763672,0.022333870571644487,12.852042398977098,22.817460317460316,0.0
2021-07-29,32.23150634765625,32.55678736644658,31.92296947851654,31.925359935801012,88638400,17.700000762939453,17.90999984741211,18.010000228881836,17.190000534057617,0.0005653040463500236,10.432372723627367,19.047619047619047,0.0
2021-07-30,31.748367309570312,31.894265476174656,31.157599622627522,31.176734227212823,113118800,18.239999771118164,19.690000534057617,19.719999313354492,17.530000686645508,0.060465055932996226,12.57437600720268,23.015873015873016,0.0
2021-08-02,31.738794326782227,32.33434650491013,31.576155681893958,32.178879230123414,109120000,19.459999084472656,18.15999984741211,19.8700008392334,17.989999771118164,0.10693965693546348,17.413722923743883,30.158730158730158,0.0
2021-08-03,32.291290283203125,32.336734503924546,31.057139552376,31.91578423483758,126835600,18.040000915527344,19.170000076293945,20.440000534057617,17.700000762939453,-0.06818180026907805,11.78104454011031,22.023809523809522,0.0
2021-08-04,32.4515380859375,32.70984971952598,32.001887745588874,32.31042451235872,96856800,17.969999313354492,18.229999542236328,18.899999618530273,17.670000076293945,-0.018569096805289953,11.503370582494156,21.825396825396826,0.0
2021-08-05,33.061439514160156,33.12123377107985,32.480241088685645,32.66201431588285,77340400,17.280000686645508,17.729999542236328,17.84000015258789,17.229999542236328,-0.023728816846909306,8.766366807139129,14.484126984126986,0.0
2021-08-06,32.630924224853516,32.98968981134445,32.327171989302165,32.71702811159343,86306000,16.149999618530273,17.459999084472656,17.5,16.139999389648438,-0.11458334313672902,4.284014132992366,3.968253968253968,0.0
2021-08-09,32.805519104003906,32.95380768025233,32.45153450652802,32.7457248523487,68421600,16.719999313354492,17.1200008392334,17.389999389648438,16.59000015258789,-0.14080163926135225,6.545020541260318,10.317460317460316,0.0
2021-08-10,32.315208435058594,33.03273951985786,31.982752511750338,32.951420206139716,106162400,16.790000915527344,16.81999969482422,17.049999237060547,16.34000015258789,-0.06929046211544831,6.822694498876472,11.507936507936508,0.0
2021-08-11,32.1406135559082,32.7792158495894,31.772278850471228,32.64766774050476,93188000,16.170000076293945,16.809999465942383,17.09000015258789,16.06999969482422,-0.100166906279338,4.363349549454124,4.563492063492063,0.0
2021-08-12,32.475460052490234,32.57591397707653,31.628774888375926,32.004280964837626,79490800,15.59000015258789,16.329999923706055,16.420000076293945,15.489999771118164,-0.09780095294577729,2.0626754329552934,1.1904761904761905,0.0
2021-08-13,32.800743103027344,32.9131566174433,32.43958704260631,32.57113151093982,73289600,15.449999809265137,15.680000305175781,15.720000267028809,15.1899995803833,-0.04334364246436062,1.507338866485591,0.7936507936507936,0.0
2021-08-16,32.85814666748047,32.87010260120133,31.451784344158657,32.5137311067035,122458400,16.1200008392334,17.049999237060547,17.709999084472656,16.020000457763672,-0.03588507767711846,4.165018574141466,4.761904761904762,0.0
2021-08-17,31.994709014892578,32.372609121142325,31.325012670267096,32.0999474811332,166395200,17.90999984741211,17.309999465942383,19.559999465942383,16.709999084472656,0.06670630558745194,11.265371898950617,24.6031746031746,0.0
2021-08-18,31.064313888549805,32.22192984025325,30.975815905571384,31.834464218707918,130084800,21.56999969482422,17.559999465942383,21.639999389648438,17.309999465942383,0.3339517373563252,25.783420214415955,49.404761904761905,0.0
2021-08-19,31.50678825378418,31.954051768998546,30.48311088614292,30.55247244186499,163247600,21.670000076293945,23.1200008392334,24.739999771118164,20.3700008392334,0.3899935769209595,26.18008973088301,51.587301587301596,0.0
2021-08-20,32.48023986816406,32.592653358913026,31.710089576014532,31.79858390507371,125082400,18.559999465942383,22.739999771118164,23.899999618530273,18.18000030517578,0.20129447864538008,13.843712407223865,29.761904761904763,0.0
2021-08-23,33.92726135253906,34.130559627445436,32.7672513591993,32.77442637775178,96532400,17.149999618530273,18.829999923706055,18.950000762939453,16.950000762939453,0.06389570258520272,8.250694165979436,16.26984126984127,0.0
2021-08-24,34.26211929321289,34.427152074784054,33.979892069319455,34.10904609645395,72686800,17.219999313354492,16.959999084472656,17.510000228881836,16.940000534057617,-0.038525993296271155,8.528360557753853,17.46031746031746,0.0
2021-08-25,34.30038070678711,34.53716364429453,34.11382290469857,34.31951530822594,76127200,16.790000915527344,17.420000076293945,17.5,16.459999084472656,-0.22160402628303466,6.822694498876472,13.293650793650794,0.0
2021-08-26,33.71917724609375,34.32429485041247,33.59002325348048,34.12338701765765,107004800,18.84000015258789,17.459999084472656,19.270000457763672,17.15999984741211,-0.13059528905133477,14.95438554016327,33.13492063492063,0.0
2021-08-27,34.704586029052734,34.82417453549392,33.75744345223584,33.88899153923146,92320000,16.389999389648438,17.950000762939453,18.219999313354492,16.110000610351562,-0.11691811092321946,5.236016433008254,8.531746031746032,0.0
2021-08-30,35.85503005981445,36.00092819660563,34.907887398923016,34.91984698053906,91270400,16.190000534057617,16.770000457763672,16.799999237060547,15.979999542236328,-0.055976624246416584,4.442684965915883,6.746031746031746,0.0
2021-08-31,35.754573822021484,35.948306623146586,35.32405445865922,35.92917202371363,91796000,16.479999542236328,15.979999542236328,17.06999969482422,15.90999984741211,-0.04297327529765216,5.59301824124443,10.714285714285714,0.0
2021-09-01,35.95070266723633,36.55103941290534,35.893302509567555,36.07507575810574,95568000,16.110000610351562,16.059999465942383,16.709999084472656,15.680000305175781,-0.04050031376394503,4.125350865910587,4.761904761904762,0.0
2021-09-02,35.900474548339844,36.43622877304154,35.541708994490556,36.3429498750228,95038400,16.40999984741211,16.270000457763672,16.979999542236328,15.729999542236328,-0.12898090687340003,5.315351849470012,9.920634920634921,0.0
2021-09-03,36.223358154296875,36.340556205363995,35.556055888941195,35.56562136372857,93201200,16.40999984741211,16.270000457763672,17.059999465942383,16.079999923706055,0.0012202842287050153,5.315351849470012,10.119047619047619,0.0
2021-09-07,36.371646881103516,36.5653796604603,35.91481795104537,36.247273823540034,90370800,18.139999389648438,16.940000534057617,18.389999389648438,16.889999389648438,0.1204446443030538,12.177706490735627,30.555555555555557,0.0
2021-09-08,35.998538970947266,36.31903901376936,35.32884610427997,36.30946988735846,126846000,17.959999084472656,18.969999313354492,19.639999389648438,17.780000686645508,0.08980579996032523,11.463702874263276,28.968253968253972,0.0
2021-09-09,35.613460540771484,36.37883000441513,35.53931624074963,36.05115497106887,110573600,18.799999237060547,19.440000534057617,19.540000915527344,17.170000076293945,0.16697694132801666,14.795714707239755,35.714285714285715,0.0
2021-09-10,34.812217712402344,36.319033742825944,34.70697923446995,36.11573180595182,138435600,20.950000762939453,17.940000534057617,21.1299991607666,16.989999771118164,0.2766606311847901,23.324082830835344,49.007936507936506,0.0
2021-09-13,34.73329162597656,35.584761343308955,34.144914474920405,35.46756327452136,155549200,19.3700008392334,19.639999389648438,21.18000030517578,18.760000228881836,0.18037788052070503,17.05672868134944,39.682539682539684,0.0
2021-09-14,34.434322357177734,35.36472099450939,34.15927019211159,35.14706898935833,119258400,19.459999084472656,19.579999923706055,20.469999313354492,18.389999389648438,0.07276735056438177,17.413722923743883,40.67460317460318,0.0
2021-09-15,35.197296142578125,35.29296550435736,33.90573786124512,34.55869384634356,111785200,18.18000030517578,19.299999237060547,20.270000457763672,18.010000228881836,0.012249511799437007,12.336377323659145,31.746031746031743,0.0
2021-09-16,35.266658782958984,35.429301090822946,34.259725346551186,34.812223802804056,105230800,18.690000534057617,18.40999984741211,19.760000228881836,17.649999618530273,-0.005850995078025778,14.359385048383558,35.714285714285715,0.0
2021-09-17,34.020545959472656,35.14228329308963,33.714399617955316,35.13510827333159,154650400,20.809999465942383,18.3700008392334,21.510000228881836,18.350000381469727,-0.006682639231437748,22.76874248144477,49.60317460317461,0.0
2021-09-20,31.927749633789062,32.877282930698975,30.614666154420675,32.38935964511344,243827200,25.709999084472656,24.25,28.790000915527344,23.899999618530273,0.32731016884613484,42.20547312991307,82.93650793650794,0.0
2021-09-21,31.96840476989746,32.70746096442599,31.7124835794877,32.37978958002479,143401200,24.360000610351562,23.40999984741211,25.600000381469727,21.709999084472656,0.25179865140839963,36.850461138053916,78.17460317460318,0.0
2021-09-22,32.90358352661133,33.30061459569553,31.95644094655324,32.25541221367931,175338800,20.8700008392334,22.719999313354492,23.399999618530273,20.75,0.1479648233719657,23.006748730830047,50.595238095238095,0.0
2021-09-23,33.817237854003906,34.099468628211675,33.04708757717554,33.224079881324535,138739200,18.6299991607666,19.90999984741211,20.209999084472656,18.420000076293945,-0.003210346258775032,14.121378798998283,35.317460317460316,0.0
2021-09-24,33.91292190551758,34.022944985439096,33.07819610063982,33.17865005210564,109550400,17.75,19.329999923706055,20.40999984741211,17.6299991607666,-0.14704466816303252,10.630703698940025,26.38888888888889,0.0
2021-09-27,33.09492492675781,33.341276979069534,32.38456884595934,33.05665937509285,156710800,18.760000228881836,17.780000686645508,19.31999969482422,17.739999771118164,-0.2703227966969558,14.637051440157975,37.301587301587304,0.0
2021-09-28,30.33482551574707,32.023414895149756,30.153050447850624,31.84403210867691,297646000,23.25,19.739999771118164,24.81999969482422,19.709999084472656,-0.04556652637684577,32.44744388036891,74.40476190476191,0.0
2021-09-29,30.13391876220703,31.162379075981026,29.968887823528966,30.605097885571297,195061200,22.559999465942383,22.06999969482422,23.790000915527344,21.450000762939453,0.0809774105773855,29.710432539172142,68.45238095238095,0.0
2021-09-30,29.79428482055664,30.98299321726977,29.677088577878795,30.562042926286797,234624000,23.139999389648438,21.479999542236328,24.709999084472656,20.600000381469727,0.24208268556337686,32.01110665567098,73.80952380952381,0.0
2021-10-01,30.33721351623535,30.617050202530613,28.90215134063801,29.956922915594497,208708000,21.100000381469727,24.780000686645508,24.889999389648438,20.850000381469727,0.1887324158574495,23.919083322615055,53.17460317460318,0.0
2021-10-04,28.471635818481445,30.014327037637127,27.856950882309718,29.921048135536147,257236000,22.959999084472656,22.899999618530273,24.579999923706055,21.8799991607666,0.223880533280844,31.297103039198625,71.82539682539682,0.0
2021-10-05,29.567068099975586,30.136308832107098,28.63427722355038,28.69407148710615,162612800,21.299999237060547,22.920000076293945,23.170000076293945,20.6200008392334,-0.08387100055653562,24.71241478970743,56.15079365079365,0.0
2021-10-06,30.150657653808594,30.212844196332522,28.524254845639064,28.76343189020306,234990800,21.0,22.950000762939453,24.399999618530273,20.989999771118164,-0.06914891413439217,23.522413806148005,53.17460317460318,0.0
2021-10-07,30.966251373291016,31.652688303861883,30.789259051495392,30.93037627744486,150815200,19.540000915527344,20.540000915527344,20.760000228881836,19.06999969482422,-0.15557470047866706,17.731064589590915,43.65079365079365,0.0
2021-10-08,30.490291595458984,31.313059418985237,30.36831078718716,31.25326515558596,157132000,18.770000457763672,19.459999084472656,19.940000534057617,18.200000762939453,-0.11042653467211727,14.676719148388853,37.698412698412696,0.0
2021-10-11,29.813419342041016,31.018871880665266,29.78710972082845,30.102823350603177,136215200,20.0,19.93000030517578,20.450000762939453,18.110000610351562,-0.12891982589295659,19.55573377316093,47.22222222222222,0.0
2021-10-12,29.509658813476562,30.284593639100517,29.325493318823963,30.176962889820416,174403600,19.850000381469727,20.6200008392334,20.809999465942383,18.969999313354492,-0.06807506608112557,18.96073328138122,46.82539682539682,0.0
2021-10-13,30.200889587402344,30.36353007747906,29.562287211203486,30.08369332720446,140921200,18.639999389648438,20.139999389648438,20.229999542236328,18.440000534057617,-0.1123809814453125,14.16104650722916,36.11111111111111,0.0
2021-10-14,31.867948532104492,31.91817366424737,30.949505970707637,31.119323266430648,121750000,16.860000610351562,18.010000228881836,18.079999923706055,16.799999237060547,-0.1371545639512297,7.100360890650889,16.26984126984127,0.0
2021-10-15,32.45872116088867,32.49220580407253,31.91100363721047,32.193234472233634,102858000,16.299999237060547,16.639999389648438,16.850000381469727,15.720000267028809,-0.13159302932683092,4.879014624772079,8.333333333333332,0.0
2021-10-18,33.43217086791992,33.48957467910016,31.94927374984586,32.1095219503108,100876400,16.309999465942383,17.290000915527344,17.93000030517578,16.270000457763672,-0.1845000267028809,4.918682333002958,8.73015873015873,0.0
2021-10-19,34.166439056396484,34.20948916857654,33.55175235800193,33.73352558090392,106450800,15.699999809265137,16.09000015258789,16.309999465942383,15.569999694824219,-0.20906803488420467,2.499008874732358,2.7777777777777777,0.0
2021-10-20,34.058807373046875,34.494111316375424,33.64742259237113,34.31951310757582,118709600,15.489999771118164,15.819999694824219,15.890000343322754,15.289999961853027,-0.1689914013773841,1.666005916488239,1.5873015873015872,0.0
2021-10-21,34.66870880126953,34.730897163047544,33.755054469929114,33.82919876323206,92100400,15.010000228881836,16.059999465942383,16.110000610351562,14.920000076293945,-0.10972718354078104,0.0,0.3968253968253968,0.0
2021-10-22,33.790931701660156,34.59935125951148,33.331712225763255,34.3147299998158,140248400,15.430000305175781,15.350000381469727,16.389999389648438,14.84000015258789,-0.05337417009852918,1.662050258752576,1.1904761904761905,0.0
2021-10-25,34.8050422668457,35.094444428061045,33.656991798233705,34.19992467570253,118951600,15.239999771118164,16.139999389648438,16.329999923706055,15.100000381469727,-0.06560390741020761,0.9101684029679162,1.1904761904761905,0.0
2021-10-26,35.13032150268555,36.163564320648945,34.83613114344626,35.474736991857235,167975600,15.979999542236328,15.020000457763672,16.709999084472656,14.899999618530273,0.017834378112919103,3.8385412306980946,5.952380952380952,0.0
2021-10-27,35.407772064208984,36.28794558522434,35.221214240376035,35.29296809174697,145068000,16.979999542236328,15.789999961853027,17.290000915527344,15.539999961853027,0.09619107767169499,7.7958030326920476,20.634920634920633,0.0
2021-10-28,36.570167541503906,36.65388096437547,35.73304791099615,35.95069989082064,130737600,16.530000686645508,17.059999465942383,17.15999984741211,16.229999542236328,0.10126585173789193,6.605825478679432,15.476190476190476,0.0
2021-10-29,37.1107063293457,37.168106476932685,35.584755813764055,35.68281926529395,134514400,16.260000228881836,17.399999618530273,18.059999465942383,16.1299991607666,0.05379130961051515,5.432420632621364,10.714285714285714,0.0
2021-11-01,37.476654052734375,37.53405421132503,36.63714023782307,37.263786615672004,130045600,16.40999984741211,16.850000381469727,17.700000762939453,16.31999969482422,0.07677165970246613,6.30630491306399,13.88888888888889,0.0
2021-11-02,37.97652816772461,38.11764173818068,37.30205084735122,37.31879134152393,120171200,16.030000686645508,16.540000915527344,16.649999618530273,15.890000343322754,0.003128982843649153,4.594596893444416,6.746031746031746,0.0
2021-11-03,39.18198776245117,39.301576292577735,37.806719665995736,38.110471904839535,145210400,15.100000381469727,16.110000610351562,16.389999389648438,14.899999618530273,-0.11071844590397428,0.40540611363691625,1.1904761904761905,0.0
2021-11-04,40.64336013793945,40.98299480887264,39.39964003087848,39.567063259791034,160879600,15.4399995803833,15.0600004196167,16.139999389648438,14.729999542236328,-0.06594077803897569,1.936934115621246,2.380952380952381,0.0
2021-11-05,40.794036865234375,41.53548717644128,40.35634242792152,41.24847544775066,170505600,16.479999542236328,15.59000015258789,17.020000457763672,14.949999809265137,0.013530092881777422,6.621618869968046,17.261904761904763,0.0
2021-11-08,40.62662124633789,41.114540911255986,40.43527884163465,40.77969444018992,112919600,17.219999313354492,17.229999542236328,17.690000534057617,16.440000534057617,0.04936011416661423,9.954951344135285,27.18253968253968,0.0
2021-11-09,39.78948974609375,41.08821923095598,39.3613644801473,40.959065244164016,176237600,17.780000686645508,17.43000030517578,18.56999969482422,17.209999084472656,0.10917030100054292,12.477480182689641,34.12698412698413,0.0
2021-11-10,38.04589080810547,39.79905517544525,37.43120410708606,38.9188854824117,193953600,18.729999542236328,17.739999771118164,19.899999618530273,17.219999313354492,0.2403972893418751,16.75675452756905,45.23809523809524,0.0
2021-11-11,38.35443115234375,38.983467949701115,38.24440810563957,38.92606414495736,115438000,17.65999984741211,18.34000015258789,18.389999389648438,17.270000457763672,0.14378240462191094,11.936935833953436,32.53968253968254,0.0
2021-11-12,39.571834564208984,39.720126788317714,38.2085263719284,38.70123041602003,127640800,16.290000915527344,17.489999771118164,17.690000534057617,16.149999618530273,-0.011529043203068023,5.765769155988735,12.3015873015873,0.0
2021-11-15,39.55988693237305,40.01671602367733,38.76821139430531,39.92104665304565,139458400,16.489999771118164,17.030000686645508,17.459999084472656,16.489999771118164,-0.04239254188995223,6.666664948334476,18.253968253968253,0.0
2021-11-16,40.37786865234375,40.51898222658356,39.23938363420747,39.29439333018111,103181600,16.3700008392334,16.860000610351562,17.079999923706055,16.030000686645508,-0.07930257553202202,6.126129191259222,14.285714285714285,0.0
2021-11-17,40.42570495605469,41.06430722491391,40.131514564567944,40.471149178295015,115936000,17.110000610351562,16.360000610351562,17.190000534057617,16.280000686645508,-0.08649220349587583,9.45946166542646,26.58730158730159,0.0
2021-11-18,41.66224670410156,41.83206034865455,40.365907662334024,41.061910033687035,173683200,17.59000015258789,16.809999465942383,18.149999618530273,16.3799991607666,-0.003963742663025904,11.621621877049378,33.33333333333333,0.0
2021-11-19,42.36782455444336,42.78159984922071,41.9325242000102,42.198007234869856,129214400,17.90999984741211,17.360000610351562,19.010000228881836,17.229999542236328,0.09944744265426109,13.063062018131324,38.69047619047619,0.0
2021-11-22,40.89927673339844,43.8555053029174,40.86579209141166,42.88205292946605,179044800,19.170000076293945,18.200000762939453,19.59000015258789,17.350000381469727,0.16252276181772518,18.7387390173872,52.38095238095239,0.0
2021-11-23,40.34199142456055,41.179111075469265,38.93562924317724,40.52854922622747,226025600,19.3799991607666,20.239999771118164,20.90999984741211,19.030000686645508,0.1838728263421494,19.684680888099372,53.96825396825397,0.0
2021-11-24,40.715110778808594,40.79403964825477,38.82561342393532,39.53836005621113,198241600,18.579999923706055,19.170000076293945,20.959999084472656,18.520000457763672,0.08591462658774773,16.081080535394506,45.63492063492063,0.0
2021-11-26,38.469234466552734,40.334816119561076,37.96218030659302,39.88994667653257,177682400,28.6200008392334,26.6200008392334,28.989999771118164,23.8799991607666,0.6270608636136221,61.3063122159758,98.01587301587301,0.0
2021-11-29,40.85861587524414,41.17672178957983,39.54314210070139,39.751224966272375,158932000,22.959999084472656,25.309999465942383,25.690000534057617,21.709999084472656,0.2819653422716384,35.81080750186031,84.32539682539682,0.0
2021-11-30,39.10306167602539,41.32740557495532,38.43814969319066,40.58356471867656,302586000,27.190000534057617,26.229999542236328,28.559999465942383,23.709999084472656,0.41836204620997286,54.86486906781251,96.42857142857143,0.0
2021-12-01,37.09635925292969,41.047561207729174,36.94567655438541,40.38743391093613,302551200,31.1200008392334,24.920000076293945,32.61000061035156,22.3799991607666,0.6057792666076878,72.5675740577547,99.20634920634922,0.0
2021-12-02,37.79475402832031,38.3926965831622,36.271193916888016,36.69453826759055,396432800,27.950000762939453,29.440000534057617,30.68000030517578,27.149999618530273,0.5043057522986476,58.288293698712614,96.62698412698413,0.0
2021-12-03,35.89569854736328,38.574481258453986,34.663934328956906,38.26833487144663,480573600,30.670000076293945,26.950000762939453,35.31999969482422,25.889999389648438,0.07162820324765073,70.54054348957011,98.80952380952381,0.0
2021-12-06,36.73519515991211,37.1394048805062,34.80742909204931,36.01766414807922,304828000,27.18000030517578,28.989999771118164,30.81999969482422,26.75,0.1837979699031007,54.81982298944609,94.84126984126983,0.0
2021-12-07,40.04780197143555,40.24870979815603,38.68449364790114,38.691668666744604,270578400,21.889999389648438,24.579999923706055,24.690000534057617,21.579999923706055,-0.19492464289474765,30.990988808244698,74.20634920634922,0.0
2021-12-08,40.60508728027344,40.66009697783948,39.57662527386474,40.1554332752501,205243600,19.899999618530273,21.739999771118164,23.110000610351562,19.850000381469727,-0.36053987526111886,22.02702541318801,59.523809523809526,0.0
2021-12-09,38.85192108154297,40.7820780018979,38.74668259427215,40.21762001071531,212802000,21.579999923706055,20.309999465942383,22.1200008392334,19.940000534057617,-0.22790700054934365,29.59459474552918,71.82539682539682,0.0
2021-12-10,40.05498123168945,40.14108511648029,38.694063220478384,39.6483809727808,203075200,18.690000534057617,21.270000457763672,21.299999237060547,18.690000534057617,-0.3906097004380559,16.57657880576428,47.817460317460316,0.0
2021-12-13,38.33290481567383,40.155432673266446,38.21570675347946,40.054978755479254,179145200,20.309999465942383,19.290000915527344,21.18000030517578,18.959999084472656,-0.25275940993735646,23.873871667906872,62.301587301587304,0.0
2021-12-14,37.1920280456543,37.68473214194496,35.83589472785222,36.86196257745686,230933600,21.889999389648438,19.670000076293945,23.0,19.670000076293945,0.0,30.990988808244698,75.59523809523809,0.0
2021-12-15,39.65314865112305,39.767956225559644,35.88372087967793,37.0628652514576,269061200,19.290000915527344,21.600000381469727,23.469999313354492,19.020000457763672,-0.03065320174352759,19.279283366123405,53.96825396825397,0.0
2021-12-16,36.62757873535156,40.09086191226035,36.103780334065675,39.94496374409192,296220000,20.56999969482422,18.559999465942383,22.1299991607666,18.190000534057617,-0.04680260576703388,25.045043930451193,63.095238095238095,0.0
2021-12-17,36.06789779663086,37.26138887181241,35.15902432896491,35.59671874325132,300020800,21.56999969482422,20.700000762939453,23.260000228881836,20.489999771118164,0.15409304860738549,29.54954866716275,72.61904761904762,0.0
2021-12-20,34.98920440673828,35.21881595014467,34.08272511304323,34.685452221127306,241866000,22.8700008392334,25.889999389648438,27.389999389648438,22.850000381469727,0.12604635355032157,35.40540997988435,82.14285714285714,0.0
2021-12-21,37.328365325927734,37.419250126593774,34.85049085029794,35.91482803225353,219124800,21.010000228881836,22.280000686645508,22.68000030517578,20.899999618530273,-0.040200967807369814,27.027028420269346,67.46031746031747,0.0
2021-12-22,38.660579681396484,38.746683568642226,37.02939403633565,37.21116728738675,177222800,18.6299991607666,21.040000915527344,21.360000610351562,18.59000015258789,-0.034214708317067966,16.306302335565704,46.62698412698413,0.0
2021-12-23,39.57901382446289,40.01192366398076,38.73950376465734,38.787338440652626,131308400,17.959999084472656,18.809999465942383,18.93000030517578,17.6200008392334,-0.1268838429301623,13.288283818302524,39.88095238095239,0.0
2021-12-27,41.47091293334961,41.50439757790391,39.9425715684203,39.96409662930109,125963200,17.68000030517578,19.3700008392334,19.40999984741211,17.549999237060547,-0.18034304333262707,12.027027990686296,34.92063492063492,0.0
2021-12-28,40.98298645019531,41.85119660646358,40.66727101187817,41.798577366744055,144825200,17.540000915527344,17.780000686645508,18.469999313354492,17.510000228881836,-0.23305639388357435,11.396400076878182,32.53968253968254,0.0
2021-12-29,40.91841125488281,41.37524030858894,40.16978590034728,40.97342095599097,115494800,16.950000762939453,17.6299991607666,18.0,16.709999084472656,-0.19324128613579072,8.738741594885488,24.404761904761905,0.0
2021-12-30,40.53572463989258,41.53548658761356,40.36591098137685,40.84426507226388,113271600,17.329999923706055,17.299999237060547,17.790000915527344,16.6200008392334,-0.06977988704359417,10.450449614505061,31.349206349206348,0.0
2021-12-31,39.78231430053711,40.75576287725315,39.63402571552402,40.332422178189645,120497200,17.219999313354492,17.6299991607666,18.270000457763672,16.989999771118164,-0.041202661962156384,9.954951344135285,29.365079365079367,0.0
2022-01-03,40.93036651611328,41.00451081185517,39.49291022292318,40.14108158326218,153010400,16.600000381469727,17.600000381469727,18.540000915527344,16.559999465942383,-0.061085967481000925,7.1621632187042525,19.841269841269842,0.0
2022-01-04,39.339839935302734,41.112142741476646,38.36160668233548,41.09779270248773,213296400,16.90999984741211,16.56999969482422,17.809999465942383,16.34000015258789,-0.03591796095959854,8.558557281419768,24.404761904761905,0.0
2022-01-05,35.72109603881836,39.158069287434266,35.63738260643197,38.83757289693342,266490400,19.729999542236328,17.06999969482422,20.170000076293945,16.579999923706055,0.16401172000978548,21.261259264280607,62.5,0.0
2022-01-06,35.62302780151367,36.548641749355035,34.54194659282911,35.166198793584236,308453200,19.610000610351562,20.290000915527344,21.059999465942383,19.079999923706055,0.13156380246295618,20.720723507205356,61.30952380952381,0.0
2022-01-07,34.4582405090332,36.10138573016998,33.963142247027356,35.613462487942286,285426800,18.760000228881836,19.850000381469727,20.799999237060547,18.56999969482422,0.08943095104150434,16.89189276266834,52.976190476190474,0.0
2022-01-10,34.584999084472656,34.66631839663267,31.595286288427364,33.09014268645001,358434800,19.399999618530273,19.579999923706055,23.329999923706055,19.290000915527344,0.1686746489588118,19.77477304483223,59.72222222222222,0.0
2022-01-11,36.106170654296875,36.12291115076255,33.73353100283221,34.305164031372506,308653600,18.40999984741211,19.6200008392334,21.0,18.200000762939453,0.08870490913869289,15.315314386487106,48.01587301587302,0.0
2022-01-12,36.51755142211914,37.294876859735,35.84785858012268,36.82609187033748,276742400,17.6200008392334,18.170000076293945,18.690000534057617,17.360000610351562,-0.10694367724064169,11.756760112148669,36.507936507936506,0.0
2022-01-13,33.86746597290039,37.09635559808808,33.49434677281097,36.89544413663946,173531800,20.309999465942383,18.059999465942383,20.610000610351562,17.450000762939453,0.03569601396245292,23.873871667906872,68.84920634920636,0.0
2022-01-14,34.37930679321289,34.47497614313025,33.006429359632996,33.04947947223028,178451600,19.190000534057617,20.110000610351562,22.06999969482422,19.049999237060547,0.0229211247297203,18.82883117412006,58.333333333333336,0.0
2022-01-18,31.90142822265625,33.35084020397087,31.600062878328607,32.76246320039648,155320000,22.790000915527344,21.18000030517578,23.200000762939453,21.18000030517578,0.17474233833278263,35.04504994461386,86.5079365079365,0.0
2022-01-19,30.791650772094727,32.86770554740067,30.691196861955895,32.221928325335774,183284400,23.850000381469727,23.1200008392334,23.989999771118164,21.850000381469727,0.2954916121209157,39.81982255986304,91.26984126984127,0.0
2022-01-20,29.600549697875977,32.61417990625166,29.41877464442035,31.58093338646762,172197000,25.59000015258789,23.459999084472656,25.889999389648438,21.68000030517578,0.4523268407347729,47.65765977074184,93.65079365079364,0.0
2022-01-21,27.108325958251953,29.672304225000214,27.02700663718303,28.997825017311115,342054600,28.850000381469727,25.3799991607666,29.790000915527344,25.309999465942383,0.4204825770600329,62.342346243420835,97.22222222222221,0.0
2022-01-24,27.500579833984375,27.624951105323262,23.04231764780304,25.759369261806537,510169200,29.899999618530273,28.200000762939453,38.939998626708984,28.020000457763672,0.5581031154983551,67.07207278030359,97.61904761904762,0.0
2022-01-25,25.472354888916016,26.93611903804351,24.75482376528458,25.902874293005283,347498000,31.15999984741211,32.290000915527344,35.849998474121094,29.1299991607666,0.36726628326645194,72.74774977955946,99.20634920634922,0.0
2022-01-26,25.42452049255371,28.15113733277177,24.573048975553515,27.261400262413055,415676200,31.959999084472656,29.350000381469727,33.040000915527344,26.899999618530273,0.340041868900933,93.74999406590923,99.60317460317461,0.0
2022-01-27,24.663936614990234,26.90263381845431,24.415192278519118,26.50081632488958,323528200,30.489999771118164,32.189998626708984,33.0,28.420000076293945,0.1914810312353492,85.61946685596679,98.01587301587301,0.0
2022-01-28,26.964820861816406,27.007872805014085,23.965540351781257,25.065756272438303,334032400,27.65999984741211,30.270000457763672,32.81999969482422,27.280000686645508,-0.041247851588312345,74.63127122488137,94.84126984126983,0.0
2022-01-31,29.576631546020508,29.68665275764953,26.89306505545668,27.290097964833077,227502200,24.829999923706055,28.360000610351562,29.40999984741211,24.709999084472656,-0.1695652093481007,57.935105355981605,91.66666666666666,0.0
2022-02-01,30.141088485717773,30.303728938936242,28.572087754510836,29.85885951762619,203691600,21.959999084472656,24.56999969482422,25.329999923706055,21.959999084472656,-0.295250346854656,41.002945869217086,82.53968253968253,0.0
2022-02-02,30.853837966918945,31.27000732775331,29.825375971444586,31.19825348629194,201630400,22.09000015258789,21.559999465942383,22.729999542236328,20.459999084472656,-0.30882350483795773,41.7699138744825,83.73015873015873,0.0
2022-02-03,27.14181137084961,29.213083593612467,26.845230526659673,28.375963951492107,211150000,24.350000381469727,22.6299991607666,25.809999465942383,22.299999237060547,-0.20137748231354824,55.10324945837483,90.87301587301587,0.0
2022-02-04,28.079381942749023,28.897366896592054,26.735206460725802,27.203993191433078,193068800,23.219999313354492,23.770000457763672,26.260000228881836,22.06999969482422,-0.16052062756873176,48.43657604003114,88.09523809523809,0.0
2022-02-07,27.443172454833984,28.830399986221387,27.132243404540915,28.256374737896394,153912200,22.860000610351562,24.09000015258789,24.81999969482422,22.020000457763672,-0.07933948124879642,46.31268974322359,85.31746031746032,0.0
2022-02-08,28.375965118408203,28.61992673173323,26.89785087368813,27.170512565209457,158593200,21.440000534057617,23.09000015258789,23.479999542236328,21.31999969482422,-0.02367935209900429,37.93510760654062,76.5873015873016,0.0
2022-02-09,30.136310577392578,30.17457978417709,29.064796509517087,29.447481278257328,151075400,19.959999084472656,21.270000457763672,21.299999237060547,19.93000030517578,-0.09642376882762038,29.20353504306051,67.06349206349206,0.0
2022-02-10,28.13678741455078,30.0932557147193,27.648866024007724,28.371181721441715,254286600,23.90999984741211,20.3700008392334,24.770000457763672,20.18000030517578,-0.01806983684453889,52.50737592583777,89.68253968253968,0.0
2022-02-11,25.486705780029297,28.485986196112307,25.142292070012733,28.117653321353753,268511200,27.360000610351562,24.389999389648438,30.989999771118164,23.329999923706055,0.17829463477270813,72.86136410207591,94.44444444444444,0.0
2022-02-14,25.55845832824707,26.295124040396715,24.73090599892675,25.304931252871615,190125000,28.329999923706055,29.170000076293945,32.040000915527344,28.329999923706055,0.23928255325056913,78.58407430175562,96.03174603174604,0.0
2022-02-15,27.409687042236328,27.47665631810825,26.476896268135885,26.70650782080521,163444600,25.700000762939453,28.09000015258789,28.09000015258789,25.329999923706055,0.19869403557685517,63.06785401658954,92.06349206349206,0.0
2022-02-16,27.404903411865234,27.648863169562546,26.16596637426519,26.91698207169476,186181000,24.290000915527344,25.190000534057617,27.09000015258789,23.8799991607666,0.21693396942202736,54.74927028437276,89.28571428571429,0.0
2022-02-17,24.974868774414062,26.811748712861224,24.860064804697725,26.6156235918843,157671200,28.110000610351562,24.829999923706055,28.3700008392334,24.760000228881836,0.17565875323056668,77.28614316188462,95.63492063492063,0.0
2022-02-18,24.1281795501709,25.25231275222649,23.587640744382124,25.156641569638094,226165400,27.75,26.65999984741211,29.709999084472656,26.3799991607666,0.014254363338752407,75.16224561228202,94.44444444444444,0.0
2022-02-22,23.381946563720703,24.635233668542305,22.583094348303927,23.458483139020284,262876200,28.809999465942383,31.799999237060547,32.040000915527344,28.399999618530273,0.016943153672043243,81.41593019936239,96.82539682539682,0.0
2022-02-23,21.5929012298584,24.219065731359816,21.51158191836247,24.032507946374224,260920400,31.020000457763672,28.040000915527344,31.06999969482422,27.200000762939453,0.2070038730308481,94.45428501371885,98.80952380952381,0.0
2022-02-24,23.70722770690918,23.84594899652212,19.42595853450022,19.497710548139484,389734800,30.31999969482422,37.5,37.790000915527344,29.450000762939453,0.24825024915673044,90.32448672344601,97.61904761904762,0.0
2022-02-25,24.831361770629883,24.879196451706957,23.080585801477746,23.91770549375932,238372200,27.59000015258789,31.68000030517578,32.0,26.93000030517578,-0.0184987707745613,74.2182936464131,93.05555555555556,0.0
2022-02-28,25.09445571899414,25.443653994008173,23.8794358636131,24.13774751628959,243401000,30.149999618530273,32.439998626708984,33.5099983215332,28.43000030517578,0.08648647273982957,89.32153635311091,97.22222222222221,0.0
2022-03-01,23.936840057373047,25.33841774302181,23.367597499685843,24.836144468644605,248145000,33.31999969482422,29.450000762939453,35.189998626708984,29.440000534057617,0.1565428779064475,100.0,100.0,0.0
2022-03-02,25.08009910583496,25.376678059996188,23.640252616305517,24.238195086261957,219495800,30.739999771118164,34.20000076293945,34.40999984741211,30.1200008392334,-0.009026456560719653,85.90933916461879,98.01587301587301,0.0
2022-03-03,24.03251075744629,25.725882882541008,23.616341377117585,25.71153284348694,223888600,30.479999542236328,30.520000457763672,32.0099983215332,29.309999465942383,0.005277039875413392,84.48934879615672,96.82539682539682,0.0
2022-03-04,23.004045486450195,23.82203044374241,22.482639518248714,23.520666892454187,231391000,31.979999542236328,31.899999618530273,34.650001525878906,31.469999313354492,0.1591155985998305,92.6815937101453,99.60317460317461,0.0
2022-03-07,20.435285568237305,23.219305988937784,20.392233630813035,22.98491170189989,249752600,36.45000076293945,35.880001068115234,36.54999923706055,32.59000015258789,0.20895526448156843,100.0,100.0,0.0
2022-03-08,20.153060913085938,22.004290968403385,19.50249897509937,20.277432189571005,355936000,35.130001068115234,36.189998626708984,37.52000045776367,32.779998779296875,0.054321770404222924,93.84328515884415,99.60317460317461,0.0
2022-03-09,22.310436248779297,22.57831521750868,21.215004857181587,21.7172781516462,219074200,32.45000076293945,33.7400016784668,34.119998931884766,31.389999389648438,0.05562787913316525,81.34328404681722,98.80952380952381,0.0
2022-03-10,21.5929012298584,21.8225109517465,20.66011048015458,21.47809728130228,225574800,30.229999542236328,33.029998779296875,34.029998779296875,30.229999542236328,-0.008202099860715961,70.98880099922292,94.44444444444444,0.0
2022-03-11,20.253511428833008,22.22911425199577,20.133922911143813,22.16692771186012,197814800,30.75,30.43000030517578,31.040000915527344,28.84000015258789,-0.038461524698018,73.41417620822838,96.42857142857143,0.0
2022-03-14,19.067195892333984,20.631414114649054,18.923690018450515,19.99998680974083,246265200,31.770000457763672,31.030000686645508,33.18000030517578,30.059999465942383,-0.12839506741339146,78.17164091138167,97.61904761904762,0.0
2022-03-15,20.832319259643555,20.99495971546728,19.248968465217228,19.55033021368617,211407200,29.829999923706055,33.130001068115234,33.83000183105469,29.56999969482422,-0.15086823180371545,69.12313118314772,92.46031746031747,0.0
2022-03-16,23.171472549438477,23.19060715188215,20.899290515371593,21.602471644579598,326175000,26.670000076293945,29.020000457763672,29.799999237060547,26.290000915527344,-0.17812020187212874,54.38432629183056,86.90476190476191,0.0
2022-03-17,23.946407318115234,24.008592038354653,22.501777692094333,22.76487208670079,192061600,25.670000076293945,26.510000228881836,27.469999313354492,25.25,-0.1508435175320233,49.720147303534866,85.71428571428571,0.0
2022-03-18,25.434085845947266,25.54889162934978,23.405865545636384,23.659392626981237,201569600,23.8700008392334,26.360000610351562,26.81999969482422,23.850000381469727,-0.2237398101062309,41.32462868308878,82.93650793650794,0.0
2022-03-21,25.25231170654297,25.797635052506457,24.28603626948754,25.285796345345922,221094600,23.530000686645508,25.139999389648438,25.360000610351562,22.989999771118164,-0.2593641691026336,39.73880711537102,82.14285714285714,0.0
2022-03-22,26.74477767944336,26.950470088590297,25.290580776331645,25.386251961363538,186689200,22.940000534057617,24.020000457763672,24.020000457763672,22.700000762939453,-0.2309755081217053,36.98694080057932,79.36507936507937,0.0
2022-03-23,25.615861892700195,26.916985638922153,25.591944552466195,26.099000559397066,205499400,23.56999969482422,23.040000915527344,24.030000686645508,22.639999389648438,-0.11623548453699528,39.92536964887082,82.14285714285714,0.0
2022-03-24,27.2757511138916,27.30923575504814,25.548892513778434,26.0368139167715,171150600,21.670000076293945,23.610000610351562,23.790000915527344,21.489999771118164,-0.15582391850843702,31.06343135035209,74.0079365079365,0.0
2022-03-25,27.23270034790039,27.53406395610117,26.237722896915788,27.285319593355023,198789400,20.809999465942383,21.8700008392334,22.860000610351562,20.799999237060547,-0.1281944392838693,27.05223457362886,68.84920634920636,0.0
2022-03-28,28.471635818481445,28.514687759818518,26.945686919580403,27.227914082508264,183407400,19.6299991607666,22.139999389648438,23.329999923706055,19.540000915527344,-0.16574591636507507,21.548501944045473,62.698412698412696,0.0
2022-03-29,29.93061637878418,30.117174188860258,28.768215750858953,29.428344930554093,204013400,18.899999618530273,19.700000762939453,19.729999542236328,18.670000076293945,-0.17611163127609353,18.143653417681314,56.34920634920635,0.0
2022-03-30,29.031309127807617,29.916265291082286,28.60557427875338,29.50488048083067,167818800,19.329999923706055,19.3799991607666,20.510000228881836,18.719999313354492,-0.17988968290267882,20.14925180604293,58.730158730158735,0.0
2022-03-31,27.830644607543945,29.098283835617718,27.696706029402268,29.007395379213353,168098800,20.559999465942383,19.68000030517578,21.479999542236328,19.540000915527344,-0.05122291677173807,25.886189826554933,67.06349206349206,0.0
2022-04-01,27.711055755615234,28.13679065254407,26.979174497963474,27.95023282802705,176162600,19.6299991607666,20.6200008392334,20.860000610351562,19.40999984741211,-0.056703524048953846,21.548501944045473,62.10317460317461,0.0
2022-04-04,29.442691802978516,29.442691802978516,27.854556481900637,27.926310320262505,137515000,18.56999969482422,20.75,20.780000686645508,18.450000762939453,-0.05399895625369899,16.604474707392356,48.41269841269841,0.0
2022-04-05,27.49579429626465,29.256137584488826,27.199215256063354,29.093497112486283,172097600,21.030000686645508,18.790000915527344,21.56999969482422,18.549999237060547,0.11269847148710532,28.078359644631778,70.63492063492063,0.0
2022-04-06,25.6876163482666,26.48646684466698,25.065756363532728,26.223372446292203,296859800,22.100000381469727,21.270000457763672,24.780000686645508,21.239999771118164,0.14330059331074185,33.06902973871371,76.19047619047619,0.0
2022-04-07,25.85503578186035,26.352524426886824,24.67350253089232,25.462785610721447,229654000,21.549999237060547,21.969999313354492,23.81999969482422,21.1200008392334,0.04815174109114628,30.503725957421825,71.82539682539682,0.0
2022-04-08,24.797876358032227,25.63499602429037,24.6352358927396,25.458005520075943,204182400,21.15999984741211,21.25,22.34000015258789,20.280000686645508,0.07794196393566,28.68469899877544,70.23809523809523,0.0
2022-04-11,23.03753089904785,24.04685823318396,22.93707698682529,23.83638310879728,185914600,24.3700008392334,23.09000015258789,24.420000076293945,22.09000015258789,0.3123317845840212,43.656718177236634,84.52380952380952,0.0
2022-04-12,22.74095344543457,24.386490826919918,22.430022562918627,23.994240626538083,247928200,24.260000228881836,24.940000534057617,25.3799991607666,22.270000457763672,0.15359008258556295,43.14365564173517,82.93650793650794,0.0
2022-04-13,24.104259490966797,24.319519171308325,22.640497314196043,22.79835319659595,190084600,21.81999969482422,23.520000457763672,24.450000762939453,21.3700008392334,-0.012669714109158181,31.763056419353358,73.01587301587301,0.0
2022-04-14,22.48264503479004,24.228638411019347,22.40132570523766,24.118615350790662,167843600,22.700000762939453,21.719999313354492,22.700000762939453,20.850000381469727,0.0533643418372467,35.86753891093421,76.5873015873016,0.0
2022-04-18,22.544830322265625,22.965780636561075,21.918185764373575,22.229116674155957,175525400,22.170000076293945,24.520000457763672,24.600000381469727,21.979999542236328,0.047731580159031006,33.395520844499934,75.0,0.0
2022-04-19,23.99424171447754,24.118612978257516,22.152579149297182,22.353486996505474,172372600,21.3700008392334,22.549999237060547,22.920000076293945,20.360000610351562,-0.12310217056580008,29.66418121234955,69.04761904761905,0.0
2022-04-20,22.913162231445312,24.27168795504928,22.69311795754438,24.190366808769873,215629400,20.31999969482422,21.1299991607666,21.31999969482422,19.75,-0.1624072752219926,24.76678793690982,62.698412698412696,0.0
2022-04-21,21.568988800048828,24.286040531076132,21.329811723900484,23.745499828043513,268626400,22.68000030517578,20.239999771118164,23.280000686645508,19.809999465942383,0.039413410741502286,35.774253196076586,76.19047619047619,0.0
2022-04-22,19.856473922729492,21.79859183780488,19.74645272067403,21.54984753650638,248824800,28.209999084472656,22.709999084472656,28.270000457763672,22.6200008392334,0.24273119543365618,61.56715730777391,90.47619047619048,0.0
2022-04-25,20.5931453704834,20.64576461786916,19.282456048220993,19.521633118319006,332878800,27.020000457763672,30.040000915527344,31.600000381469727,26.799999237060547,0.21876411207845514,56.01679071697714,86.5079365079365,0.0
2022-04-26,18.277910232543945,20.229595890839,18.22529098811303,20.196111248887718,332263200,33.52000045776367,27.3799991607666,33.810001373291016,27.059999465942383,0.5685540075517437,86.33395414089915,99.20634920634922,0.0
2022-04-27,18.19658660888672,19.239398475495758,17.876088479810658,18.258771315085607,316698600,31.600000381469727,31.110000610351562,32.77000045776367,29.81999969482422,0.5551181523648683,77.3787301275228,96.82539682539682,0.0
2022-04-28,20.119571685791016,20.44006801839466,18.31139216417465,19.052842389919043,344698400,29.989999771118164,29.90999984741211,32.0,28.0,0.32231037775930615,69.8693991095778,92.06349206349206,0.0
2022-04-29,17.474271774291992,19.98084764308641,17.316415896506555,19.32071858426132,320116800,33.400001525878906,28.969999313354492,34.34000015258789,28.540000915527344,0.18397740552437414,85.7742576441843,98.80952380952381,0.0
2022-05-02,18.297040939331055,18.311390975747393,16.80457693443263,17.340332916359497,311905600,32.34000015258789,33.349998474121094,36.63999938964844,31.739999771118164,0.19689117707974058,80.83022151131576,97.61904761904762,0.0
2022-05-03,18.34009552001953,18.737128457965266,17.842606838335428,18.268341678031554,285565600,29.25,31.760000228881836,32.81999969482422,29.059999465942383,-0.12738664676165556,66.41790772578483,90.07936507936508,0.0
2022-05-04,20.1578426361084,20.306133072517678,17.474275689505216,18.41185116601291,438806800,25.420000076293945,29.1200008392334,29.420000076293945,24.940000534057617,-0.19556962754974327,48.55410255646094,81.74603174603175,0.0
2022-05-05,17.153778076171875,19.37812351495281,16.51278351821602,19.3733407769217,455552600,31.200000762939453,25.969999313354492,33.20000076293945,25.780000686645508,0.04034681564041165,75.51306031144762,95.63492063492063,0.0
2022-05-06,16.555835723876953,17.47427472169933,15.833520009653654,16.785445473332548,466794400,30.190000534057617,32.22999954223633,35.34000015258789,29.829999923706055,-0.09610780973570088,70.8022384657231,91.26984126984127,0.0
2022-05-09,14.599366188049316,15.986591872683135,14.355405506995629,15.575208912264069,420419800,34.75,31.899999618530273,35.47999954223633,31.899999618530273,0.07452071230801338,92.07089216141115,99.20634920634922,0.0
2022-05-10,15.101638793945312,15.823954506959934,14.484562479267474,15.65174673896238,463579600,32.9900016784668,33.65999984741211,34.84000015258789,32.2400016784668,0.12786330524672818,83.8619449706803,97.61904761904762,0.0
2022-05-11,13.757464408874512,15.594343364666983,13.61874127806237,14.757224578726504,529531800,32.560001373291016,32.869998931884766,34.38999938964844,30.690000534057617,0.2808812460884158,81.85634658231868,97.22222222222221,0.0
2022-05-12,13.647443771362305,14.298004773172797,12.76727209181883,13.12125404148921,590993000,31.770000457763672,33.7400016784668,34.7599983215332,31.700000762939453,0.01826922054121516,78.17164091138167,95.03968253968253,0.0
2022-05-13,15.130339622497559,15.307331039087744,14.054042908811702,14.278869917376642,395948000,28.8700008392334,31.09000015258789,31.200000762939453,28.780000686645508,-0.043723076232977,64.64552362456726,87.3015873015873,0.0
2022-05-16,14.661551475524902,15.202092063902374,14.436725400093497,14.891161200951181,318388000,27.469999313354492,30.010000228881836,30.229999542236328,27.360000610351562,-0.20949642263728085,58.115665923980956,82.93650793650794,0.0
2022-05-17,15.766550064086914,15.823953867617504,14.943781373629816,15.513022985209483,307981400,26.100000381469727,27.06999969482422,27.170000076293945,25.510000228881836,-0.20885119570922317,51.725745691896485,80.55555555555556,0.0
2022-05-18,13.465668678283691,15.159042749164085,13.245626214775267,15.04902060502177,328105200,30.959999084472656,26.739999771118164,31.489999771118164,26.209999084472656,-0.049140117362858615,74.39364952558707,92.46031746031747,0.0
2022-05-19,13.193007469177246,13.881837703187216,12.934696701666095,13.173873777548486,392015600,29.350000381469727,31.239999771118164,33.11000061035156,29.059999465942383,-0.07617249107412483,66.8843274038575,87.3015873015873,0.0
2022-05-20,13.078201293945312,13.795732450910617,11.925367974745434,13.70484491555969,458111200,29.43000030517578,28.780000686645508,32.90999984741211,28.059999465942383,0.01939727917088807,67.25746136707252,87.3015873015873,0.0
2022-05-23,13.723978042602539,13.790947318090426,12.896424837101895,13.226489389298385,341040600,28.479999542236328,28.979999542236328,30.389999389648438,28.290000915527344,0.03676739185030953,62.82648776970545,84.52380952380952,0.0
2022-05-24,12.867724418640137,13.087767767301749,12.164544257745053,12.987312937237885,366488600,29.450000762939453,29.43000030517578,31.06999969482422,29.040000915527344,0.12835250316119273,67.35074708193014,87.3015873015873,0.0
2022-05-25,13.384346008300781,13.680925918718943,12.623763001022201,12.64768125079105,361283800,28.3700008392334,29.329999923706055,30.229999542236328,28.15999984741211,-0.08365627654486008,62.31343413041941,83.73015873015873,0.0
2022-05-26,14.50369644165039,14.723739806273938,13.240841885614905,13.279110177846647,337131600,27.5,28.420000076293945,28.459999084472656,27.110000610351562,-0.06303238015075918,58.25559449626737,80.55555555555556,0.0
2022-05-27,15.924410820007324,15.948328163646318,14.958135173825895,14.97248521505402,315035800,25.719999313354492,27.5,27.540000915527344,25.56999969482422,-0.12606187405199654,49.95335269446349,77.38095238095238,0.0
2022-05-31,15.80960464477539,16.264041462355287,15.178177298689585,15.929193184939768,369158600,26.190000534057617,27.469999313354492,28.350000381469727,25.940000534057617,-0.08040726983799995,52.14552251254033,77.77777777777779,0.0
2022-06-01,15.441269874572754,16.46973192684308,15.092071598046944,16.125316388450027,398894200,25.690000534057617,26.049999237060547,27.729999542236328,25.3799991607666,-0.1276740282334221,49.81343301839248,75.79365079365078,0.0
2022-06-02,16.69455909729004,16.73282647704229,15.044237059914773,15.269063162190557,336861400,24.719999313354492,25.729999542236328,26.5,24.329999923706055,-0.12865708205518456,45.28917370616779,73.80952380952381,0.0
2022-06-03,15.374298095703125,16.08704639697486,15.192523967368064,15.852652121455062,324723800,24.790000915527344,24.90999984741211,25.959999084472656,24.760000228881836,-0.09854542125355115,45.61567370816944,73.80952380952381,0.0
2022-06-06,15.565642356872559,16.326225424672845,15.307330713142042,16.08226381955757,300958600,25.06999969482422,25.3700008392334,25.809999465942383,24.81999969482422,-0.025272147584886495,46.92163813131437,74.20634920634922,0.0
2022-06-07,15.943543434143066,16.072697438622935,14.852894817573395,15.029886240522872,274886600,24.020000457763672,25.540000915527344,26.239999771118164,23.8799991607666,-0.08285605315173883,42.024253752090054,70.63492063492063,0.0
2022-06-08,15.61826229095459,16.23533770087045,15.465189123015266,15.823954702518577,225706000,23.959999084472656,24.3700008392334,24.780000686645508,23.739999771118164,-0.0673414329941906,41.74439660751722,70.23809523809523,0.0
2022-06-09,14.345839500427246,15.814387369281869,14.31713850959397,15.34081600239857,275959400,26.09000015258789,24.290000915527344,26.239999771118164,23.81999969482422,0.055420747463098996,51.67910283446767,76.98412698412699,0.0
2022-06-10,12.815106391906738,13.690494332109527,12.757703500180714,13.518286569319466,343352200,27.75,26.260000228881836,29.6299991607666,26.049999237060547,0.11940294373360216,59.421639243341296,81.54761904761905,0.0
2022-06-13,11.040411949157715,11.949284503800618,10.916039780907298,11.609653550507085,426731400,34.02000045776367,31.3700008392334,35.04999923706055,31.290000915527344,0.357000433661242,88.666043635047,98.80952380952381,0.0
2022-06-14,11.112164497375488,11.418311713514456,10.772533555700203,11.308289587264476,393201000,32.689998626708984,33.0099983215332,34.0,32.060001373291016,0.36094912588326045,82.46267704024692,96.82539682539682,0.0
2022-06-15,11.911017417907715,12.398938839788205,11.164785245400429,11.50919988369885,549823000,29.6200008392334,32.38999938964844,32.77000045776367,27.760000228881836,0.23622712733861162,68.14365786578902,86.5079365079365,0.0
2022-06-16,10.456818580627441,11.059544721391008,10.198506986419698,10.99735819135381,424284400,32.95000076293945,30.350000381469727,34.81999969482422,30.350000381469727,0.2629360126573672,83.67537354096507,96.82539682539682,0.0
2022-06-17,10.844287872314453,11.136084175740901,10.356366453847036,10.557275219546087,441181000,31.1299991607666,32.84000015258789,33.310001373291016,30.469999313354492,0.12180177155915684,75.18656030944597,92.06349206349206,0.0
2022-06-21,11.662271499633789,11.949284116100335,11.3752597955552,11.394393483379394,318408200,30.190000534057617,30.6299991607666,30.649999618530273,29.329999923706055,-0.11258083104558025,70.8022384657231,87.5,0.0
2022-06-22,11.619220733642578,12.17411137876631,11.265237920909323,11.341774498692736,388973600,28.950000762939453,31.450000762939453,31.56999969482422,28.780000686645508,-0.11440801532227074,65.01865758778229,83.33333333333334,0.0
2022-06-23,12.116708755493164,12.231513624691061,11.561818098175998,11.930150957095082,365372800,29.049999237060547,29.290000915527344,29.770000457763672,28.739999771118164,-0.019243807765793597,65.48506836963954,83.33333333333334,0.0
2022-06-24,13.384346008300781,13.4130479080234,12.46112255214578,12.489824451868397,303635000,27.229999542236328,29.06999969482422,29.719999313354492,26.829999923706055,-0.17359639114596626,56.99626403433583,75.79365079365078,0.0
2022-06-27,13.068634033203125,13.633092024406244,12.915560865226968,13.561339090965927,338262000,26.950000762939453,28.299999237060547,28.65999984741211,26.93000030517578,-0.13427557052732708,55.69029961119091,74.20634920634922,0.0
2022-06-28,11.877532958984375,13.494369509797895,11.844048316014252,13.135603913881264,373741600,28.360000610351562,26.899999618530273,28.68000030517578,26.469999313354492,-0.06061609444629246,62.266791272990595,80.15873015873017,0.0
2022-06-29,11.901448249816895,12.097574247856066,11.528332678279389,11.853613575180347,380182200,28.15999984741211,28.799999237060547,29.360000610351562,27.850000381469727,-0.027288459229979356,61.333951916845294,78.96825396825396,0.0
2022-06-30,11.480499267578125,11.90623415678662,10.882556597391766,11.509200260278401,512407800,28.709999084472656,29.420000076293945,30.219999313354492,28.280000686645508,-0.011703964251886578,63.89924680192176,81.34920634920636,0.0
2022-07-01,11.667055130004883,11.719674368111571,11.049978872411357,11.289155900332002,417200800,26.700000762939453,29.530000686645508,29.59000015258789,26.690000534057617,-0.01946378215962863,54.52425486411698,72.61904761904762,0.0
2022-07-05,12.269783020019531,12.284133972107892,11.002144781966253,11.198269898566778,441108000,27.540000915527344,27.3700008392334,29.81999969482422,27.299999237060547,0.021892398363091425,58.4421659259826,75.79365079365078,0.0
2022-07-06,12.504175186157227,12.781620512221401,12.092791303475305,12.327184689944351,412245800,26.729999542236328,27.84000015258789,28.06999969482422,26.43000030517578,-0.05747535377415591,54.66417454018798,72.22222222222221,0.0
2022-07-07,13.279108047485352,13.39391290576248,12.614196234484846,12.618978971906971,275732600,26.079999923706055,26.729999542236328,26.790000915527344,25.65999984741211,-0.07386363405457208,51.63245997703887,69.84126984126983,0.0
2022-07-08,13.34129524230957,13.542203996065577,12.776837271643263,12.910776744943274,319458400,24.639999389648438,26.40999984741211,26.610000610351562,24.43000030517578,-0.14176244599831467,44.91603974295275,65.07936507936508,0.0
2022-07-11,12.489823341369629,13.044713913239205,12.370234840322086,13.011229278927951,258448200,26.170000076293945,26.420000076293945,26.739999771118164,25.790000915527344,-0.019850212415767676,52.05223679768272,70.63492063492063,0.0
2022-07-12,12.126276016235352,12.905992759124876,11.915799967202476,12.64768203237416,319233000,27.290000915527344,27.139999389648438,27.75,25.81999969482422,-0.009077704854361435,57.27612117890868,74.20634920634922,0.0
2022-07-13,12.049739837646484,12.355886164681674,11.33220869936674,11.403961630717111,361151000,26.81999969482422,27.350000381469727,29.059999465942383,26.229999542236328,0.0033670091331532426,55.083951360831826,71.82539682539682,0.0
2022-07-14,12.174112319946289,12.284133544967183,11.298724345532825,11.70532460429596,351647000,26.399999618530273,27.469999313354492,28.450000762939453,26.200000762939453,0.01226992698467555,53.12499582989902,70.23809523809523,0.0
2022-07-15,12.815106391906738,12.843807381575743,12.346318694576908,12.566362048407319,308760400,24.229999542236328,26.719999313354492,26.719999313354492,24.1299991607666,-0.01663960460909575,43.00372706944875,61.111111111111114,0.0
2022-07-18,12.51852798461914,13.393916031618694,12.351103851746283,13.207358207428204,319900400,25.299999237060547,24.829999923706055,25.90999984741211,24.3799991607666,-0.033244204688462675,47.99439716353068,65.07936507936508,0.0
2022-07-19,13.613956451416016,13.690493942334323,12.767270437375817,12.9873128725535,298643400,24.5,25.1200008392334,25.40999984741211,24.229999542236328,-0.10223528112598568,44.26305753138029,62.698412698412696,0.0
2022-07-20,14.298004150390625,14.470211923092434,13.604391233741346,13.709628810176861,377126200,23.8799991607666,24.229999542236328,24.729999542236328,23.399999618530273,-0.1096197079608836,41.37126264430218,58.730158730158735,0.0
2022-07-21,14.905513763427734,14.915081064452483,13.977506548952265,14.355406727937385,319381800,23.110000610351562,24.06999969482422,24.670000076293945,22.920000076293945,-0.12462117635295145,37.779851584438205,55.55555555555556,0.0
2022-07-22,14.1257963180542,15.082504478541468,13.848350988008411,14.771573596472704,298800800,23.030000686645508,23.299999237060547,23.809999465942383,22.40999984741211,-0.04952533546272053,37.406717621223166,55.158730158730165,0.0
2022-07-25,13.915322303771973,14.192767674421615,13.590041335619674,14.125798385350777,220897600,23.360000610351562,24.329999923706055,24.56999969482422,23.190000534057617,-0.07667978992928937,38.94589633151213,56.74603174603175,0.0
2022-07-26,13.073415756225586,13.666574650872741,12.939476297800262,13.628306364520922,231755600,24.690000534057617,23.950000762939453,25.309999465942383,23.81999969482422,0.007755123839086497,45.149254030096785,63.095238095238095,0.0
2022-07-27,14.704605102539062,14.948565805979209,13.599607373629734,13.680927608109782,341919000,23.239999771118164,24.270000457763672,24.40999984741211,23.020000457763672,-0.026800645399515655,38.38619093858186,55.55555555555556,0.0
2022-07-28,15.125555992126465,15.221226258043938,14.121012269471164,14.67590291391162,324071800,22.329999923706055,23.329999923706055,23.540000915527344,22.219999313354492,-0.033751651494813295,34.14178877093001,50.0,0.0
2022-07-29,15.957892417907715,16.096615539202986,15.14947376637059,15.369517117848742,292146400,21.329999923706055,22.1299991607666,22.15999984741211,21.209999084472656,-0.07381679167405497,29.477609782634325,43.65079365079365,0.0
2022-08-01,15.933974266052246,16.464945735526207,15.51780492339505,15.680445375464597,285283000,22.84000015258789,22.40999984741211,23.270000457763672,22.260000228881836,-0.022260292987032027,36.520521122506665,51.587301587301596,0.0
2022-08-02,15.785685539245605,16.431462854122483,15.407785356571946,15.565643087856932,325375000,23.93000030517578,24.079999923706055,24.68000030517578,22.670000076293945,-0.030781701597514477,41.60447693144621,58.730158730158735,0.0
2022-08-03,17.048538208007812,17.196828621801192,15.933974210063711,16.04877816125299,294213800,21.950000762939453,23.860000610351562,23.920000076293945,21.68000030517578,-0.05550770313611941,32.36940466971243,47.22222222222222,0.0
2022-08-04,17.292499542236328,17.349901516983152,16.723257058012745,17.07245529361773,253567200,21.440000534057617,22.059999465942383,22.65999984741211,21.440000534057617,-0.039856667832031345,29.99067231813578,43.05555555555556,0.0
2022-08-05,16.881118774414062,17.211182488482486,16.33579532300697,16.469733904117117,283898600,21.149999618530273,21.5,22.579999923706055,20.760000228881836,-0.008438832902935456,28.63805614134663,40.87301587301587,0.0
2022-08-08,16.708908081054688,17.61778155865011,16.474513780066058,17.029404437240615,267787800,21.290000915527344,21.739999771118164,22.010000228881836,20.829999923706055,-0.06786336369113044,29.29104724913451,41.269841269841265,0.0
2022-08-09,16.1348819732666,16.4410282749293,15.876570346947739,16.397976337209492,218406000,21.770000457763672,21.40999984741211,22.229999542236328,21.40999984741211,-0.09026326033706433,31.529851028424744,45.63492063492063,0.0
2022-08-10,17.459928512573242,17.526897809424355,16.890687664562307,17.287720706512392,271554400,19.739999771118164,22.280000686645508,22.34000015258789,19.540000915527344,-0.10068341298432537,22.061564479546934,32.93650793650794,0.0
2022-08-11,17.19683074951172,18.18702361871828,17.062890356850993,17.85695993724147,273361000,20.200000762939453,19.84000015258789,20.850000381469727,19.709999084472656,-0.05783580877940808,24.20709144019497,34.523809523809526,0.0
2022-08-12,18.167890548706055,18.201375193501665,17.33555534267762,17.50776130529378,211187000,19.530000686645508,20.34000015258789,20.350000381469727,19.1200008392334,-0.07659569556045887,21.082091162188238,30.158730158730158,0.0
2022-08-15,18.60318946838379,18.694077909433155,18.005246881589372,18.010031444158265,196308400,19.950000762939453,20.739999771118164,21.15999984741211,19.809999465942383,-0.06294035204153492,23.041046693121046,33.33333333333333,0.0
2022-08-16,18.483598709106445,18.837581480454773,17.952625464471822,18.44533133707664,220755800,19.690000534057617,20.229999542236328,20.389999389648438,19.5,-0.09554432154199977,21.828359088618317,31.349206349206348,0.0
2022-08-17,17.842607498168945,18.335313460169967,17.483841924513634,17.943061420846174,262838400,19.899999618530273,19.739999771118164,20.6299991607666,19.40999984741211,0.008105362171594743,22.80783240597701,32.73809523809524,0.0
2022-08-18,17.962196350097656,18.158321460946073,17.550811526177544,17.823473221142994,192140800,19.559999465942383,20.510000228881836,20.610000610351562,19.43000030517578,-0.031683231327954586,21.22201083825924,29.761904761904763,0.0
2022-08-19,16.909814834594727,17.555593893026924,16.775876285338807,17.45035541873963,224256600,20.600000381469727,20.15999984741211,21.270000457763672,20.079999923706055,0.054787488848163646,26.072761256270166,37.301587301587304,0.0
2022-08-22,15.579992294311523,16.249688738572896,15.431701872071589,16.21141953614607,224975400,23.799999237060547,22.40999984741211,24.6200008392334,22.389999389648438,0.192982372275049,40.99812868108714,56.74603174603175,0.0
2022-08-23,15.527374267578125,15.953109141600285,15.403002999517328,15.51302422793392,219509800,24.110000610351562,24.1299991607666,24.209999084472656,23.06999969482422,0.2244794289694767,42.4440305727339,59.523809523809526,0.0
2022-08-24,15.64696216583252,15.929191157693312,15.355165873003015,15.450837057914077,187005600,22.81999969482422,24.3700008392334,24.860000610351562,22.729999542236328,0.14673367498836187,36.42723540764906,50.0,0.0
2022-08-25,16.469730377197266,16.474513114880008,15.756982027258084,15.91962248011009,222052600,21.780000686645508,22.40999984741211,23.1299991607666,21.770000457763672,0.11349699802234459,31.57649388585355,44.44444444444444,0.0
2022-08-26,14.465428352355957,16.618022785851544,14.446294662165686,16.431463147876936,366276600,25.559999465942383,22.06999969482422,25.899999618530273,21.670000076293945,0.24077665012736182,49.207084768033404,65.47619047619048,0.0
2022-08-29,14.020557403564453,14.40802485351746,13.853133298171075,14.039692004129627,248441000,26.209999084472656,26.860000610351562,27.670000076293945,25.469999313354492,0.10126050103645978,52.23879933118253,69.84126984126983,0.0
2022-08-30,13.551772117614746,14.326706189720586,13.183439228021598,14.2501696038815,327014800,26.209999084472656,25.75,27.690000534057617,25.1299991607666,0.08710072256155255,52.23879933118253,69.64285714285714,0.0
2022-08-31,13.30302619934082,14.063609230373823,13.283892511316099,13.94880436506159,341030600,25.8700008392334,25.860000610351562,26.6200008392334,25.309999465942383,0.133654740806195,50.652986659680174,67.06349206349206,0.0
2022-09-01,13.317377090454102,13.360429028803317,12.44677284808191,12.95382789572071,397320400,25.559999465942383,26.8799991607666,27.450000762939453,25.25,0.17355365748976292,49.207084768033404,64.0873015873016,0.0
2022-09-02,12.762487411499023,13.89140336862886,12.518526713353777,13.700061000554763,454463000,25.469999313354492,25.510000228881836,26.280000686645508,23.190000534057617,-0.003521132803927185,48.787307947389564,63.49206349206349,0.0
2022-09-06,12.470691680908203,12.925128456893189,12.178895377651228,12.800756277019529,361083400,26.90999984741211,25.459999084472656,27.799999237060547,25.329999923706055,0.02670739364329644,55.50372818147567,71.82539682539682,0.0
2022-09-07,13.207356452941895,13.346078661828042,12.4898253322803,12.523309971929095,331569600,24.639999389648438,26.93000030517578,27.149999618530273,24.540000915527344,-0.05990079166978368,44.91603974295275,59.72222222222222,0.0
2022-09-08,13.422615051269531,13.594822809749218,12.743352230184982,12.92991093933397,410799800,23.610000610351562,24.700000762939453,25.899999618530273,23.559999465942383,-0.08735988231799396,40.11194107858606,52.77777777777778,0.0
2022-09-09,14.274085998535156,14.36018987999304,13.709628031100593,13.719195331793248,298735800,22.790000915527344,23.489999771118164,23.56999969482422,22.639999389648438,-0.10837240251534219,36.287315731578055,45.83333333333333,0.0
2022-09-12,14.795492172241211,14.843327763791752,14.441510254588048,14.494128584144422,273141200,23.8700008392334,23.579999923706055,24.229999542236328,23.15999984741211,-0.06281894453299719,41.32462868308878,53.769841269841265,0.0
2022-09-13,12.36067008972168,13.6857111734914,12.226730612473881,13.50871975399924,391296600,27.270000457763672,23.670000076293945,28.149999618530273,23.530000686645508,0.01337794917847912,57.18283546405106,73.80952380952381,0.0
2022-09-14,12.638114929199219,12.75770345013699,12.264998415413688,12.49939180696516,309291800,26.15999984741211,26.729999542236328,27.559999465942383,26.15999984741211,0.06168833179444966,52.0055939402539,67.46031746031747,0.0
2022-09-15,12.001904487609863,12.700301038318186,11.7914284273412,12.379803753604465,393730600,26.270000457763672,26.100000381469727,26.93000030517578,25.420000076293945,0.11266411599523041,52.518656475755364,69.04761904761905,0.0
2022-09-16,11.767509460449219,11.829695083638223,11.322640061275541,11.580950766106373,392143600,26.299999237060547,27.469999313354492,28.450000762939453,26.139999389648438,0.1540148389876439,52.658576151826374,69.04761904761905,0.0
2022-09-19,12.049739837646484,12.068873526892173,11.442229921596509,11.451797222413365,302692600,25.760000228881836,27.690000534057617,27.950000762939453,25.559999465942383,0.07917885727687035,50.13992412417871,64.68253968253968,0.0
2022-09-20,11.762725830078125,12.049738434444778,11.470929575860103,11.734024843357835,322118600,27.15999984741211,25.649999618530273,27.809999465942383,25.610000610351562,-0.00403375902108738,56.6697729285496,72.22222222222221,0.0
2022-09-21,11.116950035095215,12.398939268318241,11.11216638423834,11.867965884250527,591115200,27.989999771118164,28.030000686645508,30.18000030517578,25.549999237060547,0.06995412593196515,60.54104113298641,77.77777777777779,0.0
2022-09-22,10.70556354522705,11.054762705177867,10.557274040933837,10.930390539116859,431084000,27.350000381469727,28.15999984741211,28.3799991607666,26.709999084472656,0.04111153044867488,57.5559694272661,73.80952380952381,0.0
2022-09-23,10.193724632263184,10.456819909318314,9.78234076636839,10.42811800916746,561304000,29.920000076293945,27.68000030517578,32.310001373291016,27.579999923706055,0.13764262145423523,69.54290800379157,86.11111111111111,0.0
2022-09-26,10.05500316619873,10.624243874988133,9.964115633852213,10.121972446670892,490607800,32.2599983215332,31.739999771118164,32.880001068115234,29.829999923706055,0.25232911626156107,80.45707865188531,94.84126984126983,0.0
2022-09-27,10.064569473266602,10.691213012297494,9.80625785285495,10.43768504178842,543921200,32.599998474121094,31.200000762939453,34.13999938964844,30.299999237060547,0.20029450137229388,82.04290021960307,96.03174603174604,0.0
2022-09-28,10.652945518493652,10.806018677219546,9.89236246273487,10.059786572236813,512039000,30.18000030517578,34.5,34.880001068115234,30.030000686645508,0.07824224908774013,70.7555956082943,86.11111111111111,0.0
2022-09-29,9.753640174865723,10.231994292905442,9.385308197390072,10.193725999957788,540195600,31.84000015258789,31.670000076293945,33.459999084472656,31.15999984741211,0.16416817946957862,78.49813201716792,93.25396825396825,0.0
2022-09-30,9.241799354553223,10.088486173730631,9.22266566853832,9.643616797132744,513197600,31.6200008392334,31.610000610351562,33.25,29.389999389648438,0.056818207172612656,77.47201584238042,92.06349206349206,0.0
2022-10-03,9.882795333862305,10.050219446272079,9.26093538764087,9.423575849708879,447222600,30.100000381469727,33.0,33.060001373291016,29.6299991607666,-0.06695592227051361,70.38246164507926,84.52380952380952,0.0
2022-10-04,10.80123519897461,10.892122730561026,10.471170624973,10.475954275307865,463323600,29.06999969482422,29.520000457763672,29.6200008392334,28.559999465942383,-0.10828217621234248,65.57835408449715,80.55555555555556,0.0
2022-10-05,10.80123519897461,11.002143951098892,10.050219431772984,10.365933054769998,458399000,28.549999237060547,29.360000610351562,30.110000610351562,28.5,-0.05400931251268726,63.152978875491684,77.38095238095238,0.0
2022-10-06,10.528573036193848,11.030844437392346,10.485521097532494,10.667295240023122,475087200,30.520000457763672,28.600000381469727,30.739999771118164,28.559999465942383,-0.041457276648817265,72.34141717601207,87.6984126984127,0.0
2022-10-07,9.32790470123291,10.002383891254095,9.165264238579347,9.988032940177128,501945200,31.360000610351562,30.3700008392334,32.02000045776367,29.8799991607666,-0.008222650916543728,76.25932823787768,91.26984126984127,0.0
2022-10-10,9.036107063293457,9.380522538475562,8.753878121080513,9.337470604077799,412999600,32.45000076293945,32.93000030517578,33.9900016784668,32.04999923706055,0.07807310138495693,81.34328404681722,95.03968253968253,0.0
2022-10-11,8.677342414855957,9.15569647807647,8.486000972045344,8.859117469817015,529747000,33.630001068115234,33.560001373291016,34.43000030517578,32.45000076293945,0.15686279398561198,86.84701667640061,98.4126984126984,0.0
2022-10-12,8.658210754394531,8.91652153458445,8.57689050810752,8.720396395725455,401483800,33.56999969482422,33.540000915527344,34.529998779296875,33.11000061035156,0.17583189463792515,86.56715953182777,98.01587301587301,0.0
2022-10-13,9.237018585205078,9.385309031902326,7.806739754576972,7.902410951646929,829507200,31.940000534057617,33.599998474121094,33.869998931884766,31.6299991607666,0.04652686942973894,78.96455169524057,92.06349206349206,0.0
2022-10-14,8.404681205749512,9.557514488346014,8.352061963945252,9.49532885816754,670132600,32.02000045776367,31.889999389648438,32.97999954223633,31.139999389648438,0.021045913092050395,79.3376856584556,92.85714285714286,0.0
2022-10-17,9.232231140136719,9.32790229789071,8.99305415813952,8.997837807265999,460050800,31.3700008392334,32.27000045776367,32.59000015258789,30.700000762939453,-0.03328196913139991,76.30597109530649,89.28571428571429,0.0
2022-10-18,9.461844444274902,10.045436118914022,9.170048150761321,9.983250487247673,692553800,30.5,31.100000381469727,31.93000030517578,30.420000076293945,-0.09307169101111934,72.24813146115446,84.52380952380952,0.0
2022-10-19,9.347037315368652,9.681884557812918,9.093509374573626,9.284850786311466,519702200,30.760000228881836,30.940000534057617,31.899999618530273,30.760000228881836,-0.08370567445598232,73.46081906565718,86.11111111111111,0.0
2022-10-20,9.189180374145508,9.791906554596945,9.06959186800168,9.246583258545218,529703000,29.979999542236328,31.299999237060547,31.31999969482422,29.760000228881836,-0.061365089513111926,69.82275625214899,79.76190476190477,0.0
2022-10-21,9.839743614196777,9.897146507199356,8.959572004077435,9.079160528143781,627458000,29.690000534057617,30.209999084472656,30.440000534057617,29.239999771118164,-0.07276701718913048,68.33723602764414,78.17460317460318,0.0
2022-10-24,10.174591064453125,10.270261328919549,9.471410013065704,9.86844384595187,549244000,29.850000381469727,30.649999618530273,30.950000762939453,29.780000686645508,-0.04845395017849852,69.08664981946298,78.57142857142857,0.0
2022-10-25,10.786882400512695,10.829934333765014,10.270260113872721,10.275043763388295,476799600,28.459999084472656,29.799999237060547,30.0,28.219999313354492,-0.06688527591892934,62.576105219175794,71.42857142857143,0.0
2022-10-26,10.074136734008789,10.762966869099818,10.011951104660268,10.131539625428044,558931800,27.280000686645508,28.440000534057617,28.520000457763672,27.270000457763672,-0.1131339244584535,57.04918073794111,63.888888888888886,0.0
2022-10-27,9.519247055053711,10.102839680679995,9.457061419274371,9.944982853437564,513258800,27.389999389648438,27.510000228881836,27.670000076293945,26.940000534057617,-0.08639093369361317,57.564397136243386,65.07936507936508,0.0
2022-10-28,10.380284309387207,10.432902639833735,9.42835884983045,9.447493451729578,510777200,25.75,27.43000030517578,27.59000015258789,25.75,-0.13270462994899623,49.88290130324172,53.17460317460318,0.0
2022-10-31,10.021517753601074,10.222426491921475,9.8014744152559,10.131538966579688,419122200,25.8799991607666,26.90999984741211,27.06999969482422,25.84000015258789,-0.132998364153041,50.49179665895062,53.96825396825397,0.0
2022-11-01,9.710587501525879,10.461604176817286,9.667535561146499,10.399417635207955,430464800,25.809999465942383,25.959999084472656,26.350000381469727,25.65999984741211,-0.09311313084251194,50.16392924174451,53.17460317460318,0.0
2022-11-02,8.706045150756836,10.03586899015422,8.696477849601504,9.70102166121007,662952600,25.860000610351562,26.040000915527344,26.6200008392334,25.389999389648438,-0.05205278741026875,50.39812663526108,53.17460317460318,0.0
2022-11-03,8.203773498535156,8.586457366365135,8.151155162404487,8.442950573783342,424463600,25.299999237060547,25.979999542236328,26.8700008392334,25.100000381469727,-0.07630522815483409,46.930029041900525,47.817460317460316,0.0
2022-11-04,8.586455345153809,8.777796777833855,8.060265720992742,8.672558305568888,764740400,24.549999237060547,25.6299991607666,25.709999084472656,24.0,-0.04660197137628941,40.97221420660635,44.44444444444444,0.0
2022-11-07,8.859118461608887,8.916520444684327,8.471650970103356,8.686910687606428,401886800,24.350000381469727,25.670000076293945,25.670000076293945,24.34000015258789,-0.05911896556844998,39.980156383666966,43.05555555555556,0.0
2022-11-08,9.050459861755371,9.385308106080675,8.653425984140657,9.016975219800454,592112600,25.540000915527344,24.709999084472656,26.15999984741211,24.239999771118164,-0.010461005656792643,45.88293685521729,48.80952380952381,0.0
2022-11-09,8.41903305053711,8.94522278726845,8.385548406703062,8.863902546933716,431138200,26.09000015258789,25.34000015258789,26.350000381469727,25.020000457763672,0.00889402694539232,48.6111076946191,54.563492063492056,0.0
2022-11-10,10.26069450378418,10.303746440294775,9.423574935348245,9.638833705513305,656884800,23.530000686645508,26.510000228881836,26.59000015258789,22.84000015258789,-0.06996041912215822,35.912697549189446,35.51587301587302,0.0
2022-11-11,10.844287872314453,10.920824458067608,10.102839355685237,10.251128876533466,614268400,22.520000457763672,23.889999389648438,23.90999984741211,22.3700008392334,-0.08268834388525759,30.902775741022925,28.968253968253972,0.0
2022-11-14,10.557276725769043,10.983011658809737,10.437688179419347,10.605112326786562,428451800,23.729999542236328,23.989999771118164,24.329999923706055,22.860000610351562,-0.02546204638687466,36.653380134299,36.507936507936506,0.0
2022-11-15,10.983009338378906,11.456580684771726,10.609893736526152,11.313073912038504,636531400,24.540000915527344,23.770000457763672,26.219999313354492,23.18000030517578,-0.03915426641163655,40.68725153055704,43.25396825396825,0.0
2022-11-16,10.538140296936035,10.80123466564685,10.437685469640003,10.762966377245496,383358800,24.110000610351562,24.290000915527344,24.719999313354492,23.989999771118164,-0.07589112804355158,37.833753574597075,39.88095238095239,0.0
2022-11-17,10.456818580627441,10.624241748294125,10.002381922249151,10.021516519918393,426924400,23.93000030517578,24.049999237060547,25.18000030517578,23.809999465942383,0.01699955830249067,36.92695104705751,38.2936507936508,0.0
2022-11-18,10.447254180908203,10.801236124528716,10.179376125917454,10.791668823039167,389577000,23.1200008392334,24.030000686645508,24.1200008392334,22.979999542236328,0.026643000411790796,32.8463492819385,32.142857142857146,0.0
2022-11-21,10.13154125213623,10.428120320321414,10.031086404120625,10.29418173948481,288222600,22.360000610351562,24.049999237060547,24.1200008392334,22.299999237060547,-0.057732783746849425,29.017632837220912,26.58730158730159,0.0
2022-11-22,10.557276725769043,10.57162767979076,9.964117645361135,10.203294738060528,292477200,21.290000915527344,22.59000015258789,22.709999084472656,21.280000686645508,-0.1324368328749168,23.62720626663465,18.452380952380953,0.0
2022-11-23,10.872989654541016,10.939959856236044,10.528574993606544,10.547708685242169,357567000,20.350000381469727,21.489999771118164,21.780000686645508,20.31999969482422,-0.15595189272900678,18.89168729437749,14.682539682539684,0.0
2022-11-25,10.648163795471191,10.76296868529442,10.595544545489986,10.686432092078935,134753000,20.5,20.610000610351562,21.110000610351562,20.459999084472656,-0.1433347372099244,19.647352864390783,14.682539682539684,0.0
2022-11-28,10.179373741149902,10.652944105280056,10.07413527419573,10.428117134887325,262765200,22.209999084472656,22.09000015258789,22.5,21.649999618530273,-0.03935993606092425,28.261957658398572,26.190476190476193,0.0
2022-11-29,9.93541431427002,10.246344279213845,9.791907544950416,10.198508689440645,275805400,21.889999389648438,22.09000015258789,22.56999969482422,21.829999923706055,-0.021019732015818415,26.64986854668781,23.809523809523807,0.0
2022-11-30,11.27002239227295,11.313074334461648,9.878012027873158,9.973683213267607,545469800,20.579999923706055,21.700000762939453,22.6299991607666,20.309999465942383,-0.03334903528836708,20.050375142318472,15.873015873015872,0.0
2022-12-01,11.332207679748535,11.561817404365735,11.006926780346864,11.336991329726553,411007200,19.84000015258789,20.829999923706055,21.059999465942383,19.799999237060547,-0.02506143583890208,16.32241666928507,11.11111111111111,0.0
2022-12-02,11.198269844055176,11.303507421693297,10.710348424083014,10.739050328120017,363310000,19.059999465942383,20.420000076293945,20.959999084472656,18.950000762939453,-0.07024392849061545,12.392942252883293,6.349206349206349,0.0
2022-12-05,10.633810997009277,11.097815039304802,10.456820498053913,10.944740967045782,301980000,20.75,20.299999237060547,21.290000915527344,19.780000686645508,-0.0657361163735195,20.906798684015946,17.46031746031746,0.0
2022-12-06,9.959332466125488,10.624244389859173,9.806259296263466,10.609894350427147,339801000,22.170000076293945,20.690000534057617,22.600000381469727,20.3799991607666,0.01279126059628477,28.060451323839253,27.976190476190478,0.0
2022-12-07,9.839743614196777,10.059786972920628,9.65318580861745,9.83495996374756,347335800,22.68000030517578,22.31999969482422,23.010000228881836,22.18000030517578,0.10204083524075913,30.629721948931675,29.96031746031746,0.0
2022-12-08,10.188941955566406,10.284613140432622,9.753639797962395,9.983250459163706,377840200,22.290000915527344,22.809999465942383,23.280000686645508,22.059999465942383,0.12348794073067992,28.664989545135317,28.174603174603174,0.0
2022-12-09,9.992816925048828,10.37550075508627,9.935414943595442,10.069353508578708,354007800,22.829999923706055,22.549999237060547,23.209999084472656,22.18000030517578,0.197796461878194,31.385387518944967,31.746031746031743,0.0
2022-12-12,10.356365203857422,10.361148853938127,9.88757844460382,10.002383309376867,225655000,25.0,24.399999618530273,25.049999237060547,24.18000030517578,0.20481927710843384,42.31737761764377,48.41269841269841,0.0
2022-12-13,10.681646347045898,11.590518897605861,10.389850072369686,11.566601559060066,695385600,22.549999237060547,25.239999771118164,25.84000015258789,21.459999084472656,0.017140241743748508,29.974804741793527,28.57142857142857,0.0
2022-12-14,10.428118705749512,10.997360323334606,10.083704092424453,10.624243807941449,578911000,21.139999389648438,22.829999923706055,23.469999313354492,21.06999969482422,-0.06790127402140733,22.87153108781231,17.857142857142858,0.0
2022-12-15,9.39487361907959,10.059786395122092,9.25615141357212,9.978466166932202,428053200,22.829999923706055,21.520000457763672,23.670000076293945,21.25,0.024226064872098885,31.385387518944967,31.150793650793652,0.0
2022-12-16,9.117429733276367,9.476195341437899,8.950005600323362,9.31833851034235,351284200,22.6200008392334,23.260000228881836,23.829999923706055,22.09000015258789,-0.009198383056260973,30.32745764268817,28.174603174603174,0.0
2022-12-19,8.739530563354492,9.150914513054694,8.600807421529117,9.136564472443888,310533000,22.420000076293945,22.6299991607666,22.860000610351562,21.610000610351562,-0.10319999694824222,29.31989714346442,26.984126984126984,0.0
2022-12-20,8.701260566711426,8.878251057157337,8.452516237686295,8.610373040262251,345762400,21.479999542236328,23.170000076293945,23.389999389648438,21.350000381469727,-0.04745009893684127,24.58437817120726,20.634920634920633,0.0
2022-12-21,9.079160690307617,9.208316517579263,8.720395111700633,8.806498996548397,326374600,20.06999969482422,21.25,21.290000915527344,19.940000534057617,-0.05061493499134928,17.481104517226047,12.3015873015873,0.0
2022-12-22,8.433876991271973,8.775270641773847,7.97227323677317,8.765653686714362,460900400,21.969999313354492,20.079999923706055,24.299999237060547,20.010000228881836,-0.03766975966822328,27.0528908246155,23.809523809523807,0.0
2022-12-23,8.45792007446289,8.520428460021341,8.092483966634866,8.275201561987135,330134600,20.8700008392334,22.170000076293945,22.639999389648438,20.780000686645508,-0.0773651607017053,21.51133690531201,15.873015873015872,0.0
2022-12-27,8.09729290008545,8.405028200970404,8.03959207260775,8.395411243536865,263200600,21.649999618530273,21.670000076293945,22.799999237060547,21.59000015258789,-0.034344355715584585,25.440801712904737,20.634920634920633,0.0
2022-12-28,7.770323753356934,8.270394538860636,7.741473797923581,8.05401758030162,364869200,22.139999389648438,21.469999313354492,22.260000228881836,20.959999084472656,0.030726250534332866,27.909314366312977,24.6031746031746,0.0
2022-12-29,8.318472862243652,8.414640549660415,7.948229375072103,8.015546205990013,306109800,21.440000534057617,22.25,22.309999465942383,21.360000610351562,0.06826112905157156,24.38287183664794,18.650793650793652,0.0
2022-12-30,8.318472862243652,8.318472862243652,7.933803946822676,8.058821573615253,301941200,21.670000076293945,21.829999923706055,22.399999618530273,21.59000015258789,-0.013654949769533742,25.541559684588922,20.436507936507937,0.0
2023-01-03,8.130949020385742,8.674295038170156,7.919380602665591,8.530043469083257,359851800,22.899999618530273,23.09000015258789,23.760000228881836,22.729999542236328,0.09726874449763767,31.738030811030566,32.53968253968254,0.0
2023-01-04,8.255966186523438,8.40983378398572,7.95303946865997,8.33289998525458,435272800,22.010000228881836,22.93000030517578,23.270000457763672,21.940000534057617,0.016628204004375036,26.100307791782352,23.015873015873016,0.0
2023-01-05,7.866490840911865,8.102100777815597,7.8280239311545925,8.082866864375225,362504000,22.459999084472656,22.200000762939453,22.920000076293945,21.969999313354492,0.014453464482651945,25.703655150555445,26.984126984126984,0.0
2023-01-06,8.48196029663086,8.606977966403841,7.741472150588862,8.005932006220286,466895200,21.1299991607666,22.690000534057617,22.899999618530273,21.0,-0.014459018916467614,18.64045850108733,13.492063492063492,0.0
2023-01-09,8.659872055053711,9.116666526864483,8.602171227677053,8.693530488888621,372042800,21.969999313354492,21.75,21.979999542236328,21.270000457763672,0.013843988740393831,23.10142587225748,22.023809523809522,0.0
2023-01-10,8.890671730041504,8.890671730041504,8.510811160235205,8.568511058804676,328723000,20.579999923706055,22.219999313354492,22.459999084472656,20.579999923706055,-0.10131003202929822,15.719591590365123,10.515873015873016,0.0
2023-01-11,9.333041191101074,9.34265814615603,8.905096779512057,8.982030585705065,302550000,21.09000015258789,20.799999237060547,21.25,20.6200008392334,-0.04179918522157522,18.428036789240405,12.698412698412698,0.0
2023-01-12,9.477293968200684,9.578270184616237,8.938757204396126,9.385935626114609,561852600,18.829999923706055,21.559999465942383,21.799999237060547,18.829999923706055,-0.16162062817162537,6.425911255311935,1.1904761904761905,0.0
2023-01-13,9.664820671081543,9.69847910315452,9.18398383089961,9.217642262972587,319566000,18.350000381469727,19.0,19.40999984741211,18.010000228881836,-0.13156644059213563,0.0,0.3968253968253968,0.0
2023-01-17,9.7177095413208,9.861961105670058,9.525375039311706,9.645584217707796,279515800,19.360000610351562,19.889999389648438,20.219999313354492,19.209999084472656,-0.11879830607989317,5.580111644173477,3.1746031746031744,0.0
2023-01-18,9.357084274291992,10.054298044843401,9.323425842921994,9.895621927582363,373300200,20.34000015258789,19.280000686645508,20.579999923706055,18.709999084472656,-0.01166179650184107,10.994473641865058,8.333333333333332,0.0
2023-01-19,9.063773155212402,9.284957625710565,8.933947009246955,9.169556912782392,332741400,20.520000457763672,20.43000030517578,21.709999084472656,20.170000076293945,-0.027027012361319325,11.988950445081374,9.523809523809524,0.0
2023-01-20,9.804261207580566,9.833112073405374,9.11666449651931,9.222449170296938,322650400,19.850000381469727,20.280000686645508,20.700000762939453,19.40999984741211,0.054168903977505733,8.287292643019267,5.952380952380952,0.0
2023-01-23,10.448583602905273,10.578409760990692,9.799453729601614,9.88119602353057,388084200,19.809999465942383,20.209999084472656,20.329999923706055,19.549999237060547,0.07956398115103025,8.066293114376741,5.555555555555555,0.0
2023-01-24,10.386075973510742,10.515902140996456,10.212974416863123,10.270675241453494,290013000,19.200000762939453,19.889999389648438,20.469999313354492,18.90999984741211,-0.00826445466776271,4.696134605278424,2.380952380952381,0.0
2023-01-25,10.3091402053833,10.381265534658652,9.607118071532364,9.886003350620822,436167200,19.079999923706055,19.559999465942383,20.899999618530273,18.989999771118164,-0.06194691344294434,4.0331465571883705,2.380952380952381,0.0
2023-01-26,10.905376434326172,10.92460942530144,10.38607283826889,10.684191076809675,406837800,18.729999542236328,19.049999237060547,19.479999542236328,18.670000076293945,-0.0872320114812718,2.099442832916369,1.1904761904761905,0.0
2023-01-27,11.217921257019043,11.453531152704278,10.737084510610815,10.751509943167454,376822200,18.510000228881836,18.899999618530273,19.0,17.969999313354492,-0.06750630361895615,0.883977038895053,0.7936507936507936,0.0
2023-01-30,10.544750213623047,11.011161537123801,10.506283309799514,10.842868488974595,347816000,19.940000534057617,19.760000228881836,20.25,19.540000915527344,0.006562396346286414,8.784531044627427,8.73015873015873,0.0
2023-01-31,11.015972137451172,11.020780615996093,10.530326809896165,10.549560724075851,316513800,19.399999618530273,20.1200008392334,20.700000762939453,19.1299991607666,0.010416606648103066,5.801100634978476,4.761904761904762,0.0
2023-02-01,11.727609634399414,11.996878911358559,10.751511486073703,10.991929893779297,543277600,17.8700008392334,19.6200008392334,20.040000915527344,17.700000762939453,-0.06341714304564994,0.0,0.3968253968253968,0.0
2023-02-02,12.93931770324707,13.198970005204423,12.381547110660952,12.482522394451005,535770200,18.729999542236328,17.739999771118164,19.25,17.059999465942383,0.0,4.628625977041394,2.1825396825396823,0.0
2023-02-03,12.270954132080078,13.049909156790084,12.073811137114996,12.121894078619984,534808400,18.329999923706055,18.56999969482422,19.299999237060547,17.93000030517578,-0.009724489624528432,2.4757754917197152,0.7936507936507936,0.0
2023-02-06,11.95841121673584,12.237296514657134,11.79011815897982,11.948794260950152,323632400,19.43000030517578,19.229999542236328,19.809999465942383,19.209999084472656,-0.025576740984071367,8.396122025554982,6.349206349206349,0.0
2023-02-07,12.69890022277832,12.833534861269964,11.799735891467897,11.939178091045456,519789200,18.65999984741211,19.540000915527344,19.989999771118164,18.43000030517578,-0.038144318848921,4.251878425310209,2.380952380952381,0.0
2023-02-08,12.01611042022705,12.646006313679386,11.929559657422862,12.525797124700976,362514400,19.6299991607666,18.8799991607666,20.1200008392334,18.549999237060547,0.09848898930486594,9.47254213541539,8.333333333333332,0.0
2023-02-09,11.693951606750488,12.545033019445555,11.506425535762023,12.52579910594752,395196800,20.709999084472656,19.239999771118164,21.079999923706055,19.020000457763672,0.10571273842113071,15.285243578584353,17.063492063492063,0.0
2023-02-10,11.453531265258789,11.665099692552033,11.165029031154061,11.424681316985312,367863400,20.530000686645508,20.739999771118164,21.940000534057617,20.440000534057617,0.12002186427148898,14.316468559390247,15.079365079365079,0.0
2023-02-13,11.996877670288086,12.06900300171375,11.46795704462764,11.607399229767477,279739800,20.34000015258789,21.65999984741211,21.690000534057617,20.329999923706055,0.046834782970626154,13.293860729262125,13.690476190476192,0.0
2023-02-14,12.2565279006958,12.376737080871855,11.564122766087209,11.799733566300748,511474400,18.90999984741211,20.719999313354492,20.75,18.479999542236328,0.013397642124561626,5.597411261836366,4.365079365079365,0.0
2023-02-15,12.530608177185059,12.54984209159311,11.948796023194241,12.030538325181427,275527400,18.229999542236328,19.3700008392334,19.40999984741211,18.110000610351562,-0.07131939268384568,1.937560303989079,0.7936507936507936,0.0
2023-02-16,11.814159393310547,12.439247749936433,11.794926399250024,11.939177064635725,388993000,20.170000076293945,18.260000228881836,20.270000457763672,18.229999542236328,-0.026074313474189204,12.378897989800304,13.492063492063492,0.0
2023-02-17,11.559318542480469,11.65067688545559,11.203498459385422,11.554510063830694,389804800,20.020000457763672,20.940000534057617,21.299999237060547,19.81999969482422,-0.0248417053981681,11.571580341004783,13.095238095238097,0.0
2023-02-21,10.746703147888184,11.275623835156717,10.717853195382178,11.107330764145349,300937600,22.8700008392334,21.799999237060547,23.34000015258789,21.799999237060547,0.12438548021955698,26.91065673052315,38.88888888888889,0.0
2023-02-22,10.756319999694824,10.98712145174242,10.56879301742314,10.794786908369424,334677400,22.290000915527344,23.030000686645508,23.6299991607666,22.020000457763672,0.17874146458958307,23.7890209604065,32.73809523809524,0.0
2023-02-23,11.025588035583496,11.169838709582498,10.554368188921774,11.15060571437356,359540000,21.139999389648438,21.959999084472656,22.43000030517578,20.889999389648438,0.15962698411868037,17.599561699905482,22.023809523809522,0.0
2023-02-24,10.467817306518555,10.592834983981096,10.26586581479036,10.458200350454495,345563600,21.670000076293945,21.350000381469727,22.899999618530273,21.31999969482422,0.0743678727975301,20.45209500895725,27.380952380952383,0.0
2023-02-27,10.693811416625977,10.963079795395299,10.626494551214522,10.809212150384257,277508800,20.950000762939453,21.989999771118164,22.020000457763672,20.68000030517578,0.04645356063491657,16.576964135378226,20.634920634920633,0.0
2023-02-28,10.64091682434082,10.924610578887654,10.578408450666593,10.616875353802268,254631600,20.700000762939453,21.299999237060547,21.3700008392334,20.100000381469727,-0.09488412753231379,15.231431298852069,19.047619047619047,0.0
2023-03-01,10.381267547607422,10.679385877650837,10.275483771966774,10.607260534390237,308773800,20.579999923706055,20.389999389648438,21.31999969482422,20.219999313354492,-0.07671605749599109,14.585571020455134,18.253968253968253,0.0
2023-03-02,10.631301879882812,10.722660211024635,10.073531268484352,10.102381219522643,315874600,19.59000015258789,21.40999984741211,21.420000076293945,19.549999237060547,-0.07332068504313816,9.257262219683653,8.73015873015873,0.0
2023-03-03,11.280430793762207,11.314090139865336,10.761127090775364,10.818827909828748,303353200,18.489999771118164,19.760000228881836,19.760000228881836,18.15999984741211,-0.14674666792708346,3.3369156858483864,1.984126984126984,0.0
2023-03-06,11.32851505279541,11.770884957257206,11.299665100821915,11.424682782204972,303699800,18.610000610351562,19.049999237060547,19.190000534057617,18.489999771118164,-0.11169451395569163,3.982775964245323,3.1746031746031744,0.0
2023-03-07,10.905376434326172,11.434296984432699,10.828442636178664,11.328512324137463,352663000,19.59000015258789,18.639999389648438,19.739999771118164,18.510000228881836,-0.053623215914990086,9.257262219683653,9.722222222222223,0.0
2023-03-08,11.054437637329102,11.126562972047424,10.737085430869769,10.939036918355107,290985600,19.110000610351562,19.709999084472656,20.010000228881836,19.0,-0.07142853832867135,7.184239598347303,6.746031746031746,0.0
2023-03-09,10.472625732421875,11.400639977022463,10.381266484514883,11.11213863352401,393667400,22.610000610351562,19.329999923706055,23.139999389648438,18.8799991607666,0.15416030802657854,28.080568760543102,39.682539682539684,0.0
2023-03-10,10.039871215820312,10.655342603109903,9.914854464410302,10.491858030191157,629715200,24.799999237060547,23.34000015258789,28.969999313354492,21.790000915527344,0.34126552428620127,41.05449491925463,57.53968253968254,0.0
2023-03-13,10.25624942779541,10.650535477064746,9.67924487166443,9.842729465330759,659081400,26.520000457763672,24.049999237060547,30.809999465942383,23.850000381469727,0.42504027877421335,51.24407611722557,69.84126984126983,0.0
2023-03-14,10.953463554382324,11.015971940099451,10.539943578162362,10.63611131309093,434325800,23.729999542236328,26.850000381469727,27.239999771118164,22.270000457763672,0.2113322796019239,34.715633852773244,48.61111111111111,0.0
2023-03-15,11.112139701843262,11.165031130770469,10.49666821448687,10.660152813985858,549118800,26.139999389648438,23.209999084472656,29.90999984741211,23.190000534057617,0.3678701493860155,48.99288484348158,67.06349206349206,0.0
2023-03-16,11.992070198059082,12.035345583967601,10.924611901813511,11.00154571740123,456714200,22.989999771118164,26.190000534057617,27.489999771118164,22.969999313354492,0.016806685117585873,30.33174873482779,44.84126984126984,0.0
2023-03-17,11.814159393310547,12.266146217774901,11.588166439640053,11.987260925472079,403540600,25.510000228881836,22.920000076293945,26.139999389648438,22.579999923706055,0.02862907313159435,45.26066214153454,61.111111111111114,0.0
2023-03-20,11.939177513122559,11.982452897788551,11.487190671679636,11.746842979675591,328356000,24.149999618530273,27.770000457763672,28.90999984741211,24.0,-0.08936654593984317,37.203786087224366,53.57142857142857,0.0
2023-03-21,12.444056510925293,12.501757332919238,11.987262081727314,12.169979669981815,270290200,21.3799991607666,24.15999984741211,24.15999984741211,21.290000915527344,-0.09903078073335103,20.793829952855265,28.174603174603174,0.0
2023-03-22,11.936234474182129,13.038933003113234,11.921724943154606,12.434383047350119,475836200,22.260000228881836,21.799999237060547,22.3799991607666,19.940000534057617,-0.14843149393121635,26.007106681923947,36.904761904761905,0.0
2023-03-23,12.361836433410645,12.869658916716073,12.032961131263122,12.381182473522836,392994400,22.610000610351562,21.540000915527344,24.90999984741211,20.15999984741211,-0.016528889280111536,28.080568760543102,40.67460317460318,0.0
2023-03-24,12.48758316040039,12.497256180637489,12.013616238422323,12.303800388245419,338830200,21.739999771118164,22.110000610351562,25.209999084472656,21.600000381469727,-0.14778519889997355,22.926535096516027,31.746031746031743,0.0
2023-03-27,12.231253623962402,12.700383999099076,12.120015744883267,12.569801003530033,273591200,20.600000381469727,22.049999237060547,22.93000030517578,20.56999969482422,-0.14699790033688598,16.172983874202668,21.23015873015873,0.0
2023-03-28,12.02812671661377,12.158708810224757,11.747615564923041,12.158708810224757,236041400,19.969999313354492,20.530000686645508,21.399999618530273,19.90999984741211,-0.0659494809522505,12.440749872796337,15.079365079365079,0.0
2023-03-29,12.685874938964844,12.753585155358019,12.366672664083978,12.45856450760118,238730600,19.1200008392334,19.389999389648438,19.450000762939453,19.09000015258789,-0.14106016879435435,7.405213638311765,7.142857142857142,0.0
2023-03-30,13.029260635375977,13.101806444072869,12.811622286815295,12.97122343493646,260300000,19.020000457763672,19.1200008392334,20.079999923706055,18.850000381469727,-0.15877930365664283,6.812794287354968,5.555555555555555,0.0
2023-03-31,13.667665481567383,13.69668362109079,13.014751346235592,13.058279016755714,254044200,18.700000762939453,19.209999084472656,19.43000030517578,18.520000457763672,-0.13983436247397685,4.917061403860641,3.968253968253968,0.0
2023-04-03,13.570937156677246,13.599956218749396,13.217880203696307,13.387154375903751,250232600,18.549999237060547,19.790000915527344,19.829999923706055,18.540000915527344,-0.09951461681783336,4.0284267276958,2.7777777777777777,0.0
2023-04-04,13.435516357421875,13.749882098646628,13.261405703371912,13.619299108109155,232180800,19.0,18.790000915527344,20.030000686645508,18.579999923706055,-0.04857282657520312,6.69430815727175,6.349206349206349,0.0
2023-04-05,13.005078315734863,13.309772009145258,12.772931354783148,13.285589457502356,258274000,19.079999923706055,19.420000076293945,20.079999923706055,19.0,-0.0020920980006059464,7.168241378145332,7.341269841269842,0.0
2023-04-06,13.266243934631348,13.32911672204804,12.62783935022189,12.797112594216827,241920600,18.399999618530273,19.299999237060547,19.8799991607666,18.350000381469727,-0.0325973093749492,3.1398033509902454,1.984126984126984,0.0
2023-04-10,13.237223625183105,13.242059212101385,12.656855413186193,12.884165819608898,237057600,18.969999313354492,19.389999389648438,20.049999237060547,18.93000030517578,0.014438424566812547,6.516578962146924,6.349206349206349,0.0
2023-04-11,12.98089599609375,13.237225495053915,12.913186700035205,13.232388984982595,208521600,19.100000381469727,19.079999923706055,19.280000686645508,18.559999465942383,0.029649658600003903,7.286727508228549,8.73015873015873,0.0
2023-04-12,12.63751220703125,13.295262871665546,12.574639415838877,13.222717059529716,348038600,19.09000015258789,19.3799991607666,19.979999542236328,18.25,0.00473685013620484,7.227484443186941,8.73015873015873,0.0
2023-04-13,13.362972259521484,13.416172952583596,12.811622976768888,12.830969018780586,247523000,17.799999237060547,18.829999923706055,19.059999465942383,17.770000457763672,-0.06708599013436911,0.0,0.3968253968253968,0.0
2023-04-14,13.285589218139648,13.508064076895957,12.913187154248662,13.15984271927217,285332200,17.06999969482422,17.940000534057617,18.1200008392334,17.06999969482422,-0.07228260604780878,0.0,0.3968253968253968,0.0
2023-04-17,13.300097465515137,13.35813466034233,12.96638567081609,13.227551663833584,228617800,16.950000762939453,17.579999923706055,17.790000915527344,16.899999618530273,-0.10648384942180789,0.0,0.3968253968253968,0.0
2023-04-18,13.309770584106445,13.62897285185649,13.155005960042171,13.575772166408175,212829800,16.829999923706055,16.940000534057617,17.34000015258789,16.579999923706055,-0.11884818913228723,0.0,0.3968253968253968,0.0
2023-04-19,13.280753135681152,13.416172659393478,12.980896870813192,12.995406402004882,191850600,16.459999084472656,17.299999237060547,17.719999313354492,16.170000076293945,-0.13776852001537065,0.0,0.3968253968253968,0.0
2023-04-20,12.971222877502441,13.338789337903318,12.801948716170857,12.898677071923181,273695200,17.170000076293945,16.850000381469727,17.690000534057617,16.329999923706055,-0.03539321279603824,3.8819079074978715,1.984126984126984,0.0
2023-04-21,12.995406150817871,13.101806610090213,12.695548969275787,12.913187320594236,228888000,16.770000457763672,17.510000228881836,17.709999084472656,16.579999923706055,-0.017574648062325893,1.6949226778214053,0.7936507936507936,0.0
2023-04-24,12.918022155761719,13.140497004421455,12.642347541800493,12.966386333511224,215290800,16.889999389648438,18.219999313354492,18.239999771118164,16.739999771118164,-0.0035399038696332097,2.351013032540263,1.5873015873015872,0.0
2023-04-25,12.187728881835938,12.79227890727482,12.173219349136156,12.710060066916327,276576000,18.760000228881836,17.6200008392334,19.860000610351562,17.329999923706055,0.11467619215239933,12.57518332028397,8.73015873015873,0.0
2023-04-26,12.39085578918457,12.763257845528898,12.337655100076814,12.58431158257188,249724600,18.84000015258789,18.65999984741211,19.610000610351562,17.8700008392334,0.14459302554642184,13.012580366219261,9.523809523809524,0.0
2023-04-27,13.39199161529541,13.459700918876402,12.763259073221638,12.84547790862859,255631200,17.030000686645508,18.43000030517578,18.43000030517578,16.719999313354492,-0.008153720968337663,3.1164656842031495,2.380952380952381,0.0
2023-04-28,13.66282844543457,13.6773379758729,13.217879659162326,13.36780778381178,261072200,15.779999732971191,17.209999084472656,17.649999618530273,15.720000267028809,-0.0590340308747076,0.0,0.3968253968253968,0.0
2023-05-01,13.624137878417969,13.798248561359422,13.479046257613444,13.609628347349505,178002600,16.079999923706055,16.40999984741211,16.6200008392334,15.529999732971191,-0.047957341338852655,1.5814453690666765,0.7936507936507936,0.0
2023-05-02,13.261407852172852,13.64831945445469,13.038932989008275,13.609628294226505,249312000,17.780000686645508,16.270000457763672,19.809999465942383,16.260000228881836,-0.052238780931760154,10.54296745135243,4.365079365079365,0.0
2023-05-03,13.00024127960205,13.638646780103523,12.976059651407216,13.300098450555923,340267600,18.34000015258789,17.81999969482422,18.829999923706055,17.190000534057617,-0.026539277916689308,13.494994114819066,6.349206349206349,0.0
2023-05-04,12.85515022277832,13.096970205089779,12.710058602379455,12.951878584690913,242621600,20.09000015258789,19.170000076293945,21.329999923706055,18.670000076293945,0.1796828739027565,22.720086235885734,24.206349206349206,0.0
2023-05-05,13.64348316192627,13.764393154878343,13.07278877006732,13.116316441327669,195603200,17.190000534057617,19.5,19.6299991607666,16.690000534057617,0.08935366444527437,7.432792731885756,4.365079365079365,0.0
2023-05-08,13.754720687866211,13.803084868244794,13.454863507495007,13.590283028061037,151477000,16.979999542236328,17.729999542236328,17.8799991607666,16.829999923706055,0.0559701257960481,6.3257764489904655,3.1746031746031744,0.0
2023-05-09,13.48871898651123,13.64832014584626,13.450027824323044,13.537083169863982,129681400,17.709999084472656,17.290000915527344,17.860000610351562,17.219999313354492,-0.00393709783292806,10.173955320685678,5.158730158730158,0.0
2023-05-10,13.923995018005371,14.035231988425712,13.479046213853975,13.793412006223216,303102000,16.940000534057617,17.579999923706055,18.309999465942383,16.360000610351562,-0.07633585642760887,6.359653262018296,2.7777777777777777,0.0
2023-05-11,14.040067672729492,14.117449988683958,13.778901664530686,13.982030474528656,194683000,16.93000030517578,16.799999237060547,18.190000534057617,16.6299991607666,-0.15729217637686554,6.3048274479587425,2.7777777777777777,0.0
2023-05-12,13.894975662231445,14.170650288519496,13.624137546181608,14.112614010600963,210763400,17.030000686645508,16.829999923706055,17.920000076293945,16.3799991607666,-0.009307727890706552,6.853075131599469,4.563492063492063,0.0
2023-05-15,14.10777759552002,14.146468755216683,13.749884137708374,13.953012956733364,172935200,17.1200008392334,17.440000534057617,18.15999984741211,17.079999923706055,0.008245070716805802,7.3464970011806425,5.555555555555555,0.0
2023-05-16,14.160977363586426,14.383451286732841,14.00621181241115,14.01588483232272,159327000,17.989999771118164,17.540000915527344,18.299999237060547,17.260000228881836,0.015810316268790814,12.116227797858906,8.333333333333332,0.0
2023-05-17,14.66879940032959,14.741345207117632,14.136795279767304,14.29155991357379,202209200,16.8700008392334,17.959999084472656,18.260000228881836,16.68000030517578,-0.004132213259585571,5.975883020556229,2.380952380952381,0.0
2023-05-18,15.457132339477539,15.49582442099933,14.702654276732513,14.702654276732513,271867600,16.049999237060547,16.920000076293945,17.149999618530273,16.049999237060547,-0.05197879812478223,1.4802603802661158,0.7936507936507936,0.0
2023-05-19,15.35073184967041,15.592552746311275,15.210476744335704,15.490986955005118,198058400,16.809999465942383,16.1299991607666,17.360000610351562,15.850000381469727,-0.012918450489297073,5.646928136198909,2.380952380952381,0.0
2023-05-22,15.510332107543945,15.650588127317056,15.31687632377926,15.32171283368212,166624800,17.209999084472656,17.450000762939453,18.1299991607666,16.81999969482422,0.005256906590390464,7.839908413807008,7.936507936507936,0.0
2023-05-23,14.910619735717773,15.428114338583155,14.862255555853624,15.263676680527052,212630000,18.530000686645508,17.350000381469727,19.309999465942383,17.299999237060547,0.030016727203870275,15.076759015345948,13.095238095238097,0.0
2023-05-24,14.66879940032959,14.847746584712079,14.397961291168237,14.639781262108368,235945000,20.030000686645508,18.799999237060547,20.809999465942383,18.799999237060547,0.18731474156557937,23.300442899092424,28.968253968253972,0.0
2023-05-25,15.727971076965332,15.89724431806224,15.321713453392798,15.65058876032961,261747000,19.139999389648438,19.540000915527344,19.950000762939453,18.700000762939453,0.19252338314464645,18.421050017340246,21.428571428571427,0.0
2023-05-26,16.917724609375,17.048307612480407,15.85855382188438,15.86822684192255,252784400,17.950000762939453,19.06999969482422,19.559999465942383,17.270000457763672,0.06781685503957036,11.896934998575501,9.920634920634921,0.0
2023-05-30,17.154706954956055,17.73507332894763,16.94674166113118,17.560964523713984,270612800,17.459999084472656,17.559999465942383,18.34000015258789,16.979999542236328,0.01452643889014249,9.210522394431422,8.333333333333332,0.0
2023-05-31,16.806488037109375,17.212745663458684,16.637214794855485,16.912889415063233,210289000,17.940000534057617,18.040000915527344,18.399999618530273,17.1200008392334,-0.031840266094167013,11.842109184515948,10.317460317460316,0.0
2023-06-01,17.41587257385254,17.61900229806334,16.642049445763455,16.801651503710506,216759200,15.649999618530273,17.239999771118164,17.59000015258789,15.579999923706055,-0.2186720378414908,0.0,0.3968253968253968,0.0
2023-06-02,17.807619094848633,17.98656532241829,17.415870152930573,17.681873545866075,216505600,14.600000381469727,15.649999618530273,15.649999618530273,14.420000076293945,-0.23719953777188185,0.0,0.3968253968253968,0.0
2023-06-05,17.846317291259766,18.233228934267025,17.68187961236415,17.778606139410783,206261800,14.729999542236328,15.279999732971191,15.289999961853027,14.65999984741211,-0.17938724701066944,0.6694086521930139,0.7936507936507936,0.0
2023-06-06,17.826969146728516,17.972060765137726,17.536784064970067,17.74474939450128,159509000,13.960000038146973,14.90999984741211,14.970000267028809,13.949999809265137,-0.20045814603955314,0.0,0.3968253968253968,0.0
2023-06-07,16.917724609375,18.16551652020005,16.816160666384103,17.865658433836558,228485400,13.9399995803833,14.140000343322754,14.289999961853027,13.770000457763672,-0.22296548687836681,0.0,0.3968253968253968,0.0
2023-06-08,17.498092651367188,17.594821005450648,16.903215764422786,16.93707041161101,188153800,13.649999618530273,14.140000343322754,14.210000038146973,13.529999732971191,-0.12779553027157353,0.0,0.3968253968253968,0.0
2023-06-09,17.710891723632812,18.19453159911659,17.507763861500685,17.739910780340136,207944000,13.829999923706055,13.779999732971191,14.140000343322754,13.5,-0.05273975600308567,0.8836538918009949,0.7936507936507936,0.0
2023-06-12,18.615304946899414,18.624976123630063,17.8172981859834,17.967227254471812,154857400,15.010000228881836,14.4399995803833,15.020000457763672,14.319999694824219,0.019008872732320325,6.676487748258456,2.7777777777777777,0.0
2023-06-13,19.031230926513672,19.166651364454218,18.53308237802726,19.04090394671942,266534200,14.609999656677246,14.989999771118164,15.0600004196167,14.470000267028809,0.04656157713138187,4.712812953340562,2.380952380952381,0.0
2023-06-14,19.437484741210938,19.490685419446628,18.581441992633838,19.03122719688519,305313000,13.880000114440918,14.479999542236328,14.729999542236328,13.829999923706055,-0.004304122507063468,1.151153549668147,1.1904761904761905,0.0
2023-06-15,20.11941909790039,20.35640346062533,19.108611633309973,19.2198504338342,255874000,14.5,14.09000015258789,14.520000457763672,13.789999961853027,0.062271091957821545,4.254255854858226,2.380952380952381,0.0
2023-06-16,19.732507705688477,20.525676852715492,19.659962827083703,20.511168245982503,224810400,13.539999961853027,14.489999771118164,14.539999961853027,13.479999542236328,-0.020968905528042536,0.0,0.3968253968253968,0.0
2023-06-20,19.63578224182129,19.867931053307057,19.152142266949433,19.485855030372672,168249800,13.880000114440918,14.359999656677246,14.670000076293945,13.859999656677246,-0.07528315104663375,1.6923849371113773,1.7857142857142856,0.0
2023-06-21,18.84883689880371,19.513520536782206,18.679028291013594,19.445597093666162,199266600,13.199999809265137,13.880000114440918,13.890000343322754,13.100000381469727,-0.09650923207022077,0.0,0.3968253968253968,0.0
2023-06-22,19.47470474243164,19.49896284890665,18.552883740956972,18.615954447637023,210199200,12.90999984741211,13.880000114440918,13.979999542236328,12.729999542236328,-0.06988474488696927,0.0,0.3968253968253968,0.0
2023-06-23,18.89735221862793,19.26608022084261,18.62080575427323,18.839132397388717,225152400,13.4399995803833,13.239999771118164,13.800000190734863,12.880000114440918,-0.07310347721494481,2.557913618468436,1.1904761904761905,0.0
2023-06-26,18.150192260742188,19.246674597339148,18.116230541297252,18.8051703937801,216900000,14.25,14.430000305175781,14.710000038146973,13.779999732971191,0.05243722600792422,6.467181822600386,4.365079365079365,0.0
2023-06-27,19.047758102416992,19.164199623330205,18.242376622657414,18.36366902533672,195354000,13.739999771118164,14.109999656677246,14.34000015258789,13.59000015258789,-0.010086479983317576,4.005790901579343,2.380952380952381,0.0
2023-06-28,19.16419792175293,19.474706148918088,18.742100916123732,18.761506292240288,217352600,13.430000305175781,13.899999618530273,13.960000038146973,13.359999656677246,0.017424280245004642,2.50965457108224,1.1904761904761905,0.0
2023-06-29,19.033203125,19.193309980859723,18.761507483590385,19.096275691015208,198266400,13.539999961853027,13.640000343322754,13.850000381469727,13.40999984741211,0.0487993897666239,3.0405409137304056,2.1825396825396823,0.0
2023-06-30,19.891952514648438,20.06176112507322,19.54748256162956,19.60085151084165,184308800,13.59000015258789,13.510000228881836,13.59000015258789,12.960000038146973,0.01116075720891585,3.28185456136139,2.7777777777777777,0.0
2023-07-03,20.027801513671875,20.129688541439428,19.81432754510104,19.988988906102286,79868000,13.569999694824219,13.850000381469727,13.850000381469727,13.470000267028809,-0.04771931966145837,3.185327261238996,2.7777777777777777,0.0
2023-07-05,20.01324462890625,20.299494747326456,19.75125261866911,19.756105350770735,139007400,14.180000305175781,14.1899995803833,14.739999771118164,14.050000190734863,0.032023329067480066,6.129345477522008,6.349206349206349,0.0
2023-07-06,19.542627334594727,19.61055077009335,19.062310554554582,19.392225970497726,170473400,15.4399995803833,14.850000381469727,17.079999923706055,14.789999961853027,0.14966487189377697,12.210422702307817,9.126984126984127,0.0
2023-07-07,19.343708038330078,20.018093367829394,19.300042707963765,19.4989621350159,168624800,14.829999923706055,15.970000267028809,16.059999465942383,14.329999923706055,0.09527326185283713,9.266409088699806,8.73015873015873,0.0
2023-07-10,19.358264923095703,19.460150079871763,18.887649888308843,19.290339634470122,172013600,15.069999694824219,16.079999923706055,16.209999084472656,15.039999961853027,0.10890357068572198,10.424709074118532,9.523809523809524,0.0
2023-07-11,19.634809494018555,19.70758380572487,19.06716023868091,19.41648285735023,162478600,14.84000015258789,15.020000457763672,15.25,14.630000114440918,0.0935888346591538,9.314672738761004,9.126984126984127,0.0
2023-07-12,20.362565994262695,20.59059441738806,19.964727123271743,20.29464255542642,230335400,13.539999961853027,14.819999694824219,14.819999694824219,13.510000228881836,-0.045134014777781784,3.0405409137304056,2.380952380952381,0.0
2023-07-13,21.376571655273438,21.52212215431268,20.779813313670044,20.871994864547396,164773200,13.609999656677246,13.4399995803833,13.609999656677246,13.119999885559082,-0.11852331434199592,3.3783772588087833,3.968253968253968,0.0
2023-07-14,21.357160568237305,22.007287740492586,21.211610095506202,21.454194833649595,186056400,13.34000015258789,13.720000267028809,13.760000228881836,13.220000267028809,-0.10047200126659273,2.0752909258814674,1.1904761904761905,0.0
2023-07-17,21.94906997680664,22.109174956570246,21.400827899049755,21.483305829369677,145525200,13.479999542236328,13.779999732971191,14.0,13.430000305175781,-0.10550764331693885,2.7509636160382236,2.380952380952381,0.0
2023-07-18,22.473054885864258,22.72534329054884,21.497864840572483,21.842334799540343,196113200,13.300000190734863,13.609999656677246,13.670000076293945,13.289999961853027,-0.10377358126808867,1.8822409283116799,1.1904761904761905,0.0
2023-07-19,22.473054885864258,22.870893794965887,22.23047009491082,22.671974340415073,200573800,13.760000228881836,13.319999694824219,13.84000015258789,13.119999885559082,0.01624817338616147,4.102318201701738,6.349206349206349,0.0
2023-07-20,20.89625358581543,22.172250094747508,20.71188862787532,21.91025807832342,233862800,13.989999771118164,13.960000038146973,14.229999542236328,13.579999923706055,0.027920655696305197,5.212354537059266,8.73015873015873,0.0
2023-07-21,20.711889266967773,21.43479277516073,20.62455859213171,21.289242267358997,205108600,13.600000381469727,13.869999885559082,13.890000343322754,13.369999885559082,0.019490271807185655,3.3301182114225876,5.158730158730158,0.0
2023-07-24,20.79436683654785,21.012693500291046,20.47415501331614,20.85258666328773,126429200,13.90999984741211,14.289999961853027,14.300000190734863,13.729999542236328,0.03189913351469187,4.826254541919691,8.333333333333332,0.0
2023-07-25,21.211612701416016,21.48330645701921,20.901104494569562,20.901104494569562,138199200,13.859999656677246,14.020000457763672,14.09000015258789,13.819999694824219,0.04210522239935699,4.584940894288706,7.5396825396825395,0.0
2023-07-26,20.993289947509766,21.27468736829919,20.590598269396583,21.01754805866442,205764600,13.1899995803833,13.859999656677246,14.15999984741211,13.149999618530273,-0.04142446504485664,1.3513499829885132,0.7936507936507936,0.0
2023-07-27,20.813772201538086,22.167393694176,20.595445557314306,21.885996347779052,261103200,14.40999984741211,13.140000343322754,15.020000457763672,12.739999771118164,0.030021449833117275,7.239381812879536,11.507936507936508,0.0
2023-07-28,21.939367294311523,22.11887950673947,21.410532419191423,21.49301035300767,204487600,13.329999923706055,14.029999732971191,14.180000305175781,13.270000457763672,-0.01985297427870314,2.0270272758202705,1.984126984126984,0.0
2023-07-31,21.983028411865234,22.1770950811011,21.745294567391177,21.992732022943212,159009200,13.630000114440918,13.979999542236328,14.09000015258789,13.569999694824219,-0.020129384330890843,3.474904558931178,6.746031746031746,0.0
2023-08-01,21.813222885131836,21.944218887894667,21.449345716604512,21.730744948637636,153056600,13.930000305175781,13.75,14.300000190734863,13.75,0.005050551964827177,4.9227818420420855,10.317460317460316,0.0
2023-08-02,20.386825561523438,21.201910587506504,20.14909165778878,21.197057855370574,258044000,16.09000015258789,15.699999809265137,16.479999542236328,14.949999809265137,0.21986358335580136,15.347490916160616,18.253968253968253,0.0
2023-08-03,20.241273880004883,20.600298304571407,19.916209324533916,19.945320163326443,201340200,15.920000076293945,16.770000457763672,17.420000076293945,15.720000267028809,0.10478835842271139,14.52702727582027,17.46031746031746,0.0
2023-08-04,19.95987892150879,20.944772709712673,19.87740097013866,20.566340978437353,247452800,17.100000381469727,16.010000228881836,17.389999389648438,14.569999694824219,0.2828207411358725,20.222009108141506,24.206349206349206,0.0
2023-08-07,20.454748153686523,20.474155379872247,19.86284071044671,20.246125099127408,149792200,15.770000457763672,16.899999618530273,17.360000610351562,15.770000457763672,0.15700662695192746,13.803090935602317,17.063492063492063,0.0
2023-08-08,19.93076515197754,20.032650308944373,19.406781171962606,20.032650308944373,188780000,15.989999771118164,16.280000686645508,18.139999389648438,15.960000038146973,0.14788222690684205,14.86486362089865,18.253968253968253,0.0
2023-08-09,19.266082763671875,19.99383710292614,19.139939492542133,19.969578995105994,199430600,15.960000038146973,15.8100004196167,16.8700008392334,15.380000114440918,-0.008079559553018978,14.720077273390059,18.253968253968253,0.0
2023-08-10,19.353416442871094,20.25583226004129,19.101128010593115,19.726997283891837,260554200,15.850000381469727,15.579999923706055,16.860000610351562,14.600000381469727,-0.004396965734218439,14.189190930741894,17.857142857142858,0.0
2023-08-11,18.965280532836914,19.246677950226772,18.727546604532783,18.93616968933787,201573800,14.84000015258789,15.529999732971191,16.510000228881836,14.84000015258789,-0.13216375312662954,9.314672738761004,15.277777777777779,0.0
2023-08-14,19.595996856689453,19.620254962831602,18.727542961066597,18.839133580715227,142553600,14.819999694824219,15.880000114440918,16.059999465942383,14.770000457763672,-0.060241010485942104,9.21814543863861,14.682539682539684,0.0
2023-08-15,18.994386672973633,19.57173771192766,18.863390685827806,19.440741724781837,162553600,16.459999084472656,14.949999809265137,16.56999969482422,14.90999984741211,0.029393328335340252,17.133199941674903,21.626984126984127,0.0
2023-08-16,18.363666534423828,19.125382571865984,18.349112040324595,18.882797799412433,190222000,16.780000686645508,16.540000915527344,16.93000030517578,15.800000190734863,0.051378486625225595,18.677609127583207,22.61904761904762,0.0
2023-08-17,17.742650985717773,18.61110495819106,17.674727542199197,18.557736009490743,210232800,17.889999389648438,16.959999084472656,18.1299991607666,16.399999618530273,0.12870655893255867,24.03474540947606,31.349206349206348,0.0
2023-08-18,17.660175323486328,17.859094798331753,17.160449344611028,17.23807641160497,247002000,17.299999237060547,17.799999237060547,18.8799991607666,17.139999389648438,0.16576813067240215,21.187254493315443,29.365079365079367,0.0
2023-08-21,18.514070510864258,18.620808407322873,17.810574272048402,17.888201328352395,191487200,17.1299991607666,18.030000686645508,18.110000610351562,16.8799991607666,0.15587041251756117,20.366790852975093,28.174603174603174,0.0
2023-08-22,18.431591033935547,18.911907826335494,18.324853146391177,18.907056945435684,180368000,16.969999313354492,16.959999084472656,17.579999923706055,16.610000610351562,0.030984219759947473,19.594590862695945,25.793650793650798,0.0
2023-08-23,19.300046920776367,19.465004665858867,18.57229248966685,18.60625421505661,175454000,15.979999542236328,16.639999389648438,17.100000381469727,15.90999984741211,-0.047675870779067764,14.816599970837451,19.841269841269842,0.0
2023-08-24,18.028902053833008,19.84828803282897,17.999791211890027,19.833733537245045,232397200,17.200000762939453,15.569999694824219,17.31999969482422,15.479999542236328,-0.038568957532118975,20.704636403403477,30.158730158730158,0.0
2023-08-25,18.455848693847656,18.708137062360827,17.635911033486153,18.159894995192307,278289400,15.680000305175781,17.209999084472656,17.360000610351562,15.449999809265137,-0.09364156088598885,13.368727290401544,17.857142857142858,0.0
2023-08-28,18.868240356445312,19.00408721554017,18.475254270985285,18.89735119086906,182641000,15.079999923706055,16.239999771118164,16.280000686645508,15.0,-0.11967304947426538,10.47297272417973,17.063492063492063,0.0
2023-08-29,20.07146453857422,20.14424071418804,18.77120994641745,18.82457889509758,187495600,14.449999809265137,15.079999923706055,15.300000190734863,14.34000015258789,-0.14849732504739988,7.432431810449325,13.095238095238097,0.0
2023-08-30,20.40622901916504,20.512965046364236,19.930763150296794,20.100571728187347,185958200,13.880000114440918,14.529999732971191,14.699999809265137,13.829999923706055,-0.13141423579174427,4.681468194411101,9.523809523809524,0.0
2023-08-31,20.590591430664062,20.852583385979784,20.386821143712698,20.39652475510676,162242800,13.569999694824219,13.979999542236328,14.0,13.4399995803833,-0.21104656436624902,3.185327261238996,5.357142857142857,0.0
2023-09-01,20.517822265625,21.03695357532936,20.255830244622306,20.96417739701469,165058400,13.09000015258789,13.5600004196167,13.5600004196167,13.020000457763672,-0.16517857794511415,0.8687272904015447,0.7936507936507936,0.0
2023-09-05,20.57118797302246,20.774958278936857,20.21216172112949,20.36256493557212,123778600,14.010000228881836,14.149999618530273,14.470000267028809,13.699999809265137,-0.07095488728366361,5.30888183718166,13.095238095238097,0.0
2023-09-06,20.027801513671875,20.493565759933613,19.688184257030827,20.445047687002578,148058200,14.449999809265137,14.270000457763672,15.300000190734863,14.130000114440918,0.0,7.432431810449325,14.880952380952381,0.0
2023-09-07,19.591150283813477,19.697886344464877,19.10598065118355,19.28064201505437,168623000,14.399999618530273,14.8100004196167,15.6899995803833,14.399999618530273,0.03746394090792138,7.19111816281834,14.285714285714285,0.0
2023-09-08,19.649364471435547,20.008390710686612,19.489257650333457,19.5571829340213,149541600,13.84000015258789,14.220000267028809,14.869999885559082,13.579999923706055,0.01989686542636049,4.488418196841313,9.523809523809524,0.0
2023-09-11,20.31890106201172,20.420786222271698,19.814324291045732,20.129685235593207,141712800,13.800000190734863,14.170000076293945,14.329999923706055,13.739999771118164,0.054239880051231815,4.295368199271525,9.126984126984127,0.0
2023-09-12,19.668773651123047,20.284939190749586,19.600850211455935,20.05690891406006,155524200,14.229999542236328,14.020000457763672,14.420000076293945,13.710000038146973,0.015703019968619225,6.370654522477992,14.682539682539684,0.0
2023-09-13,19.86284065246582,20.129685384803164,19.498963491033027,19.688181169629036,170849400,13.479999542236328,14.420000076293945,14.680000305175781,13.40999984741211,-0.06712804704722963,2.7509636160382236,4.166666666666666,0.0
2023-09-14,20.328603744506836,20.493561456280716,19.79491615899141,20.134535195087615,152379800,12.819999694824219,13.390000343322754,13.460000038146973,12.789999961853027,-0.10972221983067776,0.0,0.3968253968253968,0.0
2023-09-15,19.285491943359375,20.17820409728425,19.13023781665724,20.110280648198962,179839600,13.789999961853027,12.699999809265137,14.170000076293945,12.680000305175781,-0.0036127305045956515,4.661221542607746,9.920634920634921,0.0
2023-09-18,19.32915687561035,19.513521841232013,19.08172119475047,19.130237414283737,124798200,14.0,14.399999618530273,14.75,13.859999656677246,0.014492739601511984,5.67035188517707,15.079365079365079,0.0
2023-09-19,19.212711334228516,19.324301947181606,18.727541837396736,19.120529796109388,148741400,14.109999656677246,14.109999656677246,14.880000114440918,13.859999656677246,-0.008432880493278172,6.198942223563242,15.873015873015872,0.0
2023-09-20,18.379663467407227,19.42645299058779,18.355319913743653,19.363158265227224,196038400,15.140000343322754,14.180000305175781,15.149999618530273,13.569999694824219,0.12314546420311179,11.148488685234703,23.41269841269841,0.0
2023-09-21,17.332874298095703,17.907391091297093,17.318268537058184,17.795409256323143,216821200,17.540000915527344,15.489999771118164,17.540000915527344,15.100000381469727,0.36817483097200987,22.68140754070828,38.88888888888889,0.0
2023-09-22,17.347484588623047,17.90739384974086,17.293927646843425,17.590923882316293,188181200,17.200000762939453,17.309999465942383,17.40999984741211,15.930000305175781,0.24728069691946608,21.047577025808508,37.5,0.0
2023-09-25,17.576316833496094,17.59579242337576,17.045619081689324,17.191684148492335,162538400,16.899999618530273,17.25,18.40999984741211,16.790000915527344,0.20714282989501953,19.60595701325905,32.142857142857146,0.0
2023-09-26,16.792442321777344,17.27445105523623,16.636639474143365,17.19168259168454,210679400,18.940000534057617,18.030000686645508,19.5,17.170000076293945,0.34231048865367475,29.408940102657695,50.39682539682539,0.0
2023-09-27,16.894683837890625,17.172204426363763,16.373724006385327,16.948240768524744,256871600,18.219999313354492,18.290000915527344,19.709999084472656,18.030000686645508,0.20343453766103248,25.949059404969592,43.25396825396825,0.0
2023-09-28,17.303665161132812,17.610397328965007,16.617166438331488,16.74375405179161,268145800,17.34000015258789,18.219999313354492,18.770000457763672,17.059999465942383,-0.011402551453825849,21.720327532341976,39.285714285714285,0.0
2023-09-29,17.342613220214844,18.014506131092578,17.152730885189328,17.810018034078716,286858200,17.520000457763672,16.8700008392334,17.739999771118164,15.829999923706055,0.018604632594767967,22.585297706764003,40.07936507936508,0.0
2023-10-02,17.7564640045166,17.96582196133648,17.274453349739666,17.36695961963665,236463200,17.610000610351562,17.309999465942383,18.549999237060547,16.93000030517578,0.042011893955476554,23.017782793975012,40.87301587301587,0.0
2023-10-03,16.816787719726562,17.717512409838733,16.573348413502245,17.386434804790103,266539000,19.780000686645508,17.809999465942383,20.479999542236328,17.520000457763672,0.04435058758722921,33.44546147293499,59.523809523809526,0.0
2023-10-04,17.498414993286133,17.62013463478524,16.865473228949625,16.933635931022035,252759200,18.579999923706055,20.719999313354492,20.8799991607666,18.299999237060547,0.01975854137863209,27.678999753813642,48.41269841269841,0.0
2023-10-05,17.313405990600586,17.527631934507358,16.79731393723622,17.474074984206986,218006200,18.489999771118164,18.670000076293945,19.579999923706055,18.260000228881836,0.06632062332240762,27.24651466660263,47.023809523809526,0.0
2023-10-06,18.184913635253906,18.35045242142194,16.753491324714545,16.870342997366116,294897400,17.450000762939453,18.729999542236328,19.93000030517578,17.190000534057617,-0.003995416266852847,22.248922453497265,39.682539682539684,0.0
2023-10-09,18.45269775390625,18.545204009609805,17.59579046740088,17.82462397981327,210966000,17.700000762939453,19.540000915527344,19.600000381469727,17.559999465942383,0.005110741026038701,23.45026788118603,41.66666666666667,0.0
2023-10-10,18.754560470581055,19.168406462101355,18.428350902348782,18.506251389833572,216109600,17.030000686645508,17.700000762939453,17.860000610351562,16.510000228881836,-0.13902931772174643,20.23066176835862,34.92063492063492,0.0
2023-10-11,19.1538028717041,19.18788422276008,18.69613768802789,18.959050702274805,191710800,16.09000015258789,16.950000762939453,17.780000686645508,16.09000015258789,-0.13401505819928428,15.713600393898172,28.76984126984127,0.0
2023-10-12,18.929840087890625,19.499487146347697,18.559811319627645,19.21709853011014,236509200,16.690000534057617,16.079999923706055,18.079999923706055,15.4399995803833,-0.0973498788178565,18.65060645413686,30.158730158730158,0.0
2023-10-13,18.214128494262695,19.124590963346062,17.999902577212044,19.03208469724806,259511000,19.31999969482422,16.530000686645508,20.780000686645508,16.5,0.10716325788685888,33.854165321423004,59.92063492063492,0.0
2023-10-16,18.827592849731445,18.988263664548114,18.38940326415691,18.413746820473115,173152200,17.209999084472656,19.100000381469727,19.56999969482422,17.139999389648438,-0.02768370945456511,22.864579245862195,39.88095238095239,0.0
2023-10-17,18.647451400756836,18.900628514534333,17.94147700659001,18.26768665873789,210387000,17.8799991607666,17.40999984741211,18.540000915527344,16.969999313354492,0.04991182852902876,27.27762347048386,45.23809523809524,0.0
2023-10-18,17.858707427978516,18.58902533744123,17.688300658688345,18.24334197271289,263165200,19.219999313354492,18.360000610351562,20.149999618530273,17.8799991607666,0.19453071044646175,35.6744672687183,60.71428571428571,0.0
2023-10-19,17.381563186645508,18.262812101492337,17.254973733901178,18.087537397936845,370050400,21.399999618530273,19.729999542236328,21.399999618530273,18.549999237060547,0.28220484923660916,47.8260851075095,76.5873015873016,0.0
2023-10-20,16.597688674926758,17.381563382390752,16.563607327410423,17.293925100978992,277722800,21.709999084472656,21.59000015258789,21.829999923706055,20.420000076293945,0.1237059745031317,51.80652371036666,78.96825396825396,0.0
2023-10-23,16.743751525878906,17.240367824924796,16.096204078625863,16.393198407189075,263599000,20.3700008392334,21.829999923706055,23.079999923706055,19.479999542236328,0.18361428953309966,44.33353399879601,69.44444444444444,0.0
2023-10-24,17.216028213500977,17.32801007266061,16.74862518641002,16.992064495181708,245074600,18.969999313354492,20.030000686645508,20.239999771118164,18.649999618530273,0.06096198007545972,36.11273852356886,56.15079365079365,0.0
2023-10-25,15.955008506774902,16.8849463580934,15.862502261334823,16.86060280479802,328363200,20.190000534057617,19.389999389648438,21.239999771118164,18.860000610351562,0.05046832754198616,47.12276935324781,68.65079365079364,0.0
2023-10-26,15.025073051452637,15.891716316568482,14.835189776609905,15.765128704869568,374047400,20.68000030517578,21.780000686645508,21.959999084472656,20.219999313354492,-0.03364482832658766,53.94647065877231,73.4126984126984,0.0
2023-10-27,15.239298820495605,15.692096037721889,15.068892064461775,15.37562515396984,294702200,21.270000457763672,20.389999389648438,22.06999969482422,19.719999313354492,-0.02026709559023787,57.99588840033534,77.38095238095238,0.0
2023-10-30,15.731047630310059,15.916060153950697,15.375625560191876,15.555771043876282,264305600,19.75,21.1299991607666,21.15999984741211,19.549999237060547,-0.030436956980347984,50.58394101643021,64.28571428571429,0.0
2023-10-31,15.959878921508789,16.013435861346498,15.385362989287646,15.73591522518232,222923600,18.139999389648438,19.860000610351562,19.860000610351562,17.969999313354492,-0.043753292237694086,38.83211239823878,47.22222222222222,0.0
2023-11-01,16.78270721435547,16.860607721995898,16.05238925874097,16.066995023518984,332635600,16.8700008392334,18.020000457763672,18.420000076293945,16.6299991607666,-0.16443782105026983,29.562050502690752,32.34126984126984,0.0
2023-11-02,17.673688888549805,17.71264005941185,17.235499360116105,17.41077405711315,234134000,15.65999984741211,16.59000015258789,16.6200008392334,15.579999923706055,-0.24274663364039062,20.729926966650357,24.6031746031746,0.0
2023-11-03,18.29689598083496,18.491646277733953,17.834361007596797,17.868442355986478,228661200,14.90999984741211,15.699999809265137,15.829999923706055,14.90999984741211,-0.29901271619531755,15.255474716772666,22.22222222222222,0.0
2023-11-06,18.506254196166992,18.60363028461286,18.17030864118788,18.408879965015533,183599600,14.890000343322754,15.390000343322754,15.579999923706055,14.84000015258789,-0.24607593198365807,15.109492943228119,22.22222222222222,0.0
2023-11-07,19.02721405029297,19.16840741398093,18.48677857896369,18.671791085118734,204502200,14.8100004196167,15.100000381469727,15.170000076293945,14.710000038146973,-0.18357216549477928,14.525551926797913,20.634920634920633,0.0
2023-11-08,19.061296463012695,19.197621866165782,18.710743303711247,19.085640019676557,187960200,14.449999809265137,14.90999984741211,15.09000015258789,14.300000190734863,-0.14344996500179374,11.897810391735975,18.650793650793652,0.0
2023-11-09,18.608503341674805,19.33395151910774,18.53060282885057,19.153806931444453,258365200,15.289999961853027,14.609999656677246,15.569999694824219,14.130000114440918,-0.02362706827358152,18.029198025379152,25.396825396825395,0.0
2023-11-10,19.850038528442383,19.879251909806456,18.783775182126156,18.86654364338298,248927600,14.170000076293945,15.09000015258789,15.449999809265137,14.15999984741211,-0.049631105210682036,9.854016834230253,16.26984126984127,0.0
2023-11-13,19.669897079467773,19.830566058997913,19.353425232125264,19.59686454322118,180430400,14.760000228881836,15.15999984741211,15.1899995803833,14.579999923706055,-0.00873069922387304,14.16058705124753,21.428571428571427,0.0
2023-11-14,20.906564712524414,21.072103497332982,20.59009476267772,20.6777330521231,233552400,14.15999984741211,14.829999923706055,14.859999656677246,13.90999984741211,-0.04388930140363989,9.781022466894973,16.26984126984127,0.0
2023-11-15,20.96499252319336,21.315543841173444,20.741026962715544,21.237643341922936,218432600,14.180000305175781,14.210000038146973,14.350000381469727,13.970000267028809,-0.018685087034827186,9.927011201565529,17.261904761904763,0.0
2023-11-16,20.999074935913086,21.03802425885794,20.609572419992055,20.81892851324783,178045000,14.319999694824219,14.119999885559082,14.420000076293945,13.680000305175781,-0.06344017458789142,10.948904499755386,18.650793650793652,0.0
2023-11-17,21.01367950439453,21.179218296405338,20.726421067002086,20.8773540959013,157517000,13.800000190734863,14.180000305175781,14.1899995803833,13.670000076293945,-0.02611149495885201,7.153287892959044,10.515873015873016,0.0
2023-11-20,21.763471603393555,21.885191241156054,21.003940395129625,21.00881022072492,165655600,13.40999984741211,14.260000228881836,14.3100004196167,13.390000343322754,-0.09146343906066445,4.3065702170172795,3.571428571428571,0.0
2023-11-21,21.369098663330078,21.50055609102047,21.076972284436458,21.466474742059358,148275200,13.350000381469727,13.449999809265137,14.3100004196167,13.130000114440918,-0.0572033527309973,3.8686179352576295,3.571428571428571,0.0
2023-11-22,21.61740493774414,22.114019345639022,21.446996357867995,21.700173386628627,171446400,12.850000381469727,13.079999923706055,13.25,12.819999694824219,-0.0937940687646246,0.21898310200583454,0.7936507936507936,0.0
2023-11-24,21.510297775268555,21.641755226736134,21.34962693770999,21.544379130394088,63975400,12.460000038146973,13.029999732971191,13.170000076293945,12.449999809265137,-0.1298882469494409,0.0,0.3968253968253968,0.0
2023-11-27,21.44700050354004,21.782947903417252,21.310675099122815,21.427524915110624,121856400,12.6899995803833,13.140000343322754,13.279999732971191,12.640000343322754,-0.08043482572535054,1.6358430680800673,0.7936507936507936,0.0
2023-11-28,21.61740493774414,21.714779146480247,21.261982018140227,21.32527673965388,158349000,12.6899995803833,12.779999732971191,14.300000190734863,12.5600004196167,-0.05369129569138331,1.6358430680800673,0.992063492063492,0.0
2023-11-29,21.539508819580078,22.264956851003653,21.485951879549944,22.026387391062233,177523200,12.979999542236328,12.710000038146973,13.100000381469727,12.479999542236328,-0.027715417877213877,3.698431639901271,2.7777777777777777,0.0
2023-11-30,21.359363555908203,21.646622002773743,20.857879194732305,21.5687215014523,186394600,12.920000076293945,13.069999694824219,13.390000343322754,12.819999694824219,0.00544744690631771,3.2716929190498067,2.7777777777777777,0.0
2023-12-01,21.539508819580078,21.636883048041025,20.896827396512826,21.17434989096846,172937600,12.630000114440918,12.9399995803833,12.960000038146973,12.479999542236328,0.013643665792414161,1.209104347228603,0.7936507936507936,0.0
2023-12-04,20.92603874206543,20.96985788352436,20.317440586965944,20.89195739396339,181143600,13.079999923706055,13.279999732971191,13.699999809265137,12.979999542236328,0.030732888590921048,4.409671885173275,3.968253968253968,0.0
2023-12-05,21.076974868774414,21.27659501886332,20.57548865188223,20.599834067520312,167540400,12.850000381469727,13.260000228881836,13.760000228881836,12.8100004196167,0.012608416578181902,2.7738288170932073,2.579365079365079,0.0
2023-12-06,20.702075958251953,21.57845696787678,20.648519021129758,21.558981380324298,163000600,12.970000267028809,12.779999732971191,13.029999732971191,12.640000343322754,-0.0007703602126473141,3.627313041685808,3.968253968253968,0.0
2023-12-07,21.5687198638916,21.685571535649274,20.98933504538286,21.169479592768887,162755400,13.0600004196167,13.170000076293945,13.279999732971191,12.949999809265137,0.010835939821674634,4.267427905852678,4.761904761904762,0.0
2023-12-08,21.826766967773438,21.909535432349927,21.2230367297614,21.25225011229716,181789000,12.350000381469727,13.140000343322754,13.239999771118164,12.350000381469727,-0.022169416503096007,0.0,0.3968253968253968,0.0
2023-12-11,22.38180923461914,22.435366176346424,21.7147842332995,21.7488655857997,151540000,12.630000114440918,13.050000190734863,13.140000343322754,12.609999656677246,-0.034403655343266615,1.9760037506254071,1.3888888888888888,0.0
2023-12-12,22.922243118286133,22.931979054906584,22.18705546472544,22.386675596741693,142899400,12.069999694824219,12.6899995803833,12.739999771118164,11.8100004196167,-0.060700440738531314,0.0,0.3968253968253968,0.0
2023-12-13,23.730459213256836,23.89112815453603,22.931976902831924,23.068304147550087,230081400,12.1899995803833,12.199999809265137,12.460000038146973,11.819999694824219,-0.06013883350707072,0.8304489911644224,0.7936507936507936,0.0
2023-12-14,23.691511154174805,24.21247107576099,23.15107564402789,23.978769584915312,202697800,12.479999542236328,11.960000038146973,12.739999771118164,11.84000015258789,-0.04441047923009134,2.837369036433921,1.984126984126984,0.0
2023-12-15,23.973901748657227,24.241684592314037,23.710986873520273,23.827836690940458,156731000,12.279999732971191,12.119999885559082,12.539999961853027,12.010000228881836,-0.005668068529258163,1.4532873844932168,1.1904761904761905,0.0
2023-12-18,24.475387573242188,24.636056546291734,24.037196088026207,24.09562285758465,116436000,12.5600004196167,12.619999885559082,12.640000343322754,12.399999618530273,-0.005542335248610364,3.391008297032113,2.7777777777777777,0.0
2023-12-19,24.840545654296875,24.860021243466914,24.51920586216885,24.548417388629503,120349600,12.529999732971191,12.600000381469727,12.600000381469727,12.329999923706055,0.03811102317958026,3.1833910993745747,2.7777777777777777,0.0
2023-12-20,23.736835479736328,25.07184884544663,23.69771330697149,24.685525783909252,176165000,13.670000076293945,12.630000114440918,13.930000305175781,12.289999961853027,0.12141103747799376,11.072666415169454,17.46031746031746,0.0
2023-12-21,24.52414894104004,24.58283032865254,23.93243826475979,24.39700375819066,149089400,13.649999618530273,13.399999618530273,14.489999771118164,13.34000015258789,0.09375000955202673,10.934254950064428,17.261904761904763,0.0
2023-12-22,24.6219539642334,24.910473468427156,24.274753064485235,24.744207959816382,132420000,13.029999732971191,13.720000267028809,13.960000038146973,13.0,0.061074919894850366,6.64359852913729,7.936507936507936,0.0
2023-12-26,25.07184600830078,25.189208782418714,24.753984919623363,24.763765461707802,87371200,12.989999771118164,13.770000457763672,13.800000190734863,12.960000038146973,0.03423561601398317,6.366782198749149,7.936507936507936,0.0
2023-12-27,25.203880310058594,25.26256169660951,24.949591814407775,25.1109660937847,111495600,12.430000305175781,13.020000457763672,13.039999961853027,12.369999885559082,-0.007980800472985883,2.4913535733151777,1.984126984126984,0.0
2023-12-28,25.140310287475586,25.433719115644948,25.07184835193259,25.389707604874758,85768200,12.470000267028809,12.4399995803833,12.649999618530273,12.380000114440918,-0.08778345300422752,2.7681699037033187,2.7777777777777777,0.0
2023-12-29,24.793107986450195,25.194100899205615,24.450796462880326,25.125638967581185,134245400,12.449999809265137,12.550000190734863,13.1899995803833,12.359999656677246,-0.08791207639567267,2.629758438598293,2.380952380952381,0.0
2024-01-02,23.536338806152344,24.172059184547813,23.115784779775197,24.13293701211838,176270600,13.199999809265137,13.220000267028809,14.229999542236328,13.100000381469727,0.013046821164836686,7.820069583242366,11.706349206349206,0.0
2024-01-03,22.783254623413086,23.247820178330432,22.70501214109159,23.066882922285536,167812200,14.039999961853027,13.350000381469727,14.220000267028809,13.329999923706055,0.08083142488342632,13.633219121215234,27.77777777777778,0.0
2024-01-04,22.401823043823242,22.96908151432263,22.36270086943462,22.43116280916676,143735400,14.130000114440918,13.930000305175781,14.199999809265137,13.640000343322754,0.1367658702757446,14.256057514544027,28.57142857142857,0.0
2024-01-05,22.484954833984375,22.94462918970384,22.23555750168235,22.426273437933535,170481600,13.350000381469727,14.239999771118164,14.579999923706055,13.289999961853027,0.07056937414569875,8.858135772064326,13.690476190476192,0.0
2024-01-08,23.839529037475586,23.912882180693142,22.656111260671288,22.685451025599974,135374200,13.079999923706055,14.0,14.180000305175781,13.020000457763672,0.05060241960582834,6.989620592077943,10.515873015873016,0.0
2024-01-09,23.996009826660156,24.162275305635198,23.282047067422237,23.306497489091118,148431600,12.760000228881836,13.199999809265137,13.449999809265137,12.739999771118164,-0.033333302025842726,4.775089948972817,6.349206349206349,0.0
2024-01-10,24.470359802246094,24.65129519041587,23.883540259982926,24.044914561472755,147621000,12.6899995803833,12.859999656677246,12.949999809265137,12.670000076293945,-0.09615387358530669,4.290656420927138,5.952380952380952,0.0
2024-01-11,24.58772087097168,24.925143063522956,23.66837224671778,24.67085455082046,190228400,12.4399995803833,12.640000343322754,13.3100004196167,12.350000381469727,-0.11960371694055616,2.56055270604578,2.380952380952381,0.0
2024-01-12,24.617063522338867,24.930033438538278,24.3725555421271,24.778437819245756,128214000,12.699999809265137,12.65999984741211,13.079999923706055,12.470000267028809,-0.048689180047276515,4.35986215347965,7.142857142857142,0.0
2024-01-16,24.602394104003906,24.895802939607016,24.12315867761329,24.39211708782412,145874000,13.84000015258789,14.119999885559082,14.350000381469727,13.520000457763672,0.058103993372692564,12.24913746927453,25.595238095238095,0.0
2024-01-17,24.17694854736328,24.250301688017316,23.40919363442857,23.99601316331728,166554600,14.789999961853027,14.59000015258789,15.399999618530273,14.380000114440918,0.159090885310202,18.823530265859308,38.492063492063494,0.0
2024-01-18,25.213666915893555,25.291909405261148,24.504593306685205,24.73932077478798,182140800,14.130000114440918,14.850000381469727,14.890000343322754,13.890000343322754,0.11347522314213676,14.256057514544027,31.547619047619047,0.0
2024-01-19,26.670928955078125,26.71004925898352,25.477728906076365,25.585313006349693,186359400,13.300000190734863,13.800000190734863,14.579999923706055,13.279999732971191,0.06913188419296268,8.512113709123673,14.484126984126986,0.0
2024-01-22,26.778512954711914,27.345771389582502,26.65625896559801,27.09637407258719,149656600,13.1899995803833,13.770000457763672,13.84000015258789,13.170000076293945,0.038582659722615986,7.750863850689853,13.293650793650794,0.0
2024-01-23,27.09637451171875,27.130605479989573,26.543785949643112,26.900767379787307,112172000,12.550000190734863,13.199999809265137,13.289999961853027,12.529999732971191,-0.09320808870163311,3.3218025644796,4.761904761904762,0.0
2024-01-24,27.5413761138916,28.31402215305189,27.443572558049485,27.849456661887587,179718600,13.140000343322754,12.65999984741211,13.180000305175781,12.40999984741211,-0.11156184062109664,7.40484838757111,13.492063492063492,0.0
2024-01-25,27.61962127685547,28.133087663251462,27.15016640160472,28.001053129815716,151395200,13.449999809265137,13.180000305175781,13.579999923706055,13.0600004196167,-0.04812457888664967,9.550173298123724,19.047619047619047,0.0
2024-01-26,27.111045837402344,27.575611401392287,26.983902500689876,27.228410495900587,128382600,13.260000228881836,13.729999542236328,14.100000381469727,13.199999809265137,-0.003007515885668388,8.235297378735531,15.476190476190476,0.0
2024-01-29,27.908140182495117,27.971712778469094,27.062142810871464,27.194177341533813,115977200,13.600000381469727,13.979999542236328,15.350000381469727,13.59000015258789,0.03108421638588954,10.588239486945685,23.214285714285715,0.0
2024-01-30,27.350662231445312,27.834786977271698,27.189286072537982,27.722313532630743,119554400,13.3100004196167,13.6899995803833,13.739999771118164,13.229999542236328,0.06055778624154229,8.581319441676186,16.666666666666664,0.0
2024-01-31,25.74180030822754,26.88609775024052,25.712460543975848,26.49977468704495,203451600,14.350000381469727,13.420000076293945,14.609999656677246,13.180000305175781,0.09208523641796162,15.778550631589757,38.095238095238095,0.0
2024-02-01,26.651371002197266,26.719832941162434,25.873835516689557,26.059662112057822,162261400,13.880000114440918,14.210000038146973,14.630000114440918,13.869999885559082,0.03197028336606911,12.52595379966267,30.357142857142854,0.0
2024-02-02,27.991273880004883,28.206440227067908,26.793184425939444,26.983900348521097,198505000,13.850000381469727,13.949999809265137,14.229999542236328,13.390000343322754,0.04449473170466467,12.318343201827043,29.365079365079367,0.0
2024-02-05,27.849458694458008,28.079294922196574,27.174616161886995,27.96682147767604,139947800,13.670000076293945,14.369999885559082,14.529999732971191,13.579999923706055,0.005147036239763203,11.072666415169454,25.992063492063494,0.0
2024-02-06,27.68808364868164,28.186880161027567,27.208848222807607,28.05973682985604,140124200,13.0600004196167,13.569999694824219,13.779999732971191,12.979999542236328,-0.018782869430382765,6.851215726794828,12.103174603174603,0.0
2024-02-07,28.514524459838867,28.685679318631298,27.957044636669114,28.21133318790934,131823400,12.829999923706055,13.0600004196167,13.130000114440918,12.8100004196167,-0.10592337403185448,5.259516877196586,8.73015873015873,0.0
2024-02-08,28.63188362121582,28.798149119541055,28.372705763556525,28.514520837367307,98922200,12.789999961853027,12.949999809265137,13.170000076293945,12.739999771118164,-0.07853026971187427,4.982700546808445,8.333333333333332,0.0
2024-02-09,29.472990036010742,29.639255525198642,28.710124521128428,28.866609467958483,110222000,12.930000305175781,12.789999961853027,13.010000228881836,12.6899995803833,-0.0664259964588042,5.951561003077893,11.11111111111111,0.0
2024-02-12,29.125791549682617,29.89843580442192,28.988865810965276,29.443650807693597,116255000,13.930000305175781,13.479999542236328,13.9399995803833,13.34000015258789,0.019019767917391572,12.871975862603325,34.32539682539682,0.0
2024-02-13,27.74676513671875,28.299351803412918,27.111042925102552,27.50225716777337,188933000,15.850000381469727,13.960000038146973,17.940000534057617,13.430000305175781,0.21362939297171257,26.159172920877904,53.37301587301587,0.0
2024-02-14,28.626995086669922,28.72968799178413,27.80544811486052,28.265122451167834,156151400,14.380000114440918,15.380000114440918,15.470000267028809,14.220000267028809,0.12081061574060659,15.986161229425386,41.66666666666667,0.0
2024-02-15,28.86661148071289,28.954634502623257,28.230891106708555,28.75902923817076,130057200,14.010000228881836,14.270000457763672,14.640000343322754,13.9399995803833,0.0953870422726768,13.425608523379607,36.7063492063492,0.0
2024-02-16,28.07440757751465,28.95463597596031,27.92770315534836,28.930185549840584,151933000,14.239999771118164,13.9399995803833,14.710000038146973,13.75,0.10131472815340925,15.017300773155936,40.87301587301587,0.0
2024-02-20,27.42401695251465,27.961933782348492,26.67582123737379,27.668524941611473,163321000,15.420000076293945,15.09000015258789,15.90999984741211,15.069999694824219,0.10696336959623354,23.183392419338958,51.98412698412699,0.0
2024-02-21,27.081707000732422,27.101266223279683,26.3188413579484,26.881210512400777,152898600,15.34000015258789,15.539999961853027,16.1200008392334,15.220000267028809,-0.032176669817502224,22.629759758562678,51.98412698412699,0.0
2024-02-22,29.424087524414062,29.63436452291906,28.602542480690577,28.744355682224867,179279200,14.539999961853027,14.279999732971191,14.640000343322754,14.119999885559082,0.011126553973489273,17.09342655097795,45.23809523809524,0.0
2024-02-23,29.155132293701172,29.937558983343,28.95952702037666,29.746843049036233,140390800,13.75,14.3100004196167,14.3100004196167,13.640000343322754,-0.018558188767609063,11.626299075945735,28.57142857142857,0.0
2024-02-26,29.116012573242188,29.521894876037493,29.062220515720988,29.31161785051714,109875400,13.739999771118164,14.170000076293945,14.199999809265137,13.65999984741211,-0.035112360114928465,11.557093343393223,28.373015873015873,0.0
2024-02-27,29.296947479248047,29.384970505460945,28.788370409006397,29.321397905318758,109399800,13.430000305175781,13.630000114440918,13.75,13.40999984741211,-0.12905316220961016,9.411768432840608,20.833333333333336,0.0
2024-02-28,28.822599411010742,29.11111889602427,28.631883489051393,28.86661092111273,123503400,13.84000015258789,13.520000457763672,13.899999618530273,13.4399995803833,-0.09778357138718452,12.24913746927453,32.142857142857146,0.0
2024-02-29,29.517004013061523,29.756620791806164,28.744357891187768,29.38008013949316,136959800,13.399999618530273,14.140000343322754,14.149999618530273,13.300000190734863,-0.07840442546861381,9.204151235183069,20.238095238095237,0.0
2024-03-01,30.8715763092041,31.057401020240036,29.6979373262357,29.70771786872934,140959600,13.109999656677246,13.34000015258789,13.65999984741211,13.079999923706055,-0.04654547951438215,7.197231189913571,15.079365079365079,0.0
2024-03-04,30.50481605529785,30.944929299281394,30.470585087391836,30.852016938600475,120418600,13.489999771118164,13.489999771118164,13.579999923706055,13.319999694824219,-0.018195051249237038,9.826989628511864,23.809523809523807,0.0
2024-03-05,28.871501922607422,29.878873578285432,28.372705433435293,29.878873578285432,193207000,14.460000038146973,13.75,15.100000381469727,13.75,0.07669394710097222,16.53979389020167,47.61904761904761,0.0
2024-03-06,29.404525756835938,30.04024603574815,29.023092097130558,29.702825745862203,181677400,14.5,14.270000457763672,14.930000305175781,13.890000343322754,0.04768784972077467,16.81661022058981,48.214285714285715,0.0
2024-03-07,30.7150936126709,30.964490935480995,29.7859625275631,30.09893244852004,142370800,14.4399995803833,14.979999542236328,14.979999542236328,14.25,0.07761193966116653,16.401382425096642,46.42857142857143,0.0
2024-03-08,29.370298385620117,31.36059127097346,29.228483313585688,30.76888242407535,296451200,14.739999771118164,14.220000267028809,15.529999732971191,13.970000267028809,0.12433258254211466,18.477508202918653,50.79365079365079,0.0
2024-03-11,29.02798843383789,29.282276963459672,28.636776028822805,29.052438859379855,146770000,15.220000267028809,15.510000228881836,16.040000915527344,15.130000114440918,0.12824318200616602,21.799310767398254,56.34920634920635,0.0
2024-03-12,30.26030731201172,30.33854978888621,28.832379777242533,29.482771881938064,170560000,13.84000015258789,14.970000267028809,15.199999809265137,13.8100004196167,-0.0428768937706403,12.24913746927453,33.53174603174603,0.0
2024-03-13,29.556123733520508,30.05492023290673,29.326287502514965,30.045139689924905,143779800,13.75,13.890000343322754,14.039999961853027,13.670000076293945,-0.051724137931034475,11.940300935427775,30.753968253968257,0.0
2024-03-14,29.31650733947754,29.87887457736222,28.749248897314637,29.766401129785287,162480400,14.399999618530273,13.619999885559082,15.329999923706055,13.420000076293945,-0.0027700805412326224,16.56005667550346,46.62698412698413,0.0
2024-03-15,28.245559692382812,28.812818104525437,28.015723470561895,28.700344662900786,140883800,14.40999984741211,14.329999923706055,15.529999732971191,14.140000343322754,-0.022388054873152874,17.410714729201207,47.42063492063492,0.0
2024-03-18,29.04265785217285,29.732170287950773,28.993757001870023,29.282276495731583,129193800,14.329999923706055,14.75,14.850000381469727,14.260000228881836,-0.05847571141314423,16.81547722527901,45.63492063492063,0.0
2024-03-19,29.24315071105957,29.33117372309048,28.206437516020426,28.626991492290845,118810000,13.819999694824219,14.5,14.859999656677246,13.800000190734863,-0.0014451197646795366,14.486755058381764,32.93650793650794,0.0
2024-03-20,30.281156539916992,30.34495852768485,29.132730120990516,29.481183818790598,156556000,13.039999961853027,13.829999923706055,14.170000076293945,13.010000228881836,-0.051636366410688916,9.203037787215191,13.095238095238097,0.0
2024-03-21,30.673778533935547,31.385410570358626,30.634515198766255,31.28725410461426,126541800,12.920000076293945,12.979999542236328,13.079999923706055,12.399999618530273,-0.1027777487113144,8.064519047787947,10.912698412698413,0.0
2024-03-22,30.737579345703125,31.00259935927717,30.37930985074635,30.560898088534568,91574800,13.0600004196167,12.920000076293945,13.149999618530273,12.579999923706055,-0.09368490229636306,9.392795434524382,14.285714285714285,0.0
2024-03-25,30.423480987548828,30.737580176705258,29.967055018250004,30.17318190906684,86669400,13.1899995803833,13.670000076293945,13.670000076293945,13.109999656677246,-0.07955340888989515,11.582211755145353,17.46031746031746,0.0
2024-03-26,30.13882827758789,30.92407627263361,30.07502629293452,30.72776520996163,93986000,13.239999771118164,13.119999885559082,13.430000305175781,12.84000015258789,-0.041968157490138935,12.136931020455325,19.047619047619047,0.0
2024-03-27,30.403850555419922,30.73758142550205,29.795281947570473,30.708133923255186,111388600,12.779999732971191,13.130000114440918,13.34000015258789,12.65999984741211,-0.01993866791736476,7.365146090251627,8.333333333333332,0.0
2024-03-28,30.212446212768555,30.54126822690672,30.133921412961016,30.374402793293335,87023400,13.010000228881836,12.930000305175781,13.100000381469727,12.84000015258789,0.006965956041519394,9.751043501797339,13.492063492063492,0.0
2024-04-01,30.398942947387695,30.914263960830613,29.99650309442509,30.389127112903363,112290600,13.649999618530273,13.609999656677246,14.149999618530273,13.550000190734863,0.045176047469904335,16.390041740071894,31.349206349206348,0.0
2024-04-02,29.584245681762695,29.65295464696723,28.956047288831062,29.3830257670156,109672800,14.609999656677246,13.739999771118164,15.430000305175781,13.680000305175781,0.10765732535775263,26.34854899037145,55.75396825396825,0.0
2024-04-03,29.780559539794922,30.163367713344595,29.142545293152484,29.15236112736901,111683800,14.329999923706055,15.0,15.180000305175781,14.25,0.08232629693586735,23.443987261126335,49.404761904761905,0.0
2024-04-04,28.37692642211914,30.727765305882922,28.337664958333743,30.600161336177845,167520400,16.350000381469727,14.289999961853027,16.920000076293945,13.739999771118164,0.2793427795845935,44.39835018289971,70.63492063492063,0.0
2024-04-05,29.378114700317383,29.90324957240782,28.494710365074127,28.661575774011744,154897200,16.030000686645508,16.450000762939453,16.75,15.529999732971191,0.2321291625390871,41.078851063762436,69.04761904761905,0.0
2024-04-08,29.397750854492188,29.770743187332325,29.108190302771707,29.54989160175248,89725400,15.1899995803833,16.239999771118164,16.5,15.109999656677246,0.11282051317880137,32.36514609025163,62.698412698412696,0.0
2024-04-09,29.70203399658203,29.908160893445192,28.749920567500908,29.8443607808993,119965000,14.979999542236328,15.34000015258789,16.6299991607666,14.9399995803833,0.02532511254303693,30.18672232009586,61.111111111111114,0.0
2024-04-10,28.92169189453125,29.093464302127817,28.494713429806342,28.641947189486086,202080600,15.800000190734863,15.239999771118164,16.6200008392334,14.59000015258789,0.10258201499338426,38.69295365221672,67.46031746031747,0.0
2024-04-11,30.281156539916992,30.45783781547168,28.798999238760324,29.255425243216937,146931200,14.90999984741211,16.020000457763672,17.610000610351562,14.90999984741211,-0.08807342510460381,29.460584361006507,60.912698412698404,0.0
2024-04-12,28.81863021850586,29.618601048323736,28.52416080889663,29.38793549713563,172589800,17.309999465942383,14.90999984741211,19.200000762939453,14.90999984741211,0.07985020115209562,54.356847540311534,84.92063492063492,0.0
2024-04-15,27.370824813842773,29.559705082966143,27.208866373249148,29.544982269159004,203656200,19.229999542236328,16.940000534057617,19.459999084472656,16.260000228881836,0.2659644551320708,74.27386204091066,95.63492063492063,0.0
2024-04-16,27.375732421875,27.881237549592683,27.11071240637799,27.331562107262364,163766200,18.399999618530273,19.489999771118164,19.559999465942383,17.639999389648438,0.22830441794415313,65.66390378098255,91.66666666666666,0.0
2024-04-17,26.359817504882812,27.753634056961257,26.18313624343671,27.748727076222796,171026400,18.209999084472656,18.239999771118164,19.110000610351562,17.540000915527344,0.15253157371169013,63.69294375932899,90.47619047619048,0.0
2024-04-18,25.888668060302734,26.77698132555057,25.770879931625153,26.448157459118963,172781600,18.0,17.90999984741211,18.3700008392334,17.209999084472656,0.20724347311943236,61.514529882060955,89.68253968253968,0.0
2024-04-19,24.283817291259766,25.751251711877913,23.97462507272812,25.65800222491977,250807600,18.709999084472656,21.329999923706055,21.360000610351562,18.170000076293945,0.08087808559929699,68.87966607942485,92.85714285714286,0.0
2024-04-22,24.990537643432617,25.407702116322838,24.1316719237029,24.725517644200398,142604800,16.940000534057617,18.59000015258789,18.719999313354492,16.690000534057617,-0.11908471464853698,50.518684103474854,77.18253968253968,0.0
2024-04-23,26.104610443115234,26.31564617815656,25.270285208407238,25.334085316449485,151835000,15.6899995803833,16.719999313354492,16.760000228881836,15.6899995803833,-0.14728261382232777,37.55186841034748,67.06349206349206,0.0
2024-04-24,26.359817504882812,26.948754418976872,25.92793205710216,26.659193878757726,144316800,15.970000267028809,15.760000228881836,16.3799991607666,15.579999923706055,-0.12300927677442086,40.45644003248033,70.23809523809523,0.0
2024-04-25,25.937744140625,26.104609556333884,24.774595083224693,24.98072383071388,172827200,15.369999885559082,16.25,17.549999237060547,15.270000457763672,-0.1461111174689399,34.232369291210205,65.07936507936508,0.0
2024-04-26,27.13034439086914,27.419904949549355,26.38926668831006,26.516868789612662,135994600,15.029999732971191,15.489999771118164,16.059999465942383,14.920000076293945,-0.1966862389937517,30.70539653068299,62.301587301587304,0.0
2024-04-29,27.45425796508789,27.645663915073122,26.93403188124059,27.522968801384025,102355000,14.670000076293945,15.369999885559082,15.420000076293945,14.630000114440918,-0.13400238407312148,26.97096002165355,56.74603174603175,0.0
2024-04-30,25.883760452270508,27.41008600221662,25.878851599597755,27.140157142756248,125248600,15.649999618530273,14.819999694824219,15.899999618530273,14.670000076293945,-0.002549392155691166,37.13693102045533,67.26190476190477,0.0
2024-05-01,25.324270248413086,26.894768049037044,25.16231367487042,25.594200991282243,208076800,15.390000343322754,15.75,16.219999313354492,14.350000381469727,-0.03631809104621653,34.43984293260015,66.26984126984127,0.0
2024-05-02,26.261661529541016,26.42852696043867,25.127959867781797,25.972100983929757,124829800,14.680000305175781,15.140000343322754,16.09000015258789,14.600000381469727,-0.044892621048851944,27.074696842348523,57.14285714285714,0.0
2024-05-03,27.827251434326172,28.028471340648103,27.35119380651478,27.64566319500609,150878000,13.489999771118164,14.510000228881836,14.579999923706055,13.479999542236328,-0.10246174246262574,14.730292180503254,26.785714285714285,0.0
2024-05-06,28.7401065826416,28.759736379668507,28.033381468660377,28.18061524334679,82530800,13.489999771118164,13.979999542236328,14.020000457763672,13.4399995803833,-0.08043628486973275,14.730292180503254,26.984126984126984,0.0
2024-05-07,28.7401065826416,29.068928617035294,28.60268677037913,28.81863138728629,93320400,13.229999542236328,13.520000457763672,13.640000343322754,13.15999984741211,-0.1546325965036166,12.033194199760356,19.841269841269842,0.0
2024-05-08,28.686119079589844,28.965863799994107,28.19533860559234,28.21987725485643,78027200,13.0,13.239999771118164,13.510000228881836,12.9399995803833,-0.1552956653675256,9.64730668110237,13.492063492063492,0.0
2024-05-09,28.84316635131836,28.956045626557042,28.34257008362151,28.71065540938283,81439200,12.6899995803833,13.079999923706055,13.289999961853027,12.680000305175781,-0.13555862966098564,6.4315344897723365,6.944444444444445,0.0
2024-05-10,29.039478302001953,29.481181455480268,28.730287966745973,29.132727785613397,92669600,12.550000190734863,12.770000457763672,12.960000038146973,12.5,-0.06968121544344441,4.9792585715936415,4.9603174603174605,0.0
2024-05-13,29.230884552001953,29.432104463514854,28.94623098966822,29.407563943040053,67722000,13.600000381469727,13.260000228881836,13.65999984741211,13.25,0.008154233670712996,15.871377422372488,32.142857142857146,0.0
2024-05-14,29.77564811706543,29.888529264724735,29.09346361140819,29.132726944886,92952800,13.420000076293945,13.710000038146973,14.029999732971191,13.270000457763672,0.014361340939661238,14.00415422141391,25.793650793650798,0.0
2024-05-15,31.149837493896484,31.223453442185463,29.96705661846907,30.276246971204866,130481400,12.449999809265137,13.729999542236328,13.9399995803833,12.380000114440918,-0.04230770697960484,3.9419101504193796,2.976190476190476,0.0
2024-05-16,30.958431243896484,31.508102943681994,30.914260929138173,31.09584916884286,87715200,12.420000076293945,12.520000457763672,12.670000076293945,12.329999923706055,-0.02127655736937384,3.6307095812221912,1.984126984126984,0.0
2024-05-17,30.889720916748047,31.09584967973303,30.438203800403844,30.96333873328101,70099600,11.989999771118164,12.279999732971191,12.479999542236328,11.90999984741211,-0.04462154670165852,0.0,0.3968253968253968,0.0
2024-05-20,31.527734756469727,31.670061534924308,30.894629404912372,30.928983886307776,74539000,12.149999618530273,12.270000457763672,12.59000015258789,12.069999694824219,-0.10661770016676675,1.6460890814290752,1.1904761904761905,0.0
2024-05-21,31.6896915435791,31.738768836667273,31.09093883257404,31.135109145224884,62314000,11.859999656677246,12.300000190734863,12.5600004196167,11.84000015258789,-0.11624444193352845,0.0,0.3968253968253968,0.0
2024-05-22,31.670063018798828,31.900730437986134,31.125296399463053,31.748589691014857,80039400,12.289999961853027,12.050000190734863,12.8100004196167,11.779999732971191,-0.01285139356331877,4.365485585332895,2.7777777777777777,0.0
2024-05-23,31.19891357421875,32.641809319346365,30.821012396789083,32.63690046634479,130877800,12.770000457763672,11.529999732971191,13.369999885559082,11.520000457763672,0.028180384808352166,9.238587349746666,11.507936507936508,0.0
2024-05-24,32.07249450683594,32.33751634006208,31.380494301531073,31.53263688108943,82558000,11.930000305175781,12.859999656677246,12.890000343322754,11.890000343322754,-0.005004125695390882,0.7106665235025545,0.7936507936507936,0.0
2024-05-28,32.42095184326172,32.44058350847406,31.802571238680724,32.32279726155729,83186400,12.920000076293945,12.510000228881836,13.4399995803833,12.359999656677246,0.06337452526248022,10.761426205015978,15.476190476190476,0.0
2024-05-29,31.743684768676758,32.11667901917447,31.508108467215493,31.527740137700455,79282200,14.279999732971191,13.75,14.319999694824219,13.6899995803833,0.20404722987757196,24.568530120570582,55.55555555555556,0.0
2024-05-30,30.722856521606445,31.55718556310632,30.423482009013217,31.532645041984217,84703600,14.470000267028809,14.819999694824219,14.880000114440918,13.670000076293945,0.17738000910840457,26.497469664683248,61.50793650793651,0.0
2024-05-31,30.688501358032227,30.865182621990993,28.936415277405892,30.722855840226558,143746400,12.920000076293945,14.5,14.869999885559082,12.84000015258789,0.011746250051156482,10.761426205015978,15.674603174603174,0.0
2024-06-03,30.987876892089844,31.483566188269798,29.91797537586366,31.277437428539663,111435000,13.109999656677246,13.079999923706055,14.3100004196167,13.0,0.09891025325368408,12.690356067155328,22.42063492063492,0.0
2024-06-04,31.21854591369629,31.473750109903996,30.560900010748167,30.919169528239312,88491800,13.15999984741211,13.510000228881836,14.079999923706055,13.109999656677246,0.018575833568184263,13.197972246236207,23.41269841269841,0.0
2024-06-05,33.1031379699707,33.11786452789267,31.728955034826868,31.959622432290637,104871400,12.630000114440918,13.140000343322754,13.25,12.600000381469727,-0.11554619393448429,7.8172639847148755,9.126984126984127,0.0
2024-06-06,33.063880920410156,33.31417625893814,32.808672984506885,33.245467294123664,73031200,12.579999923706055,12.75,12.979999542236328,12.539999961853027,-0.1306150869692303,7.309647805633998,8.73015873015873,0.0
2024-06-07,32.94118881225586,33.53503277341839,32.69579855998912,32.94118881225586,89943400,12.220000267028809,12.6899995803833,13.079999923706055,12.109999656677246,-0.05417955148077125,3.654828743803658,2.7777777777777777,0.0
2024-06-10,33.28963851928711,33.40251592491988,32.62708566668635,32.68106807088616,72041800,12.739999771118164,13.09000015258789,13.279999732971191,12.619999885559082,-0.02822272274970139,8.93401183311415,12.698412698412698,0.0
2024-06-11,33.97673034667969,34.020898787477435,32.71542480879188,33.03933794104778,71386800,12.850000381469727,12.850000381469727,13.470000267028809,12.779999732971191,-0.023556190694283607,10.050769363486742,15.873015873015872,0.0
2024-06-12,35.31655502319336,35.83678101789609,34.707988411998,34.850315168811534,124402600,12.039999961853027,13.100000381469727,13.149999618530273,11.9399995803833,-0.04671418426301477,1.827414371901829,1.5873015873015872,0.0
2024-06-13,35.88096237182617,36.26377055971256,35.370550206524975,36.10672095072435,87285000,11.9399995803833,12.050000190734863,12.680000305175781,11.880000114440918,-0.05087443141527548,0.8121820137400756,1.1904761904761905,0.0
2024-06-14,36.401187896728516,36.4208195655717,35.69446654016389,35.802435102264425,71555000,12.65999984741211,12.220000267028809,13.449999809265137,12.119999885559082,0.03600651151951917,8.121829819374074,11.507936507936508,0.0
2024-06-17,37.72138595581055,38.14345744537198,36.15579511094062,36.455171487126236,93354600,12.75,13.069999694824219,13.289999961853027,12.5,0.0007849473360672654,9.035537005324988,14.285714285714285,0.0
2024-06-18,37.74102020263672,37.9029786620075,37.32876264645273,37.706665718317886,66433200,12.300000190734863,12.699999809265137,12.739999771118164,12.239999771118164,-0.04280156999279072,4.467010757543734,4.761904761904762,0.0
2024-06-20,36.85270309448242,38.11401247641253,36.42572648892915,38.01585413739735,105455000,13.279999732971191,12.5,13.550000190734863,12.180000305175781,0.10299001453878076,14.41624526684632,30.952380952380953,0.0
2024-06-21,36.51406478881836,37.068645327477874,36.180333946205835,36.759455004140584,77341800,13.199999809265137,13.220000267028809,13.779999732971191,12.989999771118164,0.10552766106892841,13.604063253106244,29.166666666666668,0.0
2024-06-24,35.27729797363281,36.6269442331543,35.23803838270407,36.22941326036245,93754600,13.329999923706055,13.850000381469727,13.880000114440918,13.149999618530273,0.05292259750152395,14.923861445927194,32.34126984126984,0.0
2024-06-25,36.45517349243164,36.5287913133782,35.51778472174304,35.72391162490708,77675000,12.84000015258789,13.479999542236328,13.520000457763672,12.84000015258789,0.007058835497089522,9.949244191275904,17.46031746031746,0.0
2024-06-26,36.68326950073242,36.801506224134336,36.16598148667549,36.25958383664141,72549600,12.550000190734863,12.8100004196167,13.239999771118164,12.369999885559082,0.020325202936851694,7.0050819709748,9.523809523809524,0.0
2024-06-27,36.94930648803711,37.29416517845432,36.41723557252669,36.61429929219846,74115400,12.239999771118164,12.6899995803833,12.770000457763672,12.210000038146973,-0.07831325171422598,3.857869406252018,3.968253968253968,0.0
2024-06-28,36.36797332763672,38.195732042178115,36.18568871541135,37.0921803908599,107803000,12.4399995803833,12.239999771118164,12.760000228881836,11.869999885559082,-0.057575775747238156,5.888324440602207,6.944444444444445,0.0
2024-07-01,36.964088439941406,37.09218043133897,35.678252174994576,36.535478857411206,86557400,12.220000267028809,12.979999542236328,13.260000228881836,12.100000381469727,-0.08327079242537905,3.654828743803658,3.7698412698412698,0.0
2024-07-02,38.097198486328125,38.12182910166605,36.57488513216073,36.59951950617641,74950200,12.029999732971191,12.670000076293945,12.880000114440918,11.850000381469727,-0.06308414408028218,1.72588919969099,1.984126984126984,0.0
2024-07-03,39.03324890136719,39.07265863823165,37.9099868304793,37.9099868304793,56150400,12.09000015258789,12.130000114440918,12.229999542236328,11.949999809265137,-0.03665338893672454,2.335030550982706,3.1746031746031744,0.0
2024-07-05,40.21562957763672,40.324014826884714,39.131784602513505,39.20075635045707,79624600,12.479999542236328,12.369999885559082,12.609999656677246,11.84000015258789,0.01960782480441492,6.294415447472244,10.515873015873016,0.0
2024-07-08,40.48166275024414,40.629461492314626,40.0431979097607,40.30430576323082,73365600,12.369999885559082,12.90999984741211,12.90999984741211,12.3100004196167,-0.005626985304292287,5.17766759907297,7.142857142857142,0.0
2024-07-09,40.57033920288086,41.131968380611184,40.21070137857391,40.85115379174602,72033600,12.510000228881836,12.479999542236328,12.609999656677246,12.350000381469727,0.023731583921113852,6.598990964104762,11.507936507936508,0.0
2024-07-10,41.841392517089844,41.97440835931574,40.7279857570322,41.04821381405894,77554800,12.850000381469727,12.510000228881836,12.920000076293945,12.390000343322754,0.06816298143807265,10.050769363486742,22.023809523809522,0.0
2024-07-11,39.092369079589844,41.905442752516564,38.77214097573875,41.86110538485071,149329000,12.920000076293945,12.880000114440918,13.329999923706055,12.229999542236328,0.06865177115224363,10.761426205015978,23.809523809523807,0.0
2024-07-12,39.72789764404297,40.861011316076926,39.06773844565457,39.17119606217761,101019800,12.460000038146973,12.869999885559082,12.890000343322754,12.109999656677246,-0.0016025244249144865,6.091374785023885,10.119047619047619,0.0
2024-07-15,40.02349090576172,41.19601806341439,39.52590957855633,40.13680377511904,109900400,13.119999885559082,12.779999732971191,13.260000228881836,12.75,0.060630558362054776,12.791881239366168,31.746031746031743,0.0
2024-07-16,40.05305480957031,40.57034291071516,39.28450658137492,40.368355297509545,83637600,13.1899995803833,13.380000114440918,13.470000267028809,12.949999809265137,0.05435646195525634,13.502538080895404,33.53174603174603,0.0
2024-07-17,36.53055191040039,38.21543954456352,36.500989906494915,38.09720280497616,142840000,14.479999542236328,13.600000381469727,14.880000114440918,13.539999961853027,0.1268481799515846,26.598985154920772,65.87301587301587,0.0
2024-07-18,35.983699798583984,37.40255186989752,35.24964126684297,37.34835925090879,131678400,15.930000305175781,14.270000457763672,16.43000030517578,14.079999923706055,0.2329721525624977,41.319805938399604,79.36507936507937,0.0
2024-07-19,35.00823974609375,36.441874834261796,34.70279451038275,35.86546647782815,118249600,16.520000457763672,16.440000534057617,17.190000534057617,10.619999885559082,0.3258427293087307,47.30965555121266,82.93650793650794,0.0
2024-07-22,36.53547668457031,36.76702251856716,35.530455079860864,36.284220343723476,112808600,14.90999984741211,16.790000915527344,16.889999389648438,14.75,0.13643292511177862,30.964470740253663,70.23809523809523,0.0
2024-07-23,36.141353607177734,37.013355706800866,36.03296835846878,36.32363823079538,87127000,14.720000267028809,15.210000038146973,15.350000381469727,13.899999618530273,0.11599702314782379,29.035540878114315,66.66666666666666,0.0
2024-07-24,32.24443054199219,34.673232067192416,32.047370557060326,34.59933645218211,159575200,18.040000915527344,15.350000381469727,18.459999084472656,15.180000305175781,0.24585645620408636,62.74113317622072,92.06349206349206,0.0
2024-07-25,31.17043685913086,33.175550636285145,30.608807670931224,32.298620983084945,188128000,18.459999084472656,18.40999984741211,19.360000610351562,16.420000076293945,0.15881975711418272,67.00507422539614,93.65079365079364,0.0
2024-07-26,32.06214904785156,32.6828947537678,31.42169283341686,32.02273554817104,137407000,16.389999389648438,17.969999313354492,18.049999237060547,16.3700008392334,-0.007869313832502889,45.989847676418385,81.34920634920636,0.0
2024-07-29,32.24935531616211,33.101654334435985,31.786256123449764,32.64840663662737,115640800,16.600000381469727,16.59000015258789,17.209999084472656,16.229999542236328,0.11334678412830068,48.12183756495273,82.14285714285714,0.0
2024-07-30,30.933963775634766,32.80605995383206,30.21961005017846,32.65333733704193,143063600,17.690000534057617,16.639999389648438,18.31999969482422,16.260000228881836,0.20176631882821927,59.18782960462791,89.68253968253968,0.0
2024-07-31,33.63865280151367,33.99336679555144,32.70260281917586,32.998200319992904,173408400,16.360000610351562,16.65999984741211,16.770000457763672,15.710000038146973,-0.09312639799977929,45.6852915237325,80.15873015873017,0.0
2024-08-01,31.21477699279785,34.59440747196165,30.39696568367703,33.78644953756989,210693200,18.59000015258789,16.200000762939453,19.479999542236328,15.949999809265137,0.0070423117314553085,68.32488210019042,94.44444444444444,0.0
2024-08-02,28.938697814941406,29.91415928564654,28.081473073167174,29.38701599409385,209844000,23.389999389648438,20.520000457763672,29.65999984741211,20.010000228881836,0.4270897047391622,100.0,100.0,0.0
2024-08-05,26.416292190551758,27.68242169858006,24.04168340962668,24.302793138526248,287924400,38.56999969482422,23.389999389648438,65.7300033569336,23.389999389648438,1.3234939041253995,100.0,100.0,0.0
2024-08-06,27.076452255249023,28.450966953935033,26.179815871290312,26.667547560266918,192909400,27.709999084472656,33.709999084472656,34.77000045776367,24.020000457763672,0.5664216081352891,59.34106853297861,99.60317460317461,0.0
2024-08-07,26.204448699951172,28.82538614469806,26.110844462402714,28.362288825134467,182751600,27.850000381469727,24.770000457763672,29.760000228881836,21.969999313354492,0.7023226981940347,59.865221647157284,99.60317460317461,0.0
2024-08-08,28.60369110107422,28.746560327669975,26.60842700340267,27.317854906339736,152879200,23.790000915527344,28.34000015258789,29.469999313354492,23.360000610351562,0.27972031846463263,44.664924155042236,98.80952380952381,0.0
2024-08-09,28.992887496948242,29.327894682284388,28.081472050551838,28.298240631923935,125592400,20.3700008392334,23.780000686645508,24.520000457763672,20.260000228881836,-0.12911494780763355,31.8607307016183,96.23015873015873,0.0
2024-08-12,29.189952850341797,29.756509648961654,28.62832367847249,29.180099476179656,108972600,20.709999084472656,20.790000915527344,21.190000534057617,18.889999389648438,-0.46305420668043795,33.13365561645797,96.82539682539682,0.0
2024-08-13,31.31330680847168,31.387204295087734,30.002838124820826,30.032396367731668,108962800,18.1200008392334,20.059999465942383,20.790000915527344,17.950000762939453,-0.34608439415694636,23.436919407022376,88.4920634920635,0.0
2024-08-14,31.36749839782715,31.845376717464607,30.480715379006117,31.52515050809704,124710600,16.190000534057617,18.40999984741211,18.489999771118164,16.1200008392334,-0.41867144300544445,16.21116013177201,76.19047619047619,0.0
2024-08-15,33.727325439453125,33.8110762960819,32.51046104972813,32.57943278561979,106424800,15.229999542236328,16.270000457763672,16.68000030517578,14.770000457763672,-0.3598150922181782,12.61699693278203,69.84126984126983,0.0
2024-08-16,33.816001892089844,34.1214508174679,33.10165020238576,33.31349302381237,89675200,14.800000190734863,15.289999961853027,15.760000228881836,14.649999618530273,-0.2734413558673253,11.007115424405601,65.47619047619048,0.0
2024-08-19,35.1264762878418,35.15110690415285,33.44651264616302,33.83571246718548,91599800,14.649999618530273,15.9399995803833,16.06999969482422,14.460000038146973,-0.2926122517545582,10.445525862479878,63.095238095238095,0.0
2024-08-20,34.90970230102539,35.50088965446092,34.530354012984276,34.929409047296915,97859000,15.880000114440918,14.890000343322754,15.930000305175781,14.779999732971191,-0.12362034332484328,15.050544560173511,75.39682539682539,0.0
2024-08-21,35.38758850097656,35.79649512082467,34.69293963410121,35.06736037990662,103000800,16.270000457763672,16.25,17.170000076293945,15.920000076293945,0.004941316928172235,16.5106731366084,78.17460317460318,0.0
2024-08-22,33.68791580200195,36.04282162091052,33.46129382117205,35.89502287926234,127496400,17.549999237060547,16.270000457763672,18.059999465942383,15.760000228881836,0.1523309103450936,21.302881213990627,85.71428571428571,0.0
2024-08-23,34.747127532958984,35.33339107062706,33.74703356306252,34.58454968086446,128753200,15.859999656677246,17.1200008392334,17.209999084472656,15.609999656677246,0.071621584613625,14.975664523726085,75.39682539682539,0.0
2024-08-26,33.727325439453125,34.81609785166031,33.26915390321411,34.619034138250825,84981400,16.149999618530273,16.270000457763672,16.670000076293945,15.8100004196167,0.1023890811643915,16.061400058877158,77.77777777777779,0.0
2024-08-27,34.0130729675293,34.23969495793611,32.934151880466196,33.36769286966036,71532600,15.430000305175781,16.209999084472656,16.809999465942383,15.369999885559082,-0.02833751927091721,13.365783015349658,73.01587301587301,0.0
2024-08-28,32.860252380371094,34.05248633739985,32.101563169550445,33.89483609430126,118625800,17.110000610351562,15.510000228881836,17.889999389648438,15.460000038146973,0.051628772523301336,19.655563257867144,82.53968253968253,0.0
2024-08-29,32.68782043457031,34.20520625381689,32.4119334705902,33.229742867536096,120033600,15.649999618530273,16.540000915527344,16.56999969482422,15.1899995803833,-0.1082620912323472,14.1894419934114,72.81746031746032,0.0
2024-08-30,33.801231384277344,33.92932338673983,32.604073508626215,33.559830261646006,92946800,15.0,15.670000076293945,16.040000915527344,14.779999732971191,-0.05422444358724665,11.755897936496574,67.85714285714286,0.0
2024-09-03,30.71718978881836,33.16569779977463,30.19497411953454,33.13613955696321,147572600,20.719999313354492,15.760000228881836,21.989999771118164,15.710000038146973,0.28297212401049654,33.17109563468168,96.82539682539682,0.0
2024-09-04,30.45608139038086,31.219700011409365,29.879673114161175,30.071809206234402,96798400,21.31999969482422,23.200000762939453,23.309999465942383,19.34000015258789,0.38172386734643937,35.417446741431256,97.22222222222221,0.0
2024-09-05,30.554615020751953,31.392133054663827,29.914160716938998,30.121075942137747,110171600,19.899999618530273,20.75,21.530000686645508,19.209999084472656,0.16306247274420071,30.101085549870366,94.04761904761905,0.0
2024-09-06,28.076547622680664,30.529981386332516,27.943529891722925,30.3526244117222,169904600,22.3799991607666,21.979999542236328,23.760000228881836,18.829999923706055,0.4300319301137694,39.38599584075174,98.01587301587301,0.0
2024-09-09,29.120981216430664,29.308191567514122,28.24897733296965,28.854945751102427,110835000,19.450000762939453,21.31999969482422,21.40999984741211,19.290000915527344,0.29666671752929696,28.41632757552317,92.46031746031747,0.0
2024-09-10,29.904308319091797,30.012691682780588,28.672664664099045,29.451062476798146,91582400,19.079999923706055,19.860000610351562,20.739999771118164,18.899999618530273,-0.0791505523164483,27.031075465059047,90.87301587301587,0.0
2024-09-11,31.810888290405273,31.998096750003715,28.460818333345735,30.140779998654846,163475200,17.690000534057617,19.40999984741211,21.40999984741211,17.549999237060547,-0.17026262723858498,21.827034328169294,83.92857142857143,0.0
2024-09-12,32.751869201660156,32.95385680332407,31.475884441056845,31.840449904652896,109802600,17.06999969482422,17.6200008392334,18.59000015258789,16.889999389648438,-0.14221105416860635,19.505803184972294,79.36507936507937,0.0
2024-09-13,33.180477142333984,33.436661110666755,32.540024738857866,32.589289730097896,87966600,16.559999465942383,17.030000686645508,17.18000030517578,16.229999542236328,-0.2600536154186729,17.59640510128282,76.5873015873016,0.0
2024-09-16,32.737083435058594,32.86517541426064,32.03751081400036,32.72230431412716,82331000,17.139999389648438,17.15999984741211,17.690000534057617,16.90999984741211,-0.11876613278558601,19.76787617158497,79.76190476190477,0.0
2024-09-17,32.75679397583008,33.628799798542474,32.25428501258087,33.352909060721835,103114400,17.610000610351562,17.15999984741211,18.079999923706055,16.670000076293945,-0.07704398947759339,21.527521323332905,83.13492063492063,0.0
2024-09-18,32.32817840576172,33.8751222675985,32.21486555532511,33.01789572606283,166396200,18.229999542236328,17.579999923706055,19.389999389648438,17.110000610351562,0.03052566375784327,23.848745325576594,87.3015873015873,0.0
2024-09-19,34.771766662597656,35.37280940379674,34.19535829945232,34.63382316632476,114801400,16.329999923706055,17.209999084472656,17.270000457763672,16.209999084472656,-0.04335089539237302,16.735306104997363,73.4126984126984,0.0
2024-09-20,34.55006790161133,34.82103102051263,33.65343143362652,34.559923156123176,96759600,16.149999618530273,16.350000381469727,16.68000030517578,15.8100004196167,-0.024758445690491904,16.061400058877158,72.02380952380952,0.0
2024-09-23,34.806251525878906,35.05258026454942,34.50573016400662,34.7914724029472,69837000,15.890000343322754,16.709999084472656,16.950000762939453,15.75,-0.07292876842694695,15.087984578397224,70.23809523809523,0.0
2024-09-24,35.29890441894531,35.51567112492261,34.18056998575964,35.11661982287829,81259600,15.390000343322754,15.869999885559082,16.670000076293945,15.270000457763672,-0.1260647467396362,13.216026512931464,66.07142857142857,0.0
2024-09-25,35.42247009277344,35.827750062189985,35.12098092117033,35.16052135008483,64724800,15.40999984741211,15.819999694824219,15.819999694824219,15.170000076293945,-0.154690058455058,13.290902978902233,66.66666666666666,0.0
2024-09-26,36.17372131347656,37.10289872086478,35.37798813338807,37.0287613631282,107003200,15.369999885559082,15.0600004196167,15.829999923706055,14.899999618530273,-0.05878751026528495,13.141146476484037,65.67460317460318,0.0
2024-09-27,35.550968170166016,36.4060118795458,35.28407597944832,36.386241668664994,82930600,16.959999084472656,15.640000343322754,16.969999313354492,15.199999809265137,0.05015476687770337,19.093970125464764,78.96825396825396,0.0
2024-09-30,35.82775115966797,35.89200530131799,34.6860485779646,35.31868037684409,85862800,16.729999542236328,17.010000228881836,17.790000915527344,16.469999313354492,0.05286338456666906,18.23287112917931,78.17460317460318,0.0
2024-10-01,34.310420989990234,35.79809663388036,33.46032062205302,35.72395927234484,134760200,19.260000228881836,16.959999084472656,20.729999542236328,16.610000610351562,0.25146197525837977,27.70498151117925,91.66666666666666,0.0
2024-10-02,34.43892288208008,34.86397303375522,33.54434242765759,34.107780299267425,79119400,18.899999618530273,19.649999618530273,20.360000610351562,18.579999923706055,0.22647630147149278,26.35716941893884,89.68253968253968,0.0
2024-10-03,34.35983657836914,34.99741170471787,33.801342291311094,33.9693871894128,97749400,20.489999771118164,19.6299991607666,20.75,19.15999984741211,0.33311645567216885,32.30999663839623,94.84126984126983,0.0
2024-10-04,35.570743560791016,35.664651133453965,34.488347924838756,35.58557027841512,110700400,19.209999084472656,20.479999542236328,20.479999542236328,18.479999542236328,0.13266510150109245,27.51778142006069,90.47619047619048,0.0
2024-10-07,34.39937973022461,35.37798445487275,34.1324875325933,35.11603575278524,82403400,22.639999389648438,20.760000228881836,23.030000686645508,20.649999618530273,0.353257621585213,40.35941489170833,98.01587301587301,0.0
2024-10-08,35.89199447631836,36.06992258743809,34.750288468169735,34.923276855100795,77914000,21.420000076293945,22.920000076293945,23.139999389648438,21.139999389648438,0.11214952345499074,35.79183978271507,96.82539682539682,0.0
2024-10-09,36.756927490234375,36.885428214756224,35.61522129067594,35.842573077271275,78696200,20.860000610351562,21.979999542236328,22.010000228881836,20.709999084472656,0.10370375827413403,33.695248748860344,95.23809523809523,0.0
2024-10-10,36.628421783447266,37.04358491807705,35.94142295058441,36.23796858543173,86060600,20.93000030517578,20.90999984741211,21.389999389648438,20.639999389648438,0.02147391600647186,33.95732173547302,95.23809523809523,0.0
2024-10-11,36.72233200073242,36.969454009429725,36.03038962222345,36.16383384777565,70735200,20.459999084472656,20.8700008392334,21.15999984741211,20.139999389648438,0.0650702789991473,32.19767658372509,92.85714285714286,0.0
2024-10-14,37.66139221191406,37.9678248568832,37.172091695777475,37.28576947769939,67691200,19.700000762939453,20.860000610351562,20.860000610351562,19.690000534057617,-0.12985860008694272,29.35230660825605,90.47619047619048,0.0
2024-10-15,36.15888977050781,37.88380012778692,35.65475882180388,37.73552543210173,106307600,20.639999389648438,19.610000610351562,20.889999389648438,19.440000534057617,-0.03641459775290823,32.87158262984529,93.25396825396825,0.0
2024-10-16,36.13912582397461,36.32199370679783,35.42246969831545,36.198432695903094,70784200,19.579999923706055,20.770000457763672,21.010000228881836,19.450000762939453,-0.06136148845606071,28.90303353052481,89.68253968253968,0.0
2024-10-17,36.24785614013672,37.36484872809735,36.203375986443106,37.35496550642637,97697800,19.110000610351562,19.549999237060547,19.649999618530273,18.8799991607666,-0.0869565058904539,27.143395519730184,87.3015873015873,0.0
2024-10-18,36.89037322998047,37.14243873517176,36.63830772478918,36.80140915584135,64151600,18.030000686645508,19.299999237060547,19.31999969482422,17.989999771118164,-0.11876825545272407,23.099966383962276,82.53968253968253,0.0
2024-10-21,37.093017578125,37.27588546390232,36.16877984422014,36.60371325211385,74995800,18.3700008392334,18.780000686645508,19.34000015258789,18.360000610351562,-0.06751268386791698,24.372898439755257,84.92063492063492,0.0
2024-10-22,37.20174789428711,37.537833998304734,36.30716737260347,36.48015203552809,76308000,18.200000762939453,18.790000915527344,19.440000534057617,18.049999237060547,-0.11821699122397822,23.736432411858768,84.12698412698413,0.0
2024-10-23,35.481773376464844,36.806347304092924,34.73546396133125,36.65807261181031,118172200,19.239999771118164,18.209999084472656,20.469999313354492,18.18000030517578,-0.017364665674806434,27.630101474731827,89.68253968253968,0.0
2024-10-24,36.32693099975586,36.47520569582283,35.70418255536961,36.287390578033715,78612800,19.079999923706055,18.8700008392334,20.239999771118164,18.6299991607666,-0.0015698945937896447,27.031075465059047,87.89682539682539,0.0
2024-10-25,36.939796447753906,38.05678897210494,36.76681179749176,36.92002623475501,114826000,20.329999923706055,19.219999313354492,20.510000228881836,18.229999542236328,0.12756512198938053,31.71097062872345,92.46031746031747,0.0
2024-10-28,36.974395751953125,37.65645494647151,36.900262161925305,37.65645494647151,69162200,19.799999237060547,19.110000610351562,19.8799991607666,18.90999984741211,0.07784422060411966,29.72669250858655,92.06349206349206,0.0
2024-10-29,37.997474670410156,38.28413707508802,36.60865033545828,37.03370044700622,78545200,19.34000015258789,19.75,20.530000686645508,19.059999465942383,0.06263732647582132,28.004494516015644,90.47619047619048,0.0
2024-10-30,37.15231704711914,38.046901166303705,37.03864304955153,37.834376115653264,80473200,20.350000381469727,19.329999923706055,20.440000534057617,19.299999237060547,0.05769234010167823,31.785850665170873,93.25396825396825,0.0
2024-10-31,34.32524871826172,36.24291809886462,34.31536549613147,36.23303110595141,138905200,23.15999984741211,21.440000534057617,23.420000076293945,21.1200008392334,0.21383647484384083,42.30625299362153,98.01587301587301,0.0
2024-11-01,35.056724548339844,35.76349356831589,34.58225079497429,34.63661793272493,96678800,21.8799991607666,22.959999084472656,23.09000015258789,21.15999984741211,0.0762419696447294,37.51403777528598,96.82539682539682,0.0
2024-11-04,34.73052978515625,35.4669561781051,34.35490699993978,34.91340145193646,82214400,21.979999542236328,22.5,23.06999969482422,21.729999542236328,0.11010102975637381,37.888430816569795,96.82539682539682,0.0
2024-11-05,36.0501594543457,36.198430395527225,35.05178443812364,35.066611155163535,79352600,20.489999771118164,21.979999542236328,22.059999465942383,20.200000762939453,0.05946223420150232,32.30999663839623,93.05555555555556,0.0
2024-11-06,38.97608184814453,39.1540099884672,37.6564512830701,37.88874656464594,118794200,16.270000457763672,16.059999465942383,16.81999969482422,15.4399995803833,-0.20049139298401264,16.5106731366084,73.21428571428571,0.0
2024-11-07,40.799842834472656,40.98765419296847,39.58894279793792,39.61860000143481,99545200,15.199999809265137,15.859999656677246,15.859999656677246,15.130000114440918,-0.3436960315453724,12.504680448587546,62.698412698412696,0.0
2024-11-08,40.8986930847168,41.076621235448876,40.4835299135304,40.63674435468976,70060000,14.9399995803833,15.130000114440918,15.329999923706055,14.65999984741211,-0.31718463649795436,11.531261397630953,60.71428571428571,0.0
2024-11-11,40.824554443359375,41.234777876360965,40.12272885463686,41.185354229551955,70806000,14.970000267028809,15.329999923706055,15.5600004196167,14.890000343322754,-0.3189262703002903,11.643581452302092,61.111111111111114,0.0
2024-11-12,40.60214614868164,41.007426085781084,39.860780134174185,40.79490101079097,68286000,14.710000038146973,15.09000015258789,15.369999885559082,14.6899995803833,-0.28208881393539276,10.670162401345499,57.53968253968254,0.0
2024-11-13,40.424217224121094,41.06673216183641,39.8756060823007,40.45881415329974,74989000,14.020000457763672,15.09000015258789,15.260000228881836,13.770000457763672,-0.1382913298521975,8.086861842012476,48.01587301587302,0.0
2024-11-14,39.56917190551758,40.54283315124808,39.351707118046335,40.32536459299451,77651400,14.3100004196167,14.170000076293945,14.319999694824219,13.59000015258789,-0.05855259215897746,9.172597377163552,50.79365079365079,0.0
2024-11-15,36.70750045776367,38.2791965387386,36.22314344627585,38.19023246733313,120601600,16.139999389648438,15.020000457763672,17.549999237060547,14.5600004196167,0.08032127462980498,16.02396004065345,71.42857142857143,0.0
2024-11-18,37.4488639831543,37.92828123783262,36.72726823876608,37.03370085793734,77551200,15.579999923706055,16.600000381469727,17.0,15.350000381469727,0.040748139331751476,13.927369006798724,66.66666666666666,0.0
2024-11-19,38.20011901855469,38.32862351372137,36.781637388274525,36.845891521249094,80088200,16.350000381469727,15.4399995803833,17.93000030517578,15.369999885559082,0.11148880619101242,16.81018614144479,74.0079365079365,0.0
2024-11-20,38.155635833740234,38.200119755179074,36.62842366201967,38.13092589585868,101260600,17.15999984741211,16.190000534057617,18.790000915527344,16.040000915527344,0.22396571234843576,19.842756208032394,78.57142857142857,0.0
2024-11-21,38.53126907348633,38.98597273447966,36.85083840157272,38.82287504943376,109865600,16.8700008392334,17.100000381469727,17.989999771118164,15.729999542236328,0.17889590108658227,18.757024243357975,76.19047619047619,0.0
2024-11-22,38.67459487915039,38.8525230294583,37.997479208768496,38.37310572283881,79934800,15.239999771118164,16.670000076293945,17.559999465942383,15.239999771118164,-0.05576206025803809,12.65443695100574,61.904761904761905,0.0
2024-11-25,38.85251998901367,39.96951245169463,38.323679075534244,39.61859967459915,91515800,14.600000381469727,15.229999542236328,15.720000267028809,14.539999961853027,-0.06290112625387057,10.258332912314627,53.57142857142857,0.0
2024-11-26,39.455501556396484,39.66308314262237,38.99091096464865,39.18860932948492,69747200,14.100000381469727,14.949999809265137,15.029999732971191,13.880000114440918,-0.1376146756883283,8.386374846848867,46.42857142857143,0.0
2024-11-27,38.50160598754883,39.19848802390616,37.72564310607683,39.188604803657945,78463600,14.100000381469727,14.279999732971191,15.130000114440918,13.960000038146973,-0.17832164878508783,8.386374846848867,46.230158730158735,0.0
2024-11-29,39.48515319824219,39.6235409161083,38.47689497706878,38.61528269493488,40865800,13.510000228881836,14.0,14.149999618530273,13.489999771118164,-0.1991701507528939,6.177463758323004,38.095238095238095,0.0
2024-12-02,40.7652473449707,40.99753886073766,39.68285176329653,39.776759331250375,73638200,13.34000015258789,14.079999923706055,14.100000381469727,13.300000190734863,-0.1246718928520607,5.540997730426513,34.523809523809526,0.0
2024-12-03,41.12603759765625,41.18534822765331,40.29570763160742,40.4291556064053,84810800,13.300000190734863,13.380000114440918,13.770000457763672,13.1899995803833,-0.08904110662797105,5.391241228008319,33.13492063492063,0.0
2024-12-04,42.6285400390625,42.68785066964186,41.76855663496299,41.94648475591903,69992600,13.449999809265137,13.15999984741211,13.609999656677246,12.890000343322754,-0.04609933011482914,5.952827219457384,36.30952380952381,0.0
2024-12-05,42.27762985229492,42.82129746778754,42.178778795343916,42.6285426202109,54020400,13.539999961853027,13.460000038146973,13.699999809265137,13.260000228881836,-0.03971634074227781,6.289780242517486,38.095238095238095,0.0
2024-12-06,43.36497116088867,43.429225299607616,42.366599855846296,42.396253291696404,62740600,12.770000457763672,13.619999885559082,13.739999771118164,12.699999809265137,-0.05477422343311167,3.4069666783480757,18.055555555555554,0.0
2024-12-09,42.35177230834961,43.32543365470609,42.0502831471697,43.12279179161221,69577600,14.1899995803833,13.359999656677246,14.229999542236328,13.350000381469727,0.06371809730680655,8.723324299432313,47.22222222222222,0.0
2024-12-10,41.89212417602539,43.058540364470524,41.541211374444906,42.62854670974268,71541600,14.180000305175781,14.300000190734863,14.539999961853027,13.859999656677246,0.06616542118953883,8.685887851685257,46.82539682539682,0.0
2024-12-11,44.13105010986328,44.294151545559295,42.84107288350883,42.93992018168554,74897800,13.579999923706055,14.420000076293945,14.430000305175781,13.520000457763672,0.009665436154977947,6.4395367449356815,37.301587301587304,0.0
2024-12-12,43.2562370300293,43.87404208443363,43.137619515402854,43.557726198241234,66348400,13.920000076293945,13.729999542236328,13.949999809265137,13.390000343322754,0.028065001145606505,7.712468800728662,43.25396825396825,0.0
2024-12-13,44.1854133605957,44.862525212069265,43.419333669508916,44.19529658122918,79663600,13.8100004196167,13.569999694824219,14.25,13.239999771118164,0.0814408711489707,7.3006393116977915,40.476190476190474,0.0
2024-12-16,46.1080207824707,46.35514276944668,44.813100213234996,44.8378139202455,69967600,14.6899995803833,14.369999885559082,14.6899995803833,13.989999771118164,0.03523608278968626,10.595282364898074,55.158730158730165,0.0
2024-12-17,45.49021911621094,45.92021276223496,45.060225470186914,45.63355033155228,69168200,15.869999885559082,14.979999542236328,15.9399995803833,14.779999732971191,0.1191819142462529,15.013104541949799,67.85714285714286,0.0
2024-12-18,40.57249069213867,45.75216979582148,40.17709772983437,45.29746619231931,134849200,27.6200008392334,15.569999694824219,28.31999969482422,14.819999694824219,1.0338734163774395,59.00412265087183,98.80952380952381,0.0
2024-12-19,39.99916458129883,41.77844211640079,39.910200516004615,41.64993762857977,113317600,24.09000015258789,21.610000610351562,24.1200008392334,20.15999984741211,0.7306034497523941,45.788096137940364,98.4126984126984,0.0
2024-12-20,41.03708267211914,42.43579423192465,38.798157739640914,39.0749331996681,145241000,18.360000610351562,24.139999389648438,26.510000228881836,17.81999969482422,0.3294714013383897,24.335458421531545,82.53968253968253,0.0
2024-12-23,42.18009567260742,42.26935537530355,40.57838473068245,41.3817182716346,83645800,16.780000686645508,18.09000015258789,20.020000457763672,16.739999771118164,0.14227373491917228,18.420071220297874,74.60317460317461,0.0
2024-12-24,43.85619354248047,43.876029452078114,42.46771013714832,42.62143370738897,48139600,14.270000457763672,16.969999313354492,17.040000915527344,14.270000457763672,-0.10081912031085338,9.022840874745357,45.23809523809524,0.0
2024-12-26,43.7619743347168,44.17356095033587,42.93880110347865,43.449567268031025,59062000,14.729999542236328,14.989999771118164,15.930000305175781,14.550000190734863,-0.4666908365436109,10.745038867316268,53.96825396825397,0.0
2024-12-27,41.98174285888672,42.93879994286186,40.80153085001519,42.829708116953356,102139000,15.949999809265137,15.380000114440918,18.450000762939453,15.289999961853027,-0.337899555490385,15.312617546786186,67.46031746031747,0.0
2024-12-30,40.29573059082031,41.188323855618194,39.378341492286495,40.26597483367458,102844000,17.399999618530273,17.209999084472656,19.219999313354492,16.440000534057617,-0.052287633981887294,20.741295222541563,77.77777777777779,0.0
2024-12-31,39.23948669433594,40.74202555803422,39.016339343445836,40.563506163997054,105177600,17.350000381469727,17.389999389648438,17.809999465942383,16.68000030517578,0.03396899115015284,20.554102272376312,77.38095238095238,0.0
2025-01-02,38.99154281616211,40.46928582192232,37.95018222506774,39.938687572254885,141370600,17.93000030517578,17.209999084472656,19.5,16.959999084472656,0.2564821114228393,22.72557334267846,79.36507936507937,0.0
2025-01-03,40.86104202270508,41.113945157829875,39.482478371729385,39.665953926967646,92431600,16.1299991607666,17.65999984741211,17.940000534057617,16.110000610351562,0.09504410468689839,15.986520022429735,67.06349206349206,0.0
2025-01-06,42.25448226928711,43.06773571226443,41.66933613023629,42.13547058535007,92050000,16.040000915527344,16.770000457763672,16.8700008392334,15.710000038146973,0.0056427026544494385,15.649574140322947,66.66666666666666,0.0
2025-01-07,39.978363037109375,42.5916827074537,39.52710459591005,42.50738292722295,111021000,17.81999969482422,16.479999542236328,18.899999618530273,15.789999961853027,0.02413793594838154,22.313740283170933,78.96825396825396,0.0
2025-01-08,40.008113861083984,40.370112588311294,38.89732941334859,39.94860613264154,96021200,17.700000762939453,17.90999984741211,19.5,17.3700008392334,0.020172932206015126,21.864474346393006,78.57142857142857,0.0
2025-01-10,38.09895706176758,39.08577004312715,37.30553949425954,39.07585397873291,145651600,19.540000915527344,18.290000915527344,20.309999465942383,18.049999237060547,0.08979367445335784,28.75328059858327,88.4920634920635,0.0
2025-01-13,37.70224380493164,37.78654358810767,36.368308128092245,36.72039081465213,113382000,19.190000534057617,21.18000030517578,22.040000915527344,19.149999618530273,0.18970871249230647,27.442908524566572,85.71428571428571,0.0
2025-01-14,37.568355560302734,38.708892035724645,36.789814046290346,38.4212807926349,125271000,18.709999084472656,18.790000915527344,19.65999984741211,18.239999771118164,0.1664587292112092,25.645823354594928,83.53174603174604,0.0
2025-01-15,40.1072883605957,40.399863287071746,38.97666803902786,39.328746908757296,106919200,16.1200008392334,19.079999923706055,19.139999389648438,15.960000038146973,-0.09539836614501074,15.949087145159336,64.68253968253968,0.0
2025-01-16,39.28908157348633,40.68748108570166,39.27420180333798,40.667645175483564,93055400,16.600000381469727,15.869999885559082,16.600000381469727,15.640000343322754,-0.06214691152855345,17.74616517417767,70.43650793650794,0.0
2025-01-17,41.22799301147461,41.62470362572963,40.5833392091384,41.50073203168903,87352200,15.970000267028809,16.190000534057617,16.229999542236328,15.529999732971191,-0.18270217406497946,15.387497583233614,62.89682539682539,0.0
2025-01-21,41.912315368652344,42.22472621083136,40.826326764034036,41.87760347322277,83451800,15.0600004196167,16.290000915527344,16.290000915527344,14.930000305175781,-0.21521625844205505,11.980534475362195,52.38095238095239,0.0
2025-01-22,43.5388298034668,44.089264040096054,42.99831163071963,43.0627755042362,86265400,15.100000381469727,14.890000343322754,15.289999961853027,14.59000015258789,-0.1929448893452299,12.130290977780387,52.38095238095239,0.0
2025-01-23,43.806602478027344,43.82643838789722,42.78011778796733,42.914009233760744,60481000,15.020000457763672,15.279999732971191,15.390000343322754,14.59000015258789,-0.06823823351128544,11.830777972944,51.19047619047619,0.0
2025-01-24,43.01814270019531,44.04958726025269,42.651187844846866,43.85123195511662,72479200,14.850000381469727,15.020000457763672,15.15999984741211,14.579999923706055,-0.1054216843243867,11.194311945047508,48.41269841269841,0.0
2025-01-27,39.244449615478516,40.18167461411865,38.272512719974415,38.47086803775981,161821600,17.899999618530273,18.829999923706055,22.510000228881836,17.56999969482422,0.120851554115881,22.613253288007325,77.77777777777779,0.0
2025-01-28,40.98501205444336,41.24287131991081,38.67913951877676,39.462640945229154,101033400,16.40999984741211,18.290000915527344,18.389999389648438,16.25,0.0896413937702778,17.034819109833755,68.65079365079364,0.0
2025-01-29,40.732112884521484,41.14865947172802,39.799847716298686,41.11394757140359,118481200,16.559999465942383,16.420000076293945,18.079999923706055,16.170000076293945,0.09668867864826836,17.59640510128282,69.24603174603175,0.0
2025-01-30,41.24287033081055,41.94702809973145,40.09737397550169,41.39163776179403,115171000,15.84000015258789,15.930000305175781,16.420000076293945,15.319999694824219,0.05459385285174001,14.900788057755316,58.333333333333336,0.0
2025-01-31,41.01972198486328,43.18674304551308,40.75194288549645,42.11067050822786,118146600,16.43000030517578,15.449999809265137,17.09000015258789,14.899999618530273,0.10639729852651225,17.10969914628118,68.25396825396825,0.0
2025-02-03,40.027950286865234,40.65772434192446,38.351851855589686,38.941957874488516,153257000,18.6200008392334,20.360000610351562,20.420000076293945,17.65999984741211,0.04022353274006618,25.30887747248814,82.93650793650794,0.0
2025-02-04,41.480899810791016,41.62470732666184,40.032912371648635,40.122172078626626,84634600,17.209999084472656,18.780000686645508,19.110000610351562,16.780000686645508,0.048750715691609825,20.029949158197642,73.4126984126984,0.0
2025-02-05,42.02140808105469,42.06107989689996,40.543668882287754,40.836240011693334,79694800,15.770000457763672,17.540000915527344,17.75,15.770000457763672,-0.0477052556555595,14.638715071142641,56.34920634920635,0.0
2025-02-06,42.65119171142578,42.71069566004204,41.74867858538569,42.130509461154794,76431000,15.5,15.880000114440918,16.149999618530273,14.989999771118164,-0.021464655890949702,13.627856001962336,54.36507936507936,0.0
2025-02-07,41.024681091308594,43.23633384948154,40.836241849220535,42.77515937363814,110870400,16.540000915527344,15.380000114440918,16.65999984741211,14.789999961853027,0.006695107018160451,17.521532205788706,67.85714285714286,0.0
2025-02-10,42.467708587646484,42.7454037452556,41.90239842633492,42.01645395653168,65594200,15.8100004196167,16.579999923706055,16.610000610351562,15.699999809265137,-0.1509130125115714,14.788471573560836,56.34920634920635,0.0
2025-02-11,42.165218353271484,42.64126882483266,41.659415909523005,41.68916788171031,62602800,16.020000457763672,16.1299991607666,16.420000076293945,15.75,-0.06914576932096617,15.574694103875519,60.317460317460316,0.0
2025-02-12,42.24951934814453,42.452834586120694,40.712272280035336,40.80153198248364,96986600,15.890000343322754,15.90999984741211,17.18000030517578,15.640000343322754,0.007609377430297215,15.087984578397224,58.13492063492064,0.0
2025-02-13,44.029754638671875,44.11405442007188,42.43795972232588,42.63631504227118,92920200,15.100000381469727,15.970000267028809,16.329999923706055,14.979999542236328,-0.025806427001953125,12.130290977780387,47.023809523809526,0.0
2025-02-14,44.545475006103516,44.719034484711315,43.93553308606709,44.039668773231774,76057400,14.770000457763672,15.079999923706055,15.420000076293945,14.739999771118164,-0.10701332284099452,10.89479894021112,42.46031746031746,0.0
2025-02-18,44.82316970825195,45.00168910820573,44.00991634549045,44.94218138045019,68825200,15.350000381469727,15.569999694824219,16.030000686645508,15.350000381469727,-0.029095510812018333,13.066270010513268,50.0,0.0
2025-02-19,44.82813262939453,45.18517145318002,44.09421907124514,44.629777306923366,68515800,15.270000457763672,15.140000343322754,15.960000038146973,15.050000190734863,-0.04681647806299105,12.76675700567688,49.2063492063492,0.0
2025-02-20,44.28265380859375,44.743828278342825,43.08756585563167,44.65456858151034,80266000,15.65999984741211,15.609999656677246,16.6299991607666,15.119999885559082,-0.014474543168106035,14.226882011635112,54.36507936507936,0.0
2025-02-21,41.510650634765625,44.525640894327836,41.391638956531416,44.51572104754238,118627200,18.209999084472656,15.630000114440918,19.030000686645508,15.279999732971191,0.20596017380366605,23.773865289129166,79.96031746031747,0.0
2025-02-24,40.01803207397461,42.17514100031225,39.91885630455561,41.90240195944036,106467400,18.979999542236328,18.079999923706055,20.239999771118164,17.309999465942383,0.28503716682417046,26.656682423775237,84.12698412698413,0.0
2025-02-25,38.49070739746094,39.859351267882595,37.57827436719982,39.83455921550815,151194400,19.43000030517578,19.09000015258789,21.479999542236328,18.850000381469727,0.2657980340268502,28.34144753907574,87.6984126984127,0.0
2025-02-26,38.7386474609375,39.8940599134555,38.029529747885945,38.96675475406634,126351400,19.100000381469727,18.959999084472656,20.059999465942383,17.829999923706055,0.2508185860439043,27.10595550150647,84.52380952380952,0.0
2025-02-27,35.525299072265625,39.75520918257152,35.4459592207721,39.532061830476195,206751000,21.1299991607666,18.25,21.469999313354492,17.670000076293945,0.34929753299189437,34.70610067708734,94.44444444444444,0.0
2025-02-28,37.15180587768555,37.27577747000296,34.75171766641066,35.43603949401016,186358000,19.6299991607666,21.209999084472656,22.399999618530273,19.049999237060547,0.07797914045502363,29.090226480690056,88.4920634920635,0.0
2025-03-03,34.7517204284668,38.208049302314116,33.93846702089249,37.87084639307747,183891600,22.780000686645508,19.829999923706055,24.309999465942383,19.25,0.20021081328021162,40.883568005887,96.82539682539682,0.0
2025-03-04,34.3698844909668,36.08565094690474,32.73346167344381,34.097149246369426,261673800,23.510000228881836,22.959999084472656,26.350000381469727,21.709999084472656,0.2099845527341151,43.61662506763822,97.61904761904762,0.0
2025-03-05,35.70878219604492,36.04598511328451,33.46737345694848,34.48890205573164,201266600,21.93000030517578,23.030000686645508,24.84000015258789,21.3700008392334,0.14816753231333113,37.70123786640455,94.84126984126983,0.0
2025-03-06,32.74833679199219,34.95998957947642,32.316914281997526,33.913669021312174,245645400,24.8700008392334,22.600000381469727,25.920000076293945,22.389999389648438,0.17699961320448576,48.708353290810145,98.4126984126984,0.0
2025-03-07,33.427703857421875,33.72523493913428,31.18629522300825,32.51031099578191,270354600,23.3700008392334,24.850000381469727,26.559999465942383,23.09000015258789,0.1905248007316136,43.092479094412866,96.42857142857143,0.0
2025-03-10,29.658967971801758,31.830951058458208,28.701907013392578,31.73673142637593,312271600,27.860000610351562,24.700000762939453,29.559999465942383,24.68000030517578,0.2230026238183629,59.902661665381,99.60317460317461,0.0
2025-03-11,29.311845779418945,30.670573473370023,28.449002600117453,29.45565329124528,278978600,26.920000076293945,27.940000534057617,29.56999969482422,26.18000030517578,0.14504465394359944,56.38337850283845,98.01587301587301,0.0
2025-03-12,30.313535690307617,31.07224126518015,29.336638892167663,30.715202457401798,283837200,24.229999542236328,26.8799991607666,26.90999984741211,23.889999389648438,0.10487912471746363,46.312242111165716,97.22222222222221,0.0
2025-03-13,28.657276153564453,30.174687360981352,28.285361345212227,30.149893418755845,242454600,24.65999984741211,24.920000076293945,26.1299991607666,23.459999084472656,-0.008443947918570394,47.922127190018806,97.22222222222221,0.0
2025-03-14,30.69040870666504,30.859010156756444,29.505240524400378,29.60937621343012,198217000,21.770000457763672,24.350000381469727,24.360000610351562,21.479999542236328,-0.0684638563976282,37.10221185673177,91.66666666666666,0.0
2025-03-17,31.28547477722168,31.875578944772634,30.323455789157705,30.685452654124923,180300800,20.510000228881836,22.889999389648438,22.950000762939453,20.31999969482422,-0.2638191033900691,32.38487667484365,88.09523809523809,0.0
2025-03-18,29.708555221557617,30.63586229339284,29.26225668877245,30.630904261542586,175652400,21.700000762939453,20.829999923706055,22.56999969482422,20.40999984741211,-0.19390784912929038,36.84013887011909,91.26984126984127,0.0
2025-03-19,30.863971710205078,31.692101126214634,29.723431427292493,30.09038821157557,185186400,19.899999618530273,21.84000015258789,22.100000381469727,19.420000076293945,-0.1787040860714112,30.101085549870366,84.72222222222221,0.0
2025-03-20,30.546602249145508,31.553252952708817,29.936662188852996,30.08046970245583,176818200,19.799999237060547,19.520000457763672,21.170000076293945,19.299999237060547,-0.19708031794094216,29.72669250858655,83.92857142857143,0.0
2025-03-21,30.834217071533203,30.953228750398665,29.292010036448985,29.520117330654898,160982000,19.280000686645508,20.020000457763672,21.139999389648438,19.149999618530273,-0.11437757091227685,27.779861547626677,80.55555555555556,0.0
2025-03-24,32.792964935302734,32.99132024389208,32.14335498840263,32.2623666602311,126823000,17.479999542236328,19.1299991607666,19.139999389648438,17.459999084472656,-0.1477328450917671,21.04080822737795,66.26984126984127,0.0
2025-03-25,33.378108978271484,33.407864731897696,32.7731270264774,32.966526183453674,111139400,17.149999618530273,17.579999923706055,17.770000457763672,17.020000457763672,-0.20967746472064375,19.805316189808682,63.888888888888886,0.0
2025-03-26,31.52200698852539,33.3174368134456,31.21364897998481,33.14336527413841,157006400,18.329999923706055,17.229999542236328,19.06999969482422,16.969999313354492,-0.07889445853869681,24.223138366860404,72.61904761904762,0.0
2025-03-27,30.984867095947266,31.944753482483897,30.711325306671352,31.134071535803454,144736000,18.690000534057617,18.360000610351562,19.280000686645508,17.950000762939453,-0.05606054271584493,25.570950459100818,75.0,0.0
2025-03-28,28.51801300048828,30.741165295308374,28.333994264499836,30.60688073751012,207264200,21.649999618530273,19.079999923706055,22.18000030517578,18.920000076293945,0.12292525142524346,36.65293877900053,90.87301587301587,0.0
2025-03-31,28.49812126159668,28.66224748015102,26.379413576471073,27.214960750186442,213709000,22.280000686645508,24.110000610351562,24.799999237060547,21.670000076293945,0.27459961499490326,39.011609940421245,92.85714285714286,0.0
2025-04-01,29.15462303161621,29.338643686577267,27.66257474283204,28.18976582120795,194196400,21.770000457763672,22.059999465942383,23.520000457763672,21.579999923706055,0.2693878100289617,37.10221185673177,91.07142857142857,0.0
2025-04-02,29.806150436401367,30.43778441780706,27.896328616928525,27.946062799272696,246174800,21.510000228881836,22.299999237060547,23.65999984741211,20.68000030517578,0.17348610575077572,36.12879280577517,89.68253968253968,0.0
2025-04-03,25.01667594909668,26.7723207270862,24.922180240403904,26.076030766203882,280231400,30.020000457763672,26.3799991607666,30.020000457763672,24.93000030517578,0.6062065061507145,67.98951993691682,99.60317460317461,0.0
2025-04-04,20.436086654663086,23.26600402065305,20.40624500804784,22.87309944169117,516053400,45.310001373291016,30.1200008392334,45.61000061035156,29.989999771118164,1.0928407469582635,100.0,100.0,0.0
2025-04-07,20.51566505432129,23.290875928707166,17.4072309551817,18.277592502940784,791455200,46.97999954223633,60.130001068115234,60.130001068115234,38.58000183105469,1.1086175087236798,100.0,100.0,0.0
2025-04-08,19.346891403198242,23.280924874775057,18.45166101240722,22.574687777288506,502295400,52.33000183105469,44.040000915527344,57.52000045776367,36.47999954223633,1.4037666849195052,100.0,100.0,0.0
2025-04-09,26.165552139282227,26.563431278340342,19.26234196198367,19.277261836811665,713864000,33.619998931884766,50.97999954223633,57.959999084472656,31.899999618530273,0.5629938900113367,53.768218695536206,98.4126984126984,0.0
2025-04-10,22.94770050048828,24.53921892442964,20.674813944974435,24.21096840364227,563385400,40.720001220703125,34.439998626708984,54.869998931884766,34.439998626708984,0.35642906728111834,71.31208305765267,98.80952380952381,0.0
2025-04-11,24.16123390197754,24.404934036843258,22.191728906236857,22.713945378186445,358585800,37.560001373291016,40.79999923706055,46.119998931884766,36.849998474121094,-0.17104391448040013,63.50383082728144,98.01587301587301,0.0
2025-04-14,24.66853141784668,25.887037922959856,23.90758738322046,25.812436645445302,294861400,30.889999389648438,34.7599983215332,35.16999816894531,29.75,-0.3424861709102941,47.02248260569542,97.22222222222221,0.0
2025-04-15,24.76302719116211,25.469262431620344,24.464616411496205,24.847575678863134,209340200,30.1200008392334,30.010000228881836,31.450000762939453,28.290000915527344,-0.4244219418054941,45.11984235601798,96.82539682539682,0.0
2025-04-16,22.524953842163086,23.877742863637362,21.465599133106217,23.290872341565226,269148800,32.63999938964844,33.2400016784668,34.959999084472656,29.479999542236328,-0.029149303193668707,51.34667313195136,97.22222222222221,0.0
2025-04-17,22.460298538208008,23.02230388418049,22.057444846402312,22.922833626016907,202191600,29.649999618530273,30.790000915527344,32.54999923706055,29.56999969482422,-0.27185661272879746,43.95848531265045,95.63492063492063,0.0
2025-04-21,20.819046020507812,21.70432733828843,20.013340530199194,21.570042773697427,229539400,33.81999969482422,32.75,35.75,31.790000915527344,-0.09957405595640678,54.262413783734345,97.61904761904762,0.0
2025-04-22,22.410564422607422,22.8681249553519,21.43575816646778,21.614804252232968,260222800,30.56999969482422,32.61000061035156,32.68000030517578,30.079999923706055,-0.010359329917353555,46.23177423497332,96.03174603174604,0.0
2025-04-23,23.89763832092285,25.2802709448014,23.68875248333134,24.489485321906933,303995400,28.450000762939453,28.75,30.290000915527344,27.110000610351562,-0.055444888106332746,40.99332892244257,94.44444444444444,0.0
2025-04-24,25.931798934936523,26.00142755146654,24.141341748711078,24.240812013998603,240615400,26.469999313354492,28.690000534057617,29.65999984741211,26.360000610351562,-0.18903186861733579,36.10081263086069,92.06349206349206,0.0
2025-04-25,26.78723907470703,26.89168199370985,25.603546967629562,25.882063315541142,226103200,24.84000015258789,26.219999313354492,27.200000762939453,24.84000015258789,-0.16222595372096704,32.073140100122366,91.26984126984127,0.0
2025-04-28,26.767345428466797,27.175171797977313,25.683123549357145,26.866815691155633,191356800,25.149999618530273,25.75,26.93000030517578,24.700000762939453,-0.2563571896667046,32.839138245135196,91.66666666666666,0.0
2025-04-29,27.289562225341797,27.438766672338087,26.27497084742454,26.379413770598195,169808000,24.170000076293945,24.760000228881836,25.989999771118164,23.760000228881836,-0.20935556697482893,30.41759268155035,89.68253968253968,0.0
2025-04-30,27.294536590576172,27.563103834390873,25.026622561531426,25.84227530347878,268446600,24.700000762939453,24.350000381469727,28.170000076293945,24.229999542236328,-0.13181018978688241,31.72720636617986,90.47619047619048,0.0
2025-05-01,28.234525680541992,29.288905877870953,28.164897068063297,28.627432162085945,205481600,24.600000381469727,23.940000534057617,25.18000030517578,23.299999237060547,-0.07064597583655108,31.480108822080787,89.68253968253968,0.0
2025-05-02,29.557476043701172,29.935460766343255,28.861186100073038,29.16456954840762,195097800,22.68000030517578,23.6299991607666,24.31999969482422,22.34000015258789,-0.08695651506214164,26.735853884754533,85.71428571428571,0.0
2025-05-05,29.045207977294922,29.592291600938257,28.69706299077755,28.796533257959304,138579000,23.639999389648438,24.25,24.6299991607666,22.809999465942383,-0.06003977144275119,29.107978996920835,87.6984126984127,0.0
2025-05-06,28.2196044921875,28.866158302987202,27.63770473440165,27.881406763971537,165885800,24.760000228881836,23.969999313354492,25.110000610351562,23.899999618530273,0.024410432384175618,31.87546300744184,90.47619047619048,0.0
2025-05-07,28.547855377197266,28.975574253408848,27.398977618089415,28.32902043418396,207867200,23.549999237060547,24.559999465942383,25.6200008392334,23.290000915527344,-0.0465587647917971,28.885591678531043,86.90476190476191,0.0
2025-05-08,29.398324966430664,30.194083291626278,28.677167917026043,29.443086490800262,197621600,22.479999542236328,22.84000015258789,23.610000610351562,21.8799991607666,-0.08617889456742922,26.241658796556393,83.73015873015873,0.0
2025-05-09,29.328697204589844,29.975251099802602,29.010393865238182,29.741496254924794,146818800,21.899999618530273,22.399999618530273,22.81999969482422,21.829999923706055,-0.03439156420414613,24.808498696374173,81.74603174603175,0.0
2025-05-12,32.87976837158203,32.90463735879259,31.755757691314344,32.75045646814157,202490000,18.389999389648438,19.84000015258789,20.440000534057617,18.139999389648438,-0.22208122400793662,16.135407418153033,62.301587301587304,0.0
2025-05-13,34.38673400878906,34.74482615054324,33.00410341271833,33.15828049812243,170595400,18.219999313354492,18.690000534057617,18.850000381469727,17.649999618530273,-0.2641357372807541,15.71534300708271,60.317460317460316,0.0
2025-05-14,34.99350357055664,35.11784091871966,34.42155101011183,34.620491526067596,161184800,18.6200008392334,18.100000381469727,18.81999969482422,18.059999465942383,-0.20934176465147514,16.703733183478985,63.29365079365079,0.0
2025-05-15,35.10292053222656,35.654978653578866,34.28229328742115,34.55583696718118,161694800,17.829999923706055,19.190000534057617,19.3799991607666,17.770000457763672,-0.20685052105066404,14.751667769389357,56.74603174603175,0.0
2025-05-16,35.535614013671875,35.570428320776045,34.64038734764679,35.36651703473015,127627200,17.239999771118164,17.959999084472656,17.959999084472656,17.149999618530273,-0.21278538486681697,13.293797443497862,52.77777777777778,0.0
2025-05-19,35.63011169433594,35.73952917246723,34.03362053167684,34.053514963562066,143794200,18.139999389648438,19.84000015258789,19.920000076293945,17.920000076293945,-0.013594345203770009,15.517665914402185,58.730158730158735,0.0
2025-05-20,35.25709915161133,35.39635637842746,34.51604959778269,35.102922049704155,134069400,18.09000015258789,18.459999084472656,18.68000030517578,17.700000762939453,-0.007134970673205121,15.394119498849475,57.936507936507944,0.0
2025-05-21,33.789920806884766,35.8041836810718,33.4119341852558,34.43647277615871,219255200,20.8700008392334,18.770000457763672,21.049999237060547,17.770000457763672,0.12083780336137906,22.263406717236617,77.38095238095238,0.0
2025-05-22,33.9639892578125,34.69011888962761,33.630766087396076,33.899335205104336,173542000,20.280000686645508,20.6200008392334,22.06999969482422,19.639999389648438,0.13740890484705104,20.805536391345125,72.61904761904762,0.0
2025-05-23,32.98421096801758,33.49150566971218,32.25808132331077,32.372469556631025,214220800,22.290000915527344,20.139999389648438,25.530000686645508,19.829999923706055,0.2929235041446665,25.643564898667858,82.93650793650794,0.0
2025-05-27,35.2819709777832,35.38641390629656,34.01372837038142,34.31213727963033,130539600,18.959999084472656,20.6299991607666,21.010000228881836,18.950000762939453,0.04520395382660003,17.400986420244788,63.49206349206349,0.0
2025-05-28,34.82938003540039,35.77931926967438,34.705042677687565,35.48090657558358,132542600,19.309999465942383,19.209999084472656,19.43000030517578,18.68000030517578,0.06744053637721859,18.267323965419205,67.46031746031747,0.0
2025-05-29,34.998477935791016,36.33634521447543,34.48123411492085,36.30650546531119,193248800,19.18000030517578,18.25,20.200000762939453,18.110000610351562,-0.08097750196926656,17.925229812712214,65.07936507936508,0.0
2025-05-30,34.81446075439453,35.11286965910861,33.34230686926,34.8791148154988,187118200,18.56999969482422,19.610000610351562,20.549999237060547,18.56999969482422,-0.08431957267868018,16.414953565224696,59.92063492063492,0.0
2025-06-02,35.61519241333008,35.669901153308615,34.162933011749715,34.41657848495025,137925400,18.360000610351562,19.809999465942383,20.450000762939453,18.360000610351562,-0.17631225409408213,15.895025185004897,58.13492063492064,0.0
2025-06-03,36.445762634277344,36.74417150890909,35.51074714857127,35.689793232245265,128728400,17.690000534057617,18.829999923706055,19.209999084472656,17.639999389648438,-0.06698304914239728,14.23619864635867,51.19047619047619,0.0
2025-06-04,36.73920440673828,36.96301013638736,36.16227723643608,36.594972614162735,128889000,17.610000610351562,17.68000030517578,18.06999969482422,17.40999984741211,-0.08803722954985882,14.03813001737085,50.198412698412696,0.0
2025-06-05,35.883758544921875,37.62448137584487,35.461012330592645,37.02765984284363,198008800,18.479999542236328,17.68000030517578,18.799999237060547,17.079999923706055,-0.036496389562129194,16.19212576732232,59.523809523809526,0.0
2025-06-06,36.90829849243164,37.306179529938774,36.575075305342416,36.938138242178496,131215400,16.770000457763672,18.15999984741211,18.350000381469727,16.649999618530273,-0.09693049362635353,11.958407051834428,43.65079365079365,0.0
2025-06-09,37.072425842285156,37.42056891492803,36.72427897516737,36.95803380728827,100363800,17.15999984741211,17.690000534057617,17.719999313354492,16.81999969482422,-0.06535951650583716,12.923991027858978,46.62698412698413,0.0
2025-06-10,37.78860855102539,37.94278564862885,36.68449229141097,37.15697269698753,122693000,16.950000762939453,17.5,17.989999771118164,16.68000030517578,-0.041831529043398374,12.404062647639178,44.047619047619044,0.0
2025-06-11,37.400672912597656,38.33569220182118,36.91327263136283,38.09198826672902,181652000,17.260000228881836,17.040000915527344,18.09000015258789,16.229999542236328,-0.019875091955646407,13.171577994675904,47.61904761904761,0.0
2025-06-12,37.644378662109375,37.86320982578327,37.06247695925682,37.102265823370224,126110000,18.020000457763672,17.8700008392334,18.8700008392334,17.43000030517578,-0.024891725966838973,15.053232331224505,53.17460317460318,0.0
2025-06-13,36.22195816040039,37.246496722832404,35.943439912714865,36.3562408304913,210666200,20.81999969482422,21.760000228881836,22.0,18.8799991607666,0.24150263127664973,21.98563906812684,76.19047619047619,0.0
2025-06-16,37.69908905029297,37.92289478038718,36.91327602482535,36.91327602482535,116668600,19.110000610351562,19.780000686645508,20.219999313354492,18.670000076293945,0.11363640910716732,17.751920352638944,64.0873015873016,0.0
2025-06-17,36.585018157958984,37.490193852528385,36.34629258712449,37.14205081403036,135418200,21.600000381469727,20.530000686645508,21.790000915527344,19.549999237060547,0.2743362483320546,23.746898635902667,78.96825396825396,0.0
2025-06-18,36.53528594970703,37.28131003911032,36.2269279600761,36.76406621512041,142661400,20.139999389648438,20.899999618530273,21.579999923706055,19.59000015258789,0.16685974058953867,20.12406757929902,71.03174603174604,0.0
2025-06-20,36.032962799072266,37.46533151093937,35.66989985908777,37.18184250246148,163355000,20.6200008392334,20.739999771118164,21.06999969482422,19.110000610351562,0.14428414624981611,21.315138111793576,74.20634920634922,0.0
2025-06-23,37.15199661254883,37.26638863780677,35.520691277663275,36.17222153596146,167572800,19.829999923706055,21.149999618530273,22.510000228881836,19.81999969482422,-0.04755042198027859,19.35483817532059,69.44444444444444,0.0
2025-06-24,38.842987060546875,39.04690213421193,38.12680651070013,38.251143859674016,113191600,17.479999542236328,18.190000534057617,18.719999313354492,17.329999923706055,-0.08529570989298085,13.523572023645917,45.83333333333333,0.0
2025-06-25,39.141239166259766,39.61005364355608,38.76219451655745,39.34073274548571,101438200,16.760000228881836,17.280000686645508,17.510000228881836,16.68000030517578,-0.22407407718103767,11.736973324216239,38.88888888888889,0.0
2025-06-26,40.213531494140625,40.323255248560315,39.211063676243356,39.61005464992853,100144200,16.59000015258789,16.670000076293945,16.780000686645508,16.110000610351562,-0.17626610450073676,11.315136928574885,37.301587301587304,0.0
2025-06-27,40.60753631591797,41.02149271796671,39.82451223022263,40.413027414732866,146023600,16.31999969482422,16.309999465942383,17.290000915527344,16.1200008392334,-0.20853544953439695,10.645160641460718,32.93650793650794,0.0
2025-06-30,41.395545959472656,41.639928237662,40.81201929712236,41.295799177994176,113721400,16.729999542236328,17.190000534057617,17.43000030517578,16.549999237060547,-0.15632881459388137,11.662529936911962,38.2936507936508,0.0
2025-07-01,40.34320068359375,41.1661249410921,39.80455893631165,40.956654418847656,140390000,16.829999923706055,16.979999542236328,17.479999542236328,16.510000228881836,-0.037185333841668666,11.910669828384778,39.682539682539684,0.0
2025-07-02,41.14617919921875,41.19106411371718,40.11378430969674,40.12874594786289,100285000,16.639999389648438,16.75,17.3700008392334,16.540000915527344,-0.007159954510418509,11.439204507873907,37.301587301587304,0.0
2025-07-03,42.29827117919922,42.53766880616502,41.639932461413494,41.639932461413494,83484600,16.3799991607666,16.649999618530273,16.829999923706055,16.139999389648438,-0.012658287515960653,10.794042683194496,32.93650793650794,0.0
2025-07-07,41.355648040771484,41.879328185599256,40.79705994505761,41.69479244392463,139674800,17.790000915527344,17.829999923706055,18.5,17.510000228881836,0.09007360589408142,14.165011245488177,48.80952380952381,0.0
2025-07-08,41.41050720214844,41.78456333677716,41.13121317258964,41.63494316598313,115515400,16.809999465942383,17.40999984741211,17.440000534057617,16.540000915527344,0.004781824620143427,11.111109520062946,38.88888888888889,0.0
2025-07-09,42.26834487915039,42.58753915554102,41.57010597263492,41.87932709261781,117976200,15.9399995803833,16.760000228881836,16.760000228881836,15.760000228881836,-0.052881779403286644,8.933932735272649,25.396825396825395,0.0
2025-07-10,42.07383728027344,42.502755315824366,41.46537198309206,42.407993204103846,110317800,15.779999732971191,16.229999542236328,16.239999771118164,15.699999809265137,-0.05168267357102441,8.327061814717043,21.825396825396826,0.0
2025-07-11,41.754642486572266,42.118721681217345,41.270862582231054,41.55514510884137,106937600,16.399999618530273,16.40999984741211,17.239999771118164,15.979999542236328,0.001221029230061177,9.882115383010012,32.53968253968254,0.0
2025-07-14,42.198524475097656,42.36311010615939,41.171118060159934,41.70975606303148,97311400,17.200000762939453,17.729999542236328,17.850000381469727,16.90999984741211,-0.03316470613966804,11.888639357010655,42.857142857142854,0.0
2025-07-15,42.30824661254883,43.22592923838092,42.29328497485966,43.10623233177153,123257600,17.3799991607666,16.889999389648438,17.389999389648438,16.559999465942383,0.03390837078722431,12.340102586839672,44.44444444444444,0.0
2025-07-16,42.42794418334961,42.567591210762686,41.11625525575262,42.42295570234311,166357600,17.15999984741211,17.65999984741211,19.479999542236328,16.690000534057617,0.0765370325686967,11.097065817121916,41.66666666666667,0.0
2025-07-17,43.41545104980469,43.55010958661934,42.39302940677932,42.57756513991392,97330800,16.520000457763672,17.15999984741211,17.3700008392334,16.479999542236328,0.046894850273431876,9.479271662846344,32.34126984126984,0.0
2025-07-18,43.265830993652344,43.75958408019908,42.98653693339903,43.709710684453306,98496200,16.40999984741211,16.43000030517578,16.809999465942383,16.280000686645508,0.0006097700679539297,9.201211484552646,31.150793650793652,0.0
2025-07-21,43.924163818359375,44.37802041048275,43.45036091469043,43.46532255089745,87720400,16.649999618530273,16.8700008392334,16.989999771118164,16.299999237060547,-0.03197680930307034,9.807884292405985,35.317460317460316,0.0
2025-07-22,43.24089050292969,43.969056508351365,42.62744053239118,43.95409106569529,108345200,16.5,16.75,17.479999542236328,16.43000030517578,-0.050632865550022665,9.428714390173509,31.349206349206348,0.0
2025-07-23,43.80945587158203,43.82940599016898,42.84189985323935,43.480288427637504,118025200,15.369999885559082,16.229999542236328,16.31999969482422,15.319999694824219,-0.10431235301688979,6.5722935731513985,15.674603174603174,0.0
2025-07-24,44.09872817993164,44.368049081129286,43.689760249615844,44.113689818037706,90378200,15.390000343322754,15.390000343322754,15.539999961853027,14.949999809265137,-0.0684019420780263,6.622850845824233,16.071428571428573,0.0
2025-07-25,44.34809494018555,44.67726616905225,43.8792804999606,44.043862309298135,79003200,14.930000305175781,15.329999923706055,15.390000343322754,14.920000076293945,-0.09018888214491527,5.460060092086943,9.920634920634921,0.0
2025-07-28,44.78200149536133,44.98149886419317,44.47776886403934,44.6822509083975,95592000,15.029999732971191,15.149999618530273,15.539999961853027,15.0,-0.09729729265315634,5.712839223340778,11.904761904761903,0.0
2025-07-29,44.5775146484375,45.69968304227406,44.378021089165365,45.38048878132376,116251200,15.979999542236328,14.949999809265137,16.1200008392334,14.699999809265137,-0.0315151792584043,8.114254229121162,24.206349206349206,0.0
2025-07-30,44.73213195800781,45.32563182991414,44.01893137143292,44.75706675307498,145527600,15.479999542236328,15.869999885559082,17.270000457763672,15.4399995803833,0.007156776675099064,6.850351340741651,17.857142857142858,0.0
2025-07-31,43.99399185180664,46.25827895483262,43.719686281223765,46.238328836138145,178874600,16.719999313354492,14.989999771118164,17.170000076293945,14.739999771118164,0.08641968423404123,9.984829925354015,36.11111111111111,0.0
2025-08-01,41.355648040771484,42.55262851102353,40.82698322015771,42.517716755041405,219781200,20.3799991607666,17.399999618530273,21.899999618530273,17.389999389648438,0.3650367544668749,19.236598682579494,72.22222222222221,0.0
2025-08-04,43.61993408203125,43.67479595514749,42.47283083754618,42.50275411193833,108586000,17.520000457763672,19.559999465942383,19.579999923706055,17.479999542236328,0.16566871384103798,12.00707743960537,46.42857142857143,0.0
2025-08-05,42.71222686767578,44.1934899087785,42.602503115728005,43.914195852981344,152088400,17.850000381469727,17.209999084472656,18.940000534057617,17.110000610351562,0.11702133246567659,12.841253153079574,50.39682539682539,0.0
2025-08-06,44.308197021484375,44.42290925105107,42.79701074928635,42.906734497977276,128995200,16.770000457763672,17.219999313354492,17.8799991607666,16.559999465942383,0.08333339494020309,10.1112231070361,37.5,0.0
2025-08-07,44.75706481933594,45.719636145571336,43.799481973936906,45.33061835244648,169239200,16.56999969482422,16.40999984741211,17.639999389648438,15.979999542236328,-0.008971269419279615,9.605660023121539,34.12698412698413,0.0
2025-08-08,45.964019775390625,46.02386632183368,44.9366096686674,45.00643317624815,104522600,15.149999618530273,16.479999542236328,16.520000457763672,15.149999618530273,-0.25662412942119084,6.016175627267447,13.492063492063492,0.0
2025-08-11,45.56003952026367,46.502660738917015,45.24583371574457,45.99893451652709,94617000,16.25,15.8100004196167,16.360000610351562,15.520000457763672,-0.07248860870896234,8.796762945983753,28.57142857142857,0.0
2025-08-12,47.24079895019531,47.32558409818464,45.450314855355025,46.09369189410738,119469600,14.729999542236328,16.09000015258789,16.559999465942383,14.65999984741211,-0.1747899592468527,4.954497008172381,8.531746031746032,0.0
2025-08-13,47.31061935424805,48.0387814931749,46.971474979464716,47.9041229613928,96058600,14.489999771118164,14.619999885559082,14.8100004196167,14.300000190734863,-0.13595710342333245,4.347824200319042,6.746031746031746,0.0
2025-08-14,47.18095016479492,47.67470323696375,46.702158730404534,46.801905518991504,106385800,14.829999923706055,14.65999984741211,15.390000343322754,14.569999694824219,-0.10500904062549066,5.2072785501296615,10.317460317460316,0.0
2025-08-15,46.512638092041016,47.136065030527696,46.09369321072802,47.116114911884594,96167400,15.09000015258789,14.430000305175781,15.180000305175781,14.399999618530273,-0.003960360887996117,5.864508630655836,13.88888888888889,0.0
2025-08-18,46.452789306640625,46.61238645608521,45.9989364587279,46.28321900008533,73371400,14.989999771118164,15.729999542236328,15.949999809265137,14.949999809265137,-0.07753847562349758,5.611727088698554,12.3015873015873,0.0
2025-08-19,44.55756378173828,46.313135992520316,44.298219875990945,46.268247278872394,111118600,15.569999694824219,15.229999542236328,15.90999984741211,14.760000228881836,0.05702648870960925,7.077854246362514,20.634920634920633,0.0
2025-08-20,43.7446174621582,44.333132597193504,42.08380731772438,44.303209324171696,164404200,15.6899995803833,15.949999809265137,17.190000534057617,15.569999694824219,0.08281572313458607,7.3811906502891835,21.825396825396826,0.0
2025-08-21,43.13615417480469,43.864316357235126,42.58753924887446,43.36557482364475,119920000,16.600000381469727,15.720000267028809,17.239999771118164,15.649999618530273,0.11935269500131884,9.68149593213079,37.10317460317461,0.0
2025-08-22,45.07625961303711,45.54507788448394,43.07630875078862,43.40048771201016,132726400,14.220000267028809,16.809999465942383,16.829999923706055,14.210000038146973,-0.057654067379838914,3.665317894159897,5.952380952380952,0.0
2025-08-25,44.6822509765625,45.37550519045729,44.40295694282934,44.697216418451774,80452600,14.789999961853027,15.050000190734863,15.1899995803833,14.239999771118164,-0.013342215631682919,5.106166415487439,9.920634920634921,0.0
2025-08-26,45.20094299316406,45.27076650218263,44.30819520774568,44.54260433306338,84374600,14.619999885559082,15.75,15.75,14.619999885559082,-0.061014760943183255,4.676439240582129,7.936507936507936,0.0
2025-08-27,45.40542984008789,45.60492721526998,44.65731753697701,44.95656169720217,90055200,14.850000381469727,14.65999984741211,15.229999542236328,14.65999984741211,-0.05353723526951515,5.257835822802496,11.30952380952381,0.0
2025-08-28,46.233341217041016,46.437827083649225,45.141099785104196,45.52512911311746,90658000,14.430000305175781,14.420000076293945,14.6899995803833,14.119999885559082,-0.13072289315826013,4.196157203707431,7.142857142857142,0.0
2025-08-29,44.567543029785156,45.679734500963605,44.133636532700436,45.594949354838874,121887000,15.359999656677246,14.3100004196167,15.970000267028809,14.3100004196167,0.0801687319438169,6.547014936814981,18.650793650793652,0.0
2025-09-02,43.43041229248047,43.510208956695614,42.018972883583395,42.44789089339025,166668000,17.170000076293945,16.649999618530273,19.3799991607666,16.549999237060547,0.16091954838265798,11.122344453458332,46.03174603174603,0.0
2025-09-03,44.4428596496582,44.826888967401615,43.68477036579375,44.25333923124011,119929800,16.350000381469727,17.399999618530273,17.56999969482422,16.34000015258789,0.11833108819784965,9.049544487941034,31.944444444444443,0.0
2025-09-04,45.64482498168945,45.71465229937772,44.198477530768464,44.58749533095251,101759600,15.300000190734863,16.219999313354492,16.350000381469727,15.279999732971191,0.030303016680501837,6.3953479402033695,17.857142857142858,0.0
2025-09-05,45.79444885253906,47.00140248725195,44.73213072357052,46.85178230568942,172625800,15.180000305175781,15.229999542236328,16.920000076293945,14.739999771118164,0.05197505087584697,6.0920115362767,16.666666666666664,0.0
2025-09-08,46.44779968261719,46.93157960015025,46.20341738590835,46.33807973671451,101696800,15.109999656677246,15.579999923706055,15.649999618530273,14.989999771118164,-0.01627604203046451,5.915063492625224,16.26984126984127,0.0
2025-09-09,46.82684326171875,46.93656701021403,46.00391895310013,46.63233436396657,94620800,15.039999961853027,15.020000457763672,15.819999694824219,14.970000267028809,-0.12405358794271293,5.738117859677195,14.682539682539684,0.0
2025-09-10,46.87671661376953,47.60986729161797,46.353040276089224,47.60487881075549,120818800,15.350000381469727,14.979999542236328,15.630000114440918,14.630000114440918,-0.06116207808370144,6.521738711182009,19.642857142857142,0.0
2025-09-11,47.664730072021484,47.869215935214825,47.08619184914271,47.475209651700105,91247200,14.710000038146973,15.1899995803833,15.239999771118164,14.649999618530273,-0.03856210099560475,4.903942146202993,9.325396825396826,0.0
2025-09-12,48.25823211669922,48.56246475824286,47.644778352822186,47.859237365630065,92235200,14.760000228881836,14.619999885559082,14.970000267028809,14.40999984741211,-0.027667988659443088,5.030332917181633,10.714285714285714,0.0
2025-09-15,49.4901237487793,49.51007006151612,48.662210981652706,48.697122736586,78114400,15.6899995803833,15.140000343322754,15.84000015258789,14.920000076293945,0.038385171203478397,7.3811906502891835,25.595238095238095,0.0
2025-09-16,49.35546112060547,49.77939065809715,49.180902346943704,49.709567148632445,77137200,16.360000610351562,15.600000381469727,16.3799991607666,15.4399995803833,0.08776600078766905,9.074823124277453,35.317460317460316,0.0
2025-09-17,49.041255950927734,49.475158650241774,47.63480497726635,49.3205499923341,147697200,15.720000267028809,16.420000076293945,16.75,15.260000228881836,0.024104226473228074,7.457026559298435,26.190476190476193,0.0
2025-09-18,50.36292266845703,51.05617310857261,49.76941901486755,50.253198920220726,123401600,15.699999809265137,14.930000305175781,15.800000190734863,14.329999923706055,0.06730113994227249,7.4064692866256,26.190476190476193,0.0
2025-09-19,51.36040496826172,51.51501362654038,50.44770704563827,50.81178623547433,84365400,15.449999809265137,15.760000228881836,16.1299991607666,15.289999961853027,0.04674793832544366,6.774517842435844,23.41269841269841,0.0
2025-09-22,52.228214263916016,52.4077615213015,51.08110720896385,51.08110720896385,81054600,16.100000381469727,16.139999389648438,16.350000381469727,15.779999732971191,0.026131345573714215,8.417593043751278,32.53968253968254,0.0
2025-09-23,51.17586898803711,52.31798755482805,50.86166319218909,52.26312568180914,99930600,16.639999389648438,16.100000381469727,17.06999969482422,15.949999809265137,0.01711483917180967,9.782605656069569,42.26190476190476,0.0
2025-09-24,50.625732421875,51.59920663704326,49.91683950216077,51.52432312616872,101055600,16.18000030517578,16.56999969482422,17.209999084472656,16.18000030517578,0.0292620884435848,8.619817313035725,34.12698412698413,0.0
2025-09-25,49.94679260253906,50.356151457534224,48.67378440986463,49.62229994472662,122820600,16.739999771118164,16.549999237060547,17.739999771118164,16.31999969482422,0.0662420365915728,10.035387198026848,44.047619047619044,0.0
2025-09-26,50.54585266113281,50.61074966871421,49.29281366698927,50.12151786967491,124097400,15.289999961853027,16.889999389648438,17.049999237060547,15.289999961853027,-0.010355977306624964,6.370069303866951,19.841269841269842,0.0
2025-09-29,51.21979904174805,52.05848597450549,50.890316929986305,51.31465174166036,92393200,16.1200008392334,15.84000015258789,16.290000915527344,15.739999771118164,0.0012422644279370676,8.468150316424113,32.34126984126984,0.0
2025-09-30,51.61917495727539,51.70404115742731,50.53087886927564,51.12494988780614,92323800,16.280000686645508,16.489999771118164,16.700000762939453,16.020000457763672,-0.02163453823363004,8.872598854993004,34.523809523809526,0.0
2025-10-01,52.3480339050293,52.487814426740954,50.57081788543784,50.785481917704615,93996400,16.290000915527344,17.280000686645508,17.280000686645508,15.979999542236328,0.00679855428163223,8.897877491329423,34.92063492063492,0.0
2025-10-02,52.987030029296875,53.33648131561884,52.24818907857805,53.32150537602409,89158600,16.6299991607666,16.1200008392334,16.920000076293945,15.930000305175781,-0.0065711237667606115,9.75732701973315,42.06349206349206,0.0
2025-10-03,52.26815414428711,53.35146074283165,51.79889153529824,53.1367967228878,103096400,16.649999618530273,16.350000381469727,17.059999465942383,16.200000762939453,0.08894700196666472,9.807884292405985,43.452380952380956,0.0
2025-10-06,53.43632888793945,53.85567044429474,52.98203839315441,53.61604778601557,82476800,16.3700008392334,16.739999771118164,17.09000015258789,16.290000915527344,0.015508684056116273,9.10010176061387,36.904761904761905,0.0
2025-10-07,52.57268142700195,53.94553184268841,52.17829848690217,53.76581293811804,100185800,17.239999771118164,16.579999923706055,17.549999237060547,16.190000534057617,0.058968000244628005,11.299290086406362,51.78571428571429,0.0
2025-10-08,54.354888916015625,54.43975892443722,52.747409136616874,52.7773610168048,86931000,16.299999237060547,17.170000076293945,17.200000762939453,16.229999542236328,0.0006137704709194836,8.923151306258948,35.317460317460316,0.0
2025-10-09,54.14022445678711,54.39482686255884,53.29654809876207,54.35488848347043,87956200,16.43000030517578,16.309999465942383,17.270000457763672,16.260000228881836,-0.012026389999023945,9.25176875722548,39.48412698412698,0.0
2025-10-10,48.45912170410156,54.744282273009276,48.33931037489897,54.280009087524064,238009400,21.65999984741211,16.360000610351562,22.440000534057617,16.229999542236328,0.30090092154152726,22.472191812537528,82.14285714285714,0.0
2025-10-13,51.53430938720703,51.75895611005783,50.34616733561923,50.95022105207455,114511200,19.030000686645508,19.450000762939453,20.770000457763672,18.610000610351562,0.16249234642902288,15.824064741080324,67.46031746031747,0.0
2025-10-14,50.48594665527344,51.68407136899682,48.45912152197426,49.78704406360715,147230000,20.809999465942383,21.459999084472656,22.940000534057617,19.18000030517578,0.20707655117287005,20.32355593801098,79.36507936507937,0.0
2025-10-15,51.51932907104492,52.67252597952425,49.941801161288474,51.9885955103713,127069400,20.639999389648438,20.020000457763672,22.440000534057617,19.110000610351562,0.2662576905353613,19.89382876310567,78.76984126984127,0.0
2025-10-16,50.94523239135742,53.08188624657991,49.79702870229722,52.258175235622254,159344000,25.309999465942383,20.489999771118164,25.43000030517578,19.850000381469727,0.5404746802085709,31.69868193342659,92.85714285714286,0.0
2025-10-17,51.91371154785156,52.30310122443509,49.9817391049974,50.38111147204539,142274000,20.780000686645508,28.40999984741211,28.989999771118164,20.729999542236328,-0.040627847043671284,20.24772485040862,78.57142857142857,0.0
2025-10-20,53.86066436767578,54.17517053887665,52.69249532430094,52.72244720477716,79928800,18.229999542236328,20.530000686645508,21.020000457763672,18.229999542236328,-0.0420389445897702,13.80181722682897,62.301587301587304,0.0
2025-10-21,53.80075454711914,54.15520289201507,53.25161517853958,53.86565536374705,79811400,17.8700008392334,18.649999618530273,18.889999389648438,17.399999618530273,-0.14127816925322767,12.891810425752407,58.730158730158735,0.0
2025-10-22,52.21823501586914,53.785780221129485,50.71059737958568,53.64100645265213,134380800,18.600000381469727,17.84000015258789,21.010000228881836,17.729999542236328,-0.09883716417171162,14.737107485648842,65.47619047619048,0.0
2025-10-23,53.526187896728516,53.73086542362795,51.958642705416935,52.05349159453613,91245000,17.299999237060547,18.360000610351562,19.350000381469727,17.079999923706055,-0.31647571702481636,11.450957083017974,53.57142857142857,0.0
2025-10-24,55.19357681274414,55.543031925607984,54.679382547209485,54.90902251974275,84387600,16.3700008392334,17.020000457763672,17.219999313354492,16.020000457763672,-0.21222327727093115,9.10010176061387,37.5,0.0
2025-10-27,58.12398910522461,58.25378693477012,57.04567570666225,57.17048028656622,77489400,15.789999961853027,15.729999542236328,16.06999969482422,15.619999885559082,-0.13384529027168468,7.633972192246465,27.380952380952383,0.0
2025-10-28,59.451908111572266,59.94613699241417,58.43849552777355,58.73303631816015,92239400,16.420000076293945,15.949999809265137,16.549999237060547,15.65999984741211,-0.08114161694698929,9.226490120889064,40.07936507936508,0.0
2025-10-29,60.21072006225586,60.5901270404477,58.678120018471375,60.19075087301067,133060800,16.920000076293945,16.34000015258789,17.579999923706055,16.260000228881836,-0.09032259520002395,10.490393009268576,50.39682539682539,0.0
2025-10-30,57.45503234863281,59.57671012473417,57.425080469411945,59.20229639953982,127234200,16.90999984741211,16.260000228881836,17.40999984741211,15.729999542236328,-0.022543318314891536,10.46511437293216,50.39682539682539,0.0
2025-10-31,58.268760681152344,59.65159369858212,57.59980617751168,59.65159369858212,122666800,17.440000534057617,16.43000030517578,18.540000915527344,15.960000038146973,0.06536344776841974,11.804853170320923,57.14285714285714,0.0
2025-11-03,59.06751251220703,60.115870240957,58.448482850930574,59.90619945695372,83598000,17.170000076293945,18.059999465942383,18.829999923706055,17.0,0.08739709422259989,11.122344453458332,53.37301587301587,0.0
2025-11-04,55.45317077636719,57.61478697227483,55.23351350122211,56.591387913512676,124762800,19.0,19.729999542236328,20.479999542236328,17.899999618530273,0.15712545138357692,15.748228832071073,70.63492063492063,0.0
2025-11-05,56.5314826965332,57.4101080249253,54.88406449062334,55.25348498886006,109730000,18.010000228881836,19.3700008392334,20.020000457763672,17.309999465942383,0.06442081251022302,13.245701691648465,63.095238095238095,0.0
2025-11-06,53.361446380615234,56.16206148468347,52.97704994674061,56.09716447366747,156461400,19.5,18.360000610351562,20.309999465942383,17.639999389648438,0.15316381880300622,17.012131720450586,74.60317460317461,0.0
2025-11-07,52.80731201171875,52.83726389140455,49.901861611459886,52.427905031187095,183589400,19.079999923706055,19.520000457763672,22.719999313354492,19.079999923706055,0.09403665937083971,15.950453101355519,71.82539682539682,0.0
2025-11-10,56.26689529418945,56.536473638786646,54.619477155517856,55.12867815615693,119878800,17.600000381469727,18.579999923706055,18.81999969482422,17.600000381469727,0.025043698501170608,12.209301708889816,58.730158730158735,0.0
2025-11-11,55.8026237487793,56.1221231720215,54.71432764813128,55.548021336631,102665600,17.280000686645508,17.899999618530273,18.010000228881836,17.25,-0.09052627965023641,11.400404631752032,55.158730158730165,0.0
2025-11-12,55.68780517578125,56.68124856714001,54.77922798481222,56.67625531748958,125708400,17.510000228881836,17.209999084472656,18.059999465942383,17.100000381469727,-0.027762353894819625,11.981798803268951,57.936507936507944,0.0
2025-11-13,52.248191833496094,54.85410829618633,51.61917567621673,54.699351833902874,201264400,20.0,17.610000610351562,21.309999465942383,17.510000228881836,0.02564102564102555,18.2760346088301,76.98412698412699,0.0
2025-11-14,52.288124084472656,53.46128633690067,49.30779020076769,49.91184770017707,222397600,19.829999923706055,21.329999923706055,23.030000686645508,19.559999465942383,0.039308176257808025,17.84630743392479,75.9920634920635,0.0
2025-11-17,50.94523239135742,53.23164946119628,49.97674760682375,51.62416962873906,186327000,22.3799991607666,19.579999923706055,23.440000534057617,19.540000915527344,0.2715908338462043,24.292210236097546,85.71428571428571,0.0
2025-11-18,49.10311508178711,50.59078356739695,47.8251173799907,49.90685689513883,267348000,24.690000534057617,23.540000915527344,25.84000015258789,22.90999984741211,0.4288194185743739,30.131445051823857,90.47619047619048,0.0
2025-11-19,49.94679260253906,51.49436857587526,48.638839281099195,49.247886218496895,184263600,23.65999984741211,24.520000457763672,24.790000915527344,21.93000030517578,0.351227843411799,27.52780336605558,88.09523809523809,0.0
2025-11-20,46.37738037109375,53.45629594713029,46.157723102480865,52.867218206632096,178246300,26.420000076293945,20.780000686645508,28.270000457763672,19.280000686645508,0.3210000038146972,34.504547888479316,92.85714285714286,0.0
2025-11-21,47.40576934814453,49.02323557496818,45.169273495280564,46.776753223205695,179618600,23.43000030517578,25.969999313354492,27.84000015258789,22.540000915527344,0.18154313642563635,26.946409194538656,86.11111111111111,0.0
2025-11-24,51.000144958496094,51.36956544565707,48.59390902051381,48.62386470939364,93894200,20.520000457763672,22.690000534057617,23.68000030517578,20.40999984741211,-0.08310986473420479,19.590494769882447,76.5873015873016,0.0
2025-11-25,51.928688049316406,52.27814315908653,49.00327219371433,50.56083091688719,101851900,18.559999465942383,20.549999237060547,21.770000457763672,18.389999389648438,-0.24827869321669127,14.635992940303172,64.28571428571429,0.0
2025-11-26,53.28656005859375,53.775795666444466,52.28812346265897,52.82728013855976,75598100,17.190000534057617,18.25,18.700000762939453,16.93000030517578,-0.27345728466106345,11.172901726131167,48.80952380952381,0.0
2025-11-28,54.454734802246094,54.5246250617603,53.54615761982799,53.73585920869032,34381600,16.350000381469727,17.40999984741211,18.520000457763672,15.779999732971191,-0.3811506308003305,9.049544487941034,32.34126984126984,0.0
2025-12-01,53.96549987792969,54.56456414991923,52.73742326214141,53.02697080316635,66359600,17.239999771118164,18.049999237060547,18.329999923706055,16.579999923706055,-0.264191227205841,11.299290086406362,50.0,0.0
2025-12-02,55.21354675292969,55.672826704235995,54.05536037513392,54.54459601629663,79504400,16.59000015258789,17.280000686645508,17.309999465942383,16.389999389648438,-0.1915204784358998,9.656217295794374,38.2936507936508,0.0
2025-12-03,55.602935791015625,55.792641192527,54.145219192869746,54.57454725802325,69844900,16.079999923706055,16.43000030517578,17.280000686645508,15.930000305175781,-0.13362066883607027,8.367035771078443,26.984126984126984,0.0
2025-12-04,55.423213958740234,55.96237063653062,54.52462330448963,55.95238794637896,63958000,15.779999732971191,16.229999542236328,16.6299991607666,15.680000305175781,-0.08202447686332925,7.608693555910047,22.023809523809522,0.0
2025-12-05,56.062217712402344,56.990764073302,55.592951282409295,55.77267017863074,73206000,15.40999984741211,15.579999923706055,16.18000030517578,15.279999732971191,-0.05749238606275309,6.673405707793621,17.46031746031746,0.0
2025-12-08,55.712764739990234,56.950827871427165,55.033827508030235,56.481561423495926,69700000,16.65999984741211,16.149999618530273,17.09000015258789,16.100000381469727,-0.03364268743655774,9.833162928742402,41.269841269841265,0.0
2025-12-09,55.92243576049805,56.13211035414704,55.00387585968761,55.36331366739034,48736000,16.93000030517578,16.65999984741211,17.200000762939453,16.450000762939453,0.020494282667915087,10.515671645604993,45.63492063492063,0.0
2025-12-10,56.56143569946289,57.00074643842348,54.804185126153705,55.562999085588764,100261100,15.770000457763672,16.940000534057617,17.65999984741211,15.5600004196167,-0.019278573844105806,5.6516140032558315,20.436507936507937,0.0
2025-12-11,56.022281646728516,56.07220271802166,53.89561049278506,55.54303250659389,99683900,14.850000381469727,16.84000015258789,16.8799991607666,14.850000381469727,-0.05893532111780064,3.277420374843456,7.5396825396825395,0.0
2025-12-12,52.737422943115234,55.433202628926644,52.14834517402583,55.023843759473564,138448500,15.739999771118164,14.989999771118164,17.850000381469727,14.850000381469727,0.021414661062535645,5.574192880239529,19.841269841269842,0.0
2025-12-15,51.93867492675781,53.975486604371895,51.63914469386952,53.975486604371895,98696300,16.5,16.510000228881836,17.350000381469727,15.989999771118164,-0.009603832465638562,6.9833839091826775,35.11904761904761,0.0
2025-12-16,52.248191833496094,52.68750258928367,51.020111399706146,51.349597323097,105953700,16.479999542236328,17.280000686645508,17.610000610351562,16.190000534057617,-0.026580080025272124,6.931461642747523,34.523809523809526,0.0
2025-12-17,49.32276916503906,52.71745129237508,49.29281347734237,52.567688088824966,125606200,17.6200008392334,16.450000762939453,18.0,15.819999694824219,0.11731137145014858,8.921544037442489,55.55555555555556,0.0
2025-12-18,51.42947006225586,52.377985639595536,50.90029985761452,51.589219773585334,109222100,16.8700008392334,17.610000610351562,17.68000030517578,15.930000305175781,0.13602696335848496,6.9535567133276395,44.047619047619044,0.0
2025-12-19,53.43632888793945,53.55614021707903,52.10840634201409,52.11839284120359,72957800,14.90999984741211,16.309999465942383,16.530000686645508,14.90999984741211,-0.05273188918522398,1.8105472371185343,6.349206349206349,0.0
2025-12-22,54.16518783569336,54.80418667726086,53.79576734454969,54.72431372643169,64783100,14.079999923706055,15.15999984741211,15.260000228881836,14.029999732971191,-0.14666667129054212,0.0,0.3968253968253968,0.0
2025-12-23,54.92399597167969,54.983903539130765,53.775796161034414,53.8856247969947,48197100,14.0,14.09000015258789,14.449999809265137,13.640000343322754,-0.1504854132963036,0.0,0.3968253968253968,0.0
2025-12-24,55.36000061035156,55.45000076293945,54.779998779296875,54.869998931884766,25855000,13.470000267028809,14.09000015258789,14.15999984741211,13.380000114440918,-0.235527830564232,0.0,0.3968253968253968,0.0
2025-12-26,55.310001373291016,55.75,55.11000061035156,55.52000045776367,37244200,13.600000381469727,14.119999885559082,14.289999961853027,13.520000457763672,-0.1938352279247585,0.3345345064557687,0.7936507936507936,0.0
2025-12-29,54.4900016784668,54.9900016784668,53.91999816894531,54.290000915527344,50635300,14.199999809265137,14.6899995803833,15.079999923706055,13.989999771118164,-0.04761905066486005,1.8785370891804476,1.984126984126984,0.0
2025-12-30,54.099998474121094,54.81999969482422,54.040000915527344,54.20000076293945,38976800,14.329999923706055,14.430000305175781,14.619999885559082,14.039999961853027,0.017755681914392918,2.213071595636216,2.7777777777777777,0.0
2025-12-31,52.720001220703125,54.20000076293945,52.63999938964844,54.130001068115234,57199400,14.949999809265137,14.770000457763672,15.170000076293945,14.380000114440918,0.06785712923322396,3.808542158182561,8.73015873015873,0.0
2026-01-02,52.349998474121094,54.880001068115234,51.61000061035156,54.16999816894531,107226600,14.510000228881836,14.850000381469727,15.420000076293945,14.460000038146973,0.07720860736719404,2.6762735975177967,3.968253968253968,0.0
2026-01-05,53.599998474121094,54.33000183105469,53.290000915527344,53.95000076293945,77968000,14.899999618530273,15.140000343322754,15.270000457763672,14.649999618530273,0.0955881765144524,3.679874662756749,8.333333333333332,0.0
2026-01-06,55.0099983215332,55.16999816894531,53.7400016784668,53.91999816894531,68915800,14.75,15.0,15.210000038146973,14.630000114440918,0.03873240831848479,3.293874630607668,5.555555555555555,0.0
2026-01-07,55.16999816894531,56.189998626708984,54.77000045776367,54.88999938964844,65588300,15.380000114440918,14.949999809265137,15.479999542236328,14.829999923706055,0.07327286785241727,4.9150791830648455,17.46031746031746,0.0
2026-01-08,54.189998626708984,54.97999954223633,53.5,54.869998931884766,83760300,15.449999809265137,15.6899995803833,15.850000381469727,15.149999618530273,0.03344481648020681,5.09521220418397,18.849206349206348,0.0
2026-01-09,55.7599983215332,56.099998474121094,53.790000915527344,54.38999938964844,78706300,14.489999771118164,15.680000305175781,15.8100004196167,14.430000305175781,-0.0013783912783034147,2.6248056176961305,3.7698412698412698,0.0
2026-01-12,55.88999938964844,56.34000015258789,54.58000183105469,54.599998474121094,59673900,15.119999885559082,16.059999465942383,16.65999984741211,15.029999732971191,0.014765118970553992,4.246010170153308,14.285714285714285,0.0
2026-01-13,55.599998474121094,56.5,54.959999084472656,55.90999984741211,88611000,15.979999542236328,15.359999656677246,16.5,14.75,0.08338979947364944,6.4590817657895245,27.976190476190478,0.0
2026-01-14,53.83000183105469,54.880001068115234,52.5,54.54999923706055,117421500,16.75,16.329999923706055,18.100000381469727,16.219999313354492,0.08907671491320301,8.440554814613304,45.63492063492063,0.0
2026-01-15,54.380001068115234,55.83000183105469,54.130001068115234,55.650001525878906,90483000,15.84000015258789,16.520000457763672,16.540000915527344,15.300000190734863,0.02524274097976864,6.098815723551276,26.38888888888889,0.0
2026-01-16,54.13999938964844,55.459999084472656,53.58000183105469,55.31999969482422,75855900,15.859999656677246,15.4399995803833,16.290000915527344,15.300000190734863,0.09454795770872271,6.150281249244589,26.984126984126984,0.0
2026-01-20,50.72999954223633,52.560001373291016,50.47999954223633,51.38999938964844,129209100,20.09000015258789,19.940000534057617,20.989999771118164,18.639999389648438,0.32870372385224633,17.03551111456325,75.39682539682539,0.0
2026-01-21,52.72999954223633,53.79999923706055,50.66999816894531,51.06999969482422,150230100,16.899999618530273,19.309999465942383,20.809999465942383,16.670000076293945,0.05757197137974357,8.826554846762386,48.01587301587302,0.0
2026-01-22,53.900001525878906,54.33000183105469,53.150001525878906,54.31999969482422,90992300,15.640000343322754,16.649999618530273,16.670000076293945,15.270000457763672,-0.06626863621953705,5.584148195976383,21.03174603174603,0.0
2026-01-23,54.380001068115234,55.06999969482422,53.31999969482422,53.59000015258789,78066100,16.09000015258789,15.680000305175781,16.209999084472656,15.300000190734863,0.015782828130791238,6.742150746551981,29.365079365079367,0.0
2026-01-26,55.08000183105469,55.630001068115234,54.209999084472656,54.470001220703125,58084300,16.149999618530273,16.899999618530273,17.389999389648438,15.800000190734863,0.018284991685414864,6.896549777760272,30.158730158730158,0.0
2026-01-27,56.540000915527344,56.79999923706055,55.560001373291016,55.97999954223633,51981200,16.350000381469727,16.020000457763672,16.3700008392334,15.739999771118164,-0.18616225697919653,7.411219759463518,32.93650793650794,0.0
2026-01-28,57.060001373291016,58.0099983215332,56.72999954223633,57.70000076293945,76172100,16.350000381469727,16.09000015258789,17.18000030517578,16.049999237060547,-0.03254433428847481,7.411219759463518,33.13492063492063,0.0
2026-01-29,56.040000915527344,57.209999084472656,53.060001373291016,56.95000076293945,122642300,16.8799991607666,16.040000915527344,19.739999771118164,16.020000457763672,0.07928381011661845,8.77508686694072,48.01587301587302,0.0
2026-01-30,54.0,55.709999084472656,53.31999969482422,55.02000045776367,110170700,17.440000534057617,18.719999313354492,19.270000457763672,16.670000076293945,0.0839030682826063,10.216160852407127,56.15079365079365,0.0
2026-02-02,55.099998474121094,55.709999084472656,53.150001525878906,53.15999984741211,74665800,16.34000015258789,19.950000762939453,19.959999084472656,16.079999923706055,0.01176473922882404,7.385485769552686,32.142857142857146,0.0
2026-02-03,52.52000045776367,55.7599983215332,51.08000183105469,55.63999938964844,129992200,18.0,16.15999984741211,20.3700008392334,16.049999237060547,0.1009174055066262,11.657229929616825,61.111111111111114,0.0
2026-02-04,49.7599983215332,52.150001525878906,48.43000030517578,52.13999938964844,142536200,18.639999389648438,17.6299991607666,21.239999771118164,17.469999313354492,0.14006109814982515,13.304166017856483,67.46031746031747,0.0
2026-02-05,47.63999938964844,49.529998779296875,47.060001373291016,48.38999938964844,158712900,21.770000457763672,19.239999771118164,23.100000381469727,19.059999465942383,0.28969203436707947,21.358723254449057,82.53968253968253,0.0
2026-02-06,50.59000015258789,51.0099983215332,48.0,48.34000015258789,117934600,20.3700008392334,21.239999771118164,21.489999771118164,19.989999771118164,0.16800459950984203,17.756048107296454,75.79365079365078,0.0
2026-02-09,51.7400016784668,52.27000045776367,49.439998626708984,50.060001373291016,71272700,17.360000610351562,17.950000762939453,19.200000762939453,16.899999618530273,0.06242352804397777,10.010293841377168,53.96825396825397,0.0
2026-02-10,51.02000045776367,52.400001525878906,50.88999938964844,51.970001220703125,70660900,17.790000915527344,17.469999313354492,17.969999313354492,17.139999389648438,-0.011666615804036495,11.116830866259452,58.53174603174603,0.0
2026-02-11,51.400001525878906,52.5,50.040000915527344,52.209999084472656,92393800,17.649999618530273,17.8700008392334,18.959999084472656,16.75,-0.053111577442859326,10.756559915764498,57.53968253968254,0.0
2026-02-12,48.2599983215332,52.06999969482422,47.9900016784668,51.79999923706055,131150000,20.81999969482422,17.440000534057617,21.209999084472656,17.079999923706055,-0.04363806811959259,18.9140482037437,78.76984126984127,0.0
2026-02-13,48.470001220703125,49.59000015258789,47.18000030517578,48.150001525878906,123216600,20.600000381469727,21.479999542236328,22.399999618530273,18.920000076293945,0.011291091446267387,18.347915150475494,76.5873015873016,0.0
2026-02-17,48.349998474121094,48.97999954223633,46.41999816894531,47.63999938964844,117089700,20.290000915527344,21.739999771118164,22.959999084472656,19.760000228881836,0.16877881348855817,17.5501810962665,74.60317460317461,0.0
2026-02-18,49.38999938964844,50.36000061035156,48.20000076293945,48.529998779296875,81370800,19.6200008392334,19.780000686645508,20.34000015258789,18.479999542236328,0.10286676950695406,15.82604303829434,70.63492063492063,0.0
2026-02-19,48.83000183105469,49.400001525878906,48.15999984741211,48.66999816894531,83447500,20.229999542236328,19.34000015258789,21.110000610351562,19.229999542236328,0.14617563623046093,17.3957771568015,73.80952380952381,0.0
2026-02-20,50.060001373291016,50.45000076293945,47.7599983215332,47.959999084472656,118813800,19.09000015258789,20.040000915527344,21.209999084472656,18.760000228881836,-0.08309315886620305,14.462171022560433,67.06349206349206,0.0
2026-02-23,48.2400016784668,49.880001068115234,47.65999984741211,49.529998779296875,91951800,21.010000228881836,20.489999771118164,22.040000915527344,19.5,0.019902904845619185,19.402984195536114,79.36507936507937,0.0
