date,VIXCLS,VXVCLS,diff,Regime
2007-12-04,23.79,24.65,-0.8599999999999994,Contango
2007-12-05,22.53,23.33,-0.7999999999999972,Contango
2007-12-06,20.96,22.1,-1.1400000000000006,Contango
2007-12-07,20.85,22.18,-1.3299999999999983,Contango
2007-12-10,20.74,21.93,-1.1900000000000013,Contango
2007-12-11,23.59,24.12,-0.5300000000000011,Contango
2007-12-12,22.47,23.29,-0.8200000000000003,Contango
2007-12-13,22.56,23.52,-0.9600000000000009,Contango
2007-12-14,23.27,24.21,-0.9400000000000013,Contango
2007-12-17,24.52,25.53,-1.0100000000000016,Contango
2007-12-18,22.64,24.67,-2.030000000000001,Contango
2007-12-19,21.68,23.81,-2.129999999999999,Contango
2007-12-20,20.58,22.87,-2.2900000000000027,Contango
2007-12-21,18.47,21.5,-3.030000000000001,Contango
2007-12-24,18.6,21.14,-2.539999999999999,Contango
2007-12-26,18.66,20.93,-2.2699999999999996,Contango
2007-12-27,20.26,22.05,-1.7899999999999991,Contango
2007-12-28,20.74,22.56,-1.8200000000000003,Contango
2007-12-31,22.5,23.31,-0.8099999999999987,Contango
2008-01-02,23.17,23.6,-0.4299999999999997,Flat
2008-01-03,22.49,22.81,-0.3200000000000003,Flat
2008-01-04,23.94,23.69,0.25,Flat
2008-01-07,23.79,23.22,0.5700000000000003,Backwardation
2008-01-08,25.43,25.49,-0.05999999999999872,Flat
2008-01-09,24.12,24.5,-0.379999999999999,Flat
2008-01-10,23.45,23.95,-0.5,Flat
2008-01-11,23.68,24.5,-0.8200000000000003,Contango
2008-01-14,22.9,23.67,-0.7700000000000031,Contango
2008-01-15,23.34,24.39,-1.0500000000000007,Contango
2008-01-16,24.38,24.36,0.019999999999999574,Flat
2008-01-17,28.46,26.44,2.0199999999999996,Backwardation
2008-01-18,27.18,25.99,1.1900000000000013,Backwardation
2008-01-22,31.01,27.39,3.620000000000001,Backwardation
2008-01-23,29.02,26.25,2.7699999999999996,Backwardation
2008-01-24,27.78,26.0,1.7800000000000011,Backwardation
2008-01-25,29.08,26.86,2.219999999999999,Backwardation
2008-01-28,27.78,25.97,1.8100000000000023,Backwardation
2008-01-29,27.32,25.65,1.6700000000000017,Backwardation
2008-01-30,27.62,26.08,1.5400000000000027,Backwardation
2008-01-31,26.2,25.21,0.9899999999999984,Backwardation
2008-02-01,24.02,24.11,-0.08999999999999986,Flat
2008-02-04,25.99,25.36,0.629999999999999,Backwardation
2008-02-05,28.24,26.99,1.25,Backwardation
2008-02-06,28.97,27.61,1.3599999999999994,Backwardation
2008-02-07,27.66,26.74,0.9200000000000017,Backwardation
2008-02-08,28.01,27.06,0.9500000000000028,Backwardation
2008-02-11,27.6,26.67,0.9299999999999997,Backwardation
2008-02-12,26.33,26.11,0.21999999999999886,Flat
2008-02-13,24.88,25.29,-0.41000000000000014,Flat
2008-02-14,25.54,25.47,0.07000000000000028,Flat
2008-02-15,25.02,25.44,-0.4200000000000017,Flat
2008-02-19,25.59,25.47,0.120000000000001,Flat
2008-02-20,24.4,24.67,-0.2700000000000031,Flat
2008-02-21,25.12,25.09,0.030000000000001137,Flat
2008-02-22,24.06,24.4,-0.33999999999999986,Flat
2008-02-25,23.03,23.93,-0.8999999999999986,Contango
2008-02-26,21.9,23.11,-1.2100000000000009,Contango
2008-02-27,22.69,23.69,-1.0,Contango
2008-02-28,23.53,24.29,-0.759999999999998,Contango
2008-02-29,26.54,26.39,0.14999999999999858,Flat
2008-03-03,26.28,26.08,0.20000000000000284,Flat
2008-03-04,25.52,25.76,-0.240000000000002,Flat
2008-03-05,24.6,24.91,-0.3099999999999987,Flat
2008-03-06,27.55,27.0,0.5500000000000007,Backwardation
2008-03-07,27.49,27.11,0.379999999999999,Flat
2008-03-10,29.38,28.33,1.0500000000000007,Backwardation
2008-03-11,26.36,26.09,0.2699999999999996,Flat
2008-03-12,27.22,27.37,-0.15000000000000213,Flat
2008-03-13,27.29,27.18,0.10999999999999943,Flat
2008-03-14,31.16,29.36,1.8000000000000007,Backwardation
2008-03-17,32.24,29.58,2.6600000000000037,Backwardation
2008-03-18,25.79,26.01,-0.22000000000000242,Flat
2008-03-19,29.84,28.78,1.0599999999999987,Backwardation
2008-03-20,26.62,27.29,-0.6699999999999982,Contango
2008-03-24,25.73,25.96,-0.23000000000000043,Flat
2008-03-25,25.72,26.18,-0.46000000000000085,Flat
2008-03-26,26.08,26.61,-0.5300000000000011,Contango
2008-03-27,25.88,26.28,-0.40000000000000213,Flat
2008-03-28,25.71,26.24,-0.5299999999999976,Contango
2008-03-31,25.61,25.64,-0.030000000000001137,Flat
2008-04-01,22.68,23.61,-0.9299999999999997,Contango
2008-04-02,23.43,24.3,-0.870000000000001,Contango
2008-04-03,23.21,24.12,-0.9100000000000001,Contango
2008-04-04,22.45,23.52,-1.0700000000000003,Contango
2008-04-07,22.42,23.2,-0.7799999999999976,Contango
2008-04-08,22.36,23.07,-0.7100000000000009,Contango
2008-04-09,22.81,23.55,-0.740000000000002,Contango
2008-04-10,21.98,23.06,-1.0799999999999983,Contango
2008-04-11,23.46,24.19,-0.7300000000000004,Contango
2008-04-14,23.82,24.41,-0.5899999999999999,Contango
2008-04-15,22.78,23.7,-0.9199999999999982,Contango
2008-04-16,20.53,21.82,-1.2899999999999991,Contango
2008-04-17,20.37,21.75,-1.379999999999999,Contango
2008-04-18,20.13,21.37,-1.240000000000002,Contango
2008-04-21,20.5,21.46,-0.9600000000000009,Contango
2008-04-22,20.87,21.8,-0.9299999999999997,Contango
2008-04-23,20.26,21.58,-1.3199999999999967,Contango
2008-04-24,20.06,21.18,-1.120000000000001,Contango
2008-04-25,19.59,20.58,-0.9899999999999984,Contango
2008-04-28,19.64,20.41,-0.7699999999999996,Contango
2008-04-29,20.24,20.82,-0.5800000000000018,Contango
2008-04-30,20.79,21.25,-0.46000000000000085,Flat
2008-05-01,18.88,19.78,-0.9000000000000021,Contango
2008-05-02,18.18,19.53,-1.3500000000000014,Contango
2008-05-05,18.9,20.02,-1.120000000000001,Contango
2008-05-06,18.21,19.75,-1.5399999999999991,Contango
2008-05-07,19.73,20.96,-1.2300000000000004,Contango
2008-05-08,19.4,20.88,-1.4800000000000004,Contango
2008-05-09,19.41,20.87,-1.4600000000000009,Contango
2008-05-12,17.79,20.24,-2.4499999999999993,Contango
2008-05-13,17.98,20.15,-2.169999999999998,Contango
2008-05-14,17.66,20.0,-2.34,Contango
2008-05-15,16.3,19.28,-2.9800000000000004,Contango
2008-05-16,16.47,19.57,-3.1000000000000014,Contango
2008-05-19,17.01,19.84,-2.8299999999999983,Contango
2008-05-20,17.58,20.81,-3.2300000000000004,Contango
2008-05-21,18.59,22.11,-3.5199999999999996,Contango
2008-05-22,18.05,21.52,-3.469999999999999,Contango
2008-05-23,19.55,22.51,-2.960000000000001,Contango
2008-05-27,19.64,22.16,-2.5199999999999996,Contango
2008-05-28,19.07,21.66,-2.59,Contango
2008-05-29,18.14,20.8,-2.66,Contango
2008-05-30,17.83,20.53,-2.700000000000003,Contango
2008-06-02,19.83,21.72,-1.8900000000000006,Contango
2008-06-03,20.24,22.11,-1.870000000000001,Contango
2008-06-04,20.8,22.59,-1.7899999999999991,Contango
2008-06-05,18.63,21.08,-2.4499999999999993,Contango
2008-06-06,23.56,24.2,-0.6400000000000006,Contango
2008-06-09,23.12,23.85,-0.7300000000000004,Contango
2008-06-10,23.18,23.84,-0.6600000000000001,Contango
2008-06-11,24.12,24.32,-0.1999999999999993,Flat
2008-06-12,23.33,23.7,-0.370000000000001,Flat
2008-06-13,21.22,22.6,-1.3800000000000026,Contango
2008-06-16,20.95,22.43,-1.4800000000000004,Contango
2008-06-17,21.13,22.48,-1.3500000000000014,Contango
2008-06-18,22.24,23.55,-1.3100000000000023,Contango
2008-06-19,21.58,22.84,-1.2600000000000016,Contango
2008-06-20,22.87,23.57,-0.6999999999999993,Contango
2008-06-23,22.64,23.3,-0.6600000000000001,Contango
2008-06-24,22.42,23.21,-0.7899999999999991,Contango
2008-06-25,21.14,22.32,-1.1799999999999997,Contango
2008-06-26,23.93,24.31,-0.379999999999999,Flat
2008-06-27,23.44,23.93,-0.48999999999999844,Flat
2008-06-30,23.95,23.77,0.17999999999999972,Flat
2008-07-01,23.65,23.67,-0.020000000000003126,Flat
2008-07-02,25.92,25.02,0.9000000000000021,Backwardation
2008-07-03,24.79,24.42,0.36999999999999744,Flat
2008-07-07,25.78,24.75,1.0300000000000011,Backwardation
2008-07-08,23.15,23.06,0.08999999999999986,Flat
2008-07-09,25.23,24.36,0.870000000000001,Backwardation
2008-07-10,25.59,24.39,1.1999999999999993,Backwardation
2008-07-11,27.49,25.52,1.9699999999999989,Backwardation
2008-07-14,28.48,25.88,2.6000000000000014,Backwardation
2008-07-15,28.54,25.97,2.5700000000000003,Backwardation
2008-07-16,25.1,24.56,0.5400000000000027,Backwardation
2008-07-17,25.01,24.37,0.6400000000000006,Backwardation
2008-07-18,24.05,23.8,0.25,Flat
2008-07-21,23.05,23.18,-0.129999999999999,Flat
2008-07-22,21.18,22.06,-0.879999999999999,Contango
2008-07-23,21.31,22.2,-0.8900000000000006,Contango
2008-07-24,23.44,23.76,-0.3200000000000003,Flat
2008-07-25,22.91,23.29,-0.379999999999999,Flat
2008-07-28,24.23,23.99,0.240000000000002,Flat
2008-07-29,22.03,22.22,-0.18999999999999773,Flat
2008-07-30,21.21,21.44,-0.23000000000000043,Flat
2008-07-31,22.94,22.67,0.2699999999999996,Flat
2008-08-01,22.57,22.75,-0.17999999999999972,Flat
2008-08-04,23.49,23.09,0.3999999999999986,Flat
2008-08-05,21.14,21.5,-0.35999999999999943,Flat
2008-08-06,20.23,21.18,-0.9499999999999993,Contango
2008-08-07,21.15,21.86,-0.7100000000000009,Contango
2008-08-08,20.66,21.65,-0.9899999999999984,Contango
2008-08-11,20.12,21.44,-1.3200000000000003,Contango
2008-08-12,21.17,22.2,-1.0299999999999976,Contango
2008-08-13,21.55,22.54,-0.9899999999999984,Contango
2008-08-14,20.34,21.66,-1.3200000000000003,Contango
2008-08-15,19.58,21.38,-1.8000000000000007,Contango
2008-08-18,20.98,22.11,-1.129999999999999,Contango
2008-08-19,21.28,22.42,-1.1400000000000006,Contango
2008-08-20,20.42,22.46,-2.039999999999999,Contango
2008-08-21,19.82,22.08,-2.259999999999998,Contango
2008-08-22,18.81,21.48,-2.6700000000000017,Contango
2008-08-25,20.97,22.81,-1.8399999999999999,Contango
2008-08-26,20.49,22.52,-2.030000000000001,Contango
2008-08-27,19.76,21.94,-2.1799999999999997,Contango
2008-08-28,19.43,21.54,-2.1099999999999994,Contango
2008-08-29,20.65,22.52,-1.870000000000001,Contango
2008-09-02,21.99,23.11,-1.120000000000001,Contango
2008-09-03,21.43,22.8,-1.370000000000001,Contango
2008-09-04,24.03,24.35,-0.3200000000000003,Flat
2008-09-05,23.06,23.73,-0.6700000000000017,Contango
2008-09-08,22.64,23.15,-0.509999999999998,Contango
2008-09-09,25.47,25.15,0.3200000000000003,Flat
2008-09-10,24.52,24.54,-0.019999999999999574,Flat
2008-09-11,24.39,24.36,0.030000000000001137,Flat
2008-09-12,25.66,25.02,0.6400000000000006,Backwardation
2008-09-15,31.7,27.93,3.7699999999999996,Backwardation
2008-09-16,30.3,26.88,3.4200000000000017,Backwardation
2008-09-17,36.22,30.24,5.98,Backwardation
2008-09-18,33.1,28.58,4.520000000000003,Backwardation
2008-09-19,32.07,28.04,4.030000000000001,Backwardation
2008-09-22,33.85,29.73,4.120000000000001,Backwardation
2008-09-23,35.72,31.26,4.459999999999997,Backwardation
2008-09-24,35.19,30.56,4.629999999999999,Backwardation
2008-09-25,32.82,29.1,3.719999999999999,Backwardation
2008-09-26,34.74,29.74,5.0000000000000036,Backwardation
2008-09-29,46.72,36.27,10.449999999999996,Backwardation
2008-09-30,39.39,33.03,6.359999999999999,Backwardation
2008-10-01,39.81,33.44,6.3700000000000045,Backwardation
2008-10-02,45.26,36.49,8.769999999999996,Backwardation
2008-10-03,45.14,37.3,7.840000000000003,Backwardation
2008-10-06,52.05,39.13,12.919999999999995,Backwardation
2008-10-07,53.68,40.55,13.130000000000003,Backwardation
2008-10-08,57.53,42.22,15.310000000000002,Backwardation
2008-10-09,63.92,48.01,15.910000000000004,Backwardation
2008-10-10,69.95,50.91,19.040000000000006,Backwardation
2008-10-13,54.99,42.38,12.61,Backwardation
2008-10-14,55.13,42.99,12.14,Backwardation
2008-10-15,69.25,49.45,19.799999999999997,Backwardation
2008-10-16,67.61,48.74,18.869999999999997,Backwardation
2008-10-17,70.33,51.13,19.199999999999996,Backwardation
2008-10-20,52.97,43.62,9.350000000000001,Backwardation
2008-10-21,53.11,43.79,9.32,Backwardation
2008-10-22,69.65,49.83,19.820000000000007,Backwardation
2008-10-23,67.8,49.76,18.04,Backwardation
2008-10-24,79.13,55.3,23.83,Backwardation
2008-10-27,80.06,62.84,17.22,Backwardation
2008-10-28,66.96,54.38,12.579999999999991,Backwardation
2008-10-29,69.96,57.82,12.139999999999993,Backwardation
2008-10-30,62.9,53.75,9.149999999999999,Backwardation
2008-10-31,59.89,53.57,6.32,Backwardation
2008-11-03,53.68,51.2,2.479999999999997,Backwardation
2008-11-04,47.73,46.26,1.4699999999999989,Backwardation
2008-11-05,54.56,49.72,4.840000000000003,Backwardation
2008-11-06,63.68,56.14,7.539999999999999,Backwardation
2008-11-07,56.1,52.61,3.490000000000002,Backwardation
2008-11-10,59.98,54.05,5.93,Backwardation
2008-11-11,61.44,55.63,5.809999999999995,Backwardation
2008-11-12,66.46,59.1,7.359999999999992,Backwardation
2008-11-13,59.83,54.1,5.729999999999997,Backwardation
2008-11-14,66.31,59.29,7.020000000000003,Backwardation
2008-11-17,69.15,62.51,6.640000000000008,Backwardation
2008-11-18,67.64,61.39,6.25,Backwardation
2008-11-19,74.26,66.49,7.77000000000001,Backwardation
2008-11-20,80.86,69.24,11.620000000000005,Backwardation
2008-11-21,72.67,64.35,8.320000000000007,Backwardation
2008-11-24,64.7,59.5,5.200000000000003,Backwardation
2008-11-25,60.9,57.99,2.9099999999999966,Backwardation
2008-11-26,54.92,53.73,1.1900000000000048,Backwardation
2008-11-28,55.84,54.18,1.6600000000000037,Backwardation
2008-12-01,68.51,62.39,6.1200000000000045,Backwardation
2008-12-02,62.98,59.65,3.3299999999999983,Backwardation
2008-12-03,60.72,58.5,2.219999999999999,Backwardation
2008-12-04,63.64,61.29,2.3500000000000014,Backwardation
2008-12-05,59.93,58.06,1.8699999999999974,Backwardation
2008-12-08,58.49,56.6,1.8900000000000006,Backwardation
2008-12-09,58.91,57.77,1.1399999999999935,Backwardation
2008-12-10,55.73,56.16,-0.4299999999999997,Flat
2008-12-11,55.78,56.09,-0.3100000000000023,Flat
2008-12-12,54.28,55.14,-0.8599999999999994,Contango
2008-12-15,56.76,56.41,0.3500000000000014,Flat
2008-12-16,52.37,52.91,-0.5399999999999991,Contango
2008-12-17,49.84,51.57,-1.7299999999999969,Contango
2008-12-18,47.34,49.8,-2.4599999999999937,Contango
2008-12-19,44.93,43.4,1.5300000000000011,Backwardation
2008-12-22,44.56,43.71,0.8500000000000014,Backwardation
2008-12-23,45.02,44.48,0.5400000000000063,Backwardation
2008-12-24,44.21,43.93,0.28000000000000114,Flat
2008-12-26,43.38,46.11,-2.729999999999997,Contango
2008-12-29,43.9,46.54,-2.6400000000000006,Contango
2008-12-30,41.63,44.41,-2.779999999999994,Contango
2008-12-31,40.0,43.18,-3.1799999999999997,Contango
2009-01-02,39.19,40.56,-1.3700000000000045,Contango
2009-01-05,39.08,40.82,-1.740000000000002,Contango
2009-01-06,38.56,40.31,-1.75,Contango
2009-01-07,43.39,43.81,-0.4200000000000017,Flat
2009-01-08,42.56,43.17,-0.6099999999999994,Contango
2009-01-09,42.82,44.88,-2.0600000000000023,Contango
2009-01-12,45.84,47.35,-1.509999999999998,Contango
2009-01-13,43.27,47.14,-3.8699999999999974,Contango
2009-01-14,49.14,50.68,-1.5399999999999991,Contango
2009-01-15,51.0,51.71,-0.7100000000000009,Contango
2009-01-16,46.11,48.95,-2.8400000000000034,Contango
2009-01-20,56.65,54.87,1.7800000000000011,Backwardation
2009-01-21,46.42,49.96,-3.539999999999999,Contango
2009-01-22,47.29,50.13,-2.8400000000000034,Contango
2009-01-23,47.27,49.36,-2.0899999999999963,Contango
2009-01-26,45.69,47.47,-1.7800000000000011,Contango
2009-01-27,42.25,45.18,-2.9299999999999997,Contango
2009-01-28,39.66,42.2,-2.5400000000000063,Contango
2009-01-29,42.63,43.53,-0.8999999999999986,Contango
2009-01-30,44.84,44.6,0.240000000000002,Flat
2009-02-02,45.52,43.91,1.6100000000000065,Backwardation
2009-02-03,43.06,42.24,0.8200000000000003,Backwardation
2009-02-04,43.85,42.13,1.7199999999999989,Backwardation
2009-02-05,43.73,42.6,1.1299999999999955,Backwardation
2009-02-06,43.37,43.38,-0.010000000000005116,Flat
2009-02-09,43.64,43.43,0.21000000000000085,Flat
2009-02-10,46.67,46.06,0.6099999999999994,Backwardation
2009-02-11,44.53,45.07,-0.5399999999999991,Contango
2009-02-12,41.25,42.66,-1.4099999999999966,Contango
2009-02-13,42.93,42.47,0.46000000000000085,Flat
2009-02-17,48.66,46.0,2.6599999999999966,Backwardation
2009-02-18,48.46,46.97,1.490000000000002,Backwardation
2009-02-19,47.08,45.63,1.4499999999999957,Backwardation
2009-02-20,49.3,47.03,2.269999999999996,Backwardation
2009-02-23,52.62,50.43,2.1899999999999977,Backwardation
2009-02-24,45.49,45.11,0.38000000000000256,Flat
2009-02-25,44.67,44.4,0.2700000000000031,Flat
2009-02-26,44.66,44.18,0.4799999999999969,Flat
2009-02-27,46.35,45.21,1.1400000000000006,Backwardation
2009-03-02,52.65,48.67,3.979999999999997,Backwardation
2009-03-03,50.93,48.51,2.4200000000000017,Backwardation
2009-03-04,47.56,44.72,2.8400000000000034,Backwardation
2009-03-05,50.17,46.7,3.469999999999999,Backwardation
2009-03-06,49.33,46.48,2.8500000000000014,Backwardation
2009-03-09,49.68,46.53,3.1499999999999986,Backwardation
2009-03-10,44.37,42.41,1.9600000000000009,Backwardation
2009-03-11,43.61,42.5,1.1099999999999994,Backwardation
2009-03-12,41.18,40.7,0.4799999999999969,Flat
2009-03-13,42.36,41.83,0.5300000000000011,Backwardation
2009-03-16,43.74,42.24,1.5,Backwardation
2009-03-17,40.8,39.98,0.8200000000000003,Backwardation
2009-03-18,40.06,39.9,0.1600000000000037,Flat
2009-03-19,43.68,43.15,0.5300000000000011,Backwardation
2009-03-20,45.89,46.28,-0.39000000000000057,Flat
2009-03-23,43.23,42.33,0.8999999999999986,Backwardation
2009-03-24,42.93,43.64,-0.7100000000000009,Contango
2009-03-25,42.25,41.9,0.3500000000000014,Flat
2009-03-26,40.36,40.68,-0.3200000000000003,Flat
2009-03-27,41.04,42.09,-1.0500000000000043,Contango
2009-03-30,45.54,44.99,0.5499999999999972,Backwardation
2009-03-31,44.14,44.59,-0.45000000000000284,Flat
2009-04-01,42.28,43.03,-0.75,Contango
2009-04-02,42.04,42.24,-0.20000000000000284,Flat
2009-04-03,39.7,41.07,-1.3699999999999974,Contango
2009-04-06,40.93,41.17,-0.240000000000002,Flat
2009-04-07,40.39,41.67,-1.2800000000000011,Contango
2009-04-08,38.85,40.2,-1.3500000000000014,Contango
2009-04-09,36.53,38.53,-2.0,Contango
2009-04-13,37.81,38.55,-0.7399999999999949,Contango
2009-04-14,37.67,38.69,-1.019999999999996,Contango
2009-04-15,36.17,37.97,-1.7999999999999972,Contango
2009-04-16,35.79,36.96,-1.1700000000000017,Contango
2009-04-17,33.94,36.59,-2.6500000000000057,Contango
2009-04-20,39.18,39.41,-0.22999999999999687,Flat
2009-04-21,37.14,37.78,-0.6400000000000006,Contango
2009-04-22,38.1,38.5,-0.3999999999999986,Flat
2009-04-23,37.15,37.98,-0.8299999999999983,Contango
2009-04-24,36.82,37.81,-0.990000000000002,Contango
2009-04-27,38.32,38.63,-0.3100000000000023,Flat
2009-04-28,37.95,38.4,-0.44999999999999574,Flat
2009-04-29,36.08,36.49,-0.4100000000000037,Flat
2009-04-30,36.5,36.73,-0.22999999999999687,Flat
2009-05-01,35.3,35.84,-0.5400000000000063,Contango
2009-05-04,34.53,34.8,-0.269999999999996,Flat
2009-05-05,33.36,34.18,-0.8200000000000003,Contango
2009-05-06,32.45,33.36,-0.9099999999999966,Contango
2009-05-07,33.44,34.04,-0.6000000000000014,Contango
2009-05-08,32.05,32.82,-0.7700000000000031,Contango
2009-05-11,32.87,33.39,-0.5200000000000031,Contango
2009-05-12,31.8,32.77,-0.9700000000000024,Contango
2009-05-13,33.65,33.83,-0.17999999999999972,Flat
2009-05-14,31.37,32.25,-0.879999999999999,Contango
2009-05-15,33.12,33.22,-0.10000000000000142,Flat
2009-05-18,30.24,31.23,-0.990000000000002,Contango
2009-05-19,28.8,30.42,-1.620000000000001,Contango
2009-05-20,29.03,30.74,-1.7099999999999973,Contango
2009-05-21,31.35,32.39,-1.0399999999999991,Contango
2009-05-22,32.63,33.04,-0.4099999999999966,Flat
2009-05-26,30.62,31.53,-0.9100000000000001,Contango
2009-05-27,32.36,32.47,-0.10999999999999943,Flat
2009-05-28,31.67,32.05,-0.37999999999999545,Flat
2009-05-29,28.92,30.43,-1.509999999999998,Contango
2009-06-01,30.04,30.6,-0.5600000000000023,Contango
2009-06-02,29.63,30.58,-0.9499999999999993,Contango
2009-06-03,31.02,32.19,-1.1699999999999982,Contango
2009-06-04,30.18,31.58,-1.3999999999999986,Contango
2009-06-05,29.62,31.6,-1.9800000000000004,Contango
2009-06-08,29.77,31.77,-2.0,Contango
2009-06-09,28.27,30.67,-2.400000000000002,Contango
2009-06-10,28.46,30.61,-2.1499999999999986,Contango
2009-06-11,28.11,29.93,-1.8200000000000003,Contango
2009-06-12,28.15,29.5,-1.3500000000000014,Contango
2009-06-15,30.81,31.34,-0.5300000000000011,Contango
2009-06-16,32.68,32.79,-0.10999999999999943,Flat
2009-06-17,31.54,32.89,-1.3500000000000014,Contango
2009-06-18,30.03,31.51,-1.4800000000000004,Contango
2009-06-19,27.99,30.64,-2.650000000000002,Contango
2009-06-22,31.17,33.01,-1.8399999999999963,Contango
2009-06-23,30.58,32.42,-1.8400000000000034,Contango
2009-06-24,29.05,31.07,-2.0199999999999996,Contango
2009-06-25,26.36,29.41,-3.0500000000000007,Contango
2009-06-26,25.93,29.28,-3.3500000000000014,Contango
2009-06-29,25.35,28.2,-2.849999999999998,Contango
2009-06-30,26.35,28.76,-2.41,Contango
2009-07-01,26.22,28.96,-2.740000000000002,Contango
2009-07-02,27.95,30.53,-2.580000000000002,Contango
2009-07-06,29.0,30.79,-1.7899999999999991,Contango
2009-07-07,30.85,32.09,-1.240000000000002,Contango
2009-07-08,31.3,32.42,-1.120000000000001,Contango
2009-07-09,29.78,31.67,-1.8900000000000006,Contango
2009-07-10,29.02,31.71,-2.6900000000000013,Contango
2009-07-13,26.31,30.1,-3.7900000000000027,Contango
2009-07-14,25.02,29.58,-4.559999999999999,Contango
2009-07-15,25.89,29.11,-3.219999999999999,Contango
2009-07-16,25.42,28.61,-3.1899999999999977,Contango
2009-07-17,24.34,28.65,-4.309999999999999,Contango
2009-07-20,24.4,27.59,-3.1900000000000013,Contango
2009-07-21,23.87,27.44,-3.5700000000000003,Contango
2009-07-22,23.47,27.22,-3.75,Contango
2009-07-23,23.43,26.96,-3.530000000000001,Contango
2009-07-24,23.09,26.37,-3.280000000000001,Contango
2009-07-27,24.28,26.99,-2.7099999999999973,Contango
2009-07-28,25.01,27.96,-2.9499999999999993,Contango
2009-07-29,25.61,28.42,-2.8100000000000023,Contango
2009-07-30,25.4,28.19,-2.7900000000000027,Contango
2009-07-31,25.92,28.4,-2.479999999999997,Contango
2009-08-03,25.56,27.71,-2.150000000000002,Contango
2009-08-04,24.89,27.22,-2.3299999999999983,Contango
2009-08-05,24.9,27.17,-2.270000000000003,Contango
2009-08-06,25.67,27.98,-2.3099999999999987,Contango
2009-08-07,24.76,27.11,-2.349999999999998,Contango
2009-08-10,24.99,27.06,-2.0700000000000003,Contango
2009-08-11,25.99,28.1,-2.110000000000003,Contango
2009-08-12,25.45,27.74,-2.289999999999999,Contango
2009-08-13,24.71,27.28,-2.5700000000000003,Contango
2009-08-14,24.27,27.11,-2.84,Contango
2009-08-17,27.89,29.93,-2.039999999999999,Contango
2009-08-18,26.18,28.9,-2.719999999999999,Contango
2009-08-19,26.26,28.48,-2.219999999999999,Contango
2009-08-20,25.09,28.29,-3.1999999999999993,Contango
2009-08-21,25.01,27.77,-2.759999999999998,Contango
2009-08-24,25.14,28.16,-3.0199999999999996,Contango
2009-08-25,24.92,28.16,-3.2399999999999984,Contango
2009-08-26,24.95,28.36,-3.41,Contango
2009-08-27,24.68,28.41,-3.7300000000000004,Contango
2009-08-28,24.76,28.5,-3.7399999999999984,Contango
2009-08-31,26.01,29.17,-3.16,Contango
2009-09-01,29.15,30.88,-1.7300000000000004,Contango
2009-09-02,28.9,31.04,-2.1400000000000006,Contango
2009-09-03,27.1,29.6,-2.5,Contango
2009-09-04,25.26,28.48,-3.219999999999999,Contango
2009-09-08,25.62,28.21,-2.59,Contango
2009-09-09,24.32,27.29,-2.969999999999999,Contango
2009-09-10,23.55,26.51,-2.960000000000001,Contango
2009-09-11,24.15,26.56,-2.41,Contango
2009-09-14,23.86,26.41,-2.5500000000000007,Contango
2009-09-15,23.42,26.33,-2.9099999999999966,Contango
2009-09-16,23.69,25.87,-2.1799999999999997,Contango
2009-09-17,23.65,25.94,-2.2900000000000027,Contango
2009-09-18,23.92,26.54,-2.6199999999999974,Contango
2009-09-21,24.06,26.23,-2.1700000000000017,Contango
2009-09-22,23.08,25.69,-2.610000000000003,Contango
2009-09-23,23.49,26.09,-2.6000000000000014,Contango
2009-09-24,24.95,27.13,-2.1799999999999997,Contango
2009-09-25,25.61,27.21,-1.6000000000000014,Contango
2009-09-28,24.88,26.27,-1.3900000000000006,Contango
2009-09-29,25.19,26.48,-1.2899999999999991,Contango
2009-09-30,25.61,26.66,-1.0500000000000007,Contango
2009-10-01,28.27,28.33,-0.05999999999999872,Flat
2009-10-02,28.68,28.8,-0.120000000000001,Flat
2009-10-05,26.84,27.61,-0.7699999999999996,Contango
2009-10-06,25.7,26.73,-1.0300000000000011,Contango
2009-10-07,24.68,26.12,-1.4400000000000013,Contango
2009-10-08,24.18,25.74,-1.5599999999999987,Contango
2009-10-09,23.12,25.08,-1.9599999999999973,Contango
2009-10-12,23.01,25.17,-2.16,Contango
2009-10-13,22.99,25.09,-2.1000000000000014,Contango
2009-10-14,22.86,24.58,-1.7199999999999989,Contango
2009-10-15,21.72,24.22,-2.5,Contango
2009-10-16,21.43,24.4,-2.969999999999999,Contango
2009-10-19,21.49,24.15,-2.66,Contango
2009-10-20,20.9,23.72,-2.8200000000000003,Contango
2009-10-21,22.22,24.55,-2.330000000000002,Contango
2009-10-22,20.69,23.35,-2.66,Contango
2009-10-23,22.27,24.31,-2.039999999999999,Contango
2009-10-26,24.31,25.37,-1.0600000000000023,Contango
2009-10-27,24.83,25.46,-0.6300000000000026,Contango
2009-10-28,27.91,27.42,0.48999999999999844,Flat
2009-10-29,24.76,25.66,-0.8999999999999986,Contango
2009-10-30,30.69,29.07,1.620000000000001,Backwardation
2009-11-02,29.78,28.82,0.9600000000000009,Backwardation
2009-11-03,28.81,28.87,-0.060000000000002274,Flat
2009-11-04,27.72,28.18,-0.46000000000000085,Flat
2009-11-05,25.43,26.61,-1.1799999999999997,Contango
2009-11-06,24.19,25.88,-1.6899999999999977,Contango
2009-11-09,23.15,24.41,-1.2600000000000016,Contango
2009-11-10,22.84,24.71,-1.870000000000001,Contango
2009-11-11,23.04,24.97,-1.9299999999999997,Contango
2009-11-12,24.24,26.07,-1.8300000000000018,Contango
2009-11-13,23.36,25.6,-2.240000000000002,Contango
2009-11-16,22.89,25.15,-2.259999999999998,Contango
2009-11-17,22.41,25.04,-2.629999999999999,Contango
2009-11-18,21.63,24.72,-3.09,Contango
2009-11-19,22.63,25.11,-2.4800000000000004,Contango
2009-11-20,22.19,24.66,-2.469999999999999,Contango
2009-11-23,21.16,24.11,-2.9499999999999993,Contango
2009-11-24,20.47,23.74,-3.2699999999999996,Contango
2009-11-25,20.48,23.66,-3.1799999999999997,Contango
2009-11-27,24.85,26.15,-1.2999999999999972,Contango
2009-11-30,24.51,26.24,-1.7299999999999969,Contango
2009-12-01,21.92,24.94,-3.0199999999999996,Contango
2009-12-02,21.12,24.8,-3.6799999999999997,Contango
2009-12-03,22.46,25.51,-3.0500000000000007,Contango
2009-12-04,21.25,24.76,-3.5100000000000016,Contango
2009-12-07,22.1,25.3,-3.1999999999999993,Contango
2009-12-08,23.69,26.13,-2.4399999999999977,Contango
2009-12-09,22.66,25.8,-3.1400000000000006,Contango
2009-12-10,22.32,25.34,-3.0199999999999996,Contango
2009-12-11,21.59,25.12,-3.530000000000001,Contango
2009-12-14,21.15,24.56,-3.41,Contango
2009-12-15,21.49,24.73,-3.240000000000002,Contango
2009-12-16,20.54,24.25,-3.710000000000001,Contango
2009-12-17,22.51,24.78,-2.2699999999999996,Contango
2009-12-18,21.68,24.52,-2.84,Contango
2009-12-21,20.49,23.53,-3.0400000000000027,Contango
2009-12-22,19.54,22.76,-3.2200000000000024,Contango
2009-12-23,19.71,22.68,-2.969999999999999,Contango
2009-12-24,19.47,22.43,-2.960000000000001,Contango
2009-12-28,19.93,22.49,-2.5599999999999987,Contango
2009-12-29,20.01,22.63,-2.6199999999999974,Contango
2009-12-30,19.96,22.66,-2.6999999999999993,Contango
2009-12-31,21.68,23.89,-2.210000000000001,Contango
2010-01-04,20.04,22.77,-2.7300000000000004,Contango
2010-01-05,19.35,22.39,-3.039999999999999,Contango
2010-01-06,19.16,21.8,-2.6400000000000006,Contango
2010-01-07,19.06,21.6,-2.5400000000000027,Contango
2010-01-08,18.13,21.0,-2.870000000000001,Contango
2010-01-11,17.55,21.27,-3.719999999999999,Contango
2010-01-12,18.25,21.79,-3.539999999999999,Contango
2010-01-13,17.85,21.29,-3.4399999999999977,Contango
2010-01-14,17.63,20.71,-3.080000000000002,Contango
2010-01-15,17.91,21.48,-3.5700000000000003,Contango
2010-01-19,17.58,20.89,-3.3100000000000023,Contango
2010-01-20,18.68,21.4,-2.719999999999999,Contango
2010-01-21,22.27,23.15,-0.879999999999999,Contango
2010-01-22,27.31,26.29,1.0199999999999996,Backwardation
2010-01-25,25.41,25.19,0.21999999999999886,Flat
2010-01-26,24.55,25.17,-0.620000000000001,Contango
2010-01-27,23.14,24.13,-0.9899999999999984,Contango
2010-01-28,23.73,24.67,-0.9400000000000013,Contango
2010-01-29,24.62,25.38,-0.759999999999998,Contango
2010-02-01,22.59,23.64,-1.0500000000000007,Contango
2010-02-02,21.48,22.93,-1.4499999999999993,Contango
2010-02-03,21.6,23.0,-1.3999999999999986,Contango
2010-02-04,26.08,25.98,0.09999999999999787,Flat
2010-02-05,26.11,26.0,0.10999999999999943,Flat
2010-02-08,26.51,26.43,0.08000000000000185,Flat
2010-02-09,26.0,26.04,-0.03999999999999915,Flat
2010-02-10,25.4,25.87,-0.4700000000000024,Flat
2010-02-11,23.96,24.57,-0.6099999999999994,Contango
2010-02-12,22.73,24.46,-1.7300000000000004,Contango
2010-02-16,22.25,23.57,-1.3200000000000003,Contango
2010-02-17,21.72,23.29,-1.5700000000000003,Contango
2010-02-18,20.63,22.78,-2.150000000000002,Contango
2010-02-19,20.02,22.31,-2.289999999999999,Contango
2010-02-22,19.94,21.73,-1.7899999999999991,Contango
2010-02-23,21.37,22.62,-1.25,Contango
2010-02-24,20.27,22.08,-1.8099999999999987,Contango
2010-02-25,20.1,22.07,-1.9699999999999989,Contango
2010-02-26,19.5,21.65,-2.1499999999999986,Contango
2010-03-01,19.26,21.44,-2.1799999999999997,Contango
2010-03-02,19.06,21.18,-2.120000000000001,Contango
2010-03-03,18.83,20.97,-2.1400000000000006,Contango
2010-03-04,18.72,21.03,-2.3100000000000023,Contango
2010-03-05,17.42,20.23,-2.8099999999999987,Contango
2010-03-08,17.79,20.26,-2.4700000000000024,Contango
2010-03-09,17.92,20.16,-2.2399999999999984,Contango
2010-03-10,18.57,20.51,-1.9400000000000013,Contango
2010-03-11,18.06,20.7,-2.6400000000000006,Contango
2010-03-12,17.58,20.27,-2.6900000000000013,Contango
2010-03-15,18.0,20.72,-2.719999999999999,Contango
2010-03-16,17.69,20.16,-2.469999999999999,Contango
2010-03-17,16.91,19.72,-2.8099999999999987,Contango
2010-03-18,16.62,19.48,-2.8599999999999994,Contango
2010-03-19,16.97,19.95,-2.9800000000000004,Contango
2010-03-22,16.87,20.11,-3.2399999999999984,Contango
2010-03-23,16.35,19.68,-3.3299999999999983,Contango
2010-03-24,17.55,20.08,-2.5299999999999976,Contango
2010-03-25,18.4,20.58,-2.1799999999999997,Contango
2010-03-26,17.77,20.06,-2.289999999999999,Contango
2010-03-29,17.59,19.85,-2.2600000000000016,Contango
2010-03-30,17.13,19.54,-2.41,Contango
2010-03-31,17.59,19.92,-2.330000000000002,Contango
2010-04-01,17.47,19.9,-2.4299999999999997,Contango
2010-04-05,17.02,19.35,-2.330000000000002,Contango
2010-04-06,16.23,18.84,-2.6099999999999994,Contango
2010-04-07,16.62,19.19,-2.5700000000000003,Contango
2010-04-08,16.48,19.08,-2.599999999999998,Contango
2010-04-09,16.14,18.62,-2.4800000000000004,Contango
2010-04-12,15.58,18.96,-3.380000000000001,Contango
2010-04-13,16.2,18.99,-2.789999999999999,Contango
2010-04-14,15.59,18.77,-3.1799999999999997,Contango
2010-04-15,15.89,18.9,-3.009999999999998,Contango
2010-04-16,18.36,20.23,-1.870000000000001,Contango
2010-04-19,17.34,19.79,-2.4499999999999993,Contango
2010-04-20,15.73,18.99,-3.259999999999998,Contango
2010-04-21,16.32,19.3,-2.9800000000000004,Contango
2010-04-22,16.47,19.59,-3.120000000000001,Contango
2010-04-23,16.62,19.39,-2.7699999999999996,Contango
2010-04-26,17.47,19.86,-2.3900000000000006,Contango
2010-04-27,22.81,22.72,0.08999999999999986,Flat
2010-04-28,21.08,22.31,-1.2300000000000004,Contango
2010-04-29,18.44,20.96,-2.5199999999999996,Contango
2010-04-30,22.05,23.67,-1.620000000000001,Contango
2010-05-03,20.19,22.58,-2.389999999999997,Contango
2010-05-04,23.84,25.07,-1.2300000000000004,Contango
2010-05-05,24.91,26.37,-1.4600000000000009,Contango
2010-05-06,32.8,26.37,6.429999999999996,Backwardation
2010-05-07,40.95,36.62,4.330000000000005,Backwardation
2010-05-10,28.84,28.98,-0.14000000000000057,Flat
2010-05-11,28.32,28.87,-0.5500000000000007,Contango
2010-05-12,25.52,26.65,-1.129999999999999,Contango
2010-05-13,26.68,27.61,-0.9299999999999997,Contango
2010-05-14,31.24,30.8,0.4399999999999977,Flat
2010-05-17,30.84,30.51,0.3299999999999983,Flat
2010-05-18,33.55,32.81,0.7399999999999949,Backwardation
2010-05-19,35.32,34.18,1.1400000000000006,Backwardation
2010-05-20,45.79,40.83,4.960000000000001,Backwardation
2010-05-21,40.1,37.4,2.700000000000003,Backwardation
2010-05-24,38.32,36.91,1.4100000000000037,Backwardation
2010-05-25,34.61,34.9,-0.28999999999999915,Flat
2010-05-26,35.02,33.95,1.0700000000000003,Backwardation
2010-05-27,29.68,30.64,-0.9600000000000009,Contango
2010-05-28,32.07,32.0,0.07000000000000028,Flat
2010-06-01,35.54,34.02,1.519999999999996,Backwardation
2010-06-02,30.17,30.59,-0.41999999999999815,Flat
2010-06-03,29.46,30.24,-0.7799999999999976,Contango
2010-06-04,35.48,34.37,1.1099999999999994,Backwardation
2010-06-07,36.57,35.3,1.2700000000000031,Backwardation
2010-06-08,33.7,33.65,0.05000000000000426,Flat
2010-06-09,33.73,33.8,-0.07000000000000028,Flat
2010-06-10,30.57,31.47,-0.8999999999999986,Contango
2010-06-11,28.79,30.95,-2.16,Contango
2010-06-14,28.58,30.68,-2.1000000000000014,Contango
2010-06-15,25.87,28.45,-2.5799999999999983,Contango
2010-06-16,25.92,28.78,-2.8599999999999994,Contango
2010-06-17,25.05,28.21,-3.16,Contango
2010-06-18,23.95,27.96,-4.010000000000002,Contango
2010-06-21,24.88,27.54,-2.66,Contango
2010-06-22,27.05,29.09,-2.039999999999999,Contango
2010-06-23,26.91,29.26,-2.3500000000000014,Contango
2010-06-24,29.74,31.36,-1.620000000000001,Contango
2010-06-25,28.53,30.7,-2.169999999999998,Contango
2010-06-28,29.0,30.96,-1.9600000000000009,Contango
2010-06-29,34.13,34.38,-0.25,Flat
2010-06-30,34.54,35.23,-0.6899999999999977,Contango
2010-07-01,32.86,34.49,-1.6300000000000026,Contango
2010-07-02,30.12,33.29,-3.169999999999998,Contango
2010-07-06,29.65,32.01,-2.3599999999999994,Contango
2010-07-07,26.84,29.72,-2.879999999999999,Contango
2010-07-08,25.71,28.83,-3.1199999999999974,Contango
2010-07-09,24.98,28.17,-3.1900000000000013,Contango
2010-07-12,24.43,28.39,-3.960000000000001,Contango
2010-07-13,24.56,28.32,-3.7600000000000016,Contango
2010-07-14,24.89,28.83,-3.9399999999999977,Contango
2010-07-15,25.14,29.23,-4.09,Contango
2010-07-16,26.25,30.6,-4.350000000000001,Contango
2010-07-19,25.97,30.08,-4.109999999999999,Contango
2010-07-20,23.93,28.22,-4.289999999999999,Contango
2010-07-21,25.64,29.08,-3.4399999999999977,Contango
2010-07-22,24.63,27.9,-3.2699999999999996,Contango
2010-07-23,23.47,26.99,-3.5199999999999996,Contango
2010-07-26,22.73,26.44,-3.710000000000001,Contango
2010-07-27,23.19,26.37,-3.1799999999999997,Contango
2010-07-28,24.25,26.71,-2.460000000000001,Contango
2010-07-29,24.13,27.12,-2.990000000000002,Contango
2010-07-30,23.5,27.14,-3.6400000000000006,Contango
2010-08-02,22.01,25.4,-3.389999999999997,Contango
2010-08-03,22.63,26.01,-3.3800000000000026,Contango
2010-08-04,22.21,25.96,-3.75,Contango
2010-08-05,22.1,26.16,-4.059999999999999,Contango
2010-08-06,21.74,26.12,-4.380000000000003,Contango
2010-08-09,22.14,26.03,-3.8900000000000006,Contango
2010-08-10,22.37,26.31,-3.9399999999999977,Contango
2010-08-11,25.39,28.69,-3.3000000000000007,Contango
2010-08-12,25.73,29.25,-3.5199999999999996,Contango
2010-08-13,26.24,29.97,-3.7300000000000004,Contango
2010-08-16,26.1,29.8,-3.6999999999999993,Contango
2010-08-17,24.33,28.57,-4.240000000000002,Contango
2010-08-18,24.59,28.58,-3.9899999999999984,Contango
2010-08-19,26.44,29.63,-3.1899999999999977,Contango
2010-08-20,25.49,29.54,-4.050000000000001,Contango
2010-08-23,25.66,29.29,-3.629999999999999,Contango
2010-08-24,27.46,30.31,-2.849999999999998,Contango
2010-08-25,26.7,29.85,-3.150000000000002,Contango
2010-08-26,27.37,30.37,-3.0,Contango
2010-08-27,24.45,28.4,-3.9499999999999993,Contango
2010-08-30,27.21,30.01,-2.8000000000000007,Contango
2010-08-31,26.05,29.04,-2.9899999999999984,Contango
2010-09-01,23.89,27.29,-3.3999999999999986,Contango
2010-09-02,23.19,26.62,-3.4299999999999997,Contango
2010-09-03,21.31,25.31,-4.0,Contango
2010-09-07,23.8,26.77,-2.969999999999999,Contango
2010-09-08,23.25,26.3,-3.0500000000000007,Contango
2010-09-09,22.81,26.1,-3.2900000000000027,Contango
2010-09-10,21.99,25.59,-3.6000000000000014,Contango
2010-09-13,21.21,24.75,-3.539999999999999,Contango
2010-09-14,21.56,24.74,-3.1799999999999997,Contango
2010-09-15,22.1,24.93,-2.8299999999999983,Contango
2010-09-16,21.72,24.96,-3.240000000000002,Contango
2010-09-17,22.01,25.12,-3.1099999999999994,Contango
2010-09-20,21.5,24.59,-3.09,Contango
2010-09-21,22.35,24.94,-2.59,Contango
2010-09-22,22.51,25.16,-2.6499999999999986,Contango
2010-09-23,23.87,26.16,-2.289999999999999,Contango
2010-09-24,21.71,24.75,-3.039999999999999,Contango
2010-09-27,22.54,25.2,-2.66,Contango
2010-09-28,22.6,25.34,-2.7399999999999984,Contango
2010-09-29,23.25,25.91,-2.66,Contango
2010-09-30,23.7,26.4,-2.6999999999999993,Contango
2010-10-01,22.5,25.7,-3.1999999999999993,Contango
2010-10-04,23.53,26.32,-2.789999999999999,Contango
2010-10-05,21.76,25.08,-3.3199999999999967,Contango
2010-10-06,21.49,24.91,-3.4200000000000017,Contango
2010-10-07,21.56,24.89,-3.330000000000002,Contango
2010-10-08,20.71,24.06,-3.349999999999998,Contango
2010-10-11,18.96,23.98,-5.02,Contango
2010-10-12,18.93,23.37,-4.440000000000001,Contango
2010-10-13,19.07,22.98,-3.91,Contango
2010-10-14,19.88,23.56,-3.6799999999999997,Contango
2010-10-15,19.03,23.2,-4.169999999999998,Contango
2010-10-18,19.09,22.8,-3.710000000000001,Contango
2010-10-19,20.63,23.59,-2.960000000000001,Contango
2010-10-20,19.79,22.66,-2.870000000000001,Contango
2010-10-21,19.27,22.22,-2.9499999999999993,Contango
2010-10-22,18.78,21.65,-2.8699999999999974,Contango
2010-10-25,19.85,21.91,-2.0599999999999987,Contango
2010-10-26,20.22,22.2,-1.9800000000000004,Contango
2010-10-27,20.71,22.6,-1.8900000000000006,Contango
2010-10-28,20.88,22.81,-1.9299999999999997,Contango
2010-10-29,21.2,22.95,-1.75,Contango
2010-11-01,21.83,23.29,-1.4600000000000009,Contango
2010-11-02,21.57,23.02,-1.4499999999999993,Contango
2010-11-03,19.56,21.65,-2.09,Contango
2010-11-04,18.52,20.57,-2.0500000000000007,Contango
2010-11-05,18.26,20.66,-2.3999999999999986,Contango
2010-11-08,18.29,20.73,-2.4400000000000013,Contango
2010-11-09,19.08,21.53,-2.450000000000003,Contango
2010-11-10,18.47,21.28,-2.8100000000000023,Contango
2010-11-11,18.64,21.47,-2.8299999999999983,Contango
2010-11-12,20.61,22.93,-2.3200000000000003,Contango
2010-11-15,20.2,22.81,-2.6099999999999994,Contango
2010-11-16,22.58,24.08,-1.5,Contango
2010-11-17,21.76,23.83,-2.0699999999999967,Contango
2010-11-18,18.75,22.43,-3.6799999999999997,Contango
2010-11-19,18.04,21.4,-3.3599999999999994,Contango
2010-11-22,18.37,21.33,-2.9599999999999973,Contango
2010-11-23,20.63,22.59,-1.9600000000000009,Contango
2010-11-24,19.56,21.81,-2.25,Contango
2010-11-26,22.22,21.81,0.41000000000000014,Flat
2010-11-29,21.53,23.35,-1.8200000000000003,Contango
2010-11-30,23.54,25.19,-1.6500000000000021,Contango
2010-12-01,21.36,23.99,-2.629999999999999,Contango
2010-12-02,19.39,21.99,-2.599999999999998,Contango
2010-12-03,18.01,21.0,-2.9899999999999984,Contango
2010-12-06,18.02,21.04,-3.0199999999999996,Contango
2010-12-07,17.99,20.97,-2.9800000000000004,Contango
2010-12-08,17.74,20.38,-2.6400000000000006,Contango
2010-12-09,17.25,19.98,-2.7300000000000004,Contango
2010-12-10,17.61,19.84,-2.2300000000000004,Contango
2010-12-13,17.55,20.46,-2.91,Contango
2010-12-14,17.61,20.39,-2.780000000000001,Contango
2010-12-15,17.94,20.74,-2.799999999999997,Contango
2010-12-16,17.39,20.82,-3.4299999999999997,Contango
2010-12-17,16.11,20.29,-4.18,Contango
2010-12-20,16.41,20.1,-3.6900000000000013,Contango
2010-12-21,16.49,19.91,-3.4200000000000017,Contango
2010-12-22,15.45,19.57,-4.120000000000001,Contango
2010-12-23,16.47,20.44,-3.9700000000000024,Contango
2010-12-27,17.67,21.04,-3.3699999999999974,Contango
2010-12-28,17.52,21.18,-3.66,Contango
2010-12-29,17.28,20.84,-3.5599999999999987,Contango
2010-12-30,17.52,21.01,-3.490000000000002,Contango
2010-12-31,17.75,20.9,-3.1499999999999986,Contango
2011-01-03,17.61,20.62,-3.0100000000000016,Contango
2011-01-04,17.38,20.61,-3.2300000000000004,Contango
2011-01-05,17.02,20.05,-3.030000000000001,Contango
2011-01-06,17.4,20.35,-2.950000000000003,Contango
2011-01-07,17.14,20.29,-3.1499999999999986,Contango
2011-01-10,17.54,20.48,-2.9400000000000013,Contango
2011-01-11,16.89,20.14,-3.25,Contango
2011-01-12,16.24,19.23,-2.990000000000002,Contango
2011-01-13,16.39,19.2,-2.8099999999999987,Contango
2011-01-14,15.46,18.37,-2.91,Contango
2011-01-18,15.87,18.38,-2.51,Contango
2011-01-19,17.31,19.64,-2.330000000000002,Contango
2011-01-20,17.99,19.9,-1.9100000000000001,Contango
2011-01-21,18.47,19.97,-1.5,Contango
2011-01-24,17.65,19.58,-1.9299999999999997,Contango
2011-01-25,17.59,19.34,-1.75,Contango
2011-01-26,16.64,18.82,-2.1799999999999997,Contango
2011-01-27,16.15,18.48,-2.330000000000002,Contango
2011-01-28,20.04,20.59,-0.5500000000000007,Contango
2011-01-31,19.53,20.15,-0.6199999999999974,Contango
2011-02-01,17.63,18.97,-1.3399999999999999,Contango
2011-02-02,17.3,19.09,-1.7899999999999991,Contango
2011-02-03,16.69,18.92,-2.2300000000000004,Contango
2011-02-04,15.93,18.33,-2.3999999999999986,Contango
2011-02-07,16.28,18.26,-1.9800000000000004,Contango
2011-02-08,15.81,17.85,-2.040000000000001,Contango
2011-02-09,15.87,17.86,-1.9900000000000002,Contango
2011-02-10,16.09,18.1,-2.0100000000000016,Contango
2011-02-11,15.69,17.86,-2.17,Contango
2011-02-14,15.95,17.94,-1.990000000000002,Contango
2011-02-15,16.37,18.27,-1.8999999999999986,Contango
2011-02-16,16.72,18.32,-1.6000000000000014,Contango
2011-02-17,16.59,18.63,-2.039999999999999,Contango
2011-02-18,16.43,18.9,-2.469999999999999,Contango
2011-02-22,20.8,21.32,-0.5199999999999996,Contango
2011-02-23,22.13,22.47,-0.33999999999999986,Flat
2011-02-24,21.32,22.26,-0.9400000000000013,Contango
2011-02-25,19.22,20.57,-1.3500000000000014,Contango
2011-02-28,18.35,20.0,-1.6499999999999986,Contango
2011-03-01,21.01,21.9,-0.889999999999997,Contango
2011-03-02,20.7,21.68,-0.9800000000000004,Contango
2011-03-03,18.6,20.44,-1.8399999999999999,Contango
2011-03-04,19.06,20.8,-1.740000000000002,Contango
2011-03-07,20.66,21.85,-1.1900000000000013,Contango
2011-03-08,19.82,21.45,-1.629999999999999,Contango
2011-03-09,20.22,21.82,-1.6000000000000014,Contango
2011-03-10,21.88,22.76,-0.8800000000000026,Contango
2011-03-11,20.08,21.87,-1.7900000000000027,Contango
2011-03-14,21.13,22.49,-1.3599999999999994,Contango
2011-03-15,24.32,24.03,0.28999999999999915,Flat
2011-03-16,29.4,26.91,2.4899999999999984,Backwardation
2011-03-17,26.37,25.44,0.9299999999999997,Backwardation
2011-03-18,24.44,24.34,0.10000000000000142,Flat
2011-03-21,20.61,21.95,-1.3399999999999999,Contango
2011-03-22,20.21,21.7,-1.4899999999999984,Contango
2011-03-23,19.17,20.93,-1.759999999999998,Contango
2011-03-24,18.0,20.08,-2.0799999999999983,Contango
2011-03-25,17.91,20.03,-2.120000000000001,Contango
2011-03-28,19.44,20.86,-1.4199999999999982,Contango
2011-03-29,18.16,19.97,-1.8099999999999987,Contango
2011-03-30,17.71,19.75,-2.039999999999999,Contango
2011-03-31,17.74,19.84,-2.1000000000000014,Contango
2011-04-01,17.4,19.59,-2.1900000000000013,Contango
2011-04-04,17.5,19.39,-1.8900000000000006,Contango
2011-04-05,17.25,19.4,-2.1499999999999986,Contango
2011-04-06,16.9,19.38,-2.4800000000000004,Contango
2011-04-07,17.11,19.5,-2.3900000000000006,Contango
2011-04-08,17.87,20.05,-2.1799999999999997,Contango
2011-04-11,16.59,20.01,-3.4200000000000017,Contango
2011-04-12,17.09,20.33,-3.2399999999999984,Contango
2011-04-13,16.92,19.99,-3.0699999999999967,Contango
2011-04-14,16.27,19.96,-3.6900000000000013,Contango
2011-04-15,15.32,19.17,-3.8500000000000014,Contango
2011-04-18,16.96,19.92,-2.960000000000001,Contango
2011-04-19,15.83,19.18,-3.3499999999999996,Contango
2011-04-20,15.07,18.48,-3.41,Contango
2011-04-21,14.69,18.35,-3.660000000000002,Contango
2011-04-25,15.77,18.55,-2.780000000000001,Contango
2011-04-26,15.62,18.27,-2.6500000000000004,Contango
2011-04-27,15.35,17.9,-2.549999999999999,Contango
2011-04-28,14.62,17.52,-2.9000000000000004,Contango
2011-04-29,14.75,17.5,-2.75,Contango
2011-05-02,15.99,18.39,-2.4000000000000004,Contango
2011-05-03,16.7,19.11,-2.41,Contango
2011-05-04,17.08,19.44,-2.360000000000003,Contango
2011-05-05,18.2,19.84,-1.6400000000000006,Contango
2011-05-06,18.4,19.91,-1.5100000000000016,Contango
2011-05-09,17.16,19.2,-2.039999999999999,Contango
2011-05-10,15.91,18.37,-2.460000000000001,Contango
2011-05-11,16.95,19.05,-2.1000000000000014,Contango
2011-05-12,16.03,18.44,-2.41,Contango
2011-05-13,17.07,19.07,-2.0,Contango
2011-05-16,18.24,19.87,-1.6300000000000026,Contango
2011-05-17,17.55,19.45,-1.8999999999999986,Contango
2011-05-18,16.23,18.53,-2.3000000000000007,Contango
2011-05-19,15.52,18.17,-2.650000000000002,Contango
2011-05-20,17.43,19.05,-1.620000000000001,Contango
2011-05-23,18.27,19.79,-1.5199999999999996,Contango
2011-05-24,17.82,19.17,-1.3500000000000014,Contango
2011-05-25,17.07,18.87,-1.8000000000000007,Contango
2011-05-26,16.09,18.19,-2.1000000000000014,Contango
2011-05-27,15.98,18.13,-2.1499999999999986,Contango
2011-05-31,15.45,17.56,-2.1099999999999994,Contango
2011-06-01,18.3,19.36,-1.0599999999999987,Contango
2011-06-02,18.09,19.32,-1.2300000000000004,Contango
2011-06-03,17.95,19.47,-1.5199999999999996,Contango
2011-06-06,18.49,19.96,-1.4700000000000024,Contango
2011-06-07,18.07,19.5,-1.4299999999999997,Contango
2011-06-08,18.79,19.95,-1.1600000000000001,Contango
2011-06-09,17.77,19.26,-1.490000000000002,Contango
2011-06-10,18.86,20.11,-1.25,Contango
2011-06-13,19.61,20.44,-0.8300000000000018,Contango
2011-06-14,18.26,19.43,-1.1699999999999982,Contango
2011-06-15,21.32,21.38,-0.05999999999999872,Flat
2011-06-16,22.73,22.61,0.120000000000001,Flat
2011-06-17,21.85,22.44,-0.5899999999999999,Contango
2011-06-20,19.99,21.22,-1.2300000000000004,Contango
2011-06-21,18.86,20.5,-1.6400000000000006,Contango
2011-06-22,18.52,20.72,-2.1999999999999993,Contango
2011-06-23,19.29,20.93,-1.6400000000000006,Contango
2011-06-24,21.1,21.92,-0.8200000000000003,Contango
2011-06-27,20.56,21.5,-0.9400000000000013,Contango
2011-06-28,19.17,20.52,-1.3499999999999979,Contango
2011-06-29,17.27,19.42,-2.150000000000002,Contango
2011-06-30,16.52,18.91,-2.3900000000000006,Contango
2011-07-01,15.87,17.93,-2.0600000000000005,Contango
2011-07-05,16.06,18.11,-2.0500000000000007,Contango
2011-07-06,16.34,18.41,-2.0700000000000003,Contango
2011-07-07,15.95,17.77,-1.8200000000000003,Contango
2011-07-08,15.95,17.96,-2.0100000000000016,Contango
2011-07-11,18.39,19.98,-1.5899999999999999,Contango
2011-07-12,19.87,20.93,-1.0599999999999987,Contango
2011-07-13,19.91,20.85,-0.9400000000000013,Contango
2011-07-14,20.8,21.59,-0.7899999999999991,Contango
2011-07-15,19.53,20.94,-1.4100000000000001,Contango
2011-07-18,20.95,21.84,-0.8900000000000006,Contango
2011-07-19,19.21,20.5,-1.2899999999999991,Contango
2011-07-20,19.09,20.37,-1.2800000000000011,Contango
2011-07-21,17.56,19.2,-1.6400000000000006,Contango
2011-07-22,17.52,19.2,-1.6799999999999997,Contango
2011-07-25,19.35,20.26,-0.9100000000000001,Contango
2011-07-26,20.23,20.89,-0.6600000000000001,Contango
2011-07-27,22.98,22.69,0.28999999999999915,Flat
2011-07-28,23.74,22.95,0.7899999999999991,Backwardation
2011-07-29,25.25,22.91,2.34,Backwardation
2011-08-01,23.66,22.38,1.2800000000000011,Backwardation
2011-08-02,24.79,23.6,1.1899999999999977,Backwardation
2011-08-03,23.38,23.12,0.259999999999998,Flat
2011-08-04,31.66,28.56,3.1000000000000014,Backwardation
2011-08-05,32.0,29.59,2.41,Backwardation
2011-08-08,48.0,38.1,9.899999999999999,Backwardation
2011-08-09,35.06,31.07,3.990000000000002,Backwardation
2011-08-10,42.99,36.58,6.410000000000004,Backwardation
2011-08-11,39.0,33.82,5.18,Backwardation
2011-08-12,36.36,32.75,3.6099999999999994,Backwardation
2011-08-15,31.87,30.08,1.7900000000000027,Backwardation
2011-08-16,32.85,30.44,2.41,Backwardation
2011-08-17,31.58,30.03,1.5499999999999972,Backwardation
2011-08-18,42.67,36.6,6.07,Backwardation
2011-08-19,43.05,37.9,5.149999999999999,Backwardation
2011-08-22,42.44,38.26,4.18,Backwardation
2011-08-23,36.27,34.79,1.480000000000004,Backwardation
2011-08-24,35.9,34.8,1.1000000000000014,Backwardation
2011-08-25,39.76,36.61,3.1499999999999986,Backwardation
2011-08-26,35.59,34.41,1.1800000000000068,Backwardation
2011-08-29,32.28,31.98,0.3000000000000007,Flat
2011-08-30,32.89,32.47,0.4200000000000017,Flat
2011-08-31,31.62,31.67,-0.05000000000000071,Flat
2011-09-01,31.82,31.99,-0.16999999999999815,Flat
2011-09-02,33.92,33.79,0.13000000000000256,Flat
2011-09-06,37.0,35.38,1.6199999999999974,Backwardation
2011-09-07,33.38,32.96,0.4200000000000017,Flat
2011-09-08,34.32,33.71,0.6099999999999994,Backwardation
2011-09-09,38.52,36.64,1.8800000000000026,Backwardation
2011-09-12,38.59,37.06,1.5300000000000011,Backwardation
2011-09-13,36.91,36.06,0.8499999999999943,Backwardation
2011-09-14,34.6,34.96,-0.35999999999999943,Flat
2011-09-15,31.97,33.52,-1.5500000000000043,Contango
2011-09-16,30.98,32.95,-1.9700000000000024,Contango
2011-09-19,32.73,33.81,-1.0800000000000054,Contango
2011-09-20,32.86,33.62,-0.759999999999998,Contango
2011-09-21,37.32,36.19,1.1300000000000026,Backwardation
2011-09-22,41.35,39.15,2.200000000000003,Backwardation
2011-09-23,41.25,39.55,1.7000000000000028,Backwardation
2011-09-26,39.02,38.03,0.990000000000002,Backwardation
2011-09-27,37.71,37.21,0.5,Flat
2011-09-28,41.08,39.52,1.5599999999999952,Backwardation
2011-09-29,38.84,38.18,0.6600000000000037,Backwardation
2011-09-30,42.96,41.24,1.7199999999999989,Backwardation
2011-10-03,45.45,43.38,2.0700000000000003,Backwardation
2011-10-04,40.82,40.45,0.36999999999999744,Flat
2011-10-05,37.81,38.31,-0.5,Flat
2011-10-06,36.27,37.04,-0.769999999999996,Contango
2011-10-07,36.2,37.31,-1.1099999999999994,Contango
2011-10-10,33.02,34.79,-1.769999999999996,Contango
2011-10-11,32.86,34.06,-1.2000000000000028,Contango
2011-10-12,31.26,32.97,-1.7099999999999973,Contango
2011-10-13,30.7,32.71,-2.0100000000000016,Contango
2011-10-14,28.24,30.39,-2.150000000000002,Contango
2011-10-17,33.39,33.6,-0.21000000000000085,Flat
2011-10-18,31.56,31.98,-0.4200000000000017,Flat
2011-10-19,34.44,34.39,0.04999999999999716,Flat
2011-10-20,34.78,34.2,0.5799999999999983,Backwardation
2011-10-21,31.32,31.97,-0.6499999999999986,Contango
2011-10-24,29.26,30.47,-1.2099999999999973,Contango
2011-10-25,32.22,32.36,-0.14000000000000057,Flat
2011-10-26,29.86,30.94,-1.0800000000000018,Contango
2011-10-27,25.46,27.03,-1.5700000000000003,Contango
2011-10-28,24.53,26.52,-1.9899999999999984,Contango
2011-10-31,29.96,30.37,-0.41000000000000014,Flat
2011-11-01,34.77,34.02,0.75,Backwardation
2011-11-02,32.74,32.88,-0.14000000000000057,Flat
2011-11-03,30.5,31.62,-1.120000000000001,Contango
2011-11-04,30.16,31.23,-1.0700000000000003,Contango
2011-11-07,29.85,31.38,-1.5299999999999976,Contango
2011-11-08,27.48,29.52,-2.039999999999999,Contango
2011-11-09,36.16,35.49,0.6699999999999946,Backwardation
2011-11-10,32.81,33.75,-0.9399999999999977,Contango
2011-11-11,30.04,31.6,-1.5600000000000023,Contango
2011-11-14,31.13,32.72,-1.5899999999999999,Contango
2011-11-15,31.22,32.52,-1.3000000000000043,Contango
2011-11-16,33.51,34.39,-0.8800000000000026,Contango
2011-11-17,34.51,35.32,-0.8100000000000023,Contango
2011-11-18,32.0,34.2,-2.200000000000003,Contango
2011-11-21,32.91,34.78,-1.8700000000000045,Contango
2011-11-22,31.97,34.24,-2.270000000000003,Contango
2011-11-23,33.98,35.87,-1.8900000000000006,Contango
2011-11-25,34.47,36.45,-1.980000000000004,Contango
2011-11-28,32.13,33.94,-1.8099999999999952,Contango
2011-11-29,30.64,33.21,-2.5700000000000003,Contango
2011-11-30,27.8,30.58,-2.7799999999999976,Contango
2011-12-01,27.41,30.03,-2.620000000000001,Contango
2011-12-02,27.52,29.85,-2.330000000000002,Contango
2011-12-05,27.84,29.9,-2.0599999999999987,Contango
2011-12-06,28.13,30.16,-2.030000000000001,Contango
2011-12-07,28.67,30.62,-1.9499999999999993,Contango
2011-12-08,30.59,32.09,-1.5000000000000036,Contango
2011-12-09,26.38,29.53,-3.150000000000002,Contango
2011-12-12,25.67,30.17,-4.5,Contango
2011-12-13,25.41,30.17,-4.760000000000002,Contango
2011-12-14,26.04,30.42,-4.380000000000003,Contango
2011-12-15,25.11,29.46,-4.350000000000001,Contango
2011-12-16,24.29,29.03,-4.740000000000002,Contango
2011-12-19,24.92,28.74,-3.8199999999999967,Contango
2011-12-20,23.22,26.87,-3.650000000000002,Contango
2011-12-21,21.43,25.56,-4.129999999999999,Contango
2011-12-22,21.16,25.28,-4.120000000000001,Contango
2011-12-23,20.73,25.22,-4.489999999999998,Contango
2011-12-27,21.91,25.54,-3.629999999999999,Contango
2011-12-28,23.52,26.75,-3.2300000000000004,Contango
2011-12-29,22.65,26.25,-3.6000000000000014,Contango
2011-12-30,23.4,26.86,-3.460000000000001,Contango
2012-01-03,22.97,26.05,-3.080000000000002,Contango
2012-01-04,22.22,25.31,-3.09,Contango
2012-01-05,21.48,24.7,-3.219999999999999,Contango
2012-01-06,20.63,24.09,-3.460000000000001,Contango
2012-01-09,21.07,24.12,-3.0500000000000007,Contango
2012-01-10,20.69,23.68,-2.9899999999999984,Contango
2012-01-11,21.05,24.11,-3.0599999999999987,Contango
2012-01-12,20.47,24.04,-3.5700000000000003,Contango
2012-01-13,20.91,24.67,-3.7600000000000016,Contango
2012-01-17,22.2,25.0,-2.8000000000000007,Contango
2012-01-18,20.89,24.18,-3.289999999999999,Contango
2012-01-19,19.87,23.65,-3.7799999999999976,Contango
2012-01-20,18.28,22.82,-4.539999999999999,Contango
2012-01-23,18.67,22.32,-3.6499999999999986,Contango
2012-01-24,18.91,22.03,-3.120000000000001,Contango
2012-01-25,18.31,21.36,-3.0500000000000007,Contango
2012-01-26,18.57,21.68,-3.1099999999999994,Contango
2012-01-27,18.53,21.4,-2.8699999999999974,Contango
2012-01-30,19.4,21.92,-2.520000000000003,Contango
2012-01-31,19.44,22.09,-2.6499999999999986,Contango
2012-02-01,18.55,21.54,-2.9899999999999984,Contango
2012-02-02,17.98,21.01,-3.030000000000001,Contango
2012-02-03,17.1,20.05,-2.9499999999999993,Contango
2012-02-06,17.76,20.39,-2.629999999999999,Contango
2012-02-07,17.65,20.14,-2.490000000000002,Contango
2012-02-08,18.16,20.68,-2.5199999999999996,Contango
2012-02-09,18.63,21.34,-2.710000000000001,Contango
2012-02-10,20.79,23.28,-2.490000000000002,Contango
2012-02-13,19.04,22.12,-3.080000000000002,Contango
2012-02-14,19.54,22.82,-3.280000000000001,Contango
2012-02-15,21.14,24.12,-2.9800000000000004,Contango
2012-02-16,19.22,23.17,-3.950000000000003,Contango
2012-02-17,17.78,22.39,-4.609999999999999,Contango
2012-02-21,18.19,22.35,-4.16,Contango
2012-02-22,18.19,22.09,-3.8999999999999986,Contango
2012-02-23,16.8,20.78,-3.9800000000000004,Contango
2012-02-24,17.31,21.18,-3.870000000000001,Contango
2012-02-27,18.19,21.87,-3.6799999999999997,Contango
2012-02-28,17.96,21.6,-3.6400000000000006,Contango
2012-02-29,18.43,21.8,-3.370000000000001,Contango
2012-03-01,17.26,21.03,-3.7699999999999996,Contango
2012-03-02,17.29,21.26,-3.9700000000000024,Contango
2012-03-05,18.05,21.99,-3.9399999999999977,Contango
2012-03-06,20.87,23.9,-3.0299999999999976,Contango
2012-03-07,19.07,22.72,-3.6499999999999986,Contango
2012-03-08,17.95,21.84,-3.8900000000000006,Contango
2012-03-09,17.11,21.22,-4.109999999999999,Contango
2012-03-12,15.64,20.81,-5.169999999999998,Contango
2012-03-13,14.8,19.6,-4.800000000000001,Contango
2012-03-14,15.31,20.75,-5.4399999999999995,Contango
2012-03-15,15.42,20.54,-5.119999999999999,Contango
2012-03-16,14.47,20.37,-5.9,Contango
2012-03-19,15.04,19.94,-4.900000000000002,Contango
2012-03-20,15.58,19.96,-4.380000000000001,Contango
2012-03-21,15.13,19.25,-4.119999999999999,Contango
2012-03-22,15.57,19.55,-3.9800000000000004,Contango
2012-03-23,14.82,18.64,-3.8200000000000003,Contango
2012-03-26,14.26,17.43,-3.17,Contango
2012-03-27,15.59,18.57,-2.9800000000000004,Contango
2012-03-28,15.47,18.79,-3.3199999999999985,Contango
2012-03-29,15.48,18.84,-3.3599999999999994,Contango
2012-03-30,15.5,18.61,-3.1099999999999994,Contango
2012-04-02,15.64,18.46,-2.8200000000000003,Contango
2012-04-03,15.66,18.81,-3.1499999999999986,Contango
2012-04-04,16.44,19.45,-3.009999999999998,Contango
2012-04-05,16.7,19.82,-3.120000000000001,Contango
2012-04-09,18.81,21.21,-2.400000000000002,Contango
2012-04-10,20.39,22.62,-2.2300000000000004,Contango
2012-04-11,20.02,22.47,-2.4499999999999993,Contango
2012-04-12,17.2,20.25,-3.0500000000000007,Contango
2012-04-13,19.55,21.99,-2.4399999999999977,Contango
2012-04-16,19.55,22.04,-2.4899999999999984,Contango
2012-04-17,18.46,20.85,-2.3900000000000006,Contango
2012-04-18,18.64,21.12,-2.4800000000000004,Contango
2012-04-19,18.36,21.23,-2.870000000000001,Contango
2012-04-20,17.44,20.48,-3.039999999999999,Contango
2012-04-23,18.97,21.39,-2.4200000000000017,Contango
2012-04-24,18.1,20.51,-2.41,Contango
2012-04-25,16.82,19.46,-2.6400000000000006,Contango
2012-04-26,16.24,18.55,-2.3100000000000023,Contango
2012-04-27,16.32,18.74,-2.419999999999998,Contango
2012-04-30,17.15,19.32,-2.1700000000000017,Contango
2012-05-01,16.6,19.13,-2.5299999999999976,Contango
2012-05-02,16.88,19.01,-2.1300000000000026,Contango
2012-05-03,17.56,19.5,-1.9400000000000013,Contango
2012-05-04,19.16,20.72,-1.5599999999999987,Contango
2012-05-07,18.94,20.45,-1.509999999999998,Contango
2012-05-08,19.05,20.81,-1.759999999999998,Contango
2012-05-09,20.08,21.53,-1.4500000000000028,Contango
2012-05-10,18.83,20.87,-2.0400000000000027,Contango
2012-05-11,19.89,21.55,-1.6600000000000001,Contango
2012-05-14,21.87,22.97,-1.0999999999999979,Contango
2012-05-15,21.97,23.92,-1.9500000000000028,Contango
2012-05-16,22.27,24.92,-2.650000000000002,Contango
2012-05-17,24.49,26.41,-1.9200000000000017,Contango
2012-05-18,25.1,27.66,-2.5599999999999987,Contango
2012-05-21,22.01,24.71,-2.6999999999999993,Contango
2012-05-22,22.48,25.23,-2.75,Contango
2012-05-23,22.33,25.11,-2.780000000000001,Contango
2012-05-24,21.54,24.78,-3.240000000000002,Contango
2012-05-25,21.76,24.93,-3.169999999999998,Contango
2012-05-29,21.03,23.89,-2.8599999999999994,Contango
2012-05-30,24.14,26.19,-2.0500000000000007,Contango
2012-05-31,24.06,26.22,-2.16,Contango
2012-06-01,26.66,28.47,-1.8099999999999987,Contango
2012-06-04,26.12,28.12,-2.0,Contango
2012-06-05,24.68,26.87,-2.1900000000000013,Contango
2012-06-06,22.16,24.71,-2.5500000000000007,Contango
2012-06-07,21.72,24.47,-2.75,Contango
2012-06-08,21.23,23.64,-2.41,Contango
2012-06-11,23.56,25.5,-1.9400000000000013,Contango
2012-06-12,22.09,24.94,-2.8500000000000014,Contango
2012-06-13,24.27,26.5,-2.2300000000000004,Contango
2012-06-14,21.68,25.0,-3.3200000000000003,Contango
2012-06-15,21.11,23.67,-2.5600000000000023,Contango
2012-06-18,18.32,22.13,-3.8099999999999987,Contango
2012-06-19,18.38,21.92,-3.5400000000000027,Contango
2012-06-20,17.24,20.84,-3.6000000000000014,Contango
2012-06-21,20.08,23.16,-3.080000000000002,Contango
2012-06-22,18.11,21.51,-3.400000000000002,Contango
2012-06-25,20.38,23.03,-2.650000000000002,Contango
2012-06-26,19.72,22.47,-2.75,Contango
2012-06-27,19.45,22.36,-2.91,Contango
2012-06-28,19.71,22.25,-2.539999999999999,Contango
2012-06-29,17.08,20.32,-3.240000000000002,Contango
2012-07-02,16.8,19.79,-2.9899999999999984,Contango
2012-07-03,16.66,19.32,-2.66,Contango
2012-07-05,17.5,20.11,-2.6099999999999994,Contango
2012-07-06,17.1,20.04,-2.9399999999999977,Contango
2012-07-09,17.98,20.37,-2.3900000000000006,Contango
2012-07-10,18.72,20.87,-2.150000000000002,Contango
2012-07-11,17.95,20.25,-2.3000000000000007,Contango
2012-07-12,18.33,20.69,-2.360000000000003,Contango
2012-07-13,16.74,19.39,-2.650000000000002,Contango
2012-07-16,17.11,19.61,-2.5,Contango
2012-07-17,16.48,18.92,-2.4400000000000013,Contango
2012-07-18,16.16,18.94,-2.780000000000001,Contango
2012-07-19,15.45,18.61,-3.16,Contango
2012-07-20,16.27,19.64,-3.370000000000001,Contango
2012-07-23,18.62,21.18,-2.5599999999999987,Contango
2012-07-24,20.47,22.26,-1.7900000000000027,Contango
2012-07-25,19.34,21.88,-2.539999999999999,Contango
2012-07-26,17.53,20.24,-2.7099999999999973,Contango
2012-07-27,16.7,19.66,-2.960000000000001,Contango
2012-07-30,18.03,20.13,-2.099999999999998,Contango
2012-07-31,18.93,20.78,-1.8500000000000014,Contango
2012-08-01,18.96,20.67,-1.7100000000000009,Contango
2012-08-02,17.57,20.23,-2.66,Contango
2012-08-03,15.64,18.68,-3.039999999999999,Contango
2012-08-06,15.95,18.74,-2.789999999999999,Contango
2012-08-07,15.99,18.81,-2.8199999999999985,Contango
2012-08-08,15.32,18.58,-3.259999999999998,Contango
2012-08-09,15.28,18.23,-2.950000000000001,Contango
2012-08-10,14.74,18.14,-3.4000000000000004,Contango
2012-08-13,13.7,18.07,-4.370000000000001,Contango
2012-08-14,14.85,18.51,-3.660000000000002,Contango
2012-08-15,14.63,18.86,-4.229999999999999,Contango
2012-08-16,14.29,18.55,-4.260000000000002,Contango
2012-08-17,13.45,18.35,-4.900000000000002,Contango
2012-08-20,14.02,18.59,-4.57,Contango
2012-08-21,15.02,18.8,-3.780000000000001,Contango
2012-08-22,15.11,19.42,-4.310000000000002,Contango
2012-08-23,15.96,20.09,-4.129999999999999,Contango
2012-08-24,15.18,19.24,-4.059999999999999,Contango
2012-08-27,16.35,19.92,-3.5700000000000003,Contango
2012-08-28,16.49,19.82,-3.330000000000002,Contango
2012-08-29,17.06,20.46,-3.400000000000002,Contango
2012-08-30,17.83,20.92,-3.0900000000000034,Contango
2012-08-31,17.47,20.62,-3.150000000000002,Contango
2012-09-04,17.98,20.68,-2.6999999999999993,Contango
2012-09-05,17.74,19.99,-2.25,Contango
2012-09-06,15.6,18.62,-3.0200000000000014,Contango
2012-09-07,14.38,17.59,-3.209999999999999,Contango
2012-09-10,16.28,18.3,-2.0199999999999996,Contango
2012-09-11,16.41,18.29,-1.879999999999999,Contango
2012-09-12,15.8,17.6,-1.8000000000000007,Contango
2012-09-13,14.05,16.45,-2.3999999999999986,Contango
2012-09-14,14.51,16.9,-2.389999999999999,Contango
2012-09-17,14.59,17.13,-2.539999999999999,Contango
2012-09-18,14.18,16.63,-2.4499999999999993,Contango
2012-09-19,13.88,16.49,-2.6099999999999977,Contango
2012-09-20,14.07,16.75,-2.6799999999999997,Contango
2012-09-21,13.98,16.79,-2.8099999999999987,Contango
2012-09-24,14.15,16.59,-2.4399999999999995,Contango
2012-09-25,15.43,17.6,-2.1700000000000017,Contango
2012-09-26,16.81,18.5,-1.6900000000000013,Contango
2012-09-27,14.84,17.07,-2.2300000000000004,Contango
2012-09-28,15.73,17.61,-1.879999999999999,Contango
2012-10-01,16.32,17.92,-1.6000000000000014,Contango
2012-10-02,15.71,17.74,-2.0299999999999976,Contango
2012-10-03,15.43,17.58,-2.1499999999999986,Contango
2012-10-04,14.55,17.06,-2.509999999999998,Contango
2012-10-05,14.33,16.93,-2.5999999999999996,Contango
2012-10-08,15.11,17.36,-2.25,Contango
2012-10-09,16.37,18.01,-1.6400000000000006,Contango
2012-10-10,16.29,18.13,-1.8399999999999999,Contango
2012-10-11,15.59,17.57,-1.9800000000000004,Contango
2012-10-12,16.14,17.74,-1.5999999999999979,Contango
2012-10-15,15.27,17.11,-1.8399999999999999,Contango
2012-10-16,15.22,16.97,-1.7499999999999982,Contango
2012-10-17,15.07,16.61,-1.5399999999999991,Contango
2012-10-18,15.03,16.58,-1.549999999999999,Contango
2012-10-19,17.06,18.12,-1.0600000000000023,Contango
2012-10-22,16.62,17.87,-1.25,Contango
2012-10-23,18.83,19.45,-0.620000000000001,Contango
2012-10-24,18.33,19.27,-0.9400000000000013,Contango
2012-10-25,18.12,19.11,-0.9899999999999984,Contango
2012-10-26,17.81,19.02,-1.2100000000000009,Contango
2012-10-31,18.6,19.31,-0.7099999999999973,Contango
2012-11-01,16.69,17.73,-1.0399999999999991,Contango
2012-11-02,17.59,18.55,-0.9600000000000009,Contango
2012-11-05,18.42,18.97,-0.5499999999999972,Contango
2012-11-06,17.58,18.24,-0.6600000000000001,Contango
2012-11-07,19.08,19.81,-0.7300000000000004,Contango
2012-11-08,18.49,19.83,-1.3399999999999999,Contango
2012-11-09,18.61,20.07,-1.4600000000000009,Contango
2012-11-12,16.68,19.15,-2.469999999999999,Contango
2012-11-13,16.65,18.97,-2.3200000000000003,Contango
2012-11-14,17.92,19.87,-1.9499999999999993,Contango
2012-11-15,17.99,19.79,-1.8000000000000007,Contango
2012-11-16,16.41,18.93,-2.5199999999999996,Contango
2012-11-19,15.24,17.59,-2.3499999999999996,Contango
2012-11-20,15.08,17.28,-2.200000000000001,Contango
2012-11-21,15.31,17.58,-2.269999999999998,Contango
2012-11-23,15.14,17.58,-2.4399999999999977,Contango
2012-11-26,15.5,17.31,-1.8099999999999987,Contango
2012-11-27,15.92,17.62,-1.700000000000001,Contango
2012-11-28,15.51,17.2,-1.6899999999999995,Contango
2012-11-29,15.06,16.82,-1.7599999999999998,Contango
2012-11-30,15.87,17.27,-1.4000000000000004,Contango
2012-12-03,16.64,17.82,-1.1799999999999997,Contango
2012-12-04,17.12,18.19,-1.0700000000000003,Contango
2012-12-05,16.46,17.83,-1.3699999999999974,Contango
2012-12-06,16.58,17.84,-1.2600000000000016,Contango
2012-12-07,15.9,17.29,-1.3899999999999988,Contango
2012-12-10,16.05,17.35,-1.3000000000000007,Contango
2012-12-11,15.57,17.0,-1.4299999999999997,Contango
2012-12-12,15.95,17.43,-1.4800000000000004,Contango
2012-12-13,16.56,17.88,-1.3200000000000003,Contango
2012-12-14,17.0,18.03,-1.0300000000000011,Contango
2012-12-17,16.34,17.5,-1.1600000000000001,Contango
2012-12-18,15.57,16.81,-1.2399999999999984,Contango
2012-12-19,17.36,17.86,-0.5,Flat
2012-12-20,17.67,18.14,-0.46999999999999886,Flat
2012-12-21,17.84,18.87,-1.0300000000000011,Contango
2012-12-24,17.84,18.87,-1.0300000000000011,Contango
2012-12-26,19.48,19.93,-0.4499999999999993,Flat
2012-12-27,19.47,19.92,-0.45000000000000284,Flat
2012-12-28,22.72,21.88,0.8399999999999999,Backwardation
2012-12-31,18.02,18.73,-0.7100000000000009,Contango
2013-01-02,14.68,16.69,-2.0100000000000016,Contango
2013-01-03,14.56,16.74,-2.179999999999998,Contango
2013-01-04,13.83,16.34,-2.51,Contango
2013-01-07,13.79,16.45,-2.66,Contango
2013-01-08,13.62,16.45,-2.83,Contango
2013-01-09,13.81,16.5,-2.6899999999999995,Contango
2013-01-10,13.49,16.12,-2.630000000000001,Contango
2013-01-11,13.36,16.01,-2.650000000000002,Contango
2013-01-14,13.52,16.29,-2.7699999999999996,Contango
2013-01-15,13.55,16.33,-2.7799999999999976,Contango
2013-01-16,13.42,16.24,-2.8199999999999985,Contango
2013-01-17,13.57,16.08,-2.509999999999998,Contango
2013-01-18,12.46,15.29,-2.8299999999999983,Contango
2013-01-22,12.43,14.72,-2.290000000000001,Contango
2013-01-23,12.46,14.5,-2.039999999999999,Contango
2013-01-24,12.69,14.67,-1.9800000000000004,Contango
2013-01-25,12.89,14.66,-1.7699999999999996,Contango
2013-01-28,13.57,15.07,-1.5,Contango
2013-01-29,13.31,14.74,-1.4299999999999997,Contango
2013-01-30,14.32,15.42,-1.0999999999999996,Contango
2013-01-31,14.28,15.55,-1.2700000000000014,Contango
2013-02-01,12.9,14.79,-1.8899999999999988,Contango
2013-02-04,14.67,15.79,-1.1199999999999992,Contango
2013-02-05,13.72,15.3,-1.58,Contango
2013-02-06,13.41,15.14,-1.7300000000000004,Contango
2013-02-07,13.5,15.19,-1.6899999999999995,Contango
2013-02-08,13.02,14.8,-1.7800000000000011,Contango
2013-02-11,12.94,14.68,-1.7400000000000002,Contango
2013-02-12,12.64,14.53,-1.8899999999999988,Contango
2013-02-13,12.98,14.63,-1.6500000000000004,Contango
2013-02-14,12.66,14.43,-1.7699999999999996,Contango
2013-02-15,12.46,14.26,-1.799999999999999,Contango
2013-02-19,12.31,13.99,-1.6799999999999997,Contango
2013-02-20,14.68,15.41,-0.7300000000000004,Contango
2013-02-21,15.22,15.71,-0.4900000000000002,Flat
2013-02-22,14.17,14.98,-0.8100000000000005,Contango
2013-02-25,18.99,17.94,1.0499999999999972,Backwardation
2013-02-26,16.87,17.25,-0.379999999999999,Flat
2013-02-27,14.73,15.66,-0.9299999999999997,Contango
2013-02-28,15.51,16.18,-0.6699999999999999,Contango
2013-03-01,15.36,16.29,-0.9299999999999997,Contango
2013-03-04,14.01,15.42,-1.4100000000000001,Contango
2013-03-05,13.48,14.95,-1.4699999999999989,Contango
2013-03-06,13.53,15.03,-1.5,Contango
2013-03-07,13.06,14.74,-1.6799999999999997,Contango
2013-03-08,12.59,14.52,-1.9299999999999997,Contango
2013-03-11,11.56,14.3,-2.74,Contango
2013-03-12,12.27,14.58,-2.3100000000000005,Contango
2013-03-13,11.83,14.51,-2.6799999999999997,Contango
2013-03-14,11.3,14.1,-2.799999999999999,Contango
2013-03-15,11.3,14.26,-2.959999999999999,Contango
2013-03-18,13.36,15.39,-2.030000000000001,Contango
2013-03-19,14.39,15.71,-1.3200000000000003,Contango
2013-03-20,12.67,14.93,-2.26,Contango
2013-03-21,13.99,15.53,-1.5399999999999991,Contango
2013-03-22,13.57,15.26,-1.6899999999999995,Contango
2013-03-25,13.74,15.3,-1.5600000000000005,Contango
2013-03-26,12.77,14.75,-1.9800000000000004,Contango
2013-03-27,13.15,14.93,-1.7799999999999994,Contango
2013-03-28,12.7,14.64,-1.9400000000000013,Contango
2013-04-01,13.58,15.28,-1.6999999999999993,Contango
2013-04-02,12.78,14.71,-1.9300000000000015,Contango
2013-04-03,14.21,15.49,-1.2799999999999994,Contango
2013-04-04,13.89,15.3,-1.4100000000000001,Contango
2013-04-05,13.92,15.38,-1.4600000000000009,Contango
2013-04-08,13.19,14.71,-1.5200000000000014,Contango
2013-04-09,12.84,14.46,-1.620000000000001,Contango
2013-04-10,12.36,14.12,-1.7599999999999998,Contango
2013-04-11,12.24,14.17,-1.9299999999999997,Contango
2013-04-12,12.06,14.02,-1.959999999999999,Contango
2013-04-15,17.27,17.03,0.23999999999999844,Flat
2013-04-16,13.96,15.1,-1.1399999999999988,Contango
2013-04-17,16.51,16.93,-0.41999999999999815,Flat
2013-04-18,17.56,17.52,0.03999999999999915,Flat
2013-04-19,14.97,16.17,-1.200000000000001,Contango
2013-04-22,14.39,15.66,-1.2699999999999996,Contango
2013-04-23,13.48,14.83,-1.3499999999999996,Contango
2013-04-24,13.61,14.97,-1.3600000000000012,Contango
2013-04-25,13.62,14.96,-1.3400000000000016,Contango
2013-04-26,13.61,14.89,-1.2800000000000011,Contango
2013-04-29,13.71,14.92,-1.209999999999999,Contango
2013-04-30,13.52,14.78,-1.2599999999999998,Contango
2013-05-01,14.49,15.61,-1.1199999999999992,Contango
2013-05-02,13.59,14.87,-1.2799999999999994,Contango
2013-05-03,12.85,14.45,-1.5999999999999996,Contango
2013-05-06,12.66,14.31,-1.6500000000000004,Contango
2013-05-07,12.83,14.35,-1.5199999999999996,Contango
2013-05-08,12.66,14.4,-1.7400000000000002,Contango
2013-05-09,13.13,14.81,-1.6799999999999997,Contango
2013-05-10,12.59,14.71,-2.120000000000001,Contango
2013-05-13,12.55,15.05,-2.5,Contango
2013-05-14,12.77,14.98,-2.210000000000001,Contango
2013-05-15,12.81,15.05,-2.24,Contango
2013-05-16,13.07,15.45,-2.379999999999999,Contango
2013-05-17,12.45,15.17,-2.7200000000000006,Contango
2013-05-20,13.02,15.31,-2.290000000000001,Contango
2013-05-21,13.37,15.78,-2.41,Contango
2013-05-22,13.82,15.82,-2.0,Contango
2013-05-23,14.07,16.0,-1.9299999999999997,Contango
2013-05-24,13.99,15.92,-1.9299999999999997,Contango
2013-05-28,14.48,15.87,-1.3899999999999988,Contango
2013-05-29,14.83,16.15,-1.3199999999999985,Contango
2013-05-30,14.53,16.01,-1.4800000000000022,Contango
2013-05-31,16.3,17.13,-0.8299999999999983,Contango
2013-06-03,16.28,17.22,-0.9399999999999977,Contango
2013-06-04,16.27,17.26,-0.990000000000002,Contango
2013-06-05,17.5,18.0,-0.5,Flat
2013-06-06,16.63,17.55,-0.9200000000000017,Contango
2013-06-07,15.14,16.72,-1.5799999999999983,Contango
2013-06-10,15.44,16.73,-1.290000000000001,Contango
2013-06-11,17.07,17.91,-0.8399999999999999,Contango
2013-06-12,18.59,19.07,-0.4800000000000004,Flat
2013-06-13,16.41,17.83,-1.4199999999999982,Contango
2013-06-14,17.15,18.3,-1.1500000000000021,Contango
2013-06-17,16.8,17.99,-1.1899999999999977,Contango
2013-06-18,16.61,17.75,-1.1400000000000006,Contango
2013-06-19,16.64,17.78,-1.1400000000000006,Contango
2013-06-20,20.49,20.34,0.14999999999999858,Flat
2013-06-21,18.9,19.49,-0.5899999999999999,Contango
2013-06-24,20.11,20.73,-0.620000000000001,Contango
2013-06-25,18.47,19.67,-1.2000000000000028,Contango
2013-06-26,17.21,18.82,-1.6099999999999994,Contango
2013-06-27,16.86,18.56,-1.6999999999999993,Contango
2013-06-28,16.86,18.39,-1.5300000000000011,Contango
2013-07-01,16.37,17.92,-1.5500000000000007,Contango
2013-07-02,16.44,18.02,-1.5799999999999983,Contango
2013-07-03,16.2,17.81,-1.6099999999999994,Contango
2013-07-05,14.89,16.88,-1.9899999999999984,Contango
2013-07-08,14.78,16.41,-1.6300000000000008,Contango
2013-07-09,14.35,15.91,-1.5600000000000005,Contango
2013-07-10,14.21,15.77,-1.5599999999999987,Contango
2013-07-11,14.01,15.5,-1.4900000000000002,Contango
2013-07-12,13.84,15.65,-1.8100000000000005,Contango
2013-07-15,13.79,15.62,-1.83,Contango
2013-07-16,14.42,16.01,-1.5900000000000016,Contango
2013-07-17,13.78,15.56,-1.7800000000000011,Contango
2013-07-18,13.77,15.56,-1.790000000000001,Contango
2013-07-19,12.54,15.04,-2.5,Contango
2013-07-22,12.29,14.69,-2.4000000000000004,Contango
2013-07-23,12.66,14.88,-2.2200000000000006,Contango
2013-07-24,13.18,15.19,-2.01,Contango
2013-07-25,12.97,15.0,-2.0299999999999994,Contango
2013-07-26,12.72,14.8,-2.08,Contango
2013-07-29,13.39,15.11,-1.7199999999999989,Contango
2013-07-30,13.39,14.98,-1.5899999999999999,Contango
2013-07-31,13.45,14.92,-1.4700000000000006,Contango
2013-08-01,12.94,14.55,-1.6100000000000012,Contango
2013-08-02,11.98,14.03,-2.049999999999999,Contango
2013-08-05,11.84,13.86,-2.0199999999999996,Contango
2013-08-06,12.72,14.56,-1.8399999999999999,Contango
2013-08-07,12.98,14.81,-1.83,Contango
2013-08-08,12.73,14.67,-1.9399999999999995,Contango
2013-08-09,13.41,15.1,-1.6899999999999995,Contango
2013-08-12,12.81,15.17,-2.3599999999999994,Contango
2013-08-13,12.31,14.86,-2.549999999999999,Contango
2013-08-14,13.04,15.24,-2.200000000000001,Contango
2013-08-15,14.73,16.24,-1.509999999999998,Contango
2013-08-16,14.37,15.94,-1.5700000000000003,Contango
2013-08-19,15.1,16.4,-1.299999999999999,Contango
2013-08-20,14.91,16.31,-1.3999999999999986,Contango
2013-08-21,15.94,16.79,-0.8499999999999996,Contango
2013-08-22,14.76,15.99,-1.2300000000000004,Contango
2013-08-23,13.98,15.55,-1.5700000000000003,Contango
2013-08-26,14.99,16.21,-1.2200000000000006,Contango
2013-08-27,16.77,17.68,-0.9100000000000001,Contango
2013-08-28,16.49,17.62,-1.1300000000000026,Contango
2013-08-29,16.81,17.9,-1.0899999999999999,Contango
2013-08-30,17.01,18.05,-1.0399999999999991,Contango
2013-09-03,16.61,17.64,-1.0300000000000011,Contango
2013-09-04,15.88,17.3,-1.42,Contango
2013-09-05,15.77,17.14,-1.370000000000001,Contango
2013-09-06,15.85,17.17,-1.320000000000002,Contango
2013-09-09,15.63,16.83,-1.1999999999999975,Contango
2013-09-10,14.53,16.11,-1.58,Contango
2013-09-11,13.82,15.61,-1.7899999999999991,Contango
2013-09-12,14.29,15.85,-1.5600000000000005,Contango
2013-09-13,14.16,15.7,-1.5399999999999991,Contango
2013-09-16,14.38,15.58,-1.1999999999999993,Contango
2013-09-17,14.53,15.66,-1.1300000000000008,Contango
2013-09-18,13.59,15.18,-1.5899999999999999,Contango
2013-09-19,13.16,15.02,-1.8599999999999994,Contango
2013-09-20,13.12,15.32,-2.200000000000001,Contango
2013-09-23,14.31,15.92,-1.6099999999999994,Contango
2013-09-24,14.08,15.64,-1.5600000000000005,Contango
2013-09-25,14.01,15.56,-1.5500000000000007,Contango
2013-09-26,14.06,15.41,-1.3499999999999996,Contango
2013-09-27,15.46,16.04,-0.5799999999999983,Contango
2013-09-30,16.6,16.8,-0.1999999999999993,Flat
2013-10-01,15.54,16.13,-0.5899999999999999,Contango
2013-10-02,16.6,16.81,-0.2099999999999973,Flat
2013-10-03,17.67,17.7,-0.029999999999997584,Flat
2013-10-04,16.74,17.21,-0.4700000000000024,Flat
2013-10-07,19.41,19.07,0.33999999999999986,Flat
2013-10-08,20.34,19.84,0.5,Flat
2013-10-09,19.6,19.29,0.3100000000000023,Flat
2013-10-10,16.48,17.21,-0.7300000000000004,Contango
2013-10-11,15.72,16.57,-0.8499999999999996,Contango
2013-10-14,16.07,16.92,-0.8500000000000014,Contango
2013-10-15,18.66,18.41,0.25,Flat
2013-10-16,14.71,16.26,-1.5500000000000007,Contango
2013-10-17,13.48,15.44,-1.959999999999999,Contango
2013-10-18,13.04,14.92,-1.8800000000000008,Contango
2013-10-21,13.16,15.14,-1.9800000000000004,Contango
2013-10-22,13.33,15.02,-1.6899999999999995,Contango
2013-10-23,13.42,15.11,-1.6899999999999995,Contango
2013-10-24,13.2,14.9,-1.700000000000001,Contango
2013-10-25,13.09,14.87,-1.7799999999999994,Contango
2013-10-28,13.31,14.87,-1.5599999999999987,Contango
2013-10-29,13.41,15.03,-1.6199999999999992,Contango
2013-10-30,13.65,15.13,-1.4800000000000004,Contango
2013-10-31,13.75,15.25,-1.5,Contango
2013-11-01,13.28,15.06,-1.7800000000000011,Contango
2013-11-04,12.93,14.68,-1.75,Contango
2013-11-05,13.27,14.92,-1.6500000000000004,Contango
2013-11-06,12.67,14.66,-1.9900000000000002,Contango
2013-11-07,13.91,15.36,-1.4499999999999993,Contango
2013-11-08,12.9,14.63,-1.7300000000000004,Contango
2013-11-11,12.53,14.73,-2.200000000000001,Contango
2013-11-12,12.82,14.88,-2.0600000000000005,Contango
2013-11-13,12.52,14.83,-2.3100000000000005,Contango
2013-11-14,12.37,14.88,-2.5100000000000016,Contango
2013-11-15,12.19,14.8,-2.610000000000001,Contango
2013-11-18,13.1,14.93,-1.83,Contango
2013-11-19,13.39,15.25,-1.8599999999999994,Contango
2013-11-20,13.4,14.99,-1.5899999999999999,Contango
2013-11-21,12.66,14.52,-1.8599999999999994,Contango
2013-11-22,12.26,14.15,-1.8900000000000006,Contango
2013-11-25,12.79,14.43,-1.6400000000000006,Contango
2013-11-26,12.81,14.55,-1.7400000000000002,Contango
2013-11-27,12.98,14.6,-1.6199999999999992,Contango
2013-11-29,13.7,15.03,-1.33,Contango
2013-12-02,14.23,15.19,-0.9599999999999991,Contango
2013-12-03,14.55,15.49,-0.9399999999999995,Contango
2013-12-04,14.7,15.57,-0.870000000000001,Contango
2013-12-05,15.08,15.78,-0.6999999999999993,Contango
2013-12-06,13.79,14.95,-1.1600000000000001,Contango
2013-12-09,13.49,14.93,-1.4399999999999995,Contango
2013-12-10,13.91,15.22,-1.3100000000000005,Contango
2013-12-11,15.42,15.99,-0.5700000000000003,Contango
2013-12-12,15.54,16.12,-0.5800000000000018,Contango
2013-12-13,15.76,16.27,-0.5099999999999998,Contango
2013-12-16,16.03,16.39,-0.35999999999999943,Flat
2013-12-17,16.21,16.5,-0.28999999999999915,Flat
2013-12-18,13.8,14.99,-1.1899999999999995,Contango
2013-12-19,14.15,15.28,-1.129999999999999,Contango
2013-12-20,13.79,15.01,-1.2200000000000006,Contango
2013-12-23,13.04,14.52,-1.4800000000000004,Contango
2013-12-24,12.48,14.24,-1.7599999999999998,Contango
2013-12-26,12.33,14.03,-1.6999999999999993,Contango
2013-12-27,12.46,13.98,-1.5199999999999996,Contango
2013-12-30,13.56,14.77,-1.209999999999999,Contango
2013-12-31,13.72,14.77,-1.049999999999999,Contango
2014-01-02,14.23,15.26,-1.0299999999999994,Contango
2014-01-03,13.76,15.09,-1.33,Contango
2014-01-06,13.55,14.82,-1.2699999999999996,Contango
2014-01-07,12.92,14.41,-1.4900000000000002,Contango
2014-01-08,12.87,14.29,-1.42,Contango
2014-01-09,12.89,14.29,-1.3999999999999986,Contango
2014-01-10,12.14,13.94,-1.799999999999999,Contango
2014-01-13,13.28,14.98,-1.700000000000001,Contango
2014-01-14,12.28,14.49,-2.210000000000001,Contango
2014-01-15,12.28,14.46,-2.1800000000000015,Contango
2014-01-16,12.53,14.69,-2.16,Contango
2014-01-17,12.44,14.63,-2.1900000000000013,Contango
2014-01-21,12.87,14.62,-1.75,Contango
2014-01-22,12.84,14.47,-1.6300000000000008,Contango
2014-01-23,13.77,14.98,-1.2100000000000009,Contango
2014-01-24,18.14,17.4,0.740000000000002,Backwardation
2014-01-27,17.42,17.13,0.2900000000000027,Flat
2014-01-28,15.8,16.2,-0.3999999999999986,Flat
2014-01-29,17.35,17.24,0.11000000000000298,Flat
2014-01-30,17.29,17.37,-0.08000000000000185,Flat
2014-01-31,18.41,18.09,0.3200000000000003,Flat
2014-02-03,21.44,20.14,1.3000000000000007,Backwardation
2014-02-04,19.11,19.08,0.030000000000001137,Flat
2014-02-05,19.95,19.67,0.2799999999999976,Flat
2014-02-06,17.23,17.79,-0.5599999999999987,Contango
2014-02-07,15.29,16.34,-1.0500000000000007,Contango
2014-02-10,15.26,16.32,-1.0600000000000005,Contango
2014-02-11,14.51,15.75,-1.2400000000000002,Contango
2014-02-12,14.3,15.65,-1.3499999999999996,Contango
2014-02-13,14.14,15.5,-1.3599999999999994,Contango
2014-02-14,13.57,15.17,-1.5999999999999996,Contango
2014-02-18,13.87,15.22,-1.3500000000000014,Contango
2014-02-19,15.5,16.29,-0.7899999999999991,Contango
2014-02-20,14.79,15.72,-0.9300000000000015,Contango
2014-02-21,14.68,15.64,-0.9600000000000009,Contango
2014-02-24,14.23,15.5,-1.2699999999999996,Contango
2014-02-25,13.67,15.5,-1.83,Contango
2014-02-26,14.35,15.91,-1.5600000000000005,Contango
2014-02-27,14.04,15.63,-1.5900000000000016,Contango
2014-02-28,14.0,15.8,-1.8000000000000007,Contango
2014-03-03,16.0,16.92,-0.9200000000000017,Contango
2014-03-04,14.1,15.69,-1.5899999999999999,Contango
2014-03-05,13.89,15.77,-1.879999999999999,Contango
2014-03-06,14.21,15.83,-1.6199999999999992,Contango
2014-03-07,14.11,15.87,-1.7599999999999998,Contango
2014-03-10,14.2,15.97,-1.7700000000000014,Contango
2014-03-11,14.8,16.35,-1.5500000000000007,Contango
2014-03-12,14.47,16.08,-1.6099999999999977,Contango
2014-03-13,16.22,17.13,-0.9100000000000001,Contango
2014-03-14,17.82,17.93,-0.10999999999999943,Flat
2014-03-17,15.64,16.69,-1.0500000000000007,Contango
2014-03-18,14.52,16.15,-1.629999999999999,Contango
2014-03-19,15.12,16.38,-1.2599999999999998,Contango
2014-03-20,14.52,15.86,-1.3399999999999999,Contango
2014-03-21,15.0,16.18,-1.1799999999999997,Contango
2014-03-24,15.09,16.1,-1.0100000000000016,Contango
2014-03-25,14.02,15.53,-1.5099999999999998,Contango
2014-03-26,14.93,16.08,-1.1499999999999986,Contango
2014-03-27,14.62,15.87,-1.25,Contango
2014-03-28,14.41,15.46,-1.0500000000000007,Contango
2014-03-31,13.88,15.08,-1.1999999999999993,Contango
2014-04-01,13.1,14.4,-1.3000000000000007,Contango
2014-04-02,13.09,14.45,-1.3599999999999994,Contango
2014-04-03,13.37,14.5,-1.1300000000000008,Contango
2014-04-04,13.96,14.96,-1.0,Contango
2014-04-07,15.57,15.9,-0.33000000000000007,Flat
2014-04-08,14.89,15.53,-0.6399999999999988,Contango
2014-04-09,13.82,14.83,-1.0099999999999998,Contango
2014-04-10,15.89,16.07,-0.17999999999999972,Flat
2014-04-11,17.03,16.79,0.240000000000002,Flat
2014-04-14,16.11,16.34,-0.23000000000000043,Flat
2014-04-15,15.61,15.99,-0.3800000000000008,Flat
2014-04-16,14.18,15.23,-1.0500000000000007,Contango
2014-04-17,13.36,14.84,-1.4800000000000004,Contango
2014-04-21,13.25,14.75,-1.5,Contango
2014-04-22,13.19,14.61,-1.42,Contango
2014-04-23,13.27,14.83,-1.5600000000000005,Contango
2014-04-24,13.32,14.77,-1.4499999999999993,Contango
2014-04-25,14.06,15.18,-1.1199999999999992,Contango
2014-04-28,13.97,14.93,-0.9599999999999991,Contango
2014-04-29,13.71,14.83,-1.1199999999999992,Contango
2014-04-30,13.41,14.7,-1.2899999999999991,Contango
2014-05-01,13.25,14.67,-1.42,Contango
2014-05-02,12.91,14.68,-1.7699999999999996,Contango
2014-05-05,13.29,14.75,-1.4600000000000009,Contango
2014-05-06,13.8,15.12,-1.3199999999999985,Contango
2014-05-07,13.4,14.62,-1.2199999999999989,Contango
2014-05-08,13.43,14.58,-1.1500000000000004,Contango
2014-05-09,12.92,14.38,-1.4600000000000009,Contango
2014-05-12,12.23,13.88,-1.6500000000000004,Contango
2014-05-13,12.13,14.04,-1.9099999999999984,Contango
2014-05-14,12.17,14.18,-2.01,Contango
2014-05-15,13.17,14.86,-1.6899999999999995,Contango
2014-05-16,12.44,14.33,-1.8900000000000006,Contango
2014-05-19,12.42,14.11,-1.6899999999999995,Contango
2014-05-20,12.96,14.41,-1.4499999999999993,Contango
2014-05-21,11.91,13.87,-1.959999999999999,Contango
2014-05-22,12.03,13.83,-1.8000000000000007,Contango
2014-05-23,11.36,13.62,-2.26,Contango
2014-05-27,11.51,13.64,-2.130000000000001,Contango
2014-05-28,11.68,13.77,-2.09,Contango
2014-05-29,11.57,13.71,-2.1400000000000006,Contango
2014-05-30,11.4,13.75,-2.3499999999999996,Contango
2014-06-02,11.58,13.88,-2.3000000000000007,Contango
2014-06-03,11.87,13.82,-1.950000000000001,Contango
2014-06-04,12.08,13.77,-1.6899999999999995,Contango
2014-06-05,11.68,13.58,-1.9000000000000004,Contango
2014-06-06,10.73,12.83,-2.0999999999999996,Contango
2014-06-09,11.15,13.02,-1.8699999999999992,Contango
2014-06-10,10.99,13.01,-2.0199999999999996,Contango
2014-06-11,11.6,13.29,-1.6899999999999995,Contango
2014-06-12,12.56,14.11,-1.549999999999999,Contango
2014-06-13,12.18,13.79,-1.6099999999999994,Contango
2014-06-16,12.65,13.97,-1.3200000000000003,Contango
2014-06-17,12.06,13.66,-1.5999999999999996,Contango
2014-06-18,10.61,12.62,-2.01,Contango
2014-06-19,10.62,12.7,-2.08,Contango
2014-06-20,10.85,12.87,-2.0199999999999996,Contango
2014-06-23,10.98,12.92,-1.9399999999999995,Contango
2014-06-24,12.13,13.38,-1.25,Contango
2014-06-25,11.59,13.11,-1.5199999999999996,Contango
2014-06-26,11.63,13.07,-1.4399999999999995,Contango
2014-06-27,11.26,12.82,-1.5600000000000005,Contango
2014-06-30,11.57,13.01,-1.4399999999999995,Contango
2014-07-01,11.15,12.74,-1.5899999999999999,Contango
2014-07-02,10.82,12.49,-1.67,Contango
2014-07-03,10.32,12.24,-1.92,Contango
2014-07-07,11.33,12.87,-1.5399999999999991,Contango
2014-07-08,11.98,13.21,-1.2300000000000004,Contango
2014-07-09,11.65,12.99,-1.3399999999999999,Contango
2014-07-10,12.59,13.65,-1.0600000000000005,Contango
2014-07-11,12.08,13.28,-1.1999999999999993,Contango
2014-07-14,11.82,12.93,-1.1099999999999994,Contango
2014-07-15,11.96,13.16,-1.1999999999999993,Contango
2014-07-16,11.0,12.63,-1.6300000000000008,Contango
2014-07-17,14.54,14.97,-0.4300000000000015,Flat
2014-07-18,12.06,13.36,-1.299999999999999,Contango
2014-07-21,12.81,13.8,-0.9900000000000002,Contango
2014-07-22,12.24,13.5,-1.2599999999999998,Contango
2014-07-23,11.52,13.38,-1.8600000000000012,Contango
2014-07-24,11.84,13.45,-1.6099999999999994,Contango
2014-07-25,12.69,14.0,-1.3100000000000005,Contango
2014-07-28,12.56,13.92,-1.3599999999999994,Contango
2014-07-29,13.28,14.22,-0.9400000000000013,Contango
2014-07-30,13.33,14.26,-0.9299999999999997,Contango
2014-07-31,16.95,16.38,0.5700000000000003,Backwardation
2014-08-01,17.03,16.78,0.25,Flat
2014-08-04,15.12,15.81,-0.6900000000000013,Contango
2014-08-05,16.87,17.14,-0.2699999999999996,Flat
2014-08-06,16.37,16.93,-0.5599999999999987,Contango
2014-08-07,16.66,17.22,-0.5599999999999987,Contango
2014-08-08,15.77,16.69,-0.9200000000000017,Contango
2014-08-11,14.23,15.76,-1.5299999999999994,Contango
2014-08-12,14.13,15.7,-1.5699999999999985,Contango
2014-08-13,12.9,14.85,-1.9499999999999993,Contango
2014-08-14,12.42,14.43,-2.01,Contango
2014-08-15,13.15,14.42,-1.2699999999999996,Contango
2014-08-18,12.32,13.91,-1.5899999999999999,Contango
2014-08-19,12.21,13.79,-1.5799999999999983,Contango
2014-08-20,11.78,13.76,-1.9800000000000004,Contango
2014-08-21,11.76,13.53,-1.7699999999999996,Contango
2014-08-22,11.47,13.51,-2.039999999999999,Contango
2014-08-25,11.7,13.57,-1.870000000000001,Contango
2014-08-26,11.63,13.71,-2.08,Contango
2014-08-27,11.78,13.92,-2.1400000000000006,Contango
2014-08-28,12.05,14.13,-2.08,Contango
2014-08-29,11.98,14.27,-2.289999999999999,Contango
2014-09-02,12.25,14.46,-2.210000000000001,Contango
2014-09-03,12.36,14.39,-2.030000000000001,Contango
2014-09-04,12.64,14.54,-1.8999999999999986,Contango
2014-09-05,12.09,14.08,-1.9900000000000002,Contango
2014-09-08,12.66,14.39,-1.7300000000000004,Contango
2014-09-09,13.5,14.84,-1.3399999999999999,Contango
2014-09-10,12.88,14.63,-1.75,Contango
2014-09-11,12.8,14.68,-1.879999999999999,Contango
2014-09-12,13.31,15.04,-1.7299999999999986,Contango
2014-09-15,14.12,15.58,-1.4600000000000009,Contango
2014-09-16,12.73,14.85,-2.119999999999999,Contango
2014-09-17,12.65,14.62,-1.9699999999999989,Contango
2014-09-18,12.03,14.23,-2.200000000000001,Contango
2014-09-19,12.11,14.38,-2.2700000000000014,Contango
2014-09-22,13.69,15.26,-1.5700000000000003,Contango
2014-09-23,14.93,16.07,-1.1400000000000006,Contango
2014-09-24,13.27,15.22,-1.950000000000001,Contango
2014-09-25,15.64,16.59,-0.9499999999999993,Contango
2014-09-26,14.85,16.02,-1.17,Contango
2014-09-29,15.98,16.82,-0.8399999999999999,Contango
2014-09-30,16.31,17.08,-0.7699999999999996,Contango
2014-10-01,16.71,17.62,-0.9100000000000001,Contango
2014-10-02,16.16,17.24,-1.0799999999999983,Contango
2014-10-03,14.55,16.04,-1.4899999999999984,Contango
2014-10-06,15.46,16.55,-1.0899999999999999,Contango
2014-10-07,17.2,17.68,-0.4800000000000004,Flat
2014-10-08,15.11,16.28,-1.1700000000000017,Contango
2014-10-09,18.76,18.09,0.6700000000000017,Backwardation
2014-10-10,21.24,19.93,1.3099999999999987,Backwardation
2014-10-13,24.64,22.12,2.5199999999999996,Backwardation
2014-10-14,22.79,21.37,1.4199999999999982,Backwardation
2014-10-15,26.25,23.82,2.4299999999999997,Backwardation
2014-10-16,25.2,22.85,2.349999999999998,Backwardation
2014-10-17,21.99,21.25,0.7399999999999984,Backwardation
2014-10-20,18.57,19.67,-1.1000000000000014,Contango
2014-10-21,16.08,17.87,-1.7900000000000027,Contango
2014-10-22,17.87,19.06,-1.1899999999999977,Contango
2014-10-23,16.53,18.22,-1.6899999999999977,Contango
2014-10-24,16.11,17.92,-1.8100000000000023,Contango
2014-10-27,16.04,17.86,-1.8200000000000003,Contango
2014-10-28,14.39,16.46,-2.0700000000000003,Contango
2014-10-29,15.15,16.89,-1.7400000000000002,Contango
2014-10-30,14.52,16.74,-2.219999999999999,Contango
2014-10-31,14.03,16.51,-2.480000000000002,Contango
2014-11-03,14.73,16.81,-2.0799999999999983,Contango
2014-11-04,14.89,16.93,-2.039999999999999,Contango
2014-11-05,14.17,16.57,-2.4000000000000004,Contango
2014-11-06,13.67,16.26,-2.5900000000000016,Contango
2014-11-07,13.12,15.83,-2.710000000000001,Contango
2014-11-10,12.67,15.04,-2.369999999999999,Contango
2014-11-11,12.92,15.36,-2.4399999999999995,Contango
2014-11-12,13.02,15.74,-2.7200000000000006,Contango
2014-11-13,13.79,15.89,-2.1000000000000014,Contango
2014-11-14,13.31,15.96,-2.6500000000000004,Contango
2014-11-17,13.99,15.93,-1.9399999999999995,Contango
2014-11-18,13.86,15.7,-1.8399999999999999,Contango
2014-11-19,13.96,15.97,-2.01,Contango
2014-11-20,13.58,16.01,-2.4300000000000015,Contango
2014-11-21,12.9,15.79,-2.889999999999999,Contango
2014-11-24,12.62,15.55,-2.9300000000000015,Contango
2014-11-25,12.25,15.41,-3.16,Contango
2014-11-26,12.07,15.32,-3.25,Contango
2014-11-28,13.33,15.93,-2.5999999999999996,Contango
2014-12-01,14.29,16.74,-2.4499999999999993,Contango
2014-12-02,12.85,15.96,-3.110000000000001,Contango
2014-12-03,12.47,15.55,-3.08,Contango
2014-12-04,12.38,15.64,-3.26,Contango
2014-12-05,11.82,15.55,-3.7300000000000004,Contango
2014-12-08,14.21,16.78,-2.5700000000000003,Contango
2014-12-09,14.89,16.89,-2.0,Contango
2014-12-10,18.53,19.14,-0.6099999999999994,Contango
2014-12-11,20.08,20.72,-0.6400000000000006,Contango
2014-12-12,21.08,21.0,0.0799999999999983,Flat
2014-12-15,20.42,21.06,-0.639999999999997,Contango
2014-12-16,23.57,23.09,0.4800000000000004,Flat
2014-12-17,19.44,20.43,-0.9899999999999984,Contango
2014-12-18,16.81,18.48,-1.6700000000000017,Contango
2014-12-19,16.49,18.47,-1.9800000000000004,Contango
2014-12-22,15.25,17.59,-2.34,Contango
2014-12-23,14.8,17.94,-3.1400000000000006,Contango
2014-12-24,14.37,17.26,-2.8900000000000023,Contango
2014-12-26,14.5,17.16,-2.66,Contango
2014-12-29,15.06,17.27,-2.209999999999999,Contango
2014-12-30,15.92,18.02,-2.0999999999999996,Contango
2014-12-31,19.2,19.74,-0.5399999999999991,Contango
2015-01-02,17.79,19.46,-1.6700000000000017,Contango
2015-01-05,19.92,20.79,-0.8699999999999974,Contango
2015-01-06,21.12,21.42,-0.3000000000000007,Flat
2015-01-07,19.31,20.08,-0.7699999999999996,Contango
2015-01-08,17.01,18.66,-1.6499999999999986,Contango
2015-01-09,17.55,19.32,-1.7699999999999996,Contango
2015-01-12,19.6,20.48,-0.879999999999999,Contango
2015-01-13,20.56,21.27,-0.7100000000000009,Contango
2015-01-14,21.48,20.93,0.5500000000000007,Backwardation
2015-01-15,22.39,22.11,0.28000000000000114,Flat
2015-01-16,20.95,21.15,-0.1999999999999993,Flat
2015-01-20,19.89,20.87,-0.9800000000000004,Contango
2015-01-21,18.85,20.04,-1.1899999999999977,Contango
2015-01-22,16.4,18.6,-2.200000000000003,Contango
2015-01-23,16.66,19.0,-2.34,Contango
2015-01-26,15.52,18.03,-2.5100000000000016,Contango
2015-01-27,17.22,19.11,-1.8900000000000006,Contango
2015-01-28,20.44,21.44,-1.0,Contango
2015-01-29,18.76,20.0,-1.2399999999999984,Contango
2015-01-30,20.97,21.82,-0.8500000000000014,Contango
2015-02-02,19.43,20.91,-1.4800000000000004,Contango
2015-02-03,17.33,19.49,-2.16,Contango
2015-02-04,18.33,20.43,-2.1000000000000014,Contango
2015-02-05,16.85,19.27,-2.419999999999998,Contango
2015-02-06,17.29,19.88,-2.59,Contango
2015-02-09,18.55,20.67,-2.120000000000001,Contango
2015-02-10,17.23,19.73,-2.5,Contango
2015-02-11,16.96,19.71,-2.75,Contango
2015-02-12,15.34,18.34,-3.0,Contango
2015-02-13,14.69,18.13,-3.4399999999999995,Contango
2015-02-17,15.8,18.38,-2.5799999999999983,Contango
2015-02-18,15.45,18.66,-3.210000000000001,Contango
2015-02-19,15.29,18.01,-2.7200000000000024,Contango
2015-02-20,14.3,17.29,-2.9899999999999984,Contango
2015-02-23,14.56,17.54,-2.9799999999999986,Contango
2015-02-24,13.69,16.71,-3.0200000000000014,Contango
2015-02-25,13.84,16.87,-3.030000000000001,Contango
2015-02-26,13.91,16.85,-2.9400000000000013,Contango
2015-02-27,13.34,16.89,-3.5500000000000007,Contango
2015-03-02,13.04,16.46,-3.4200000000000017,Contango
2015-03-03,13.86,16.78,-2.9200000000000017,Contango
2015-03-04,14.23,16.91,-2.6799999999999997,Contango
2015-03-05,14.04,16.64,-2.6000000000000014,Contango
2015-03-06,15.2,17.51,-2.3100000000000023,Contango
2015-03-09,15.06,17.31,-2.2499999999999982,Contango
2015-03-10,16.69,18.26,-1.5700000000000003,Contango
2015-03-11,16.87,18.53,-1.6600000000000001,Contango
2015-03-12,15.42,17.39,-1.9700000000000006,Contango
2015-03-13,16.0,17.89,-1.8900000000000006,Contango
2015-03-16,15.61,17.4,-1.7899999999999991,Contango
2015-03-17,15.66,17.48,-1.8200000000000003,Contango
2015-03-18,13.97,16.43,-2.459999999999999,Contango
2015-03-19,14.07,16.97,-2.8999999999999986,Contango
2015-03-20,13.02,16.71,-3.6900000000000013,Contango
2015-03-23,13.41,16.53,-3.120000000000001,Contango
2015-03-24,13.62,16.59,-2.9700000000000006,Contango
2015-03-25,15.44,17.57,-2.130000000000001,Contango
2015-03-26,15.8,17.57,-1.7699999999999996,Contango
2015-03-27,15.07,17.39,-2.3200000000000003,Contango
2015-03-30,14.51,16.92,-2.410000000000002,Contango
2015-03-31,15.29,17.54,-2.25,Contango
2015-04-01,15.11,17.34,-2.2300000000000004,Contango
2015-04-02,14.67,17.22,-2.549999999999999,Contango
2015-04-06,14.74,16.82,-2.08,Contango
2015-04-07,14.78,16.8,-2.0200000000000014,Contango
2015-04-08,13.98,16.4,-2.419999999999998,Contango
2015-04-09,13.09,16.02,-2.9299999999999997,Contango
2015-04-10,12.58,15.46,-2.880000000000001,Contango
2015-04-13,13.94,16.32,-2.380000000000001,Contango
2015-04-14,13.67,15.85,-2.1799999999999997,Contango
2015-04-15,12.84,15.69,-2.8499999999999996,Contango
2015-04-16,12.6,15.33,-2.7300000000000004,Contango
2015-04-17,13.89,16.14,-2.25,Contango
2015-04-20,13.3,15.58,-2.2799999999999994,Contango
2015-04-21,13.25,15.52,-2.2699999999999996,Contango
2015-04-22,12.71,15.46,-2.75,Contango
2015-04-23,12.48,15.17,-2.6899999999999995,Contango
2015-04-24,12.29,15.26,-2.9700000000000006,Contango
2015-04-27,13.12,15.93,-2.8100000000000005,Contango
2015-04-28,12.41,15.31,-2.9000000000000004,Contango
2015-04-29,13.39,15.97,-2.58,Contango
2015-04-30,14.55,16.48,-1.9299999999999997,Contango
2015-05-01,12.7,15.38,-2.6800000000000015,Contango
2015-05-04,12.85,15.43,-2.58,Contango
2015-05-05,14.31,16.32,-2.01,Contango
2015-05-06,15.15,16.72,-1.5699999999999985,Contango
2015-05-07,15.13,16.74,-1.6099999999999977,Contango
2015-05-08,12.86,15.56,-2.700000000000001,Contango
2015-05-11,13.85,16.1,-2.2500000000000018,Contango
2015-05-12,13.86,16.4,-2.539999999999999,Contango
2015-05-13,13.76,16.29,-2.5299999999999994,Contango
2015-05-14,12.74,15.91,-3.17,Contango
2015-05-15,12.38,15.57,-3.1899999999999995,Contango
2015-05-18,12.73,15.23,-2.5,Contango
2015-05-19,12.85,15.28,-2.4299999999999997,Contango
2015-05-20,12.88,15.15,-2.2699999999999996,Contango
2015-05-21,12.11,14.61,-2.5,Contango
2015-05-22,12.13,14.48,-2.3499999999999996,Contango
2015-05-26,14.06,15.48,-1.42,Contango
2015-05-27,13.27,14.99,-1.7200000000000006,Contango
2015-05-28,13.31,15.01,-1.6999999999999993,Contango
2015-05-29,13.84,15.38,-1.540000000000001,Contango
2015-06-01,13.97,15.41,-1.4399999999999995,Contango
2015-06-02,14.24,15.71,-1.4700000000000006,Contango
2015-06-03,13.66,15.36,-1.6999999999999993,Contango
2015-06-04,14.71,16.28,-1.5700000000000003,Contango
2015-06-05,14.21,15.96,-1.75,Contango
2015-06-08,15.29,16.6,-1.3100000000000023,Contango
2015-06-09,14.47,16.25,-1.7799999999999994,Contango
2015-06-10,13.22,15.33,-2.1099999999999994,Contango
2015-06-11,12.85,15.1,-2.25,Contango
2015-06-12,13.78,15.61,-1.83,Contango
2015-06-15,15.39,16.62,-1.2300000000000004,Contango
2015-06-16,14.81,16.2,-1.3899999999999988,Contango
2015-06-17,14.5,16.22,-1.7199999999999989,Contango
2015-06-18,13.19,15.44,-2.25,Contango
2015-06-19,13.96,15.91,-1.9499999999999993,Contango
2015-06-22,12.74,14.99,-2.25,Contango
2015-06-23,12.11,14.54,-2.4299999999999997,Contango
2015-06-24,13.26,15.18,-1.92,Contango
2015-06-25,14.01,15.52,-1.5099999999999998,Contango
2015-06-26,14.02,15.46,-1.4400000000000013,Contango
2015-06-29,18.85,18.72,0.13000000000000256,Flat
2015-06-30,18.23,18.47,-0.23999999999999844,Flat
2015-07-01,16.09,16.79,-0.6999999999999993,Contango
2015-07-02,16.79,17.68,-0.8900000000000006,Contango
2015-07-06,17.01,18.04,-1.0299999999999976,Contango
2015-07-07,16.09,17.02,-0.9299999999999997,Contango
2015-07-08,19.66,19.25,0.41000000000000014,Flat
2015-07-09,19.97,19.78,0.18999999999999773,Flat
2015-07-10,16.83,17.73,-0.9000000000000021,Contango
2015-07-13,13.9,15.94,-2.039999999999999,Contango
2015-07-14,13.37,15.46,-2.0900000000000016,Contango
2015-07-15,13.23,15.6,-2.369999999999999,Contango
2015-07-16,12.11,14.73,-2.620000000000001,Contango
2015-07-17,11.95,14.61,-2.66,Contango
2015-07-20,12.25,14.85,-2.5999999999999996,Contango
2015-07-21,12.22,14.75,-2.5299999999999994,Contango
2015-07-22,12.12,14.81,-2.6900000000000013,Contango
2015-07-23,12.64,14.93,-2.289999999999999,Contango
2015-07-24,13.74,15.65,-1.9100000000000001,Contango
2015-07-27,15.6,16.78,-1.1800000000000015,Contango
2015-07-28,13.44,15.43,-1.9900000000000002,Contango
2015-07-29,12.5,14.92,-2.42,Contango
2015-07-30,12.13,14.71,-2.58,Contango
2015-07-31,12.12,14.9,-2.780000000000001,Contango
2015-08-03,12.56,14.84,-2.2799999999999994,Contango
2015-08-04,13.0,15.13,-2.130000000000001,Contango
2015-08-05,12.51,14.88,-2.370000000000001,Contango
2015-08-06,13.77,15.55,-1.7800000000000011,Contango
2015-08-07,13.39,15.42,-2.0299999999999994,Contango
2015-08-10,12.23,14.99,-2.76,Contango
2015-08-11,13.71,15.94,-2.2299999999999986,Contango
2015-08-12,13.61,15.87,-2.26,Contango
2015-08-13,13.49,15.75,-2.26,Contango
2015-08-14,12.83,15.51,-2.6799999999999997,Contango
2015-08-17,13.02,15.21,-2.1900000000000013,Contango
2015-08-18,13.79,15.61,-1.8200000000000003,Contango
2015-08-19,15.25,16.5,-1.25,Contango
2015-08-20,19.14,18.83,0.3100000000000023,Flat
2015-08-21,28.03,23.47,4.560000000000002,Backwardation
2015-08-24,40.74,31.14,9.600000000000001,Backwardation
2015-08-25,36.02,29.58,6.440000000000005,Backwardation
2015-08-26,30.32,25.65,4.670000000000002,Backwardation
2015-08-27,26.1,24.86,1.240000000000002,Backwardation
2015-08-28,26.05,25.34,0.7100000000000009,Backwardation
2015-08-31,28.43,26.53,1.8999999999999986,Backwardation
2015-09-01,31.4,29.53,1.8699999999999974,Backwardation
2015-09-02,26.09,26.19,-0.10000000000000142,Flat
2015-09-03,25.61,26.2,-0.5899999999999999,Contango
2015-09-04,27.8,28.07,-0.2699999999999996,Flat
2015-09-08,24.9,25.69,-0.7900000000000027,Contango
2015-09-09,26.23,26.31,-0.0799999999999983,Flat
2015-09-10,24.37,25.65,-1.2799999999999976,Contango
2015-09-11,23.2,24.68,-1.4800000000000004,Contango
2015-09-14,24.25,23.7,0.5500000000000007,Backwardation
2015-09-15,22.54,23.12,-0.5800000000000018,Contango
2015-09-16,21.35,22.33,-0.9799999999999969,Contango
2015-09-17,21.14,21.14,0.0,Flat
2015-09-18,22.28,23.2,-0.9199999999999982,Contango
2015-09-21,20.14,21.59,-1.4499999999999993,Contango
2015-09-22,22.44,23.28,-0.8399999999999999,Contango
2015-09-23,22.13,22.88,-0.75,Contango
2015-09-24,23.47,23.46,0.00999999999999801,Flat
2015-09-25,23.62,24.4,-0.7799999999999976,Contango
2015-09-28,27.63,26.38,1.25,Backwardation
2015-09-29,26.83,26.0,0.8299999999999983,Backwardation
2015-09-30,24.5,24.75,-0.25,Flat
2015-10-01,22.55,23.83,-1.2799999999999976,Contango
2015-10-02,20.94,22.6,-1.6600000000000001,Contango
2015-10-05,19.54,21.33,-1.7899999999999991,Contango
2015-10-06,19.4,21.59,-2.1900000000000013,Contango
2015-10-07,18.4,20.71,-2.3100000000000023,Contango
2015-10-08,17.42,20.09,-2.669999999999998,Contango
2015-10-09,17.08,19.85,-2.770000000000003,Contango
2015-10-12,16.17,19.26,-3.09,Contango
2015-10-13,17.67,20.5,-2.8299999999999983,Contango
2015-10-14,18.03,20.81,-2.7799999999999976,Contango
2015-10-15,16.05,19.43,-3.379999999999999,Contango
2015-10-16,15.05,18.67,-3.620000000000001,Contango
2015-10-19,14.98,17.86,-2.879999999999999,Contango
2015-10-20,15.75,18.6,-2.8500000000000014,Contango
2015-10-21,16.7,19.46,-2.7600000000000016,Contango
2015-10-22,14.45,17.16,-2.710000000000001,Contango
2015-10-23,14.46,17.48,-3.0199999999999996,Contango
2015-10-26,15.29,17.99,-2.6999999999999993,Contango
2015-10-27,15.43,18.14,-2.710000000000001,Contango
2015-10-28,14.33,17.49,-3.1599999999999984,Contango
2015-10-29,14.61,17.81,-3.1999999999999993,Contango
2015-10-30,15.07,18.4,-3.3299999999999983,Contango
2015-11-02,14.15,17.42,-3.2700000000000014,Contango
2015-11-03,14.54,17.47,-2.9299999999999997,Contango
2015-11-04,15.51,18.31,-2.799999999999999,Contango
2015-11-05,15.05,17.81,-2.759999999999998,Contango
2015-11-06,14.33,17.45,-3.119999999999999,Contango
2015-11-09,16.52,18.85,-2.330000000000002,Contango
2015-11-10,15.29,18.02,-2.7300000000000004,Contango
2015-11-11,16.06,18.45,-2.3900000000000006,Contango
2015-11-12,18.37,20.17,-1.8000000000000007,Contango
2015-11-13,20.08,21.58,-1.5,Contango
2015-11-16,18.16,19.98,-1.8200000000000003,Contango
2015-11-17,18.84,20.43,-1.5899999999999999,Contango
2015-11-18,16.85,19.22,-2.3699999999999974,Contango
2015-11-19,16.99,19.64,-2.650000000000002,Contango
2015-11-20,15.47,18.94,-3.4700000000000006,Contango
2015-11-23,15.62,18.63,-3.01,Contango
2015-11-24,15.93,18.71,-2.780000000000001,Contango
2015-11-25,15.19,18.19,-3.0000000000000018,Contango
2015-11-27,15.12,17.35,-2.230000000000002,Contango
2015-11-30,16.13,18.49,-2.3599999999999994,Contango
2015-12-01,14.67,17.58,-2.9099999999999984,Contango
2015-12-02,15.91,18.33,-2.419999999999998,Contango
2015-12-03,18.11,20.11,-2.0,Contango
2015-12-04,14.81,18.17,-3.360000000000001,Contango
2015-12-07,15.84,18.65,-2.8099999999999987,Contango
2015-12-08,17.6,20.06,-2.4599999999999973,Contango
2015-12-09,19.61,21.05,-1.4400000000000013,Contango
2015-12-10,19.34,20.76,-1.4200000000000017,Contango
2015-12-11,24.39,24.38,0.010000000000001563,Flat
2015-12-14,22.73,23.3,-0.5700000000000003,Contango
2015-12-15,20.95,21.86,-0.9100000000000001,Contango
2015-12-16,17.86,19.57,-1.7100000000000009,Contango
2015-12-17,18.94,20.37,-1.4299999999999997,Contango
2015-12-18,20.7,21.26,-0.5600000000000023,Contango
2015-12-21,18.7,21.11,-2.41,Contango
2015-12-22,16.6,19.84,-3.2399999999999984,Contango
2015-12-23,15.57,19.33,-3.759999999999998,Contango
2015-12-24,15.74,19.69,-3.950000000000001,Contango
2015-12-28,16.91,19.68,-2.7699999999999996,Contango
2015-12-29,16.08,19.1,-3.020000000000003,Contango
2015-12-30,17.29,19.59,-2.3000000000000007,Contango
2015-12-31,18.21,19.8,-1.5899999999999999,Contango
2016-01-04,20.7,22.01,-1.3100000000000023,Contango
2016-01-05,19.34,20.52,-1.1799999999999997,Contango
2016-01-06,20.59,21.27,-0.6799999999999997,Contango
2016-01-07,24.99,24.62,0.36999999999999744,Flat
2016-01-08,27.01,26.23,0.7800000000000011,Backwardation
2016-01-11,24.3,24.73,-0.4299999999999997,Flat
2016-01-12,22.47,22.53,-0.060000000000002274,Flat
2016-01-13,25.22,24.89,0.3299999999999983,Flat
2016-01-14,23.95,23.53,0.41999999999999815,Flat
2016-01-15,27.02,26.88,0.14000000000000057,Flat
2016-01-19,26.05,26.44,-0.39000000000000057,Flat
2016-01-20,27.59,27.81,-0.21999999999999886,Flat
2016-01-21,26.69,26.71,-0.019999999999999574,Flat
2016-01-22,22.34,24.28,-1.9400000000000013,Contango
2016-01-25,24.15,25.25,-1.1000000000000014,Contango
2016-01-26,22.5,23.29,-0.7899999999999991,Contango
2016-01-27,23.11,24.47,-1.3599999999999994,Contango
2016-01-28,22.42,24.02,-1.5999999999999979,Contango
2016-01-29,20.2,22.66,-2.460000000000001,Contango
2016-02-01,19.98,22.01,-2.030000000000001,Contango
2016-02-02,21.98,23.41,-1.4299999999999997,Contango
2016-02-03,21.65,23.2,-1.5500000000000007,Contango
2016-02-04,21.84,23.66,-1.8200000000000003,Contango
2016-02-05,23.38,24.48,-1.1000000000000014,Contango
2016-02-08,26.0,25.98,0.019999999999999574,Flat
2016-02-09,26.54,26.8,-0.26000000000000156,Flat
2016-02-10,26.29,26.72,-0.4299999999999997,Flat
2016-02-11,28.14,27.72,0.4200000000000017,Flat
2016-02-12,25.4,26.23,-0.8300000000000018,Contango
2016-02-16,24.11,25.01,-0.9000000000000021,Contango
2016-02-17,22.31,23.55,-1.240000000000002,Contango
2016-02-18,21.64,23.2,-1.5599999999999987,Contango
2016-02-19,20.53,22.8,-2.2699999999999996,Contango
2016-02-22,19.38,21.62,-2.240000000000002,Contango
2016-02-23,20.98,22.44,-1.4600000000000009,Contango
2016-02-24,20.72,22.34,-1.620000000000001,Contango
2016-02-25,19.11,21.24,-2.129999999999999,Contango
2016-02-26,19.81,21.86,-2.0500000000000007,Contango
2016-02-29,20.55,22.39,-1.8399999999999999,Contango
2016-03-01,17.7,20.28,-2.580000000000002,Contango
2016-03-02,17.09,19.92,-2.830000000000002,Contango
2016-03-03,16.7,19.49,-2.789999999999999,Contango
2016-03-04,16.86,19.63,-2.7699999999999996,Contango
2016-03-07,17.35,19.9,-2.549999999999997,Contango
2016-03-08,18.67,21.04,-2.3699999999999974,Contango
2016-03-09,18.34,20.75,-2.41,Contango
2016-03-10,18.05,20.71,-2.66,Contango
2016-03-11,16.5,19.47,-2.969999999999999,Contango
2016-03-14,16.92,19.42,-2.5,Contango
2016-03-15,16.84,19.33,-2.4899999999999984,Contango
2016-03-16,14.99,18.48,-3.49,Contango
2016-03-17,14.44,18.14,-3.700000000000001,Contango
2016-03-18,14.02,17.93,-3.91,Contango
2016-03-21,13.79,17.59,-3.8000000000000007,Contango
2016-03-22,14.17,17.75,-3.58,Contango
2016-03-23,14.94,18.3,-3.360000000000001,Contango
2016-03-24,14.74,18.27,-3.5299999999999994,Contango
2016-03-28,15.24,18.3,-3.0600000000000005,Contango
2016-03-29,13.82,17.24,-3.419999999999998,Contango
2016-03-30,13.56,16.92,-3.360000000000001,Contango
2016-03-31,13.95,17.08,-3.129999999999999,Contango
2016-04-01,13.1,16.5,-3.4000000000000004,Contango
2016-04-04,14.12,17.23,-3.110000000000001,Contango
2016-04-05,15.42,18.38,-2.959999999999999,Contango
2016-04-06,14.09,17.28,-3.1900000000000013,Contango
2016-04-07,16.16,18.86,-2.6999999999999993,Contango
2016-04-08,15.36,18.32,-2.960000000000001,Contango
2016-04-11,16.26,18.89,-2.629999999999999,Contango
2016-04-12,14.85,17.97,-3.119999999999999,Contango
2016-04-13,13.84,17.26,-3.4200000000000017,Contango
2016-04-14,13.72,17.24,-3.519999999999998,Contango
2016-04-15,13.62,17.16,-3.540000000000001,Contango
2016-04-18,13.35,16.51,-3.160000000000002,Contango
2016-04-19,13.24,16.47,-3.2299999999999986,Contango
2016-04-20,13.28,16.6,-3.320000000000002,Contango
2016-04-21,13.95,17.14,-3.1900000000000013,Contango
2016-04-22,13.22,16.64,-3.42,Contango
2016-04-25,14.08,17.22,-3.139999999999999,Contango
2016-04-26,13.96,16.92,-2.960000000000001,Contango
2016-04-27,13.77,16.77,-3.0,Contango
2016-04-28,15.22,17.78,-2.5600000000000005,Contango
2016-04-29,15.7,18.45,-2.75,Contango
2016-05-02,14.68,17.78,-3.1000000000000014,Contango
2016-05-03,15.6,18.57,-2.9700000000000006,Contango
2016-05-04,16.05,18.91,-2.8599999999999994,Contango
2016-05-05,15.91,18.92,-3.0100000000000016,Contango
2016-05-06,14.72,18.27,-3.549999999999999,Contango
2016-05-09,14.57,18.05,-3.4800000000000004,Contango
2016-05-10,13.63,17.18,-3.549999999999999,Contango
2016-05-11,14.69,18.02,-3.33,Contango
2016-05-12,14.41,17.75,-3.34,Contango
2016-05-13,15.04,18.25,-3.210000000000001,Contango
2016-05-16,14.68,17.7,-3.0199999999999996,Contango
2016-05-17,15.57,18.43,-2.8599999999999994,Contango
2016-05-18,15.95,18.54,-2.59,Contango
2016-05-19,16.33,18.77,-2.4400000000000013,Contango
2016-05-20,15.2,18.05,-2.8500000000000014,Contango
2016-05-23,15.82,18.15,-2.3299999999999983,Contango
2016-05-24,14.42,17.08,-2.6599999999999984,Contango
2016-05-25,13.9,16.77,-2.869999999999999,Contango
2016-05-26,13.43,16.56,-3.129999999999999,Contango
2016-05-27,13.12,16.31,-3.1899999999999995,Contango
2016-05-31,14.19,16.63,-2.4399999999999995,Contango
2016-06-01,14.2,16.7,-2.5,Contango
2016-06-02,13.63,16.37,-2.74,Contango
2016-06-03,13.47,16.49,-3.019999999999998,Contango
2016-06-06,13.65,16.44,-2.790000000000001,Contango
2016-06-07,14.05,16.63,-2.5799999999999983,Contango
2016-06-08,14.08,16.79,-2.709999999999999,Contango
2016-06-09,14.64,17.32,-2.6799999999999997,Contango
2016-06-10,17.03,18.94,-1.9100000000000001,Contango
2016-06-13,20.97,21.87,-0.9000000000000021,Contango
2016-06-14,20.5,21.94,-1.4400000000000013,Contango
2016-06-15,20.14,21.81,-1.6699999999999982,Contango
2016-06-16,19.37,21.16,-1.7899999999999991,Contango
2016-06-17,19.41,21.31,-1.8999999999999986,Contango
2016-06-20,18.37,19.81,-1.4399999999999977,Contango
2016-06-21,18.48,19.69,-1.2100000000000009,Contango
2016-06-22,21.17,21.08,0.09000000000000341,Flat
2016-06-23,17.25,18.42,-1.1700000000000017,Contango
2016-06-24,25.76,23.93,1.8300000000000018,Backwardation
2016-06-27,23.85,23.68,0.1700000000000017,Flat
2016-06-28,18.75,20.26,-1.5100000000000016,Contango
2016-06-29,16.64,18.73,-2.09,Contango
2016-06-30,15.63,18.09,-2.459999999999999,Contango
2016-07-01,14.77,17.65,-2.879999999999999,Contango
2016-07-05,15.58,18.24,-2.6599999999999984,Contango
2016-07-06,14.96,17.74,-2.7799999999999976,Contango
2016-07-07,14.76,17.76,-3.0000000000000018,Contango
2016-07-08,13.2,16.49,-3.289999999999999,Contango
2016-07-11,13.54,16.49,-2.9499999999999993,Contango
2016-07-12,13.55,16.17,-2.620000000000001,Contango
2016-07-13,13.04,15.97,-2.9300000000000015,Contango
2016-07-14,12.82,15.86,-3.039999999999999,Contango
2016-07-15,12.67,15.99,-3.3200000000000003,Contango
2016-07-18,12.44,15.77,-3.33,Contango
2016-07-19,11.97,15.74,-3.7699999999999996,Contango
2016-07-20,11.77,15.44,-3.67,Contango
2016-07-21,12.74,16.1,-3.360000000000001,Contango
2016-07-22,12.02,15.8,-3.780000000000001,Contango
2016-07-25,12.87,16.27,-3.4000000000000004,Contango
2016-07-26,13.05,16.32,-3.2699999999999996,Contango
2016-07-27,12.83,16.1,-3.2700000000000014,Contango
2016-07-28,12.72,16.0,-3.2799999999999994,Contango
2016-07-29,11.87,15.42,-3.5500000000000007,Contango
2016-08-01,12.44,15.7,-3.26,Contango
2016-08-02,13.37,16.39,-3.0200000000000014,Contango
2016-08-03,12.86,16.08,-3.219999999999999,Contango
2016-08-04,12.42,15.71,-3.290000000000001,Contango
2016-08-05,11.39,15.14,-3.75,Contango
2016-08-08,11.5,15.16,-3.66,Contango
2016-08-09,11.66,15.11,-3.4499999999999993,Contango
2016-08-10,12.05,15.41,-3.3599999999999994,Contango
2016-08-11,11.68,15.3,-3.620000000000001,Contango
2016-08-12,11.55,15.26,-3.709999999999999,Contango
2016-08-15,11.81,15.38,-3.5700000000000003,Contango
2016-08-16,12.64,16.02,-3.379999999999999,Contango
2016-08-17,12.19,15.52,-3.33,Contango
2016-08-18,11.43,15.16,-3.7300000000000004,Contango
2016-08-19,11.34,15.13,-3.790000000000001,Contango
2016-08-22,12.27,15.5,-3.2300000000000004,Contango
2016-08-23,12.38,15.42,-3.039999999999999,Contango
2016-08-24,13.45,16.0,-2.5500000000000007,Contango
2016-08-25,13.63,16.13,-2.4999999999999982,Contango
2016-08-26,13.65,16.24,-2.589999999999998,Contango
2016-08-29,12.94,15.93,-2.99,Contango
2016-08-30,13.12,16.03,-2.910000000000002,Contango
2016-08-31,13.42,16.14,-2.7200000000000006,Contango
2016-09-01,13.48,16.31,-2.8299999999999983,Contango
2016-09-02,11.98,15.65,-3.67,Contango
2016-09-06,12.02,15.56,-3.540000000000001,Contango
2016-09-07,11.94,15.49,-3.5500000000000007,Contango
2016-09-08,12.51,15.81,-3.3000000000000007,Contango
2016-09-09,17.5,18.83,-1.3299999999999983,Contango
2016-09-12,15.16,17.27,-2.1099999999999994,Contango
2016-09-13,17.85,19.05,-1.1999999999999993,Contango
2016-09-14,18.14,19.35,-1.2100000000000009,Contango
2016-09-15,16.3,18.19,-1.8900000000000006,Contango
2016-09-16,15.37,17.88,-2.51,Contango
2016-09-19,15.53,17.78,-2.2500000000000018,Contango
2016-09-20,15.92,17.99,-2.0699999999999985,Contango
2016-09-21,13.3,16.66,-3.3599999999999994,Contango
2016-09-22,12.02,15.94,-3.92,Contango
2016-09-23,12.29,16.05,-3.7600000000000016,Contango
2016-09-26,14.5,17.28,-2.780000000000001,Contango
2016-09-27,13.1,16.45,-3.3499999999999996,Contango
2016-09-28,12.39,16.01,-3.620000000000001,Contango
2016-09-29,14.02,16.87,-2.8500000000000014,Contango
2016-09-30,13.29,16.37,-3.080000000000002,Contango
2016-10-03,13.57,16.4,-2.8299999999999983,Contango
2016-10-04,13.63,16.47,-2.839999999999998,Contango
2016-10-05,12.99,16.22,-3.2299999999999986,Contango
2016-10-06,12.84,16.07,-3.2300000000000004,Contango
2016-10-07,13.48,16.44,-2.960000000000001,Contango
2016-10-10,13.38,15.95,-2.5699999999999985,Contango
2016-10-11,15.36,16.94,-1.5800000000000018,Contango
2016-10-12,15.91,17.02,-1.1099999999999994,Contango
2016-10-13,16.69,17.59,-0.8999999999999986,Contango
2016-10-14,16.12,17.42,-1.3000000000000007,Contango
2016-10-17,16.21,17.47,-1.259999999999998,Contango
2016-10-18,15.28,16.92,-1.6400000000000023,Contango
2016-10-19,14.41,16.46,-2.0500000000000007,Contango
2016-10-20,13.75,16.23,-2.4800000000000004,Contango
2016-10-21,13.34,16.04,-2.6999999999999993,Contango
2016-10-24,13.02,15.61,-2.59,Contango
2016-10-25,13.46,15.81,-2.3499999999999996,Contango
2016-10-26,14.24,16.25,-2.01,Contango
2016-10-27,15.36,16.93,-1.5700000000000003,Contango
2016-10-28,16.19,17.37,-1.1799999999999997,Contango
2016-10-31,17.06,17.85,-0.7900000000000027,Contango
2016-11-01,18.56,18.74,-0.17999999999999972,Flat
2016-11-02,19.32,19.18,0.14000000000000057,Flat
2016-11-03,22.08,20.7,1.379999999999999,Backwardation
2016-11-04,22.51,21.13,1.3800000000000026,Backwardation
2016-11-07,18.71,18.15,0.5600000000000023,Backwardation
2016-11-08,18.74,18.1,0.639999999999997,Backwardation
2016-11-09,14.38,16.28,-1.9000000000000004,Contango
2016-11-10,14.74,16.75,-2.01,Contango
2016-11-11,14.17,16.49,-2.3199999999999985,Contango
2016-11-14,14.48,16.7,-2.219999999999999,Contango
2016-11-15,13.37,15.75,-2.380000000000001,Contango
2016-11-16,13.72,16.07,-2.3499999999999996,Contango
2016-11-17,13.35,15.64,-2.290000000000001,Contango
2016-11-18,12.85,15.52,-2.67,Contango
2016-11-21,12.42,15.32,-2.9000000000000004,Contango
2016-11-22,12.41,15.35,-2.9399999999999995,Contango
2016-11-23,12.43,15.43,-3.0,Contango
2016-11-25,12.34,15.51,-3.17,Contango
2016-11-28,13.15,16.02,-2.869999999999999,Contango
2016-11-29,12.9,15.9,-3.0,Contango
2016-11-30,13.33,16.1,-2.7700000000000014,Contango
2016-12-01,14.07,16.67,-2.6000000000000014,Contango
2016-12-02,14.12,16.78,-2.660000000000002,Contango
2016-12-05,12.14,15.77,-3.629999999999999,Contango
2016-12-06,11.79,15.48,-3.6900000000000013,Contango
2016-12-07,12.22,15.48,-3.26,Contango
2016-12-08,12.64,15.72,-3.08,Contango
2016-12-09,11.75,15.22,-3.4700000000000006,Contango
2016-12-12,12.64,15.73,-3.09,Contango
2016-12-13,12.72,15.7,-2.9799999999999986,Contango
2016-12-14,13.19,15.87,-2.6799999999999997,Contango
2016-12-15,12.79,15.75,-2.960000000000001,Contango
2016-12-16,12.2,15.57,-3.370000000000001,Contango
2016-12-19,11.71,15.31,-3.5999999999999996,Contango
2016-12-20,11.45,15.14,-3.6900000000000013,Contango
2016-12-21,11.27,15.09,-3.8200000000000003,Contango
2016-12-22,11.43,15.29,-3.8599999999999994,Contango
2016-12-23,11.44,15.25,-3.8100000000000005,Contango
2016-12-27,11.99,15.36,-3.369999999999999,Contango
2016-12-28,12.95,15.93,-2.9800000000000004,Contango
2016-12-29,13.37,16.16,-2.790000000000001,Contango
2016-12-30,14.04,16.54,-2.5,Contango
2017-01-03,12.85,15.56,-2.710000000000001,Contango
2017-01-04,11.85,14.84,-2.99,Contango
2017-01-05,11.67,14.7,-3.0299999999999994,Contango
2017-01-06,11.32,14.56,-3.24,Contango
2017-01-09,11.56,14.63,-3.0700000000000003,Contango
2017-01-10,11.49,14.66,-3.17,Contango
2017-01-11,11.26,14.47,-3.210000000000001,Contango
2017-01-12,11.54,14.58,-3.040000000000001,Contango
2017-01-13,11.23,14.54,-3.3099999999999987,Contango
2017-01-17,11.87,14.89,-3.0200000000000014,Contango
2017-01-18,12.48,14.94,-2.459999999999999,Contango
2017-01-19,12.78,15.02,-2.24,Contango
2017-01-20,11.54,14.49,-2.950000000000001,Contango
2017-01-23,11.77,14.54,-2.7699999999999996,Contango
2017-01-24,11.07,13.87,-2.799999999999999,Contango
2017-01-25,10.81,13.61,-2.799999999999999,Contango
2017-01-26,10.63,13.63,-3.0,Contango
2017-01-27,10.58,13.68,-3.0999999999999996,Contango
2017-01-30,11.88,14.41,-2.5299999999999994,Contango
2017-01-31,11.99,14.48,-2.49,Contango
2017-02-01,11.81,14.29,-2.4799999999999986,Contango
2017-02-02,11.93,14.59,-2.66,Contango
2017-02-03,10.97,14.05,-3.08,Contango
2017-02-06,11.37,14.24,-2.870000000000001,Contango
2017-02-07,11.29,14.35,-3.0600000000000005,Contango
2017-02-08,11.45,14.56,-3.110000000000001,Contango
2017-02-09,10.88,14.17,-3.289999999999999,Contango
2017-02-10,10.85,13.91,-3.0600000000000005,Contango
2017-02-13,11.07,13.68,-2.6099999999999994,Contango
2017-02-14,10.74,13.19,-2.4499999999999993,Contango
2017-02-15,11.97,13.41,-1.4399999999999995,Contango
2017-02-16,11.76,13.63,-1.870000000000001,Contango
2017-02-17,11.49,13.72,-2.2300000000000004,Contango
2017-02-21,11.57,14.04,-2.469999999999999,Contango
2017-02-22,11.74,14.39,-2.6500000000000004,Contango
2017-02-23,11.71,14.74,-3.0299999999999994,Contango
2017-02-24,11.47,14.76,-3.289999999999999,Contango
2017-02-27,12.09,14.91,-2.8200000000000003,Contango
2017-02-28,12.92,15.28,-2.3599999999999994,Contango
2017-03-01,12.54,14.86,-2.3200000000000003,Contango
2017-03-02,11.81,14.77,-2.959999999999999,Contango
2017-03-03,10.96,14.26,-3.299999999999999,Contango
2017-03-06,11.24,14.34,-3.0999999999999996,Contango
2017-03-07,11.45,14.41,-2.960000000000001,Contango
2017-03-08,11.86,14.54,-2.6799999999999997,Contango
2017-03-09,12.3,14.78,-2.4799999999999986,Contango
2017-03-10,11.66,14.38,-2.7200000000000006,Contango
2017-03-13,11.35,14.36,-3.01,Contango
2017-03-14,12.3,14.63,-2.33,Contango
2017-03-15,11.63,14.2,-2.5699999999999985,Contango
2017-03-16,11.21,13.78,-2.5699999999999985,Contango
2017-03-17,11.28,13.92,-2.6400000000000006,Contango
2017-03-20,11.34,13.9,-2.5600000000000005,Contango
2017-03-21,12.47,14.62,-2.1499999999999986,Contango
2017-03-22,12.81,14.68,-1.8699999999999992,Contango
2017-03-23,13.12,14.91,-1.790000000000001,Contango
2017-03-24,12.96,14.55,-1.5899999999999999,Contango
2017-03-27,12.5,14.23,-1.7300000000000004,Contango
2017-03-28,11.53,13.68,-2.1500000000000004,Contango
2017-03-29,11.42,13.43,-2.01,Contango
2017-03-30,11.54,13.37,-1.83,Contango
2017-03-31,12.37,13.6,-1.2300000000000004,Contango
2017-04-03,12.38,13.67,-1.2899999999999991,Contango
2017-04-04,11.79,13.37,-1.58,Contango
2017-04-05,12.89,14.12,-1.2299999999999986,Contango
2017-04-06,12.39,13.66,-1.2699999999999996,Contango
2017-04-07,12.87,14.06,-1.1900000000000013,Contango
2017-04-10,14.05,14.58,-0.5299999999999994,Contango
2017-04-11,15.07,15.16,-0.08999999999999986,Flat
2017-04-12,15.77,15.28,0.4900000000000002,Flat
2017-04-13,15.96,15.75,0.21000000000000085,Flat
2017-04-17,14.66,14.86,-0.1999999999999993,Flat
2017-04-18,14.42,14.76,-0.33999999999999986,Flat
2017-04-19,14.93,15.08,-0.15000000000000036,Flat
2017-04-20,14.15,14.53,-0.379999999999999,Flat
2017-04-21,14.63,14.75,-0.11999999999999922,Flat
2017-04-24,10.84,12.9,-2.0600000000000005,Contango
2017-04-25,10.76,12.85,-2.09,Contango
2017-04-26,10.85,12.98,-2.130000000000001,Contango
2017-04-27,10.36,12.8,-2.4400000000000013,Contango
2017-04-28,10.82,12.93,-2.1099999999999994,Contango
2017-05-01,10.11,12.63,-2.5200000000000014,Contango
2017-05-02,10.59,12.83,-2.24,Contango
2017-05-03,10.68,13.09,-2.41,Contango
2017-05-04,10.46,12.83,-2.369999999999999,Contango
2017-05-05,10.57,12.85,-2.2799999999999994,Contango
2017-05-08,9.77,12.59,-2.8200000000000003,Contango
2017-05-09,9.96,12.71,-2.75,Contango
2017-05-10,10.21,12.91,-2.6999999999999993,Contango
2017-05-11,10.6,13.01,-2.41,Contango
2017-05-12,10.4,12.97,-2.5700000000000003,Contango
2017-05-15,10.42,12.78,-2.3599999999999994,Contango
2017-05-16,10.65,12.65,-2.0,Contango
2017-05-17,15.59,15.6,-0.009999999999999787,Flat
2017-05-18,14.66,14.97,-0.3100000000000005,Flat
2017-05-19,12.04,13.49,-1.450000000000001,Contango
2017-05-22,10.93,12.96,-2.030000000000001,Contango
2017-05-23,10.72,12.9,-2.1799999999999997,Contango
2017-05-24,10.02,12.59,-2.5700000000000003,Contango
2017-05-25,9.99,12.51,-2.5199999999999996,Contango
2017-05-26,9.81,12.44,-2.629999999999999,Contango
2017-05-30,10.38,12.74,-2.3599999999999994,Contango
2017-05-31,10.41,12.63,-2.2200000000000006,Contango
2017-06-01,9.89,12.42,-2.5299999999999994,Contango
2017-06-02,9.75,12.46,-2.710000000000001,Contango
2017-06-05,10.07,12.85,-2.7799999999999994,Contango
2017-06-06,10.45,13.08,-2.630000000000001,Contango
2017-06-07,10.39,13.09,-2.6999999999999993,Contango
2017-06-08,10.16,12.76,-2.5999999999999996,Contango
2017-06-09,10.7,12.96,-2.2600000000000016,Contango
2017-06-12,11.46,13.3,-1.8399999999999999,Contango
2017-06-13,10.42,12.73,-2.3100000000000005,Contango
2017-06-14,10.64,12.77,-2.129999999999999,Contango
2017-06-15,10.9,12.91,-2.01,Contango
2017-06-16,10.38,12.71,-2.33,Contango
2017-06-19,10.37,12.4,-2.030000000000001,Contango
2017-06-20,10.86,12.69,-1.83,Contango
2017-06-21,10.75,12.76,-2.01,Contango
2017-06-22,10.48,12.62,-2.139999999999999,Contango
2017-06-23,10.02,12.36,-2.34,Contango
2017-06-26,9.9,12.27,-2.369999999999999,Contango
2017-06-27,11.06,12.96,-1.9000000000000004,Contango
2017-06-28,10.03,12.4,-2.370000000000001,Contango
2017-06-29,11.44,13.15,-1.7100000000000009,Contango
2017-06-30,11.18,13.14,-1.9600000000000009,Contango
2017-07-03,11.22,13.31,-2.09,Contango
2017-07-05,11.07,13.31,-2.24,Contango
2017-07-06,12.54,14.11,-1.5700000000000003,Contango
2017-07-07,11.19,13.52,-2.33,Contango
2017-07-10,11.11,13.35,-2.24,Contango
2017-07-11,10.89,13.16,-2.2699999999999996,Contango
2017-07-12,10.3,12.78,-2.4799999999999986,Contango
2017-07-13,9.9,12.55,-2.6500000000000004,Contango
2017-07-14,9.51,12.23,-2.7200000000000006,Contango
2017-07-17,9.82,12.28,-2.459999999999999,Contango
2017-07-18,9.89,12.25,-2.3599999999999994,Contango
2017-07-19,9.79,12.0,-2.210000000000001,Contango
2017-07-20,9.58,12.04,-2.459999999999999,Contango
2017-07-21,9.36,12.06,-2.700000000000001,Contango
2017-07-24,9.43,12.04,-2.6099999999999994,Contango
2017-07-25,9.43,12.05,-2.620000000000001,Contango
2017-07-26,9.6,12.11,-2.51,Contango
2017-07-27,10.11,12.42,-2.3100000000000005,Contango
2017-07-28,10.29,12.58,-2.290000000000001,Contango
2017-07-31,10.26,12.47,-2.210000000000001,Contango
2017-08-01,10.09,12.4,-2.3100000000000005,Contango
2017-08-02,10.28,12.56,-2.280000000000001,Contango
2017-08-03,10.44,12.74,-2.3000000000000007,Contango
2017-08-04,10.03,12.75,-2.7200000000000006,Contango
2017-08-07,9.93,12.66,-2.7300000000000004,Contango
2017-08-08,10.96,13.2,-2.2399999999999984,Contango
2017-08-09,11.11,13.49,-2.380000000000001,Contango
2017-08-10,16.04,16.21,-0.1700000000000017,Flat
2017-08-11,15.51,16.39,-0.8800000000000008,Contango
2017-08-14,12.33,13.92,-1.5899999999999999,Contango
2017-08-15,12.04,13.9,-1.8600000000000012,Contango
2017-08-16,11.74,13.58,-1.8399999999999999,Contango
2017-08-17,15.55,16.14,-0.5899999999999999,Contango
2017-08-18,14.26,15.65,-1.3900000000000006,Contango
2017-08-21,13.19,14.99,-1.8000000000000007,Contango
2017-08-22,11.35,13.63,-2.280000000000001,Contango
2017-08-23,12.25,14.33,-2.08,Contango
2017-08-24,12.23,14.39,-2.16,Contango
2017-08-25,11.28,13.99,-2.710000000000001,Contango
2017-08-28,11.32,13.99,-2.67,Contango
2017-08-29,11.7,14.12,-2.42,Contango
2017-08-30,11.22,14.14,-2.92,Contango
2017-08-31,10.59,13.8,-3.210000000000001,Contango
2017-09-01,10.13,13.59,-3.459999999999999,Contango
2017-09-05,12.23,14.58,-2.3499999999999996,Contango
2017-09-06,11.63,14.4,-2.7699999999999996,Contango
2017-09-07,11.55,14.32,-2.7699999999999996,Contango
2017-09-08,12.12,14.69,-2.5700000000000003,Contango
2017-09-11,10.73,13.86,-3.129999999999999,Contango
2017-09-12,10.58,13.56,-2.9800000000000004,Contango
2017-09-13,10.5,13.23,-2.7300000000000004,Contango
2017-09-14,10.44,13.16,-2.7200000000000006,Contango
2017-09-15,10.17,12.96,-2.790000000000001,Contango
2017-09-18,10.15,12.69,-2.539999999999999,Contango
2017-09-19,10.18,12.73,-2.5500000000000007,Contango
2017-09-20,9.78,12.66,-2.880000000000001,Contango
2017-09-21,9.67,12.66,-2.99,Contango
2017-09-22,9.59,12.85,-3.26,Contango
2017-09-25,10.21,13.06,-2.8499999999999996,Contango
2017-09-26,10.17,13.02,-2.8499999999999996,Contango
2017-09-27,9.87,12.91,-3.040000000000001,Contango
2017-09-28,9.55,12.76,-3.209999999999999,Contango
2017-09-29,9.51,12.49,-2.9800000000000004,Contango
2017-10-02,9.45,12.36,-2.91,Contango
2017-10-03,9.51,12.31,-2.8000000000000007,Contango
2017-10-04,9.63,12.38,-2.75,Contango
2017-10-05,9.19,12.18,-2.99,Contango
2017-10-06,9.65,12.44,-2.789999999999999,Contango
2017-10-09,10.33,12.73,-2.4000000000000004,Contango
2017-10-10,10.08,12.47,-2.3900000000000006,Contango
2017-10-11,9.85,12.24,-2.3900000000000006,Contango
2017-10-12,9.91,12.26,-2.3499999999999996,Contango
2017-10-13,9.61,11.98,-2.370000000000001,Contango
2017-10-16,9.91,11.94,-2.0299999999999994,Contango
2017-10-17,10.31,12.05,-1.7400000000000002,Contango
2017-10-18,10.07,11.92,-1.8499999999999996,Contango
2017-10-19,10.05,11.96,-1.9100000000000001,Contango
2017-10-20,9.97,11.85,-1.879999999999999,Contango
2017-10-23,11.07,12.55,-1.4800000000000004,Contango
2017-10-24,11.16,12.67,-1.5099999999999998,Contango
2017-10-25,11.23,12.95,-1.7199999999999989,Contango
2017-10-26,11.3,12.93,-1.629999999999999,Contango
2017-10-27,9.8,12.23,-2.4299999999999997,Contango
2017-10-30,10.5,12.57,-2.0700000000000003,Contango
2017-10-31,10.18,12.38,-2.200000000000001,Contango
2017-11-01,10.2,12.57,-2.370000000000001,Contango
2017-11-02,9.93,12.68,-2.75,Contango
2017-11-03,9.14,12.42,-3.2799999999999994,Contango
2017-11-06,9.4,12.57,-3.17,Contango
2017-11-07,9.89,12.76,-2.869999999999999,Contango
2017-11-08,9.78,12.88,-3.1000000000000014,Contango
2017-11-09,10.5,13.14,-2.6400000000000006,Contango
2017-11-10,11.29,13.61,-2.3200000000000003,Contango
2017-11-13,11.5,13.75,-2.25,Contango
2017-11-14,11.59,13.93,-2.34,Contango
2017-11-15,13.13,14.66,-1.5299999999999994,Contango
2017-11-16,11.76,13.96,-2.200000000000001,Contango
2017-11-17,11.43,13.8,-2.370000000000001,Contango
2017-11-20,10.65,13.28,-2.629999999999999,Contango
2017-11-21,9.73,12.55,-2.8200000000000003,Contango
2017-11-22,9.88,12.44,-2.5599999999999987,Contango
2017-11-24,9.67,12.42,-2.75,Contango
2017-11-27,9.87,12.57,-2.700000000000001,Contango
2017-11-28,10.03,12.27,-2.24,Contango
2017-11-29,10.7,12.82,-2.120000000000001,Contango
2017-11-30,11.28,13.04,-1.7599999999999998,Contango
2017-12-01,11.43,13.28,-1.8499999999999996,Contango
2017-12-04,11.68,13.55,-1.870000000000001,Contango
2017-12-05,11.33,13.54,-2.209999999999999,Contango
2017-12-06,11.02,13.45,-2.4299999999999997,Contango
2017-12-07,10.16,12.93,-2.7699999999999996,Contango
2017-12-08,9.58,12.46,-2.880000000000001,Contango
2017-12-11,9.34,12.28,-2.9399999999999995,Contango
2017-12-12,9.92,12.48,-2.5600000000000005,Contango
2017-12-13,10.18,12.5,-2.3200000000000003,Contango
2017-12-14,10.49,12.8,-2.3100000000000005,Contango
2017-12-15,9.42,12.08,-2.66,Contango
2017-12-18,9.53,12.07,-2.540000000000001,Contango
2017-12-19,10.03,12.51,-2.4800000000000004,Contango
2017-12-20,9.72,12.37,-2.6499999999999986,Contango
2017-12-21,9.62,12.35,-2.7300000000000004,Contango
2017-12-22,9.9,12.49,-2.59,Contango
2017-12-26,10.25,12.62,-2.369999999999999,Contango
2017-12-27,10.47,12.65,-2.1799999999999997,Contango
2017-12-28,10.18,12.76,-2.58,Contango
2017-12-29,11.04,13.09,-2.0500000000000007,Contango
2018-01-02,9.77,12.61,-2.84,Contango
2018-01-03,9.15,12.32,-3.17,Contango
2018-01-04,9.22,12.24,-3.0199999999999996,Contango
2018-01-05,9.22,12.06,-2.84,Contango
2018-01-08,9.52,12.15,-2.630000000000001,Contango
2018-01-09,10.08,12.41,-2.33,Contango
2018-01-10,9.82,12.36,-2.539999999999999,Contango
2018-01-11,9.88,12.16,-2.2799999999999994,Contango
2018-01-12,10.16,12.2,-2.039999999999999,Contango
2018-01-16,11.66,13.23,-1.5700000000000003,Contango
2018-01-17,11.91,13.25,-1.3399999999999999,Contango
2018-01-18,12.22,13.58,-1.3599999999999994,Contango
2018-01-19,11.27,13.04,-1.7699999999999996,Contango
2018-01-22,11.03,12.99,-1.9600000000000009,Contango
2018-01-23,11.1,13.22,-2.120000000000001,Contango
2018-01-24,11.47,13.53,-2.0599999999999987,Contango
2018-01-25,11.58,13.68,-2.0999999999999996,Contango
2018-01-26,11.08,13.46,-2.380000000000001,Contango
2018-01-29,13.84,14.99,-1.1500000000000004,Contango
2018-01-30,14.79,15.83,-1.040000000000001,Contango
2018-01-31,13.54,14.9,-1.3600000000000012,Contango
2018-02-01,13.47,14.72,-1.25,Contango
2018-02-02,17.31,17.03,0.2799999999999976,Flat
2018-02-05,37.32,28.13,9.190000000000001,Backwardation
2018-02-06,29.98,23.75,6.23,Backwardation
2018-02-07,27.73,23.03,4.699999999999999,Backwardation
2018-02-08,33.46,27.33,6.130000000000003,Backwardation
2018-02-09,29.06,24.92,4.139999999999997,Backwardation
2018-02-12,25.61,22.86,2.75,Backwardation
2018-02-13,24.97,22.65,2.3200000000000003,Backwardation
2018-02-14,19.26,19.34,-0.0799999999999983,Flat
2018-02-15,19.13,19.08,0.05000000000000071,Flat
2018-02-16,19.46,19.17,0.28999999999999915,Flat
2018-02-20,20.6,20.01,0.5899999999999999,Backwardation
2018-02-21,20.02,20.03,-0.010000000000001563,Flat
2018-02-22,18.72,19.06,-0.33999999999999986,Flat
2018-02-23,16.49,17.5,-1.0100000000000016,Contango
2018-02-26,15.8,16.92,-1.120000000000001,Contango
2018-02-27,18.59,19.02,-0.4299999999999997,Flat
2018-02-28,19.85,19.89,-0.03999999999999915,Flat
2018-03-01,22.47,21.42,1.0499999999999972,Backwardation
2018-03-02,19.59,19.86,-0.2699999999999996,Flat
2018-03-05,18.73,19.21,-0.4800000000000004,Flat
2018-03-06,18.36,19.24,-0.879999999999999,Contango
2018-03-07,17.76,18.84,-1.0799999999999983,Contango
2018-03-08,16.54,18.18,-1.6400000000000006,Contango
2018-03-09,14.64,17.01,-2.370000000000001,Contango
2018-03-12,15.78,17.8,-2.0200000000000014,Contango
2018-03-13,16.35,18.05,-1.6999999999999993,Contango
2018-03-14,17.23,18.78,-1.5500000000000007,Contango
2018-03-15,16.59,18.21,-1.620000000000001,Contango
2018-03-16,15.8,17.74,-1.9399999999999977,Contango
2018-03-19,19.02,19.38,-0.35999999999999943,Flat
2018-03-20,18.2,18.88,-0.6799999999999997,Contango
2018-03-21,17.86,18.71,-0.8500000000000014,Contango
2018-03-22,23.34,21.66,1.6799999999999997,Backwardation
2018-03-23,24.87,22.79,2.080000000000002,Backwardation
2018-03-26,21.03,20.7,0.33000000000000185,Flat
2018-03-27,22.5,21.94,0.5599999999999987,Backwardation
2018-03-28,22.87,22.31,0.5600000000000023,Backwardation
2018-03-29,19.97,20.55,-0.5800000000000018,Contango
2018-04-02,23.62,22.57,1.0500000000000007,Backwardation
2018-04-03,21.1,21.02,0.08000000000000185,Flat
2018-04-04,20.06,20.42,-0.360000000000003,Flat
2018-04-05,18.94,19.61,-0.6699999999999982,Contango
2018-04-06,21.49,21.2,0.28999999999999915,Flat
2018-04-09,21.77,21.23,0.5399999999999991,Backwardation
2018-04-10,20.47,20.4,0.07000000000000028,Flat
2018-04-11,20.24,20.37,-0.13000000000000256,Flat
2018-04-12,18.49,19.28,-0.7900000000000027,Contango
2018-04-13,17.41,18.55,-1.1400000000000006,Contango
2018-04-16,16.56,17.82,-1.2600000000000016,Contango
2018-04-17,15.25,16.8,-1.5500000000000007,Contango
2018-04-18,15.6,16.8,-1.200000000000001,Contango
2018-04-19,15.96,17.12,-1.1600000000000001,Contango
2018-04-20,16.88,17.72,-0.8399999999999999,Contango
2018-04-23,16.34,17.35,-1.0100000000000016,Contango
2018-04-24,18.02,18.23,-0.21000000000000085,Flat
2018-04-25,17.84,18.23,-0.39000000000000057,Flat
2018-04-26,16.24,17.29,-1.0500000000000007,Contango
2018-04-27,15.41,17.08,-1.6699999999999982,Contango
2018-04-30,15.93,17.34,-1.4100000000000001,Contango
2018-05-01,15.49,16.91,-1.42,Contango
2018-05-02,15.97,17.26,-1.290000000000001,Contango
2018-05-03,15.9,17.03,-1.1300000000000008,Contango
2018-05-04,14.77,16.65,-1.879999999999999,Contango
2018-05-07,14.75,16.65,-1.8999999999999986,Contango
2018-05-08,14.71,16.48,-1.7699999999999996,Contango
2018-05-09,13.42,15.78,-2.3599999999999994,Contango
2018-05-10,13.23,15.24,-2.01,Contango
2018-05-11,12.65,14.82,-2.17,Contango
2018-05-14,12.93,14.53,-1.5999999999999996,Contango
2018-05-15,14.63,15.79,-1.1599999999999984,Contango
2018-05-16,13.42,15.14,-1.7200000000000006,Contango
2018-05-17,13.43,15.02,-1.5899999999999999,Contango
2018-05-18,13.42,15.19,-1.7699999999999996,Contango
2018-05-21,13.08,14.69,-1.6099999999999994,Contango
2018-05-22,13.22,14.88,-1.6600000000000001,Contango
2018-05-23,12.58,14.48,-1.9000000000000004,Contango
2018-05-24,12.53,14.43,-1.9000000000000004,Contango
2018-05-25,13.22,14.83,-1.6099999999999994,Contango
2018-05-29,17.02,17.13,-0.10999999999999943,Flat
2018-05-30,14.94,16.0,-1.0600000000000005,Contango
2018-05-31,15.43,16.33,-0.8999999999999986,Contango
2018-06-01,13.46,15.27,-1.8099999999999987,Contango
2018-06-04,12.74,14.9,-2.16,Contango
2018-06-05,12.4,14.72,-2.3200000000000003,Contango
2018-06-06,11.64,14.19,-2.549999999999999,Contango
2018-06-07,12.13,14.43,-2.299999999999999,Contango
2018-06-08,12.18,14.6,-2.42,Contango
2018-06-11,12.35,14.55,-2.200000000000001,Contango
2018-06-12,12.34,14.59,-2.25,Contango
2018-06-13,12.94,14.92,-1.9800000000000004,Contango
2018-06-14,12.12,14.4,-2.280000000000001,Contango
2018-06-15,11.98,14.42,-2.4399999999999995,Contango
2018-06-18,12.31,14.48,-2.17,Contango
2018-06-19,13.35,15.17,-1.8200000000000003,Contango
2018-06-20,12.79,14.79,-2.0,Contango
2018-06-21,14.64,15.87,-1.2299999999999986,Contango
2018-06-22,13.77,15.5,-1.7300000000000004,Contango
2018-06-25,17.33,17.52,-0.19000000000000128,Flat
2018-06-26,15.92,16.87,-0.9500000000000011,Contango
2018-06-27,17.91,18.05,-0.14000000000000057,Flat
2018-06-28,16.85,17.52,-0.6699999999999982,Contango
2018-06-29,16.09,17.14,-1.0500000000000007,Contango
2018-07-02,15.6,16.95,-1.3499999999999996,Contango
2018-07-03,16.14,17.35,-1.2100000000000009,Contango
2018-07-05,14.97,16.53,-1.5600000000000005,Contango
2018-07-06,13.37,15.71,-2.3400000000000016,Contango
2018-07-09,12.69,14.87,-2.1799999999999997,Contango
2018-07-10,12.64,14.71,-2.0700000000000003,Contango
2018-07-11,13.63,15.38,-1.75,Contango
2018-07-12,12.58,14.76,-2.1799999999999997,Contango
2018-07-13,12.18,14.54,-2.3599999999999994,Contango
2018-07-16,12.83,14.85,-2.0199999999999996,Contango
2018-07-17,12.06,14.4,-2.34,Contango
2018-07-18,12.1,14.39,-2.290000000000001,Contango
2018-07-19,12.87,14.97,-2.1000000000000014,Contango
2018-07-20,12.86,15.08,-2.2200000000000006,Contango
2018-07-23,12.62,14.86,-2.24,Contango
2018-07-24,12.41,14.7,-2.289999999999999,Contango
2018-07-25,12.29,14.55,-2.2600000000000016,Contango
2018-07-26,12.14,14.4,-2.26,Contango
2018-07-27,13.03,15.0,-1.9700000000000006,Contango
2018-07-30,14.26,15.66,-1.4000000000000004,Contango
2018-07-31,12.83,14.87,-2.039999999999999,Contango
2018-08-01,13.15,15.22,-2.0700000000000003,Contango
2018-08-02,12.19,14.76,-2.5700000000000003,Contango
2018-08-03,11.64,14.49,-2.8499999999999996,Contango
2018-08-06,11.27,14.23,-2.960000000000001,Contango
2018-08-07,10.93,13.93,-3.0,Contango
2018-08-08,10.85,13.96,-3.110000000000001,Contango
2018-08-09,11.27,14.13,-2.860000000000001,Contango
2018-08-10,13.16,15.22,-2.0600000000000005,Contango
2018-08-13,14.78,16.21,-1.4300000000000015,Contango
2018-08-14,13.31,15.35,-2.039999999999999,Contango
2018-08-15,14.64,16.19,-1.5500000000000007,Contango
2018-08-16,13.45,15.51,-2.0600000000000005,Contango
2018-08-17,12.64,15.17,-2.5299999999999994,Contango
2018-08-20,12.49,15.0,-2.51,Contango
2018-08-21,12.86,15.19,-2.33,Contango
2018-08-22,12.25,15.08,-2.83,Contango
2018-08-23,12.41,15.06,-2.6500000000000004,Contango
2018-08-24,11.99,14.82,-2.83,Contango
2018-08-27,12.16,14.79,-2.629999999999999,Contango
2018-08-28,12.5,15.11,-2.6099999999999994,Contango
2018-08-29,12.25,14.95,-2.6999999999999993,Contango
2018-08-30,13.53,15.54,-2.01,Contango
2018-08-31,12.86,15.15,-2.290000000000001,Contango
2018-09-04,13.16,15.45,-2.289999999999999,Contango
2018-09-05,13.91,15.92,-2.01,Contango
2018-09-06,14.65,16.34,-1.6899999999999995,Contango
2018-09-07,14.88,16.59,-1.709999999999999,Contango
2018-09-10,14.16,16.17,-2.0100000000000016,Contango
2018-09-11,13.22,15.54,-2.3199999999999985,Contango
2018-09-12,13.14,15.32,-2.1799999999999997,Contango
2018-09-13,12.37,14.77,-2.4000000000000004,Contango
2018-09-14,12.07,14.37,-2.299999999999999,Contango
2018-09-17,13.68,15.28,-1.5999999999999996,Contango
2018-09-18,12.79,15.04,-2.25,Contango
2018-09-19,11.75,14.65,-2.9000000000000004,Contango
2018-09-20,11.8,14.51,-2.709999999999999,Contango
2018-09-21,11.68,14.58,-2.9000000000000004,Contango
2018-09-24,12.2,14.77,-2.5700000000000003,Contango
2018-09-25,12.42,14.92,-2.5,Contango
2018-09-26,12.89,15.15,-2.26,Contango
2018-09-27,12.41,14.89,-2.4800000000000004,Contango
2018-09-28,12.12,14.77,-2.6500000000000004,Contango
2018-10-01,12.0,14.74,-2.74,Contango
2018-10-02,12.05,14.84,-2.789999999999999,Contango
2018-10-03,11.61,14.68,-3.0700000000000003,Contango
2018-10-04,14.22,15.84,-1.6199999999999992,Contango
2018-10-05,14.82,16.25,-1.4299999999999997,Contango
2018-10-08,15.69,16.51,-0.8200000000000021,Contango
2018-10-09,15.95,16.63,-0.6799999999999997,Contango
2018-10-10,22.96,20.7,2.2600000000000016,Backwardation
2018-10-11,24.98,21.56,3.4200000000000017,Backwardation
2018-10-12,21.31,19.84,1.4699999999999989,Backwardation
2018-10-15,21.3,20.29,1.0100000000000016,Backwardation
2018-10-16,17.62,17.96,-0.33999999999999986,Flat
2018-10-17,17.4,18.1,-0.7000000000000028,Contango
2018-10-18,20.06,19.86,0.1999999999999993,Flat
2018-10-19,19.89,19.84,0.05000000000000071,Flat
2018-10-22,19.64,19.82,-0.17999999999999972,Flat
2018-10-23,20.71,20.28,0.4299999999999997,Flat
2018-10-24,25.23,22.62,2.6099999999999994,Backwardation
2018-10-25,24.22,22.44,1.7799999999999976,Backwardation
2018-10-26,24.16,22.48,1.6799999999999997,Backwardation
2018-10-29,24.7,23.06,1.6400000000000006,Backwardation
2018-10-30,23.35,22.23,1.120000000000001,Backwardation
2018-10-31,21.23,21.15,0.08000000000000185,Flat
2018-11-01,19.34,20.07,-0.7300000000000004,Contango
2018-11-02,19.51,20.3,-0.7899999999999991,Contango
2018-11-05,19.96,20.2,-0.23999999999999844,Flat
2018-11-06,19.91,19.58,0.33000000000000185,Flat
2018-11-07,16.36,17.62,-1.2600000000000016,Contango
2018-11-08,16.72,17.68,-0.9600000000000009,Contango
2018-11-09,17.36,18.46,-1.1000000000000014,Contango
2018-11-12,20.45,20.23,0.21999999999999886,Flat
2018-11-13,20.02,20.27,-0.25,Flat
2018-11-14,21.25,21.22,0.030000000000001137,Flat
2018-11-15,19.98,20.31,-0.3299999999999983,Flat
2018-11-16,18.14,19.35,-1.2100000000000009,Contango
2018-11-19,20.1,20.64,-0.5399999999999991,Contango
2018-11-20,22.48,22.27,0.21000000000000085,Flat
2018-11-21,20.8,21.32,-0.5199999999999996,Contango
2018-11-23,21.52,21.75,-0.23000000000000043,Flat
2018-11-26,18.9,20.11,-1.2100000000000009,Contango
2018-11-27,19.02,19.94,-0.9200000000000017,Contango
2018-11-28,18.49,19.28,-0.7900000000000027,Contango
2018-11-29,18.79,19.59,-0.8000000000000007,Contango
2018-11-30,18.07,18.89,-0.8200000000000003,Contango
2018-12-03,16.44,17.95,-1.509999999999998,Contango
2018-12-04,20.74,20.75,-0.010000000000001563,Flat
2018-12-06,21.19,21.06,0.13000000000000256,Flat
2018-12-07,23.23,22.44,0.7899999999999991,Backwardation
2018-12-10,22.64,22.01,0.629999999999999,Backwardation
2018-12-11,21.76,21.72,0.0400000000000027,Flat
2018-12-12,21.46,21.59,-0.129999999999999,Flat
2018-12-13,20.65,21.35,-0.7000000000000028,Contango
2018-12-14,21.63,21.96,-0.33000000000000185,Flat
2018-12-17,24.52,23.41,1.1099999999999994,Backwardation
2018-12-18,25.58,23.9,1.6799999999999997,Backwardation
2018-12-19,25.58,24.02,1.5599999999999987,Backwardation
2018-12-20,28.38,25.24,3.1400000000000006,Backwardation
2018-12-21,30.11,26.23,3.879999999999999,Backwardation
2018-12-24,36.07,28.84,7.23,Backwardation
2018-12-26,30.41,25.69,4.719999999999999,Backwardation
2018-12-27,29.96,25.89,4.07,Backwardation
2018-12-28,28.34,25.32,3.0199999999999996,Backwardation
2018-12-31,25.42,23.73,1.6900000000000013,Backwardation
2019-01-02,23.22,22.75,0.46999999999999886,Flat
2019-01-03,25.45,24.11,1.3399999999999999,Backwardation
2019-01-04,21.38,21.86,-0.4800000000000004,Flat
2019-01-07,21.4,21.62,-0.22000000000000242,Flat
2019-01-08,20.47,21.14,-0.6700000000000017,Contango
2019-01-09,19.98,20.69,-0.7100000000000009,Contango
2019-01-10,19.5,20.52,-1.0199999999999996,Contango
2019-01-11,18.19,19.74,-1.5499999999999972,Contango
2019-01-14,19.07,19.93,-0.8599999999999994,Contango
2019-01-15,18.6,19.24,-0.639999999999997,Contango
2019-01-16,19.04,19.53,-0.490000000000002,Flat
2019-01-17,18.06,19.17,-1.110000000000003,Contango
2019-01-18,17.8,18.84,-1.0399999999999991,Contango
2019-01-22,20.8,20.69,0.10999999999999943,Flat
2019-01-23,19.52,20.08,-0.5599999999999987,Contango
2019-01-24,18.89,19.67,-0.7800000000000011,Contango
2019-01-25,17.42,18.82,-1.3999999999999986,Contango
2019-01-28,18.87,19.58,-0.7099999999999973,Contango
2019-01-29,19.13,19.6,-0.4700000000000024,Flat
2019-01-30,17.66,18.68,-1.0199999999999996,Contango
2019-01-31,16.57,17.88,-1.3099999999999987,Contango
2019-02-01,16.14,17.59,-1.4499999999999993,Contango
2019-02-04,15.73,17.19,-1.4600000000000009,Contango
2019-02-05,15.57,17.07,-1.5,Contango
2019-02-06,15.38,16.9,-1.5199999999999978,Contango
2019-02-07,16.37,17.52,-1.1499999999999986,Contango
2019-02-08,15.72,17.26,-1.540000000000001,Contango
2019-02-11,15.97,17.22,-1.2499999999999982,Contango
2019-02-12,15.43,16.82,-1.3900000000000006,Contango
2019-02-13,15.65,16.96,-1.3100000000000005,Contango
2019-02-14,16.22,17.32,-1.1000000000000014,Contango
2019-02-15,14.91,16.48,-1.5700000000000003,Contango
2019-02-19,14.88,16.45,-1.5699999999999985,Contango
2019-02-20,14.02,15.82,-1.8000000000000007,Contango
2019-02-21,14.46,16.16,-1.6999999999999993,Contango
2019-02-22,13.51,15.46,-1.950000000000001,Contango
2019-02-25,14.85,16.0,-1.1500000000000004,Contango
2019-02-26,15.17,16.3,-1.1300000000000008,Contango
2019-02-27,14.7,15.99,-1.290000000000001,Contango
2019-02-28,14.78,16.1,-1.320000000000002,Contango
2019-03-01,13.57,15.38,-1.8100000000000005,Contango
2019-03-04,14.63,16.03,-1.4000000000000004,Contango
2019-03-05,14.74,16.15,-1.4099999999999984,Contango
2019-03-06,15.74,16.74,-0.9999999999999982,Contango
2019-03-07,16.59,17.3,-0.7100000000000009,Contango
2019-03-08,16.05,17.11,-1.0599999999999987,Contango
2019-03-11,14.33,16.01,-1.6800000000000015,Contango
2019-03-12,13.77,15.65,-1.8800000000000008,Contango
2019-03-13,13.41,15.33,-1.92,Contango
2019-03-14,13.5,15.3,-1.8000000000000007,Contango
2019-03-15,12.88,14.98,-2.0999999999999996,Contango
2019-03-18,13.1,15.24,-2.1400000000000006,Contango
2019-03-19,13.56,15.56,-2.0,Contango
2019-03-20,13.91,15.79,-1.879999999999999,Contango
2019-03-21,13.63,15.51,-1.879999999999999,Contango
2019-03-22,16.48,17.37,-0.8900000000000006,Contango
2019-03-25,16.33,17.45,-1.120000000000001,Contango
2019-03-26,14.68,16.45,-1.7699999999999996,Contango
2019-03-27,15.15,16.78,-1.6300000000000008,Contango
2019-03-28,14.43,16.3,-1.870000000000001,Contango
2019-03-29,13.71,15.8,-2.09,Contango
2019-04-01,13.4,15.46,-2.0600000000000005,Contango
2019-04-02,13.36,15.54,-2.1799999999999997,Contango
2019-04-03,13.74,15.63,-1.8900000000000006,Contango
2019-04-04,13.58,15.48,-1.9000000000000004,Contango
2019-04-05,12.82,15.06,-2.24,Contango
2019-04-08,13.18,15.28,-2.0999999999999996,Contango
2019-04-09,14.28,15.99,-1.7100000000000009,Contango
2019-04-10,13.3,15.38,-2.08,Contango
2019-04-11,13.02,15.25,-2.2300000000000004,Contango
2019-04-12,12.01,14.46,-2.450000000000001,Contango
2019-04-15,12.32,14.53,-2.209999999999999,Contango
2019-04-16,12.18,14.47,-2.290000000000001,Contango
2019-04-17,12.6,14.82,-2.2200000000000006,Contango
2019-04-18,12.09,14.57,-2.4800000000000004,Contango
2019-04-22,12.42,14.72,-2.3000000000000007,Contango
2019-04-23,12.28,14.54,-2.26,Contango
2019-04-24,13.14,15.04,-1.8999999999999986,Contango
2019-04-25,13.25,15.21,-1.9600000000000009,Contango
2019-04-26,12.73,14.89,-2.16,Contango
2019-04-29,13.11,15.23,-2.120000000000001,Contango
2019-04-30,13.12,15.23,-2.110000000000001,Contango
2019-05-01,14.8,16.19,-1.3900000000000006,Contango
2019-05-02,14.42,16.03,-1.6100000000000012,Contango
2019-05-03,12.87,15.07,-2.200000000000001,Contango
2019-05-06,15.44,16.4,-0.9599999999999991,Contango
2019-05-07,19.32,18.78,0.5399999999999991,Backwardation
2019-05-08,19.4,18.75,0.6499999999999986,Backwardation
2019-05-09,19.1,18.44,0.6600000000000001,Backwardation
2019-05-10,16.04,16.9,-0.8599999999999994,Contango
2019-05-13,20.55,19.79,0.7600000000000016,Backwardation
2019-05-14,18.06,18.29,-0.23000000000000043,Flat
2019-05-15,16.44,17.49,-1.0499999999999972,Contango
2019-05-16,15.29,16.74,-1.4499999999999993,Contango
2019-05-17,15.96,17.06,-1.0999999999999979,Contango
2019-05-20,16.31,17.29,-0.9800000000000004,Contango
2019-05-21,14.95,16.42,-1.4700000000000024,Contango
2019-05-22,14.75,16.42,-1.6700000000000017,Contango
2019-05-23,16.92,17.69,-0.7699999999999996,Contango
2019-05-24,15.85,17.09,-1.2400000000000002,Contango
2019-05-28,17.5,17.9,-0.3999999999999986,Flat
2019-05-29,17.9,18.24,-0.33999999999999986,Flat
2019-05-30,17.3,17.96,-0.6600000000000001,Contango
2019-05-31,18.71,18.83,-0.11999999999999744,Flat
2019-06-03,18.86,18.77,0.08999999999999986,Flat
2019-06-04,16.97,17.59,-0.620000000000001,Contango
2019-06-05,16.09,17.13,-1.0399999999999991,Contango
2019-06-06,15.93,16.92,-0.990000000000002,Contango
2019-06-07,16.3,17.15,-0.8499999999999979,Contango
2019-06-10,15.94,16.88,-0.9399999999999995,Contango
2019-06-11,15.99,16.99,-0.9999999999999982,Contango
2019-06-12,15.91,17.05,-1.1400000000000006,Contango
2019-06-13,15.82,16.86,-1.0399999999999991,Contango
2019-06-14,15.28,16.6,-1.320000000000002,Contango
2019-06-17,15.35,16.61,-1.2599999999999998,Contango
2019-06-18,15.15,16.5,-1.3499999999999996,Contango
2019-06-19,14.33,16.1,-1.7700000000000014,Contango
2019-06-20,14.75,16.14,-1.3900000000000006,Contango
2019-06-21,15.4,16.67,-1.2700000000000014,Contango
2019-06-24,15.26,16.47,-1.209999999999999,Contango
2019-06-25,16.28,17.12,-0.8399999999999999,Contango
2019-06-26,16.21,17.05,-0.8399999999999999,Contango
2019-06-27,15.82,16.76,-0.9400000000000013,Contango
2019-06-28,15.08,16.06,-0.9799999999999986,Contango
2019-07-01,14.06,15.43,-1.3699999999999992,Contango
2019-07-02,12.93,14.72,-1.790000000000001,Contango
2019-07-03,12.57,14.53,-1.959999999999999,Contango
2019-07-05,13.28,14.98,-1.700000000000001,Contango
2019-07-08,13.96,15.48,-1.5199999999999996,Contango
2019-07-09,14.09,15.57,-1.4800000000000004,Contango
2019-07-10,13.03,15.19,-2.16,Contango
2019-07-11,12.93,14.98,-2.0500000000000007,Contango
2019-07-12,12.39,14.8,-2.41,Contango
2019-07-15,12.68,15.04,-2.3599999999999994,Contango
2019-07-16,12.86,15.22,-2.360000000000001,Contango
2019-07-17,13.97,15.82,-1.8499999999999996,Contango
2019-07-18,13.53,15.54,-2.01,Contango
2019-07-19,14.45,15.93,-1.4800000000000004,Contango
2019-07-22,13.53,15.47,-1.9400000000000013,Contango
2019-07-23,12.61,14.93,-2.3200000000000003,Contango
2019-07-24,12.07,14.56,-2.49,Contango
2019-07-25,12.74,15.05,-2.3100000000000005,Contango
2019-07-26,12.16,14.69,-2.5299999999999994,Contango
2019-07-29,12.83,15.0,-2.17,Contango
2019-07-30,13.94,15.7,-1.7599999999999998,Contango
2019-07-31,16.12,16.91,-0.7899999999999991,Contango
2019-08-01,17.87,17.99,-0.11999999999999744,Flat
2019-08-02,17.61,17.89,-0.28000000000000114,Flat
2019-08-05,24.59,21.9,2.6900000000000013,Backwardation
2019-08-06,20.17,19.69,0.4800000000000004,Flat
2019-08-07,19.49,19.5,-0.010000000000001563,Flat
2019-08-08,16.91,17.86,-0.9499999999999993,Contango
2019-08-09,17.97,18.56,-0.5899999999999999,Contango
2019-08-12,21.09,20.5,0.5899999999999999,Backwardation
2019-08-13,17.52,18.53,-1.0100000000000016,Contango
2019-08-14,22.1,21.3,0.8000000000000007,Backwardation
2019-08-15,21.18,21.07,0.10999999999999943,Flat
2019-08-16,18.47,19.7,-1.2300000000000004,Contango
2019-08-19,16.88,18.36,-1.4800000000000004,Contango
2019-08-20,17.5,18.87,-1.370000000000001,Contango
2019-08-21,15.8,17.72,-1.9199999999999982,Contango
2019-08-22,16.68,18.23,-1.5500000000000007,Contango
2019-08-23,19.87,20.36,-0.48999999999999844,Flat
2019-08-26,19.32,19.82,-0.5,Flat
2019-08-27,20.31,20.64,-0.33000000000000185,Flat
2019-08-28,19.35,20.05,-0.6999999999999993,Contango
2019-08-29,17.88,19.03,-1.1500000000000021,Contango
2019-08-30,18.98,19.54,-0.5599999999999987,Contango
2019-09-03,19.66,20.12,-0.46000000000000085,Flat
2019-09-04,17.33,18.81,-1.4800000000000004,Contango
2019-09-05,16.27,18.08,-1.8099999999999987,Contango
2019-09-06,15.0,17.46,-2.460000000000001,Contango
2019-09-09,15.27,17.55,-2.280000000000001,Contango
2019-09-10,15.2,17.41,-2.210000000000001,Contango
2019-09-11,14.61,17.1,-2.490000000000002,Contango
2019-09-12,14.22,16.81,-2.589999999999998,Contango
2019-09-13,13.74,16.67,-2.9300000000000015,Contango
2019-09-16,14.67,17.2,-2.5299999999999994,Contango
2019-09-17,14.44,17.23,-2.790000000000001,Contango
2019-09-18,13.95,16.86,-2.91,Contango
2019-09-19,14.05,16.79,-2.7399999999999984,Contango
2019-09-20,15.32,17.71,-2.3900000000000006,Contango
2019-09-23,14.91,17.87,-2.960000000000001,Contango
2019-09-24,17.05,18.55,-1.5,Contango
2019-09-25,15.96,18.0,-2.039999999999999,Contango
2019-09-26,16.07,18.12,-2.0500000000000007,Contango
2019-09-27,17.22,18.75,-1.5300000000000011,Contango
2019-09-30,16.24,17.96,-1.7200000000000024,Contango
2019-10-01,18.56,19.35,-0.7900000000000027,Contango
2019-10-02,20.56,20.74,-0.17999999999999972,Flat
2019-10-03,19.12,19.78,-0.6600000000000001,Contango
2019-10-04,17.04,18.59,-1.5500000000000007,Contango
2019-10-07,17.86,18.91,-1.0500000000000007,Contango
2019-10-08,20.28,20.39,-0.10999999999999943,Flat
2019-10-09,18.64,19.51,-0.870000000000001,Contango
2019-10-10,17.57,18.79,-1.2199999999999989,Contango
2019-10-11,15.58,17.55,-1.9700000000000006,Contango
2019-10-14,14.57,17.12,-2.5500000000000007,Contango
2019-10-15,13.54,16.48,-2.9400000000000013,Contango
2019-10-16,13.68,16.48,-2.8000000000000007,Contango
2019-10-17,13.79,16.44,-2.650000000000002,Contango
2019-10-18,14.25,16.65,-2.3999999999999986,Contango
2019-10-21,14.0,16.28,-2.280000000000001,Contango
2019-10-22,14.46,16.55,-2.09,Contango
2019-10-23,14.01,16.29,-2.2799999999999994,Contango
2019-10-24,13.71,16.25,-2.539999999999999,Contango
2019-10-25,12.65,15.71,-3.0600000000000005,Contango
2019-10-28,13.11,15.99,-2.880000000000001,Contango
2019-10-29,13.2,16.09,-2.8900000000000006,Contango
2019-10-30,12.33,15.69,-3.3599999999999994,Contango
2019-10-31,13.22,16.05,-2.83,Contango
2019-11-01,12.3,15.42,-3.119999999999999,Contango
2019-11-04,12.83,15.62,-2.789999999999999,Contango
2019-11-05,13.1,15.91,-2.8100000000000005,Contango
2019-11-06,12.62,15.83,-3.210000000000001,Contango
2019-11-07,12.73,15.8,-3.0700000000000003,Contango
2019-11-08,12.07,15.53,-3.459999999999999,Contango
2019-11-11,12.69,15.6,-2.91,Contango
2019-11-12,12.68,15.49,-2.8100000000000005,Contango
2019-11-13,13.0,15.62,-2.619999999999999,Contango
2019-11-14,13.05,15.6,-2.549999999999999,Contango
2019-11-15,12.05,14.99,-2.9399999999999995,Contango
2019-11-18,12.46,15.17,-2.709999999999999,Contango
2019-11-19,12.86,15.5,-2.6400000000000006,Contango
2019-11-20,12.78,15.64,-2.860000000000001,Contango
2019-11-21,13.13,15.82,-2.6899999999999995,Contango
2019-11-22,12.34,15.4,-3.0600000000000005,Contango
2019-11-25,11.87,14.99,-3.120000000000001,Contango
2019-11-26,11.54,14.85,-3.3100000000000005,Contango
2019-11-27,11.75,14.96,-3.210000000000001,Contango
2019-11-29,12.62,15.51,-2.8900000000000006,Contango
2019-12-02,14.91,16.84,-1.9299999999999997,Contango
2019-12-03,15.96,17.63,-1.6699999999999982,Contango
2019-12-04,14.8,16.98,-2.1799999999999997,Contango
2019-12-05,14.52,16.78,-2.2600000000000016,Contango
2019-12-06,13.62,16.21,-2.5900000000000016,Contango
2019-12-09,15.86,17.3,-1.4400000000000013,Contango
2019-12-10,15.68,17.13,-1.4499999999999993,Contango
2019-12-11,14.99,16.91,-1.92,Contango
2019-12-12,13.94,16.09,-2.1500000000000004,Contango
2019-12-13,12.63,15.28,-2.6499999999999986,Contango
2019-12-16,12.14,14.98,-2.84,Contango
2019-12-17,12.29,15.15,-2.860000000000001,Contango
2019-12-18,12.58,15.2,-2.619999999999999,Contango
2019-12-19,12.5,15.14,-2.6400000000000006,Contango
2019-12-20,12.51,15.32,-2.8100000000000005,Contango
2019-12-23,12.61,15.5,-2.8900000000000006,Contango
2019-12-24,12.67,15.52,-2.8499999999999996,Contango
2019-12-26,12.65,15.52,-2.869999999999999,Contango
2019-12-27,13.43,15.95,-2.5199999999999996,Contango
2019-12-30,14.82,16.68,-1.8599999999999994,Contango
2019-12-31,13.78,15.87,-2.09,Contango
2020-01-02,12.47,15.19,-2.719999999999999,Contango
2020-01-03,14.02,16.01,-1.990000000000002,Contango
2020-01-06,13.85,15.92,-2.0700000000000003,Contango
2020-01-07,13.79,15.86,-2.0700000000000003,Contango
2020-01-08,13.45,15.4,-1.950000000000001,Contango
2020-01-09,12.54,14.95,-2.41,Contango
2020-01-10,12.56,14.95,-2.389999999999999,Contango
2020-01-13,12.32,14.64,-2.3200000000000003,Contango
2020-01-14,12.39,14.64,-2.25,Contango
2020-01-15,12.42,14.63,-2.210000000000001,Contango
2020-01-16,12.32,14.45,-2.129999999999999,Contango
2020-01-17,12.1,14.41,-2.3100000000000005,Contango
2020-01-21,12.85,14.87,-2.0199999999999996,Contango
2020-01-22,12.91,14.98,-2.0700000000000003,Contango
2020-01-23,12.98,14.99,-2.01,Contango
2020-01-24,14.56,16.07,-1.5099999999999998,Contango
2020-01-27,18.23,18.16,0.07000000000000028,Flat
2020-01-28,16.28,17.03,-0.75,Contango
2020-01-29,16.39,17.03,-0.6400000000000006,Contango
2020-01-30,15.49,16.59,-1.0999999999999996,Contango
2020-01-31,18.84,18.63,0.21000000000000085,Flat
2020-02-03,17.97,18.04,-0.07000000000000028,Flat
2020-02-04,16.05,16.7,-0.6499999999999986,Contango
2020-02-05,15.15,16.11,-0.9599999999999991,Contango
2020-02-06,14.96,15.89,-0.9299999999999997,Contango
2020-02-07,15.47,16.29,-0.8199999999999985,Contango
2020-02-10,15.04,16.13,-1.0899999999999999,Contango
2020-02-11,15.18,16.14,-0.9600000000000009,Contango
2020-02-12,13.74,15.36,-1.6199999999999992,Contango
2020-02-13,14.15,15.68,-1.5299999999999994,Contango
2020-02-14,13.68,15.5,-1.8200000000000003,Contango
2020-02-18,14.83,16.1,-1.2700000000000014,Contango
2020-02-19,14.38,15.82,-1.4399999999999995,Contango
2020-02-20,15.56,16.6,-1.040000000000001,Contango
2020-02-21,17.08,17.61,-0.5300000000000011,Contango
2020-02-24,25.03,21.92,3.1099999999999994,Backwardation
2020-02-25,27.85,23.86,3.990000000000002,Backwardation
2020-02-26,27.56,23.7,3.8599999999999994,Backwardation
2020-02-27,39.16,29.92,9.239999999999995,Backwardation
2020-02-28,40.11,29.85,10.259999999999998,Backwardation
2020-03-02,33.42,27.7,5.720000000000002,Backwardation
2020-03-03,36.82,30.17,6.649999999999999,Backwardation
2020-03-04,31.99,27.51,4.479999999999997,Backwardation
2020-03-05,39.62,32.57,7.049999999999997,Backwardation
2020-03-06,41.94,35.46,6.479999999999997,Backwardation
2020-03-09,54.46,43.05,11.410000000000004,Backwardation
2020-03-10,47.3,39.44,7.859999999999999,Backwardation
2020-03-11,53.9,44.37,9.530000000000001,Backwardation
2020-03-12,75.47,57.24,18.229999999999997,Backwardation
2020-03-13,57.83,48.31,9.519999999999996,Backwardation
2020-03-16,82.69,67.7,14.989999999999995,Backwardation
2020-03-17,75.91,65.27,10.64,Backwardation
2020-03-18,76.45,72.98,3.469999999999999,Backwardation
2020-03-19,72.0,69.47,2.530000000000001,Backwardation
2020-03-20,66.04,65.59,0.45000000000000284,Flat
2020-03-23,61.59,56.64,4.950000000000003,Backwardation
2020-03-24,61.67,52.11,9.560000000000002,Backwardation
2020-03-25,63.95,53.85,10.100000000000001,Backwardation
2020-03-26,61.0,49.79,11.21,Backwardation
2020-03-27,65.54,55.75,9.790000000000006,Backwardation
2020-03-30,57.08,51.26,5.82,Backwardation
2020-03-31,53.54,48.32,5.219999999999999,Backwardation
2020-04-01,57.06,51.17,5.890000000000001,Backwardation
2020-04-02,50.91,47.3,3.6099999999999994,Backwardation
2020-04-03,46.8,44.84,1.9599999999999937,Backwardation
2020-04-06,45.24,43.09,2.1499999999999986,Backwardation
2020-04-07,46.7,43.42,3.280000000000001,Backwardation
2020-04-08,43.35,41.59,1.759999999999998,Backwardation
2020-04-09,41.67,40.61,1.0600000000000023,Backwardation
2020-04-13,41.17,39.97,1.2000000000000028,Backwardation
2020-04-14,37.76,36.46,1.2999999999999972,Backwardation
2020-04-15,40.84,39.28,1.5600000000000023,Backwardation
2020-04-16,40.11,39.21,0.8999999999999986,Backwardation
2020-04-17,38.15,37.28,0.8699999999999974,Backwardation
2020-04-20,43.83,40.97,2.8599999999999994,Backwardation
2020-04-21,45.41,43.28,2.1299999999999955,Backwardation
2020-04-22,41.98,40.92,1.0599999999999952,Backwardation
2020-04-23,41.38,40.86,0.5200000000000031,Backwardation
2020-04-24,35.93,37.81,-1.8800000000000026,Contango
2020-04-27,33.29,35.33,-2.039999999999999,Contango
2020-04-28,33.57,35.37,-1.7999999999999972,Contango
2020-04-29,31.23,33.33,-2.099999999999998,Contango
2020-04-30,34.15,35.05,-0.8999999999999986,Contango
2020-05-01,37.19,37.97,-0.7800000000000011,Contango
2020-05-04,35.97,37.0,-1.0300000000000011,Contango
2020-05-05,33.61,35.52,-1.9100000000000037,Contango
2020-05-06,34.12,35.68,-1.5600000000000023,Contango
2020-05-07,31.44,34.01,-2.5699999999999967,Contango
2020-05-08,27.98,31.64,-3.66,Contango
2020-05-11,27.57,30.39,-2.8200000000000003,Contango
2020-05-12,33.04,34.26,-1.2199999999999989,Contango
2020-05-13,35.28,36.51,-1.2299999999999969,Contango
2020-05-14,32.61,34.9,-2.289999999999999,Contango
2020-05-15,31.89,34.51,-2.6199999999999974,Contango
2020-05-18,29.3,31.77,-2.469999999999999,Contango
2020-05-19,30.53,32.81,-2.280000000000001,Contango
2020-05-20,27.99,31.11,-3.120000000000001,Contango
2020-05-21,29.53,32.38,-2.8500000000000014,Contango
2020-05-22,28.16,31.54,-3.379999999999999,Contango
2020-05-26,28.01,30.85,-2.84,Contango
2020-05-27,27.62,30.19,-2.5700000000000003,Contango
2020-05-28,28.59,31.21,-2.620000000000001,Contango
2020-05-29,27.51,30.27,-2.759999999999998,Contango
2020-06-01,28.23,30.92,-2.6900000000000013,Contango
2020-06-02,26.84,29.93,-3.09,Contango
2020-06-03,25.66,28.91,-3.25,Contango
2020-06-04,25.81,28.85,-3.0400000000000027,Contango
2020-06-05,24.52,27.42,-2.900000000000002,Contango
2020-06-08,25.81,28.08,-2.2699999999999996,Contango
2020-06-09,27.57,29.67,-2.1000000000000014,Contango
2020-06-10,27.57,29.57,-2.0,Contango
2020-06-11,40.79,40.43,0.35999999999999943,Flat
2020-06-12,36.09,38.05,-1.9599999999999937,Contango
2020-06-15,34.4,36.43,-2.030000000000001,Contango
2020-06-16,33.67,35.8,-2.1299999999999955,Contango
2020-06-17,33.47,35.72,-2.25,Contango
2020-06-18,32.94,35.14,-2.200000000000003,Contango
2020-06-19,35.12,36.68,-1.5600000000000023,Contango
2020-06-22,31.77,33.75,-1.9800000000000004,Contango
2020-06-23,31.37,33.06,-1.6900000000000013,Contango
2020-06-24,33.84,35.39,-1.5499999999999972,Contango
2020-06-25,32.22,34.09,-1.8700000000000045,Contango
2020-06-26,34.73,35.8,-1.0700000000000003,Contango
2020-06-29,31.78,33.91,-2.1299999999999955,Contango
2020-06-30,30.43,32.52,-2.0900000000000034,Contango
2020-07-01,28.62,31.68,-3.0599999999999987,Contango
2020-07-02,27.68,30.87,-3.1900000000000013,Contango
2020-07-06,27.94,30.98,-3.039999999999999,Contango
2020-07-07,29.43,32.07,-2.6400000000000006,Contango
2020-07-08,28.08,31.19,-3.110000000000003,Contango
2020-07-09,29.26,32.06,-2.8000000000000007,Contango
2020-07-10,27.29,31.02,-3.7300000000000004,Contango
2020-07-13,32.19,34.54,-2.3500000000000014,Contango
2020-07-14,29.52,32.56,-3.0400000000000027,Contango
2020-07-15,27.76,31.56,-3.799999999999997,Contango
2020-07-16,28.0,31.55,-3.5500000000000007,Contango
2020-07-17,25.68,30.37,-4.690000000000001,Contango
2020-07-20,24.46,29.1,-4.640000000000001,Contango
2020-07-21,24.84,29.47,-4.629999999999999,Contango
2020-07-22,24.32,29.05,-4.73,Contango
2020-07-23,26.08,30.25,-4.170000000000002,Contango
2020-07-24,25.84,30.56,-4.719999999999999,Contango
2020-07-27,24.74,30.0,-5.260000000000002,Contango
2020-07-28,25.44,30.1,-4.66,Contango
2020-07-29,24.1,29.29,-5.189999999999998,Contango
2020-07-30,24.76,29.76,-5.0,Contango
2020-07-31,24.46,29.71,-5.25,Contango
2020-08-03,24.28,29.66,-5.379999999999999,Contango
2020-08-04,23.76,29.09,-5.329999999999998,Contango
2020-08-05,22.99,28.6,-5.610000000000003,Contango
2020-08-06,22.65,28.2,-5.550000000000001,Contango
2020-08-07,22.21,28.28,-6.07,Contango
2020-08-10,22.13,28.05,-5.920000000000002,Contango
2020-08-11,24.03,29.17,-5.140000000000001,Contango
2020-08-12,22.28,28.12,-5.84,Contango
2020-08-13,22.13,28.17,-6.040000000000003,Contango
2020-08-14,22.05,28.37,-6.32,Contango
2020-08-17,21.35,27.45,-6.099999999999998,Contango
2020-08-18,21.51,27.35,-5.84,Contango
2020-08-19,22.54,28.11,-5.57,Contango
2020-08-20,22.72,28.13,-5.41,Contango
2020-08-21,22.54,28.17,-5.630000000000003,Contango
2020-08-24,22.37,28.1,-5.73,Contango
2020-08-25,22.03,27.91,-5.879999999999999,Contango
2020-08-26,23.27,28.7,-5.43,Contango
2020-08-27,24.47,29.93,-5.460000000000001,Contango
2020-08-28,22.96,29.62,-6.66,Contango
2020-08-31,26.41,31.85,-5.440000000000001,Contango
2020-09-01,26.12,32.1,-5.98,Contango
2020-09-02,26.57,32.67,-6.100000000000001,Contango
2020-09-03,33.6,37.63,-4.030000000000001,Contango
2020-09-04,30.75,34.75,-4.0,Contango
2020-09-08,31.46,34.31,-2.8500000000000014,Contango
2020-09-09,28.81,32.12,-3.3099999999999987,Contango
2020-09-10,29.71,32.92,-3.210000000000001,Contango
2020-09-11,26.87,31.13,-4.259999999999998,Contango
2020-09-14,25.85,30.48,-4.629999999999999,Contango
2020-09-15,25.59,30.27,-4.68,Contango
2020-09-16,26.04,30.57,-4.530000000000001,Contango
2020-09-17,26.46,30.75,-4.289999999999999,Contango
2020-09-18,25.83,30.46,-4.630000000000003,Contango
2020-09-21,27.78,31.64,-3.8599999999999994,Contango
2020-09-22,26.86,31.67,-4.810000000000002,Contango
2020-09-23,28.58,33.28,-4.700000000000003,Contango
2020-09-24,28.51,33.06,-4.550000000000001,Contango
2020-09-25,26.38,32.03,-5.650000000000002,Contango
2020-09-28,26.19,31.74,-5.549999999999997,Contango
2020-09-29,26.27,31.09,-4.82,Contango
2020-09-30,26.37,31.64,-5.27,Contango
2020-10-01,26.7,31.72,-5.02,Contango
2020-10-02,27.63,32.39,-4.760000000000002,Contango
2020-10-05,27.96,31.28,-3.3200000000000003,Contango
2020-10-06,29.48,31.88,-2.3999999999999986,Contango
2020-10-07,28.06,30.7,-2.6400000000000006,Contango
2020-10-08,26.36,29.49,-3.129999999999999,Contango
2020-10-09,25.0,28.28,-3.280000000000001,Contango
2020-10-12,25.07,27.98,-2.91,Contango
2020-10-13,26.07,28.35,-2.280000000000001,Contango
2020-10-14,26.4,28.24,-1.8399999999999999,Contango
2020-10-15,26.97,28.72,-1.75,Contango
2020-10-16,27.41,29.21,-1.8000000000000007,Contango
2020-10-19,29.18,30.4,-1.2199999999999989,Contango
2020-10-20,29.35,30.11,-0.759999999999998,Contango
2020-10-21,28.65,29.61,-0.9600000000000009,Contango
2020-10-22,28.11,29.3,-1.1900000000000013,Contango
2020-10-23,27.55,28.99,-1.4399999999999977,Contango
2020-10-26,32.46,32.07,0.39000000000000057,Flat
2020-10-27,33.35,32.72,0.6300000000000026,Backwardation
2020-10-28,40.28,37.75,2.530000000000001,Backwardation
2020-10-29,37.59,35.84,1.75,Backwardation
2020-10-30,38.02,36.27,1.75,Backwardation
2020-11-02,37.13,35.06,2.0700000000000003,Backwardation
2020-11-03,35.55,33.52,2.029999999999994,Backwardation
2020-11-04,29.57,29.98,-0.41000000000000014,Flat
2020-11-05,27.58,29.05,-1.4700000000000024,Contango
2020-11-06,24.86,27.37,-2.5100000000000016,Contango
2020-11-09,25.75,26.88,-1.129999999999999,Contango
2020-11-10,24.8,26.49,-1.6899999999999977,Contango
2020-11-11,23.45,25.62,-2.1700000000000017,Contango
2020-11-12,25.35,27.22,-1.8699999999999974,Contango
2020-11-13,23.1,25.69,-2.59,Contango
2020-11-16,22.45,25.35,-2.900000000000002,Contango
2020-11-17,22.71,25.38,-2.669999999999998,Contango
2020-11-18,23.84,26.39,-2.5500000000000007,Contango
2020-11-19,23.11,25.8,-2.6900000000000013,Contango
2020-11-20,23.7,26.06,-2.3599999999999994,Contango
2020-11-23,22.66,25.43,-2.7699999999999996,Contango
2020-11-24,21.64,24.84,-3.1999999999999993,Contango
2020-11-25,21.25,24.42,-3.1700000000000017,Contango
2020-11-27,20.84,24.43,-3.59,Contango
2020-11-30,20.57,24.33,-3.759999999999998,Contango
2020-12-01,20.77,24.49,-3.719999999999999,Contango
2020-12-02,21.17,24.54,-3.3699999999999974,Contango
2020-12-03,21.28,24.56,-3.2799999999999976,Contango
2020-12-04,20.79,24.29,-3.5,Contango
2020-12-07,21.3,24.52,-3.219999999999999,Contango
2020-12-08,20.68,23.87,-3.1900000000000013,Contango
2020-12-09,22.27,24.73,-2.460000000000001,Contango
2020-12-10,22.52,25.05,-2.530000000000001,Contango
2020-12-11,23.31,26.05,-2.740000000000002,Contango
2020-12-14,24.72,27.11,-2.3900000000000006,Contango
2020-12-15,22.89,25.87,-2.9800000000000004,Contango
2020-12-16,22.5,25.47,-2.969999999999999,Contango
2020-12-17,21.93,25.15,-3.219999999999999,Contango
2020-12-18,21.57,25.17,-3.6000000000000014,Contango
2020-12-21,25.16,27.58,-2.419999999999998,Contango
2020-12-22,24.23,27.25,-3.0199999999999996,Contango
2020-12-23,23.31,26.26,-2.950000000000003,Contango
2020-12-24,21.53,25.37,-3.84,Contango
2020-12-28,21.7,25.15,-3.4499999999999993,Contango
2020-12-29,23.08,26.24,-3.16,Contango
2020-12-30,22.77,25.44,-2.6700000000000017,Contango
2020-12-31,22.75,25.28,-2.530000000000001,Contango
2021-01-04,26.97,28.26,-1.2900000000000027,Contango
2021-01-05,25.34,27.25,-1.9100000000000001,Contango
2021-01-06,25.07,26.79,-1.7199999999999989,Contango
2021-01-07,22.37,25.02,-2.6499999999999986,Contango
2021-01-08,21.56,24.9,-3.34,Contango
2021-01-11,24.08,26.7,-2.620000000000001,Contango
2021-01-12,23.33,26.2,-2.870000000000001,Contango
2021-01-13,22.21,25.55,-3.34,Contango
2021-01-14,23.25,26.32,-3.0700000000000003,Contango
2021-01-15,24.34,27.26,-2.9200000000000017,Contango
2021-01-19,23.24,26.69,-3.450000000000003,Contango
2021-01-20,21.58,25.72,-4.140000000000001,Contango
2021-01-21,21.32,25.7,-4.379999999999999,Contango
2021-01-22,21.91,25.99,-4.079999999999998,Contango
2021-01-25,23.19,26.88,-3.6899999999999977,Contango
2021-01-26,23.02,26.89,-3.870000000000001,Contango
2021-01-27,37.21,35.73,1.480000000000004,Backwardation
2021-01-28,30.21,31.77,-1.5599999999999987,Contango
2021-01-29,33.09,33.88,-0.7899999999999991,Contango
2021-02-01,30.24,32.53,-2.2900000000000027,Contango
2021-02-02,25.56,29.36,-3.8000000000000007,Contango
2021-02-03,22.91,27.57,-4.66,Contango
2021-02-04,21.77,26.79,-5.02,Contango
2021-02-05,20.87,26.52,-5.649999999999999,Contango
2021-02-08,21.24,26.65,-5.41,Contango
2021-02-09,21.63,27.11,-5.48,Contango
2021-02-10,21.99,27.49,-5.5,Contango
2021-02-11,21.25,27.22,-5.969999999999999,Contango
2021-02-12,19.97,26.5,-6.530000000000001,Contango
2021-02-16,21.46,27.55,-6.09,Contango
2021-02-17,21.5,27.52,-6.02,Contango
2021-02-18,22.49,27.86,-5.370000000000001,Contango
2021-02-19,22.05,27.09,-5.039999999999999,Contango
2021-02-22,23.45,27.81,-4.359999999999999,Contango
2021-02-23,23.11,27.12,-4.010000000000002,Contango
2021-02-24,21.34,25.89,-4.550000000000001,Contango
2021-02-25,28.89,30.24,-1.3499999999999979,Contango
2021-02-26,27.95,29.6,-1.6500000000000021,Contango
2021-03-01,23.35,26.78,-3.4299999999999997,Contango
2021-03-02,24.1,27.16,-3.0599999999999987,Contango
2021-03-03,26.67,28.79,-2.1199999999999974,Contango
2021-03-04,28.57,30.08,-1.509999999999998,Contango
2021-03-05,24.66,27.89,-3.2300000000000004,Contango
2021-03-08,25.47,28.13,-2.66,Contango
2021-03-09,24.03,27.28,-3.25,Contango
2021-03-10,22.56,26.68,-4.120000000000001,Contango
2021-03-11,21.91,26.09,-4.18,Contango
2021-03-12,20.69,25.74,-5.049999999999997,Contango
2021-03-15,20.03,24.89,-4.859999999999999,Contango
2021-03-16,19.79,24.71,-4.920000000000002,Contango
2021-03-17,19.23,23.88,-4.649999999999999,Contango
2021-03-18,21.58,25.28,-3.700000000000003,Contango
2021-03-19,20.95,24.99,-4.039999999999999,Contango
2021-03-22,18.88,22.94,-4.060000000000002,Contango
2021-03-23,20.3,23.8,-3.5,Contango
2021-03-24,21.2,24.4,-3.1999999999999993,Contango
2021-03-25,19.81,23.37,-3.5600000000000023,Contango
2021-03-26,18.86,22.32,-3.460000000000001,Contango
2021-03-29,20.74,23.2,-2.460000000000001,Contango
2021-03-30,19.61,22.31,-2.6999999999999993,Contango
2021-03-31,19.4,22.15,-2.75,Contango
2021-04-01,17.33,20.97,-3.6400000000000006,Contango
2021-04-05,17.91,20.96,-3.0500000000000007,Contango
2021-04-06,18.12,21.16,-3.039999999999999,Contango
2021-04-07,17.16,20.66,-3.5,Contango
2021-04-08,16.95,20.59,-3.6400000000000006,Contango
2021-04-09,16.69,20.74,-4.049999999999997,Contango
2021-04-12,16.91,20.82,-3.91,Contango
2021-04-13,16.65,20.78,-4.130000000000003,Contango
2021-04-14,16.99,21.06,-4.07,Contango
2021-04-15,16.57,20.76,-4.190000000000001,Contango
2021-04-16,16.25,20.53,-4.280000000000001,Contango
2021-04-19,17.29,21.37,-4.080000000000002,Contango
2021-04-20,18.68,22.35,-3.6700000000000017,Contango
2021-04-21,17.5,21.49,-3.9899999999999984,Contango
2021-04-22,18.71,22.52,-3.8099999999999987,Contango
2021-04-23,17.33,21.57,-4.240000000000002,Contango
2021-04-26,17.64,21.54,-3.8999999999999986,Contango
2021-04-27,17.56,21.32,-3.7600000000000016,Contango
2021-04-28,17.28,21.13,-3.849999999999998,Contango
2021-04-29,17.61,21.31,-3.6999999999999993,Contango
2021-04-30,18.61,22.07,-3.460000000000001,Contango
2021-05-03,18.31,21.74,-3.4299999999999997,Contango
2021-05-04,19.48,22.67,-3.1900000000000013,Contango
2021-05-05,19.15,22.26,-3.110000000000003,Contango
2021-05-06,18.39,21.88,-3.4899999999999984,Contango
2021-05-07,16.69,20.79,-4.099999999999998,Contango
2021-05-10,19.66,22.4,-2.7399999999999984,Contango
2021-05-11,21.84,24.23,-2.3900000000000006,Contango
2021-05-12,27.59,28.18,-0.5899999999999999,Contango
2021-05-13,23.13,25.26,-2.1300000000000026,Contango
2021-05-14,18.81,22.26,-3.450000000000003,Contango
2021-05-17,19.72,23.14,-3.4200000000000017,Contango
2021-05-18,21.34,24.22,-2.879999999999999,Contango
2021-05-19,22.18,25.27,-3.09,Contango
2021-05-20,20.67,23.81,-3.139999999999997,Contango
2021-05-21,20.15,23.49,-3.34,Contango
2021-05-24,18.4,22.23,-3.830000000000002,Contango
2021-05-25,18.84,22.4,-3.5599999999999987,Contango
2021-05-26,17.36,21.3,-3.9400000000000013,Contango
2021-05-27,16.74,20.31,-3.5700000000000003,Contango
2021-05-28,16.76,20.48,-3.719999999999999,Contango
2021-06-01,17.9,21.34,-3.4400000000000013,Contango
2021-06-02,17.48,21.42,-3.9400000000000013,Contango
2021-06-03,18.04,21.82,-3.780000000000001,Contango
2021-06-04,16.42,20.62,-4.199999999999999,Contango
2021-06-07,16.42,20.55,-4.129999999999999,Contango
2021-06-08,17.07,20.85,-3.780000000000001,Contango
2021-06-09,17.89,21.28,-3.3900000000000006,Contango
2021-06-10,16.1,20.08,-3.979999999999997,Contango
2021-06-11,15.65,19.64,-3.99,Contango
2021-06-14,16.39,20.14,-3.75,Contango
2021-06-15,17.02,20.68,-3.66,Contango
2021-06-16,18.15,21.26,-3.110000000000003,Contango
2021-06-17,17.75,20.98,-3.2300000000000004,Contango
2021-06-18,20.7,22.93,-2.2300000000000004,Contango
2021-06-21,17.89,21.12,-3.2300000000000004,Contango
2021-06-22,16.66,20.07,-3.41,Contango
2021-06-23,16.32,19.7,-3.379999999999999,Contango
2021-06-24,15.97,19.26,-3.290000000000001,Contango
2021-06-25,15.62,19.0,-3.380000000000001,Contango
2021-06-28,15.76,19.02,-3.26,Contango
2021-06-29,16.02,19.49,-3.469999999999999,Contango
2021-06-30,15.83,19.51,-3.6800000000000015,Contango
2021-07-01,15.48,19.45,-3.969999999999999,Contango
2021-07-02,15.07,19.3,-4.23,Contango
2021-07-06,16.44,20.26,-3.8200000000000003,Contango
2021-07-07,16.2,20.41,-4.210000000000001,Contango
2021-07-08,19.0,21.98,-2.9800000000000004,Contango
2021-07-09,16.18,20.44,-4.260000000000002,Contango
2021-07-12,16.17,20.46,-4.289999999999999,Contango
2021-07-13,17.12,21.13,-4.009999999999998,Contango
2021-07-14,16.33,20.62,-4.290000000000003,Contango
2021-07-15,17.01,21.09,-4.079999999999998,Contango
2021-07-16,18.45,22.07,-3.620000000000001,Contango
2021-07-19,22.5,24.9,-2.3999999999999986,Contango
2021-07-20,19.73,23.2,-3.469999999999999,Contango
2021-07-21,17.91,21.87,-3.960000000000001,Contango
2021-07-22,17.69,21.86,-4.169999999999998,Contango
2021-07-23,17.2,21.65,-4.449999999999999,Contango
2021-07-26,17.58,21.74,-4.16,Contango
2021-07-27,19.36,23.0,-3.6400000000000006,Contango
2021-07-28,18.31,22.35,-4.040000000000003,Contango
2021-07-29,17.7,21.88,-4.18,Contango
2021-07-30,18.24,22.18,-3.9400000000000013,Contango
2021-08-02,19.46,23.05,-3.59,Contango
2021-08-03,18.04,22.18,-4.140000000000001,Contango
2021-08-04,17.97,22.17,-4.200000000000003,Contango
2021-08-05,17.28,21.52,-4.239999999999998,Contango
2021-08-06,16.15,20.87,-4.720000000000002,Contango
2021-08-09,16.72,21.27,-4.550000000000001,Contango
2021-08-10,16.79,21.21,-4.420000000000002,Contango
2021-08-11,16.06,20.67,-4.610000000000003,Contango
2021-08-12,15.59,20.25,-4.66,Contango
2021-08-13,15.45,20.26,-4.810000000000002,Contango
2021-08-16,16.12,20.64,-4.52,Contango
2021-08-17,17.91,21.7,-3.789999999999999,Contango
2021-08-18,21.57,23.8,-2.2300000000000004,Contango
2021-08-19,21.67,24.2,-2.5299999999999976,Contango
2021-08-20,18.56,22.41,-3.8500000000000014,Contango
2021-08-23,17.15,21.2,-4.050000000000001,Contango
2021-08-24,17.22,21.22,-4.0,Contango
2021-08-25,16.79,20.79,-4.0,Contango
2021-08-26,18.84,21.86,-3.0199999999999996,Contango
2021-08-27,16.39,20.61,-4.219999999999999,Contango
2021-08-30,16.19,20.4,-4.209999999999997,Contango
2021-08-31,16.48,20.42,-3.9400000000000013,Contango
2021-09-01,16.11,20.08,-3.969999999999999,Contango
2021-09-02,16.41,20.13,-3.719999999999999,Contango
2021-09-03,16.41,20.32,-3.91,Contango
2021-09-07,18.14,21.53,-3.3900000000000006,Contango
2021-09-08,17.96,21.59,-3.629999999999999,Contango
2021-09-09,18.8,22.06,-3.259999999999998,Contango
2021-09-10,20.95,23.31,-2.3599999999999994,Contango
2021-09-13,19.37,22.47,-3.099999999999998,Contango
2021-09-14,19.46,22.55,-3.09,Contango
2021-09-15,18.18,21.76,-3.580000000000002,Contango
2021-09-16,18.69,21.81,-3.1199999999999974,Contango
2021-09-17,20.81,23.22,-2.41,Contango
2021-09-20,25.71,26.4,-0.6899999999999977,Contango
2021-09-21,24.36,25.47,-1.1099999999999994,Contango
2021-09-22,20.87,23.05,-2.1799999999999997,Contango
2021-09-23,18.63,21.37,-2.740000000000002,Contango
2021-09-24,17.75,20.82,-3.0700000000000003,Contango
2021-09-27,18.76,21.4,-2.639999999999997,Contango
2021-09-28,23.25,24.03,-0.7800000000000011,Contango
2021-09-29,22.56,23.72,-1.1600000000000001,Contango
2021-09-30,23.14,23.87,-0.7300000000000004,Contango
2021-10-01,21.15,23.05,-1.9000000000000021,Contango
2021-10-04,22.96,24.11,-1.1499999999999986,Contango
2021-10-05,21.3,23.11,-1.8099999999999987,Contango
2021-10-06,21.0,22.84,-1.8399999999999999,Contango
2021-10-07,19.54,22.12,-2.580000000000002,Contango
2021-10-08,18.77,21.88,-3.1099999999999994,Contango
2021-10-11,20.0,22.39,-2.3900000000000006,Contango
2021-10-12,19.85,22.33,-2.479999999999997,Contango
2021-10-13,18.64,21.54,-2.8999999999999986,Contango
2021-10-14,16.86,20.37,-3.5100000000000016,Contango
2021-10-15,16.3,20.3,-4.0,Contango
2021-10-18,16.31,20.29,-3.9800000000000004,Contango
2021-10-19,15.7,19.98,-4.280000000000001,Contango
2021-10-20,15.49,19.87,-4.380000000000001,Contango
2021-10-21,15.01,19.48,-4.470000000000001,Contango
2021-10-22,15.43,20.01,-4.580000000000002,Contango
2021-10-25,15.24,19.56,-4.3199999999999985,Contango
2021-10-26,15.98,20.11,-4.129999999999999,Contango
2021-10-27,16.98,20.89,-3.91,Contango
2021-10-28,16.53,20.48,-3.9499999999999993,Contango
2021-10-29,16.26,20.37,-4.109999999999999,Contango
2021-11-01,16.41,20.39,-3.9800000000000004,Contango
2021-11-02,16.03,20.1,-4.07,Contango
2021-11-03,15.1,19.5,-4.4,Contango
2021-11-04,15.44,19.7,-4.26,Contango
2021-11-05,16.48,20.49,-4.009999999999998,Contango
2021-11-08,17.22,20.98,-3.7600000000000016,Contango
2021-11-09,17.78,21.41,-3.629999999999999,Contango
2021-11-10,18.73,22.0,-3.2699999999999996,Contango
2021-11-11,17.66,21.38,-3.719999999999999,Contango
2021-11-12,16.29,20.69,-4.400000000000002,Contango
2021-11-15,16.49,20.87,-4.380000000000003,Contango
2021-11-16,16.37,20.9,-4.529999999999998,Contango
2021-11-17,17.11,21.58,-4.469999999999999,Contango
2021-11-18,17.59,21.9,-4.309999999999999,Contango
2021-11-19,17.91,21.92,-4.010000000000002,Contango
2021-11-22,19.17,22.63,-3.4599999999999973,Contango
2021-11-23,19.38,22.45,-3.0700000000000003,Contango
2021-11-24,18.58,21.9,-3.3200000000000003,Contango
2021-11-26,28.62,29.17,-0.5500000000000007,Contango
2021-11-29,22.96,25.04,-2.0799999999999983,Contango
2021-11-30,27.19,28.13,-0.9399999999999977,Contango
2021-12-01,31.12,30.79,0.33000000000000185,Flat
2021-12-02,27.95,29.15,-1.1999999999999993,Contango
2021-12-03,30.67,31.78,-1.1099999999999994,Contango
2021-12-06,27.18,28.88,-1.6999999999999993,Contango
2021-12-07,21.89,24.96,-3.0700000000000003,Contango
2021-12-08,19.9,23.63,-3.7300000000000004,Contango
2021-12-09,21.58,24.66,-3.080000000000002,Contango
2021-12-10,18.69,23.18,-4.489999999999998,Contango
2021-12-13,20.31,24.32,-4.010000000000002,Contango
2021-12-14,21.89,25.35,-3.460000000000001,Contango
2021-12-15,19.29,23.3,-4.010000000000002,Contango
2021-12-16,20.57,24.37,-3.8000000000000007,Contango
2021-12-17,21.57,25.38,-3.8099999999999987,Contango
2021-12-20,22.87,26.31,-3.4399999999999977,Contango
2021-12-21,21.01,25.0,-3.9899999999999984,Contango
2021-12-22,18.63,23.56,-4.93,Contango
2021-12-23,17.96,23.24,-5.279999999999998,Contango
2021-12-27,17.68,22.74,-5.059999999999999,Contango
2021-12-28,17.54,22.33,-4.789999999999999,Contango
2021-12-29,16.95,21.83,-4.879999999999999,Contango
2021-12-30,17.33,21.88,-4.550000000000001,Contango
2021-12-31,17.22,21.88,-4.66,Contango
2022-01-03,16.6,21.53,-4.93,Contango
2022-01-04,16.91,21.62,-4.710000000000001,Contango
2022-01-05,19.73,23.47,-3.7399999999999984,Contango
2022-01-06,19.61,23.5,-3.8900000000000006,Contango
2022-01-07,18.76,22.87,-4.109999999999999,Contango
2022-01-10,19.4,22.68,-3.280000000000001,Contango
2022-01-11,18.41,21.98,-3.5700000000000003,Contango
2022-01-12,17.62,21.58,-3.9599999999999973,Contango
2022-01-13,20.31,23.41,-3.1000000000000014,Contango
2022-01-14,19.19,22.82,-3.629999999999999,Contango
2022-01-18,22.79,25.12,-2.330000000000002,Contango
2022-01-19,23.85,25.81,-1.9599999999999973,Contango
2022-01-20,25.59,27.25,-1.6600000000000001,Contango
2022-01-21,28.85,29.95,-1.0999999999999979,Contango
2022-01-24,29.9,30.82,-0.9200000000000017,Contango
2022-01-25,31.16,31.76,-0.6000000000000014,Contango
2022-01-26,31.96,31.95,0.010000000000001563,Flat
2022-01-27,30.49,30.87,-0.38000000000000256,Flat
2022-01-28,27.66,28.82,-1.1600000000000001,Contango
2022-01-31,24.83,26.85,-2.020000000000003,Contango
2022-02-01,21.96,24.76,-2.8000000000000007,Contango
2022-02-02,22.09,25.14,-3.0500000000000007,Contango
2022-02-03,24.35,26.67,-2.3200000000000003,Contango
2022-02-04,23.22,26.25,-3.030000000000001,Contango
2022-02-07,22.86,25.69,-2.830000000000002,Contango
2022-02-08,21.44,24.54,-3.099999999999998,Contango
2022-02-09,19.96,23.49,-3.5299999999999976,Contango
2022-02-10,23.91,26.07,-2.16,Contango
2022-02-11,27.36,28.83,-1.4699999999999989,Contango
2022-02-14,28.33,29.44,-1.110000000000003,Contango
2022-02-15,25.7,27.28,-1.5800000000000018,Contango
2022-02-16,24.29,26.26,-1.9700000000000024,Contango
2022-02-17,28.11,29.32,-1.2100000000000009,Contango
2022-02-18,27.75,29.22,-1.4699999999999989,Contango
2022-02-22,28.81,29.11,-0.3000000000000007,Flat
2022-02-23,31.02,30.88,0.14000000000000057,Flat
2022-02-24,30.32,30.05,0.2699999999999996,Flat
2022-02-25,27.59,28.04,-0.4499999999999993,Flat
2022-02-28,30.15,29.65,0.5,Flat
2022-03-01,33.32,32.59,0.7299999999999969,Backwardation
2022-03-02,30.74,30.97,-0.23000000000000043,Flat
2022-03-03,30.48,30.8,-0.3200000000000003,Flat
2022-03-04,31.98,32.34,-0.360000000000003,Flat
2022-03-07,36.45,35.74,0.7100000000000009,Backwardation
2022-03-08,35.13,35.0,0.13000000000000256,Flat
2022-03-09,32.45,33.06,-0.6099999999999994,Contango
2022-03-10,30.23,31.52,-1.2899999999999991,Contango
2022-03-11,30.75,32.34,-1.5900000000000034,Contango
2022-03-14,31.77,33.32,-1.5500000000000007,Contango
2022-03-15,29.83,31.96,-2.1300000000000026,Contango
2022-03-16,26.67,28.96,-2.289999999999999,Contango
2022-03-17,25.67,28.22,-2.549999999999997,Contango
2022-03-18,23.87,26.55,-2.6799999999999997,Contango
2022-03-21,23.53,26.38,-2.849999999999998,Contango
2022-03-22,22.94,25.85,-2.91,Contango
2022-03-23,23.57,26.41,-2.84,Contango
2022-03-24,21.67,25.3,-3.629999999999999,Contango
2022-03-25,20.81,24.72,-3.91,Contango
2022-03-28,19.63,24.18,-4.550000000000001,Contango
2022-03-29,18.9,23.19,-4.290000000000003,Contango
2022-03-30,19.33,23.57,-4.240000000000002,Contango
2022-03-31,20.56,24.46,-3.900000000000002,Contango
2022-04-01,19.63,24.21,-4.580000000000002,Contango
2022-04-04,18.57,23.03,-4.460000000000001,Contango
2022-04-05,21.03,24.9,-3.8699999999999974,Contango
2022-04-06,22.1,25.8,-3.6999999999999993,Contango
2022-04-07,21.55,25.23,-3.6799999999999997,Contango
2022-04-08,21.16,25.17,-4.010000000000002,Contango
2022-04-11,24.37,27.0,-2.629999999999999,Contango
2022-04-12,24.26,27.17,-2.91,Contango
2022-04-13,21.82,25.54,-3.719999999999999,Contango
2022-04-14,22.7,26.03,-3.330000000000002,Contango
2022-04-18,22.17,25.75,-3.5799999999999983,Contango
2022-04-19,21.37,25.06,-3.6899999999999977,Contango
2022-04-20,20.32,24.15,-3.8299999999999983,Contango
2022-04-21,22.68,26.11,-3.4299999999999997,Contango
2022-04-22,28.21,29.87,-1.6600000000000001,Contango
2022-04-25,27.02,29.07,-2.0500000000000007,Contango
2022-04-26,33.52,33.14,0.38000000000000256,Flat
2022-04-27,31.6,32.2,-0.6000000000000014,Contango
2022-04-28,29.99,31.15,-1.1600000000000001,Contango
2022-04-29,33.4,33.18,0.21999999999999886,Flat
2022-05-02,32.34,33.01,-0.6699999999999946,Contango
2022-05-03,29.25,30.81,-1.5599999999999987,Contango
2022-05-04,25.42,28.09,-2.669999999999998,Contango
2022-05-05,31.2,32.68,-1.4800000000000004,Contango
2022-05-06,30.19,32.31,-2.120000000000001,Contango
2022-05-09,34.75,35.05,-0.29999999999999716,Flat
2022-05-10,32.99,33.97,-0.9799999999999969,Contango
2022-05-11,32.56,33.63,-1.0700000000000003,Contango
2022-05-12,31.77,33.08,-1.3099999999999987,Contango
2022-05-13,28.87,30.7,-1.8299999999999983,Contango
2022-05-16,27.47,29.51,-2.0400000000000027,Contango
2022-05-17,26.1,28.37,-2.2699999999999996,Contango
2022-05-18,30.96,32.8,-1.8399999999999963,Contango
2022-05-19,29.35,30.79,-1.4399999999999977,Contango
2022-05-20,29.43,31.14,-1.7100000000000009,Contango
2022-05-23,28.48,30.29,-1.8099999999999987,Contango
2022-05-24,29.45,30.74,-1.2899999999999991,Contango
2022-05-25,28.37,29.73,-1.3599999999999994,Contango
2022-05-26,27.5,29.28,-1.7800000000000011,Contango
2022-05-27,25.72,28.02,-2.3000000000000007,Contango
2022-05-31,26.19,27.99,-1.7999999999999972,Contango
2022-06-01,25.69,27.72,-2.0299999999999976,Contango
2022-06-02,24.72,27.06,-2.34,Contango
2022-06-03,24.79,27.33,-2.539999999999999,Contango
2022-06-06,25.07,27.22,-2.1499999999999986,Contango
2022-06-07,24.02,26.52,-2.5,Contango
2022-06-08,23.96,26.54,-2.5799999999999983,Contango
2022-06-09,26.09,28.01,-1.9200000000000017,Contango
2022-06-10,27.75,29.72,-1.9699999999999989,Contango
2022-06-13,34.02,34.24,-0.21999999999999886,Flat
2022-06-14,32.69,33.28,-0.5900000000000034,Contango
2022-06-15,29.62,30.78,-1.1600000000000001,Contango
2022-06-16,32.95,33.49,-0.5399999999999991,Contango
2022-06-17,31.13,32.36,-1.2300000000000004,Contango
2022-06-21,30.19,31.25,-1.0599999999999987,Contango
2022-06-22,28.95,30.24,-1.2899999999999991,Contango
2022-06-23,29.05,30.19,-1.1400000000000006,Contango
2022-06-24,27.23,28.95,-1.7199999999999989,Contango
2022-06-27,26.95,28.18,-1.2300000000000004,Contango
2022-06-28,28.36,29.15,-0.7899999999999991,Contango
2022-06-29,28.16,29.0,-0.8399999999999999,Contango
2022-06-30,28.71,29.71,-1.0,Contango
2022-07-01,26.7,28.52,-1.8200000000000003,Contango
2022-07-05,27.54,28.9,-1.3599999999999994,Contango
2022-07-06,26.73,28.39,-1.6600000000000001,Contango
2022-07-07,26.08,28.03,-1.9500000000000028,Contango
2022-07-08,24.64,27.3,-2.66,Contango
2022-07-11,26.17,28.25,-2.0799999999999983,Contango
2022-07-12,27.29,28.82,-1.5300000000000011,Contango
2022-07-13,26.82,28.56,-1.7399999999999984,Contango
2022-07-14,26.4,28.61,-2.210000000000001,Contango
2022-07-15,24.23,27.08,-2.849999999999998,Contango
2022-07-18,25.3,27.82,-2.5199999999999996,Contango
2022-07-19,24.5,27.31,-2.8099999999999987,Contango
2022-07-20,23.88,26.7,-2.8200000000000003,Contango
2022-07-21,23.11,26.22,-3.1099999999999994,Contango
2022-07-22,23.03,25.97,-2.9399999999999977,Contango
2022-07-25,23.36,25.8,-2.4400000000000013,Contango
2022-07-26,24.69,26.42,-1.7300000000000004,Contango
2022-07-27,23.24,25.31,-2.0700000000000003,Contango
2022-07-28,22.33,24.33,-2.0,Contango
2022-07-29,21.33,23.79,-2.460000000000001,Contango
2022-08-01,22.84,24.86,-2.0199999999999996,Contango
2022-08-02,23.93,25.66,-1.7300000000000004,Contango
2022-08-03,21.95,24.37,-2.4200000000000017,Contango
2022-08-04,21.44,24.32,-2.879999999999999,Contango
2022-08-05,21.15,24.18,-3.030000000000001,Contango
2022-08-08,21.29,24.48,-3.1900000000000013,Contango
2022-08-09,21.77,24.69,-2.9200000000000017,Contango
2022-08-10,19.74,23.46,-3.7200000000000024,Contango
2022-08-11,20.2,23.71,-3.5100000000000016,Contango
2022-08-12,19.53,23.31,-3.7799999999999976,Contango
2022-08-15,19.95,23.32,-3.370000000000001,Contango
2022-08-16,19.69,23.32,-3.629999999999999,Contango
2022-08-17,19.9,23.6,-3.700000000000003,Contango
2022-08-18,19.56,23.39,-3.830000000000002,Contango
2022-08-19,20.6,24.32,-3.719999999999999,Contango
2022-08-22,23.8,26.0,-2.1999999999999993,Contango
2022-08-23,24.11,25.92,-1.8100000000000023,Contango
2022-08-24,22.82,24.89,-2.0700000000000003,Contango
2022-08-25,21.78,24.13,-2.349999999999998,Contango
2022-08-26,25.56,26.56,-1.0,Contango
2022-08-29,26.21,26.82,-0.6099999999999994,Contango
2022-08-30,26.21,26.91,-0.6999999999999993,Contango
2022-08-31,25.87,26.65,-0.7799999999999976,Contango
2022-09-01,25.56,26.43,-0.870000000000001,Contango
2022-09-02,25.47,26.48,-1.0100000000000016,Contango
2022-09-06,26.91,27.59,-0.6799999999999997,Contango
2022-09-07,24.64,26.1,-1.4600000000000009,Contango
2022-09-08,23.61,25.52,-1.9100000000000001,Contango
2022-09-09,22.79,25.14,-2.3500000000000014,Contango
2022-09-12,23.87,25.37,-1.5,Contango
2022-09-13,27.27,27.95,-0.6799999999999997,Contango
2022-09-14,26.16,27.46,-1.3000000000000007,Contango
2022-09-15,26.27,27.6,-1.3300000000000018,Contango
2022-09-16,26.3,27.63,-1.3299999999999983,Contango
2022-09-19,25.76,27.01,-1.25,Contango
2022-09-20,27.16,27.88,-0.7199999999999989,Contango
2022-09-21,27.99,28.76,-0.7700000000000031,Contango
2022-09-22,27.35,28.22,-0.8699999999999974,Contango
2022-09-23,29.92,30.32,-0.3999999999999986,Flat
2022-09-26,32.26,31.77,0.48999999999999844,Flat
2022-09-27,32.6,32.12,0.480000000000004,Flat
2022-09-28,30.18,30.58,-0.3999999999999986,Flat
2022-09-29,31.84,31.74,0.10000000000000142,Flat
2022-09-30,31.62,31.86,-0.23999999999999844,Flat
2022-10-03,30.1,30.69,-0.5899999999999999,Contango
2022-10-04,29.07,29.67,-0.6000000000000014,Contango
2022-10-05,28.55,29.43,-0.879999999999999,Contango
2022-10-06,30.52,30.79,-0.2699999999999996,Flat
2022-10-07,31.36,32.1,-0.740000000000002,Contango
2022-10-10,32.45,32.73,-0.27999999999999403,Flat
2022-10-11,33.63,33.36,0.2700000000000031,Flat
2022-10-12,33.57,33.13,0.4399999999999977,Flat
2022-10-13,31.94,31.8,0.14000000000000057,Flat
2022-10-14,32.02,32.45,-0.4299999999999997,Flat
2022-10-17,31.37,31.74,-0.36999999999999744,Flat
2022-10-18,30.5,30.98,-0.4800000000000004,Flat
2022-10-19,30.76,31.35,-0.5899999999999999,Contango
2022-10-20,29.98,30.81,-0.8299999999999983,Contango
2022-10-21,29.69,30.47,-0.7799999999999976,Contango
2022-10-24,29.85,30.33,-0.4799999999999969,Flat
2022-10-25,28.46,29.29,-0.8299999999999983,Contango
2022-10-26,27.28,28.46,-1.1799999999999997,Contango
2022-10-27,27.39,28.28,-0.8900000000000006,Contango
2022-10-28,25.75,26.9,-1.1499999999999986,Contango
2022-10-31,25.88,26.92,-1.0400000000000027,Contango
2022-11-01,25.81,26.69,-0.8800000000000026,Contango
2022-11-02,25.86,27.22,-1.3599999999999994,Contango
2022-11-03,25.3,26.7,-1.3999999999999986,Contango
2022-11-04,24.55,26.39,-1.8399999999999999,Contango
2022-11-07,24.35,26.26,-1.9100000000000001,Contango
2022-11-08,25.54,27.1,-1.5600000000000023,Contango
2022-11-09,26.09,27.91,-1.8200000000000003,Contango
2022-11-10,23.53,26.18,-2.6499999999999986,Contango
2022-11-11,22.52,25.74,-3.219999999999999,Contango
2022-11-14,23.73,26.13,-2.3999999999999986,Contango
2022-11-15,24.54,26.59,-2.0500000000000007,Contango
2022-11-16,24.11,26.03,-1.9200000000000017,Contango
2022-11-17,23.93,25.83,-1.8999999999999986,Contango
2022-11-18,23.12,25.33,-2.2099999999999973,Contango
2022-11-21,22.36,24.72,-2.3599999999999994,Contango
2022-11-22,21.29,23.83,-2.539999999999999,Contango
2022-11-23,20.35,23.38,-3.0299999999999976,Contango
2022-11-25,20.5,23.59,-3.09,Contango
2022-11-28,22.21,24.9,-2.6899999999999977,Contango
2022-11-29,21.89,24.65,-2.759999999999998,Contango
2022-11-30,20.58,23.53,-2.950000000000003,Contango
2022-12-01,19.84,23.31,-3.469999999999999,Contango
2022-12-02,19.06,22.96,-3.900000000000002,Contango
2022-12-05,20.75,23.89,-3.1400000000000006,Contango
2022-12-06,22.17,24.72,-2.549999999999997,Contango
2022-12-07,22.68,25.18,-2.5,Contango
2022-12-08,22.29,24.73,-2.4400000000000013,Contango
2022-12-09,22.83,25.21,-2.3800000000000026,Contango
2022-12-12,25.0,25.67,-0.6700000000000017,Contango
2022-12-13,22.55,24.29,-1.7399999999999984,Contango
2022-12-14,21.14,23.46,-2.3200000000000003,Contango
2022-12-15,22.83,25.08,-2.25,Contango
2022-12-16,22.62,25.15,-2.5299999999999976,Contango
2022-12-19,22.42,25.08,-2.6599999999999966,Contango
2022-12-20,21.48,24.4,-2.919999999999998,Contango
2022-12-21,20.07,23.35,-3.280000000000001,Contango
2022-12-22,21.97,24.78,-2.8100000000000023,Contango
2022-12-23,20.87,24.13,-3.259999999999998,Contango
2022-12-27,21.65,24.43,-2.780000000000001,Contango
2022-12-28,22.14,24.58,-2.4399999999999977,Contango
2022-12-29,21.44,23.95,-2.509999999999998,Contango
2022-12-30,21.67,24.29,-2.6199999999999974,Contango
2023-01-03,22.9,24.58,-1.6799999999999997,Contango
2023-01-04,22.01,23.81,-1.7999999999999972,Contango
2023-01-05,22.46,24.07,-1.6099999999999994,Contango
2023-01-06,21.13,23.18,-2.0500000000000007,Contango
2023-01-09,21.97,23.74,-1.7699999999999996,Contango
2023-01-10,20.58,22.74,-2.16,Contango
2023-01-11,21.09,22.74,-1.6499999999999986,Contango
2023-01-12,18.83,21.58,-2.75,Contango
2023-01-13,18.35,21.14,-2.789999999999999,Contango
2023-01-17,19.36,21.45,-2.09,Contango
2023-01-18,20.34,22.27,-1.9299999999999997,Contango
2023-01-19,20.52,22.45,-1.9299999999999997,Contango
2023-01-20,19.85,21.72,-1.8699999999999974,Contango
2023-01-23,19.81,21.6,-1.7900000000000027,Contango
2023-01-24,19.2,20.91,-1.7100000000000009,Contango
2023-01-25,19.08,20.94,-1.860000000000003,Contango
2023-01-26,18.73,20.7,-1.9699999999999989,Contango
2023-01-27,18.51,20.47,-1.9599999999999973,Contango
2023-01-30,19.94,21.37,-1.4299999999999997,Contango
2023-01-31,19.4,20.81,-1.4100000000000001,Contango
2023-02-01,17.87,19.97,-2.099999999999998,Contango
2023-02-02,18.73,20.84,-2.1099999999999994,Contango
2023-02-03,18.33,20.78,-2.450000000000003,Contango
2023-02-06,19.43,21.43,-2.0,Contango
2023-02-07,18.66,20.78,-2.120000000000001,Contango
2023-02-08,19.63,21.82,-2.1900000000000013,Contango
2023-02-09,20.71,22.5,-1.7899999999999991,Contango
2023-02-10,20.53,22.55,-2.0199999999999996,Contango
2023-02-13,20.34,21.97,-1.629999999999999,Contango
2023-02-14,18.91,21.14,-2.2300000000000004,Contango
2023-02-15,18.23,20.68,-2.4499999999999993,Contango
2023-02-16,20.17,21.88,-1.7099999999999973,Contango
2023-02-17,20.02,21.77,-1.75,Contango
2023-02-21,22.87,23.38,-0.509999999999998,Contango
2023-02-22,22.29,22.68,-0.39000000000000057,Flat
2023-02-23,21.14,21.74,-0.5999999999999979,Contango
2023-02-24,21.67,22.43,-0.759999999999998,Contango
2023-02-27,20.95,21.59,-0.6400000000000006,Contango
2023-02-28,20.7,21.32,-0.620000000000001,Contango
2023-03-01,20.58,21.36,-0.7800000000000011,Contango
2023-03-02,19.59,20.63,-1.0399999999999991,Contango
2023-03-03,18.49,19.98,-1.490000000000002,Contango
2023-03-06,18.61,19.99,-1.379999999999999,Contango
2023-03-07,19.59,20.59,-1.0,Contango
2023-03-08,19.11,20.19,-1.0800000000000018,Contango
2023-03-09,22.61,22.87,-0.26000000000000156,Flat
2023-03-10,24.8,25.39,-0.5899999999999999,Contango
2023-03-13,26.52,26.64,-0.120000000000001,Flat
2023-03-14,23.73,24.87,-1.1400000000000006,Contango
2023-03-15,26.14,27.2,-1.0599999999999987,Contango
2023-03-16,22.99,24.56,-1.5700000000000003,Contango
2023-03-17,25.51,27.42,-1.9100000000000001,Contango
2023-03-20,24.15,25.85,-1.7000000000000028,Contango
2023-03-21,21.38,23.57,-2.1900000000000013,Contango
2023-03-22,22.26,24.38,-2.1199999999999974,Contango
2023-03-23,22.61,24.53,-1.9200000000000017,Contango
2023-03-24,21.74,23.96,-2.2200000000000024,Contango
2023-03-27,20.6,22.87,-2.2699999999999996,Contango
2023-03-28,19.97,22.38,-2.41,Contango
2023-03-29,19.12,21.49,-2.3699999999999974,Contango
2023-03-30,19.02,21.45,-2.4299999999999997,Contango
2023-03-31,18.7,21.23,-2.530000000000001,Contango
2023-04-03,18.55,20.83,-2.2799999999999976,Contango
2023-04-04,19.0,21.34,-2.34,Contango
2023-04-05,19.08,21.48,-2.400000000000002,Contango
2023-04-06,18.4,21.0,-2.6000000000000014,Contango
2023-04-10,18.97,21.07,-2.1000000000000014,Contango
2023-04-11,19.1,21.01,-1.9100000000000001,Contango
2023-04-12,19.09,21.05,-1.9600000000000009,Contango
2023-04-13,17.8,20.26,-2.460000000000001,Contango
2023-04-14,17.07,20.03,-2.960000000000001,Contango
2023-04-17,16.95,19.65,-2.6999999999999993,Contango
2023-04-18,16.83,19.82,-2.990000000000002,Contango
2023-04-19,16.46,20.02,-3.5599999999999987,Contango
2023-04-20,17.17,20.55,-3.379999999999999,Contango
2023-04-21,16.77,20.39,-3.620000000000001,Contango
2023-04-24,16.89,20.4,-3.509999999999998,Contango
2023-04-25,18.76,21.65,-2.889999999999997,Contango
2023-04-26,18.84,21.54,-2.6999999999999993,Contango
2023-04-27,17.03,20.37,-3.34,Contango
2023-04-28,15.78,19.54,-3.76,Contango
2023-05-01,16.08,19.67,-3.5900000000000034,Contango
2023-05-02,17.78,20.75,-2.969999999999999,Contango
2023-05-03,18.34,21.29,-2.9499999999999993,Contango
2023-05-04,20.09,22.77,-2.6799999999999997,Contango
2023-05-05,17.19,20.78,-3.59,Contango
2023-05-08,16.98,20.71,-3.7300000000000004,Contango
2023-05-09,17.71,21.17,-3.460000000000001,Contango
2023-05-10,16.94,20.69,-3.75,Contango
2023-05-11,16.93,20.62,-3.6900000000000013,Contango
2023-05-12,17.03,20.66,-3.629999999999999,Contango
2023-05-15,17.12,20.31,-3.1899999999999977,Contango
2023-05-16,17.99,20.9,-2.91,Contango
2023-05-17,16.87,20.05,-3.1799999999999997,Contango
2023-05-18,16.05,19.33,-3.2799999999999976,Contango
2023-05-19,16.81,20.04,-3.2300000000000004,Contango
2023-05-22,17.21,20.36,-3.1499999999999986,Contango
2023-05-23,18.53,21.06,-2.5299999999999976,Contango
2023-05-24,20.03,22.02,-1.9899999999999984,Contango
2023-05-25,19.14,21.38,-2.2399999999999984,Contango
2023-05-26,17.95,20.44,-2.490000000000002,Contango
2023-05-30,17.46,20.13,-2.669999999999998,Contango
2023-05-31,17.94,20.21,-2.2699999999999996,Contango
2023-06-01,15.65,18.75,-3.0999999999999996,Contango
2023-06-02,14.6,17.92,-3.320000000000002,Contango
2023-06-05,14.73,17.9,-3.169999999999998,Contango
2023-06-06,13.96,17.04,-3.0799999999999983,Contango
2023-06-07,13.94,17.14,-3.200000000000001,Contango
2023-06-08,13.65,16.86,-3.209999999999999,Contango
2023-06-09,13.83,16.96,-3.130000000000001,Contango
2023-06-12,15.01,17.28,-2.2700000000000014,Contango
2023-06-13,14.61,17.23,-2.620000000000001,Contango
2023-06-14,13.88,16.86,-2.9799999999999986,Contango
2023-06-15,14.5,17.18,-2.6799999999999997,Contango
2023-06-16,13.54,16.75,-3.210000000000001,Contango
2023-06-20,13.88,17.3,-3.42,Contango
2023-06-21,13.2,16.89,-3.6900000000000013,Contango
2023-06-22,12.91,16.56,-3.6499999999999986,Contango
2023-06-23,13.44,16.87,-3.4300000000000015,Contango
2023-06-26,14.25,17.05,-2.8000000000000007,Contango
2023-06-27,13.74,16.44,-2.700000000000001,Contango
2023-06-28,13.43,15.9,-2.4700000000000006,Contango
2023-06-29,13.54,16.1,-2.5600000000000023,Contango
2023-06-30,13.59,16.02,-2.4299999999999997,Contango
2023-07-03,13.57,16.07,-2.5,Contango
2023-07-05,14.18,16.51,-2.330000000000002,Contango
2023-07-06,15.44,17.52,-2.08,Contango
2023-07-07,14.83,17.24,-2.4099999999999984,Contango
2023-07-10,15.07,17.25,-2.1799999999999997,Contango
2023-07-11,14.84,16.97,-2.129999999999999,Contango
2023-07-12,13.54,16.11,-2.5700000000000003,Contango
2023-07-13,13.61,16.12,-2.5100000000000016,Contango
2023-07-14,13.34,16.04,-2.6999999999999993,Contango
2023-07-17,13.48,16.27,-2.789999999999999,Contango
2023-07-18,13.3,16.13,-2.8299999999999983,Contango
2023-07-19,13.76,16.56,-2.799999999999999,Contango
2023-07-20,13.99,16.66,-2.67,Contango
2023-07-21,13.6,16.4,-2.799999999999999,Contango
2023-07-24,13.91,16.26,-2.3500000000000014,Contango
2023-07-25,13.86,16.22,-2.3599999999999994,Contango
2023-07-26,13.19,15.79,-2.5999999999999996,Contango
2023-07-27,14.41,16.63,-2.219999999999999,Contango
2023-07-28,13.33,15.92,-2.59,Contango
2023-07-31,13.63,16.01,-2.380000000000001,Contango
2023-08-01,13.93,16.34,-2.41,Contango
2023-08-02,16.09,17.96,-1.870000000000001,Contango
2023-08-03,15.92,17.72,-1.799999999999999,Contango
2023-08-04,17.1,18.61,-1.509999999999998,Contango
2023-08-07,15.77,17.72,-1.9499999999999993,Contango
2023-08-08,15.99,18.13,-2.139999999999999,Contango
2023-08-09,15.96,18.05,-2.09,Contango
2023-08-10,15.85,18.16,-2.3100000000000005,Contango
2023-08-11,14.84,17.56,-2.719999999999999,Contango
2023-08-14,14.82,17.41,-2.59,Contango
2023-08-15,16.46,18.59,-2.129999999999999,Contango
2023-08-16,16.78,18.97,-2.1899999999999977,Contango
2023-08-17,17.89,19.83,-1.9399999999999977,Contango
2023-08-18,17.3,19.24,-1.9399999999999977,Contango
2023-08-21,17.13,18.77,-1.6400000000000006,Contango
2023-08-22,16.97,18.72,-1.75,Contango
2023-08-23,15.98,17.94,-1.9600000000000009,Contango
2023-08-24,17.2,18.75,-1.5500000000000007,Contango
2023-08-25,15.68,17.72,-2.039999999999999,Contango
2023-08-28,15.08,17.12,-2.040000000000001,Contango
2023-08-29,14.45,16.56,-2.1099999999999994,Contango
2023-08-30,13.88,16.18,-2.299999999999999,Contango
2023-08-31,13.57,15.92,-2.3499999999999996,Contango
2023-09-01,13.09,15.74,-2.6500000000000004,Contango
2023-09-05,14.01,16.24,-2.2299999999999986,Contango
2023-09-06,14.45,16.61,-2.16,Contango
2023-09-07,14.4,16.58,-2.179999999999998,Contango
2023-09-08,13.84,16.14,-2.3000000000000007,Contango
2023-09-11,13.8,16.02,-2.219999999999999,Contango
2023-09-12,14.23,16.25,-2.0199999999999996,Contango
2023-09-13,13.48,15.92,-2.4399999999999995,Contango
2023-09-14,12.82,15.34,-2.5199999999999996,Contango
2023-09-15,13.79,16.02,-2.2300000000000004,Contango
2023-09-18,14.0,16.13,-2.129999999999999,Contango
2023-09-19,14.11,16.13,-2.0199999999999996,Contango
2023-09-20,15.14,16.81,-1.6699999999999982,Contango
2023-09-21,17.54,18.24,-0.6999999999999993,Contango
2023-09-22,17.2,18.09,-0.8900000000000006,Contango
2023-09-25,16.9,18.02,-1.120000000000001,Contango
2023-09-26,18.94,19.72,-0.7799999999999976,Contango
2023-09-27,18.22,19.11,-0.8900000000000006,Contango
2023-09-28,17.34,18.38,-1.0399999999999991,Contango
2023-09-29,17.52,18.51,-0.990000000000002,Contango
2023-10-02,17.61,18.62,-1.0100000000000016,Contango
2023-10-03,19.78,20.41,-0.629999999999999,Contango
2023-10-04,18.58,19.52,-0.9400000000000013,Contango
2023-10-05,18.49,19.5,-1.0100000000000016,Contango
2023-10-06,17.45,18.73,-1.2800000000000011,Contango
2023-10-09,17.7,18.81,-1.1099999999999994,Contango
2023-10-10,17.03,18.27,-1.2399999999999984,Contango
2023-10-11,16.09,17.63,-1.5399999999999991,Contango
2023-10-12,16.69,18.09,-1.3999999999999986,Contango
2023-10-13,19.32,20.57,-1.25,Contango
2023-10-16,17.21,18.79,-1.5799999999999983,Contango
2023-10-17,17.88,19.26,-1.3800000000000026,Contango
2023-10-18,19.22,20.47,-1.25,Contango
2023-10-19,21.4,22.19,-0.7900000000000027,Contango
2023-10-20,21.71,22.44,-0.7300000000000004,Contango
2023-10-23,20.37,21.33,-0.9599999999999973,Contango
2023-10-24,18.97,20.21,-1.240000000000002,Contango
2023-10-25,20.19,21.33,-1.139999999999997,Contango
2023-10-26,20.68,21.57,-0.8900000000000006,Contango
2023-10-27,21.27,22.27,-1.0,Contango
2023-10-30,19.75,20.8,-1.0500000000000007,Contango
2023-10-31,18.14,19.49,-1.3499999999999979,Contango
2023-11-01,16.87,18.55,-1.6799999999999997,Contango
2023-11-02,15.66,17.8,-2.1400000000000006,Contango
2023-11-03,14.91,17.22,-2.3099999999999987,Contango
2023-11-06,14.89,17.03,-2.1400000000000006,Contango
2023-11-07,14.81,16.92,-2.110000000000001,Contango
2023-11-08,14.45,16.64,-2.1900000000000013,Contango
2023-11-09,15.29,17.3,-2.0100000000000016,Contango
2023-11-10,14.17,16.52,-2.3499999999999996,Contango
2023-11-13,14.76,16.61,-1.8499999999999996,Contango
2023-11-14,14.16,16.29,-2.129999999999999,Contango
2023-11-15,14.18,16.28,-2.1000000000000014,Contango
2023-11-16,14.32,16.14,-1.8200000000000003,Contango
2023-11-17,13.8,15.85,-2.049999999999999,Contango
2023-11-20,13.41,15.69,-2.2799999999999994,Contango
2023-11-21,13.35,15.5,-2.1500000000000004,Contango
2023-11-22,12.85,15.48,-2.630000000000001,Contango
2023-11-24,12.46,15.12,-2.6599999999999984,Contango
2023-11-27,12.69,15.34,-2.6500000000000004,Contango
2023-11-28,12.69,15.24,-2.5500000000000007,Contango
2023-11-29,12.98,15.51,-2.5299999999999994,Contango
2023-11-30,12.92,15.44,-2.5199999999999996,Contango
2023-12-01,12.63,15.36,-2.7299999999999986,Contango
2023-12-04,13.08,15.68,-2.5999999999999996,Contango
2023-12-05,12.85,15.57,-2.7200000000000006,Contango
2023-12-06,12.97,15.74,-2.7699999999999996,Contango
2023-12-07,13.06,15.65,-2.59,Contango
2023-12-08,12.35,15.16,-2.8100000000000005,Contango
2023-12-11,12.63,15.19,-2.5599999999999987,Contango
2023-12-12,12.07,14.83,-2.76,Contango
2023-12-13,12.19,14.66,-2.4700000000000006,Contango
2023-12-14,12.48,14.79,-2.3099999999999987,Contango
2023-12-15,12.28,15.13,-2.8500000000000014,Contango
2023-12-18,12.56,15.47,-2.91,Contango
2023-12-19,12.53,15.64,-3.110000000000001,Contango
2023-12-20,13.67,16.58,-2.9099999999999984,Contango
2023-12-21,13.65,16.3,-2.6500000000000004,Contango
2023-12-22,13.03,15.99,-2.960000000000001,Contango
2023-12-26,12.99,15.88,-2.8900000000000006,Contango
2023-12-27,12.43,15.27,-2.84,Contango
2023-12-28,12.47,15.23,-2.76,Contango
2023-12-29,12.45,15.26,-2.8100000000000005,Contango
2024-01-02,13.2,15.48,-2.280000000000001,Contango
2024-01-03,14.04,16.04,-2.0,Contango
2024-01-04,14.13,16.04,-1.9099999999999984,Contango
2024-01-05,13.35,15.51,-2.16,Contango
2024-01-08,13.08,15.14,-2.0600000000000005,Contango
2024-01-09,12.76,14.9,-2.1400000000000006,Contango
2024-01-10,12.69,14.73,-2.040000000000001,Contango
2024-01-11,12.44,14.56,-2.120000000000001,Contango
2024-01-12,12.7,14.94,-2.24,Contango
2024-01-16,13.84,15.74,-1.9000000000000004,Contango
2024-01-17,14.79,16.38,-1.5899999999999999,Contango
2024-01-18,14.13,15.84,-1.709999999999999,Contango
2024-01-19,13.3,15.26,-1.959999999999999,Contango
2024-01-22,13.19,14.97,-1.7800000000000011,Contango
2024-01-23,12.55,14.52,-1.9699999999999989,Contango
2024-01-24,13.14,14.97,-1.83,Contango
2024-01-25,13.45,15.1,-1.6500000000000004,Contango
2024-01-26,13.26,15.03,-1.7699999999999996,Contango
2024-01-29,13.6,15.22,-1.620000000000001,Contango
2024-01-30,13.31,15.14,-1.83,Contango
2024-01-31,14.35,15.96,-1.6100000000000012,Contango
2024-02-01,13.88,15.5,-1.6199999999999992,Contango
2024-02-02,13.85,15.61,-1.7599999999999998,Contango
2024-02-05,13.67,15.33,-1.6600000000000001,Contango
2024-02-06,13.06,14.99,-1.9299999999999997,Contango
2024-02-07,12.83,14.85,-2.0199999999999996,Contango
2024-02-08,12.79,14.93,-2.1400000000000006,Contango
2024-02-09,12.93,15.08,-2.1500000000000004,Contango
2024-02-12,13.93,15.67,-1.7400000000000002,Contango
2024-02-13,15.85,16.82,-0.9700000000000006,Contango
2024-02-14,14.38,15.93,-1.549999999999999,Contango
2024-02-15,14.01,15.76,-1.75,Contango
2024-02-16,14.24,15.86,-1.6199999999999992,Contango
2024-02-20,15.42,16.41,-0.9900000000000002,Contango
2024-02-21,15.34,16.23,-0.8900000000000006,Contango
2024-02-22,14.54,15.77,-1.2300000000000004,Contango
2024-02-23,13.75,15.25,-1.5,Contango
2024-02-26,13.74,15.22,-1.4800000000000004,Contango
2024-02-27,13.43,14.89,-1.4600000000000009,Contango
2024-02-28,13.84,15.22,-1.3800000000000008,Contango
2024-02-29,13.4,14.93,-1.5299999999999994,Contango
2024-03-01,13.11,14.93,-1.8200000000000003,Contango
2024-03-04,13.49,15.23,-1.7400000000000002,Contango
2024-03-05,14.46,15.91,-1.4499999999999993,Contango
2024-03-06,14.5,15.97,-1.4700000000000006,Contango
2024-03-07,14.44,15.91,-1.4700000000000006,Contango
2024-03-08,14.74,16.3,-1.5600000000000005,Contango
2024-03-11,15.22,16.46,-1.2400000000000002,Contango
2024-03-12,13.84,15.66,-1.8200000000000003,Contango
2024-03-13,13.75,15.6,-1.8499999999999996,Contango
2024-03-14,14.4,16.12,-1.7200000000000006,Contango
2024-03-15,14.41,16.41,-2.0,Contango
2024-03-18,14.33,16.22,-1.8899999999999988,Contango
2024-03-19,13.82,15.77,-1.9499999999999993,Contango
2024-03-20,13.04,15.28,-2.24,Contango
2024-03-21,12.92,15.18,-2.26,Contango
2024-03-22,13.06,15.3,-2.24,Contango
2024-03-25,13.19,15.38,-2.1900000000000013,Contango
2024-03-26,13.24,15.29,-2.049999999999999,Contango
2024-03-27,12.78,15.01,-2.2300000000000004,Contango
2024-03-28,13.01,15.19,-2.1799999999999997,Contango
2024-04-01,13.65,15.52,-1.8699999999999992,Contango
2024-04-02,14.61,16.09,-1.4800000000000004,Contango
2024-04-03,14.33,15.91,-1.58,Contango
2024-04-04,16.35,17.16,-0.8099999999999987,Contango
2024-04-05,16.03,17.18,-1.1499999999999986,Contango
2024-04-08,15.19,16.56,-1.3699999999999992,Contango
2024-04-09,14.98,16.42,-1.4400000000000013,Contango
2024-04-10,15.8,17.04,-1.2399999999999984,Contango
2024-04-11,14.91,16.49,-1.5799999999999983,Contango
2024-04-12,17.31,18.2,-0.8900000000000006,Contango
2024-04-15,19.23,19.55,-0.3200000000000003,Flat
2024-04-16,18.4,18.84,-0.4400000000000013,Flat
2024-04-17,18.21,18.77,-0.5599999999999987,Contango
2024-04-18,18.0,18.66,-0.6600000000000001,Contango
2024-04-19,18.71,19.25,-0.5399999999999991,Contango
2024-04-22,16.94,17.63,-0.6899999999999977,Contango
2024-04-23,15.69,16.68,-0.9900000000000002,Contango
2024-04-24,15.97,16.84,-0.8699999999999992,Contango
2024-04-25,15.37,16.37,-1.0000000000000018,Contango
2024-04-26,15.03,16.27,-1.2400000000000002,Contango
2024-04-29,14.67,16.0,-1.33,Contango
2024-04-30,15.65,16.59,-0.9399999999999995,Contango
2024-05-01,15.39,16.57,-1.1799999999999997,Contango
2024-05-02,14.68,16.05,-1.370000000000001,Contango
2024-05-03,13.49,15.27,-1.7799999999999994,Contango
2024-05-06,13.49,15.02,-1.5299999999999994,Contango
2024-05-07,13.23,14.95,-1.7199999999999989,Contango
2024-05-08,13.0,14.9,-1.9000000000000004,Contango
2024-05-09,12.69,14.71,-2.0200000000000014,Contango
2024-05-10,12.55,14.66,-2.1099999999999994,Contango
2024-05-13,13.6,14.89,-1.290000000000001,Contango
2024-05-14,13.42,14.7,-1.2799999999999994,Contango
2024-05-15,12.45,14.08,-1.6300000000000008,Contango
2024-05-16,12.42,14.22,-1.8000000000000007,Contango
2024-05-17,11.99,13.99,-2.0,Contango
2024-05-20,12.15,14.11,-1.959999999999999,Contango
2024-05-21,11.86,13.95,-2.09,Contango
2024-05-22,12.29,14.31,-2.0200000000000014,Contango
2024-05-23,12.77,14.67,-1.9000000000000004,Contango
2024-05-24,11.93,14.17,-2.24,Contango
2024-05-28,12.92,14.72,-1.8000000000000007,Contango
2024-05-29,14.28,15.45,-1.17,Contango
2024-05-30,14.47,15.59,-1.1199999999999992,Contango
2024-05-31,12.92,14.66,-1.7400000000000002,Contango
2024-06-03,13.11,14.8,-1.6900000000000013,Contango
2024-06-04,13.16,14.88,-1.7200000000000006,Contango
2024-06-05,12.63,14.54,-1.9099999999999984,Contango
2024-06-06,12.58,14.54,-1.959999999999999,Contango
2024-06-07,12.22,14.41,-2.1899999999999995,Contango
2024-06-10,12.74,14.6,-1.8599999999999994,Contango
2024-06-11,12.85,14.49,-1.6400000000000006,Contango
2024-06-12,12.04,14.12,-2.08,Contango
2024-06-13,11.94,14.17,-2.2300000000000004,Contango
2024-06-14,12.66,14.84,-2.1799999999999997,Contango
2024-06-17,12.75,14.79,-2.039999999999999,Contango
2024-06-18,12.3,14.69,-2.389999999999999,Contango
2024-06-20,13.28,15.41,-2.130000000000001,Contango
2024-06-21,13.2,15.17,-1.9700000000000006,Contango
2024-06-24,13.33,15.23,-1.9000000000000004,Contango
2024-06-25,12.84,14.86,-2.0199999999999996,Contango
2024-06-26,12.55,14.71,-2.16,Contango
2024-06-27,12.24,14.42,-2.1799999999999997,Contango
2024-06-28,12.44,14.52,-2.08,Contango
2024-07-01,12.22,14.19,-1.9699999999999989,Contango
2024-07-02,12.03,14.01,-1.9800000000000004,Contango
2024-07-03,12.09,14.02,-1.9299999999999997,Contango
2024-07-05,12.48,14.35,-1.8699999999999992,Contango
2024-07-08,12.37,14.29,-1.92,Contango
2024-07-09,12.51,14.39,-1.8800000000000008,Contango
2024-07-10,12.85,14.5,-1.6500000000000004,Contango
2024-07-11,12.92,14.67,-1.75,Contango
2024-07-12,12.46,14.37,-1.9099999999999984,Contango
2024-07-15,13.12,14.87,-1.75,Contango
2024-07-16,13.19,14.91,-1.7200000000000006,Contango
2024-07-17,14.48,15.79,-1.3099999999999987,Contango
2024-07-18,15.93,16.56,-0.629999999999999,Contango
2024-07-19,16.52,17.16,-0.6400000000000006,Contango
2024-07-22,14.91,16.09,-1.1799999999999997,Contango
2024-07-23,14.72,16.01,-1.290000000000001,Contango
2024-07-24,18.04,18.43,-0.39000000000000057,Flat
2024-07-25,18.46,18.69,-0.23000000000000043,Flat
2024-07-26,16.39,17.24,-0.8499999999999979,Contango
2024-07-29,16.6,17.16,-0.5599999999999987,Contango
2024-07-30,17.69,18.01,-0.3200000000000003,Flat
2024-07-31,16.36,16.97,-0.6099999999999994,Contango
2024-08-01,18.59,19.14,-0.5500000000000007,Contango
2024-08-02,23.39,23.34,0.05000000000000071,Flat
2024-08-05,38.57,33.71,4.859999999999999,Backwardation
2024-08-06,27.71,26.76,0.9499999999999993,Backwardation
2024-08-07,27.85,27.01,0.8399999999999999,Backwardation
2024-08-08,23.79,24.13,-0.33999999999999986,Flat
2024-08-09,20.37,21.18,-0.8099999999999987,Contango
2024-08-12,20.71,21.63,-0.9199999999999982,Contango
2024-08-13,18.12,19.86,-1.7399999999999984,Contango
2024-08-14,16.19,18.45,-2.259999999999998,Contango
2024-08-15,15.23,17.88,-2.6499999999999986,Contango
2024-08-16,14.8,17.81,-3.009999999999998,Contango
2024-08-19,14.65,17.59,-2.9399999999999995,Contango
2024-08-20,15.88,18.28,-2.4000000000000004,Contango
2024-08-21,16.27,18.58,-2.3099999999999987,Contango
2024-08-22,17.55,19.36,-1.8099999999999987,Contango
2024-08-23,15.86,18.19,-2.330000000000002,Contango
2024-08-26,16.15,18.25,-2.1000000000000014,Contango
2024-08-27,15.43,17.73,-2.3000000000000007,Contango
2024-08-28,17.11,18.9,-1.7899999999999991,Contango
2024-08-29,15.65,18.0,-2.3499999999999996,Contango
2024-08-30,15.0,17.43,-2.4299999999999997,Contango
2024-09-03,20.72,21.7,-0.9800000000000004,Contango
2024-09-04,21.32,22.07,-0.75,Contango
2024-09-05,19.9,20.93,-1.0300000000000011,Contango
2024-09-06,22.38,22.74,-0.35999999999999943,Flat
2024-09-09,19.45,20.88,-1.4299999999999997,Contango
2024-09-10,19.08,20.55,-1.4700000000000024,Contango
2024-09-11,17.69,19.59,-1.8999999999999986,Contango
2024-09-12,17.07,19.48,-2.41,Contango
2024-09-13,16.56,19.28,-2.7200000000000024,Contango
2024-09-16,17.14,19.81,-2.669999999999998,Contango
2024-09-17,17.61,20.13,-2.5199999999999996,Contango
2024-09-18,18.23,20.35,-2.120000000000001,Contango
2024-09-19,16.33,19.07,-2.740000000000002,Contango
2024-09-20,16.15,18.94,-2.7900000000000027,Contango
2024-09-23,15.89,18.7,-2.8099999999999987,Contango
2024-09-24,15.39,18.47,-3.0799999999999983,Contango
2024-09-25,15.41,18.57,-3.16,Contango
2024-09-26,15.37,18.45,-3.08,Contango
2024-09-27,16.96,19.54,-2.5799999999999983,Contango
2024-09-30,16.73,19.22,-2.4899999999999984,Contango
2024-10-01,19.26,20.89,-1.629999999999999,Contango
2024-10-02,18.9,20.59,-1.6900000000000013,Contango
2024-10-03,20.49,21.63,-1.1400000000000006,Contango
2024-10-04,19.21,20.65,-1.4399999999999977,Contango
2024-10-07,22.64,22.59,0.05000000000000071,Flat
2024-10-08,21.42,21.52,-0.09999999999999787,Flat
2024-10-09,20.86,20.91,-0.05000000000000071,Flat
2024-10-10,20.93,21.02,-0.08999999999999986,Flat
2024-10-11,20.46,20.77,-0.3099999999999987,Flat
2024-10-14,19.7,20.12,-0.4200000000000017,Flat
2024-10-15,20.64,20.8,-0.16000000000000014,Flat
2024-10-16,19.58,20.32,-0.740000000000002,Contango
2024-10-17,19.11,19.81,-0.6999999999999993,Contango
2024-10-18,18.03,19.19,-1.1600000000000001,Contango
2024-10-21,18.37,19.24,-0.8699999999999974,Contango
2024-10-22,18.2,19.17,-0.9700000000000024,Contango
2024-10-23,19.24,20.04,-0.8000000000000007,Contango
2024-10-24,19.08,19.85,-0.7700000000000031,Contango
2024-10-25,20.33,20.94,-0.610000000000003,Contango
2024-10-28,19.8,20.17,-0.370000000000001,Flat
2024-10-29,19.34,19.96,-0.620000000000001,Contango
2024-10-30,20.35,20.76,-0.41000000000000014,Flat
2024-10-31,23.16,22.64,0.5199999999999996,Backwardation
2024-11-01,21.88,21.91,-0.030000000000001137,Flat
2024-11-04,21.98,21.57,0.41000000000000014,Flat
2024-11-05,20.49,20.19,0.29999999999999716,Flat
2024-11-06,16.27,17.67,-1.4000000000000021,Contango
2024-11-07,15.2,16.95,-1.75,Contango
2024-11-08,14.94,16.83,-1.8899999999999988,Contango
2024-11-11,14.97,16.8,-1.83,Contango
2024-11-12,14.71,16.71,-2.0,Contango
2024-11-13,14.02,16.51,-2.490000000000002,Contango
2024-11-14,14.31,16.68,-2.369999999999999,Contango
2024-11-15,16.14,17.81,-1.6699999999999982,Contango
2024-11-18,15.58,17.19,-1.6100000000000012,Contango
2024-11-19,16.35,17.69,-1.3399999999999999,Contango
2024-11-20,17.16,18.26,-1.1000000000000014,Contango
2024-11-21,16.87,18.18,-1.3099999999999987,Contango
2024-11-22,15.24,17.3,-2.0600000000000005,Contango
2024-11-25,14.6,16.87,-2.2700000000000014,Contango
2024-11-26,14.1,16.53,-2.4300000000000015,Contango
2024-11-27,14.1,16.6,-2.5000000000000018,Contango
2024-11-29,13.51,16.26,-2.7500000000000018,Contango
2024-12-02,13.34,16.34,-3.0,Contango
2024-12-03,13.3,16.24,-2.9399999999999977,Contango
2024-12-04,13.45,16.39,-2.9400000000000013,Contango
2024-12-05,13.54,16.58,-3.039999999999999,Contango
2024-12-06,12.77,16.32,-3.5500000000000007,Contango
2024-12-09,14.19,17.09,-2.9000000000000004,Contango
2024-12-10,14.18,16.98,-2.8000000000000007,Contango
2024-12-11,13.58,16.88,-3.299999999999999,Contango
2024-12-12,13.92,17.35,-3.4300000000000015,Contango
2024-12-13,13.81,17.15,-3.339999999999998,Contango
2024-12-16,14.69,17.57,-2.880000000000001,Contango
2024-12-17,15.87,18.13,-2.26,Contango
2024-12-18,27.62,24.24,3.3800000000000026,Backwardation
2024-12-19,24.09,24.14,-0.05000000000000071,Flat
2024-12-20,18.36,20.1,-1.740000000000002,Contango
2024-12-23,16.78,18.65,-1.8699999999999974,Contango
2024-12-24,14.27,17.2,-2.9299999999999997,Contango
2024-12-26,14.73,17.36,-2.629999999999999,Contango
2024-12-27,15.95,18.07,-2.120000000000001,Contango
2024-12-30,17.4,18.94,-1.5400000000000027,Contango
2024-12-31,17.35,18.98,-1.629999999999999,Contango
2025-01-02,17.93,19.33,-1.3999999999999986,Contango
2025-01-03,16.13,18.14,-2.0100000000000016,Contango
2025-01-06,16.04,18.03,-1.990000000000002,Contango
2025-01-07,17.82,19.19,-1.370000000000001,Contango
2025-01-08,17.7,19.34,-1.6400000000000006,Contango
2025-01-10,19.54,20.97,-1.4299999999999997,Contango
2025-01-13,19.19,20.43,-1.2399999999999984,Contango
2025-01-14,18.71,19.99,-1.2799999999999976,Contango
2025-01-15,16.12,18.23,-2.1099999999999994,Contango
2025-01-16,16.6,18.35,-1.75,Contango
2025-01-17,15.97,18.19,-2.2200000000000006,Contango
2025-01-21,15.06,17.5,-2.4399999999999995,Contango
2025-01-22,15.1,17.81,-2.709999999999999,Contango
2025-01-23,15.02,17.52,-2.5,Contango
2025-01-24,14.85,17.55,-2.700000000000001,Contango
2025-01-27,17.9,18.97,-1.0700000000000003,Contango
2025-01-28,16.41,18.13,-1.7199999999999989,Contango
2025-01-29,16.56,18.15,-1.5899999999999999,Contango
2025-01-30,15.84,17.91,-2.0700000000000003,Contango
2025-01-31,16.43,18.43,-2.0,Contango
2025-02-03,18.62,19.55,-0.9299999999999997,Contango
2025-02-04,17.21,18.64,-1.4299999999999997,Contango
2025-02-05,15.77,17.96,-2.1900000000000013,Contango
2025-02-06,15.5,17.94,-2.4400000000000013,Contango
2025-02-07,16.54,18.63,-2.09,Contango
2025-02-10,15.81,18.23,-2.42,Contango
2025-02-11,16.02,18.28,-2.2600000000000016,Contango
2025-02-12,15.89,18.31,-2.419999999999998,Contango
2025-02-13,15.1,17.84,-2.74,Contango
2025-02-14,14.77,17.81,-3.039999999999999,Contango
2025-02-18,15.35,17.82,-2.4700000000000006,Contango
2025-02-19,15.27,17.93,-2.66,Contango
2025-02-20,15.66,18.01,-2.3500000000000014,Contango
2025-02-21,18.21,19.48,-1.2699999999999996,Contango
2025-02-24,18.98,19.86,-0.879999999999999,Contango
2025-02-25,19.43,20.03,-0.6000000000000014,Contango
2025-02-26,19.1,19.75,-0.6499999999999986,Contango
2025-02-27,21.13,21.22,-0.08999999999999986,Flat
2025-02-28,19.63,20.18,-0.5500000000000007,Contango
2025-03-03,22.78,22.18,0.6000000000000014,Backwardation
2025-03-04,23.51,22.78,0.7300000000000004,Backwardation
2025-03-05,21.93,21.72,0.21000000000000085,Flat
2025-03-06,24.87,23.7,1.1700000000000017,Backwardation
2025-03-07,23.37,22.59,0.7800000000000011,Backwardation
2025-03-10,27.86,25.72,2.1400000000000006,Backwardation
2025-03-11,26.92,25.34,1.5800000000000018,Backwardation
2025-03-12,24.23,23.67,0.5599999999999987,Backwardation
2025-03-13,24.66,24.06,0.6000000000000014,Backwardation
2025-03-14,21.77,22.17,-0.40000000000000213,Flat
2025-03-17,20.51,21.3,-0.7899999999999991,Contango
2025-03-18,21.7,21.97,-0.2699999999999996,Flat
2025-03-19,19.9,20.83,-0.9299999999999997,Contango
2025-03-20,19.8,20.71,-0.9100000000000001,Contango
2025-03-21,19.28,20.35,-1.0700000000000003,Contango
2025-03-24,17.48,19.04,-1.5599999999999987,Contango
2025-03-25,17.15,19.05,-1.9000000000000021,Contango
2025-03-26,18.33,19.84,-1.5100000000000016,Contango
2025-03-27,18.69,19.89,-1.1999999999999993,Contango
2025-03-28,21.65,22.01,-0.360000000000003,Flat
2025-03-31,22.28,21.97,0.3100000000000023,Flat
2025-04-01,21.77,21.82,-0.05000000000000071,Flat
2025-04-02,21.51,21.45,0.060000000000002274,Flat
2025-04-03,30.02,27.38,2.6400000000000006,Backwardation
2025-04-04,45.31,36.71,8.600000000000001,Backwardation
2025-04-07,46.98,36.88,10.099999999999994,Backwardation
2025-04-08,52.33,41.5,10.829999999999998,Backwardation
2025-04-09,33.62,29.92,3.6999999999999957,Backwardation
2025-04-10,40.72,35.71,5.009999999999998,Backwardation
2025-04-11,37.56,33.91,3.6500000000000057,Backwardation
2025-04-14,30.89,29.63,1.2600000000000016,Backwardation
2025-04-15,30.12,29.0,1.120000000000001,Backwardation
2025-04-16,32.64,30.94,1.6999999999999993,Backwardation
2025-04-17,29.65,29.35,0.29999999999999716,Flat
2025-04-21,33.82,31.83,1.990000000000002,Backwardation
2025-04-22,30.57,29.45,1.120000000000001,Backwardation
2025-04-23,28.45,28.02,0.4299999999999997,Flat
2025-04-24,26.47,26.44,0.029999999999997584,Flat
2025-04-25,24.84,25.37,-0.5300000000000011,Contango
2025-04-28,25.15,25.73,-0.5800000000000018,Contango
2025-04-29,24.17,25.22,-1.0499999999999972,Contango
2025-04-30,24.7,25.54,-0.8399999999999999,Contango
2025-05-01,24.6,25.49,-0.889999999999997,Contango
2025-05-02,22.68,24.0,-1.3200000000000003,Contango
2025-05-05,23.64,24.55,-0.9100000000000001,Contango
2025-05-06,24.76,25.41,-0.6499999999999986,Contango
2025-05-07,23.55,24.7,-1.1499999999999986,Contango
2025-05-08,22.48,23.76,-1.2800000000000011,Contango
2025-05-09,21.9,23.38,-1.4800000000000004,Contango
2025-05-12,18.39,20.22,-1.8299999999999983,Contango
2025-05-13,18.22,20.09,-1.870000000000001,Contango
2025-05-14,18.62,20.58,-1.9599999999999973,Contango
2025-05-15,17.83,20.25,-2.4200000000000017,Contango
2025-05-16,17.24,20.08,-2.84,Contango
2025-05-19,18.14,20.69,-2.5500000000000007,Contango
2025-05-20,18.09,20.72,-2.629999999999999,Contango
2025-05-21,20.87,22.66,-1.7899999999999991,Contango
2025-05-22,20.28,22.32,-2.039999999999999,Contango
2025-05-23,22.29,23.8,-1.5100000000000016,Contango
2025-05-27,18.96,21.29,-2.3299999999999983,Contango
2025-05-28,19.31,21.67,-2.360000000000003,Contango
2025-05-29,19.18,21.62,-2.4400000000000013,Contango
2025-05-30,18.57,21.38,-2.8099999999999987,Contango
2025-06-02,18.36,21.09,-2.7300000000000004,Contango
2025-06-03,17.69,20.72,-3.0299999999999976,Contango
2025-06-04,17.61,20.66,-3.0500000000000007,Contango
2025-06-05,18.48,21.11,-2.629999999999999,Contango
2025-06-06,16.77,20.02,-3.25,Contango
2025-06-09,17.16,20.09,-2.9299999999999997,Contango
2025-06-10,16.95,19.94,-2.990000000000002,Contango
2025-06-11,17.26,20.3,-3.039999999999999,Contango
2025-06-12,18.02,20.65,-2.629999999999999,Contango
2025-06-13,20.82,22.62,-1.8000000000000007,Contango
2025-06-16,19.11,21.23,-2.120000000000001,Contango
2025-06-17,21.6,22.91,-1.3099999999999987,Contango
2025-06-18,20.14,21.97,-1.8299999999999983,Contango
2025-06-20,20.62,22.48,-1.8599999999999994,Contango
2025-06-23,19.83,21.82,-1.990000000000002,Contango
2025-06-24,17.48,20.05,-2.5700000000000003,Contango
2025-06-25,16.76,19.67,-2.91,Contango
2025-06-26,16.59,19.45,-2.8599999999999994,Contango
2025-06-27,16.32,19.45,-3.129999999999999,Contango
2025-06-30,16.73,19.44,-2.710000000000001,Contango
2025-07-01,16.83,19.51,-2.6800000000000033,Contango
2025-07-02,16.64,19.35,-2.710000000000001,Contango
2025-07-03,16.38,19.21,-2.830000000000002,Contango
2025-07-07,17.79,20.21,-2.4200000000000017,Contango
2025-07-08,16.81,19.58,-2.7699999999999996,Contango
2025-07-09,15.94,19.02,-3.08,Contango
2025-07-10,15.78,18.92,-3.1400000000000023,Contango
2025-07-11,16.4,19.37,-2.9700000000000024,Contango
2025-07-14,17.2,19.84,-2.6400000000000006,Contango
2025-07-15,17.38,20.06,-2.6799999999999997,Contango
2025-07-16,17.16,20.09,-2.9299999999999997,Contango
2025-07-17,16.52,19.69,-3.1700000000000017,Contango
2025-07-18,16.41,19.58,-3.169999999999998,Contango
2025-07-21,16.65,19.51,-2.860000000000003,Contango
2025-07-22,16.5,19.53,-3.030000000000001,Contango
2025-07-23,15.37,18.56,-3.1899999999999995,Contango
2025-07-24,15.39,18.56,-3.169999999999998,Contango
2025-07-25,14.93,18.32,-3.3900000000000006,Contango
2025-07-28,15.03,18.16,-3.130000000000001,Contango
2025-07-29,15.98,18.77,-2.789999999999999,Contango
2025-07-30,15.48,18.35,-2.870000000000001,Contango
2025-07-31,16.72,19.14,-2.4200000000000017,Contango
2025-08-01,20.38,21.24,-0.8599999999999994,Contango
2025-08-04,17.52,19.61,-2.09,Contango
2025-08-05,17.85,20.03,-2.1799999999999997,Contango
2025-08-06,16.77,19.47,-2.6999999999999993,Contango
2025-08-07,16.57,19.35,-2.780000000000001,Contango
2025-08-08,15.15,18.7,-3.549999999999999,Contango
2025-08-11,16.25,19.25,-3.0,Contango
2025-08-12,14.73,18.34,-3.6099999999999994,Contango
2025-08-13,14.49,18.33,-3.839999999999998,Contango
2025-08-14,14.83,18.49,-3.6599999999999984,Contango
2025-08-15,15.09,18.64,-3.5500000000000007,Contango
2025-08-18,14.99,18.45,-3.459999999999999,Contango
2025-08-19,15.57,18.9,-3.3299999999999983,Contango
2025-08-20,15.69,19.1,-3.410000000000002,Contango
2025-08-21,16.6,19.41,-2.8099999999999987,Contango
2025-08-22,14.22,17.76,-3.540000000000001,Contango
2025-08-25,14.79,18.02,-3.2300000000000004,Contango
2025-08-26,14.62,17.9,-3.2799999999999994,Contango
2025-08-27,14.85,17.94,-3.0900000000000016,Contango
2025-08-28,14.43,17.72,-3.289999999999999,Contango
2025-08-29,15.36,18.35,-2.990000000000002,Contango
2025-09-02,17.17,19.38,-2.2099999999999973,Contango
2025-09-03,16.35,18.93,-2.5799999999999983,Contango
2025-09-04,15.3,18.39,-3.09,Contango
2025-09-05,15.18,18.42,-3.240000000000002,Contango
2025-09-08,15.11,18.29,-3.1799999999999997,Contango
2025-09-09,15.04,18.27,-3.2300000000000004,Contango
2025-09-10,15.35,18.44,-3.0900000000000016,Contango
2025-09-11,14.71,18.03,-3.3200000000000003,Contango
2025-09-12,14.76,18.06,-3.299999999999999,Contango
2025-09-15,15.69,18.53,-2.8400000000000016,Contango
2025-09-16,16.36,18.91,-2.5500000000000007,Contango
2025-09-17,15.72,18.44,-2.7200000000000006,Contango
2025-09-18,15.7,18.52,-2.8200000000000003,Contango
2025-09-19,15.45,18.48,-3.030000000000001,Contango
2025-09-22,16.1,18.95,-2.849999999999998,Contango
2025-09-23,16.64,19.44,-2.8000000000000007,Contango
2025-09-24,16.18,19.14,-2.960000000000001,Contango
2025-09-25,16.74,19.46,-2.7200000000000024,Contango
2025-09-26,15.29,18.41,-3.120000000000001,Contango
2025-09-29,16.12,18.76,-2.6400000000000006,Contango
2025-09-30,16.28,18.77,-2.4899999999999984,Contango
2025-10-01,16.29,18.76,-2.4700000000000024,Contango
2025-10-02,16.63,18.89,-2.2600000000000016,Contango
2025-10-03,16.65,19.08,-2.4299999999999997,Contango
2025-10-06,16.37,19.12,-2.75,Contango
2025-10-07,17.24,19.71,-2.4700000000000024,Contango
2025-10-08,16.3,19.26,-2.960000000000001,Contango
2025-10-09,16.43,19.38,-2.9499999999999993,Contango
2025-10-10,21.66,22.81,-1.1499999999999986,Contango
2025-10-13,19.03,20.93,-1.8999999999999986,Contango
2025-10-14,20.81,22.03,-1.2200000000000024,Contango
2025-10-15,20.64,21.94,-1.3000000000000007,Contango
2025-10-16,25.31,24.87,0.4399999999999977,Flat
2025-10-17,20.78,22.09,-1.3099999999999987,Contango
2025-10-20,18.23,20.31,-2.0799999999999983,Contango
2025-10-21,17.87,19.99,-2.1199999999999974,Contango
2025-10-22,18.6,20.31,-1.7099999999999973,Contango
2025-10-23,17.3,19.65,-2.349999999999998,Contango
2025-10-24,16.37,19.2,-2.8299999999999983,Contango
2025-10-27,15.79,18.99,-3.1999999999999993,Contango
2025-10-28,16.42,19.55,-3.129999999999999,Contango
2025-10-29,16.92,19.83,-2.9099999999999966,Contango
2025-10-30,16.91,19.98,-3.0700000000000003,Contango
2025-10-31,17.44,20.49,-3.049999999999997,Contango
2025-11-03,17.17,20.38,-3.2099999999999973,Contango
2025-11-04,19.0,21.29,-2.289999999999999,Contango
2025-11-05,18.01,20.6,-2.59,Contango
2025-11-06,19.5,21.35,-1.8500000000000014,Contango
2025-11-07,19.08,21.19,-2.110000000000003,Contango
2025-11-10,17.6,20.24,-2.639999999999997,Contango
2025-11-11,17.28,20.19,-2.91,Contango
2025-11-12,17.51,20.34,-2.8299999999999983,Contango
2025-11-13,20.0,21.85,-1.8500000000000014,Contango
2025-11-14,19.83,21.58,-1.75,Contango
2025-11-17,22.38,23.18,-0.8000000000000007,Contango
2025-11-18,24.69,24.54,0.15000000000000213,Flat
2025-11-19,23.66,23.99,-0.3299999999999983,Flat
2025-11-20,26.42,25.76,0.6600000000000001,Backwardation
2025-11-21,23.43,23.96,-0.5300000000000011,Contango
2025-11-24,20.52,21.85,-1.3300000000000018,Contango
2025-11-25,18.56,20.73,-2.1700000000000017,Contango
2025-11-26,17.19,20.02,-2.8299999999999983,Contango
2025-11-28,16.35,19.64,-3.289999999999999,Contango
2025-12-01,17.24,20.22,-2.9800000000000004,Contango
2025-12-02,16.59,19.84,-3.25,Contango
2025-12-03,16.08,19.71,-3.6300000000000026,Contango
2025-12-04,15.78,19.49,-3.709999999999999,Contango
2025-12-05,15.41,19.27,-3.8599999999999994,Contango
2025-12-08,16.66,19.91,-3.25,Contango
2025-12-09,16.93,20.08,-3.1499999999999986,Contango
2025-12-10,15.77,19.35,-3.580000000000002,Contango
2025-12-11,14.85,19.05,-4.200000000000001,Contango
2025-12-12,15.74,19.25,-3.51,Contango
2025-12-15,16.5,19.68,-3.1799999999999997,Contango
2025-12-16,16.48,19.67,-3.1900000000000013,Contango
2025-12-17,17.62,20.08,-2.4599999999999973,Contango
2025-12-18,16.87,19.59,-2.719999999999999,Contango
2025-12-19,14.91,18.25,-3.34,Contango
2025-12-22,14.08,17.79,-3.709999999999999,Contango
2025-12-23,14.0,17.84,-3.84,Contango
2025-12-24,13.47,17.77,-4.299999999999999,Contango
2025-12-26,13.6,17.77,-4.17,Contango
2025-12-29,14.2,17.82,-3.620000000000001,Contango
2025-12-30,14.33,17.77,-3.4399999999999995,Contango
2025-12-31,14.95,18.18,-3.2300000000000004,Contango
2026-01-02,14.51,18.02,-3.51,Contango
2026-01-05,14.9,18.32,-3.42,Contango
2026-01-06,14.75,18.15,-3.3999999999999986,Contango
2026-01-07,15.38,18.59,-3.209999999999999,Contango
2026-01-08,15.45,18.39,-2.9400000000000013,Contango
2026-01-09,14.49,17.88,-3.389999999999999,Contango
2026-01-12,15.12,18.23,-3.110000000000001,Contango
2026-01-13,15.98,18.85,-2.870000000000001,Contango
2026-01-14,16.75,19.37,-2.620000000000001,Contango
2026-01-15,15.84,18.9,-3.0599999999999987,Contango
2026-01-16,15.86,18.99,-3.129999999999999,Contango
2026-01-20,20.09,21.28,-1.1900000000000013,Contango
2026-01-21,16.9,19.36,-2.460000000000001,Contango
2026-01-22,15.64,18.75,-3.1099999999999994,Contango
2026-01-23,16.09,19.15,-3.0599999999999987,Contango
2026-01-26,16.15,19.07,-2.9200000000000017,Contango
2026-01-27,16.35,19.22,-2.8699999999999974,Contango
2026-01-28,16.35,19.3,-2.9499999999999993,Contango
2026-01-29,16.88,19.67,-2.7900000000000027,Contango
2026-01-30,17.44,20.07,-2.629999999999999,Contango
2026-02-02,16.34,19.37,-3.030000000000001,Contango
2026-02-03,18.0,20.35,-2.3500000000000014,Contango
2026-02-04,18.64,20.62,-1.9800000000000004,Contango
2026-02-05,21.77,22.45,-0.6799999999999997,Contango
