Date,Type,Sub Type,Action,Symbol,Instrument Type,Description,Value,Quantity,Average Price,Commissions,Fees,Multiplier,Root Symbol,Underlying Symbol,Expiration Date,Strike Price,Call or Put,Order #,Total,Currency
2026-05-23T15:46:16-0400,Money Movement,Balance Adjustment,,,,Regulatory fee adjustment,-0.05,0,,--,0.00,,,,,,,,-0.05,USD
2026-05-20T15:03:47-0400,Trade,Sell to Close,SELL_TO_CLOSE,SGOV,Equity,Sold 3 SGOV @ 100.57,301.72,3,100.57,0.00,-0.01,,,,,,,469360463,301.71,USD
2026-05-20T15:03:47-0400,Trade,Sell to Open,SELL_TO_OPEN,QLD,Equity,Sold 7 QLD @ 91.50,640.50,7,91.50,0.00,-0.03,,,,,,,469360456,640.47,USD
2026-05-20T15:03:47-0400,Trade,Sell to Close,SELL_TO_CLOSE,SGOV,Equity,Sold 3 SGOV @ 100.57,301.71,3,100.57,0.00,-0.01,,,,,,,469360454,301.70,USD
2026-05-20T15:03:46-0400,Trade,Sell to Open,SELL_TO_OPEN,QLD,Equity,Sold 7 QLD @ 91.51,640.57,7,91.51,0.00,-0.03,,,,,,,469360450,640.54,USD
2026-05-20T15:03:46-0400,Trade,Sell to Open,SELL_TO_OPEN,QQQ,Equity,Sold 6 QQQ @ 710.99,"4,265.97",6,710.99,0.00,-0.10,,,,,,,469360449,"4,265.87",USD
2026-05-20T15:03:46-0400,Trade,Sell to Open,SELL_TO_OPEN,QQQ,Equity,Sold 6 QQQ @ 710.99,"4,265.94",6,710.99,0.00,-0.10,,,,,,,469360442,"4,265.85",USD
2026-05-20T12:11:52-0400,Trade,Sell to Close,SELL_TO_CLOSE,SGOV,Equity,Sold 3 SGOV @ 100.57,301.72,3,100.57,0.00,-0.01,,,,,,,469214181,301.71,USD
2026-05-20T12:11:51-0400,Trade,Sell to Close,SELL_TO_CLOSE,SGOV,Equity,Sold 1 SGOV @ 100.57,100.57,1,100.57,0.00,-0.01,,,,,,,469214179,100.56,USD
2026-05-20T12:11:51-0400,Trade,Sell to Open,SELL_TO_OPEN,QLD,Equity,Sold 7 QLD @ 91.46,640.23,7,91.46,0.00,-0.03,,,,,,,469214177,640.20,USD
2026-05-20T12:11:51-0400,Trade,Sell to Open,SELL_TO_OPEN,QQQ,Equity,Sold 6 QQQ @ 710.86,"4,265.16",6,710.86,0.00,-0.10,,,,,,,469214172,"4,265.06",USD
2026-05-20T12:11:50-0400,Trade,Sell to Close,SELL_TO_CLOSE,SGOV,Equity,Sold 3 SGOV @ 100.58,301.72,3,100.57,0.00,-0.01,,,,,,,469214155,301.71,USD
2026-05-20T12:11:50-0400,Trade,Sell to Open,SELL_TO_OPEN,QLD,Equity,Sold 7 QLD @ 91.48,640.32,7,91.48,0.00,-0.03,,,,,,,469214152,640.30,USD
2026-05-20T12:11:49-0400,Trade,Sell to Open,SELL_TO_OPEN,QQQ,Equity,Sold 6 QQQ @ 710.87,"4,265.23",6,710.87,0.00,-0.10,,,,,,,469214148,"4,265.14",USD
2026-05-20T12:11:49-0400,Trade,Sell to Close,SELL_TO_CLOSE,SGOV,Equity,Sold 1 SGOV @ 100.58,100.57,1,100.57,0.00,-0.01,,,,,,,469214146,100.56,USD
2026-05-16T13:53:26-0400,Money Movement,Balance Adjustment,,,,Regulatory fee adjustment,-0.02,0,,--,0.00,,,,,,,,-0.02,USD
2026-05-15T17:00:00-0400,Receive Deliver,Assignment,,QQQ   260515C00618000,Equity Option,Removal of option due to assignment,0.00,4,0.00,--,0.00,100,QQQ,QQQ,5/15/26,618,CALL,,0.00,USD
2026-05-15T17:00:00-0400,Receive Deliver,Sell to Close,SELL_TO_CLOSE,QQQ,Equity,Sell to Close 400 QQQ @ 618.00,"247,200.00",400,618.00,--,-10.18,,,,,,,,"247,189.82",USD
2026-05-15T17:00:00-0400,Receive Deliver,Exercise,,QQQ   260515C00635000,Equity Option,Removal of option due to exercise,0.00,2,0.00,--,0.00,100,QQQ,QQQ,5/15/26,635,CALL,,0.00,USD
2026-05-15T17:00:00-0400,Receive Deliver,Buy to Open,BUY_TO_OPEN,QQQ,Equity,Buy to Open 200 QQQ @ 635.00,"-127,000.00",200,-635.00,--,-5.00,,,,,,,,"-127,005.00",USD
2026-05-15T17:00:00-0400,Receive Deliver,Exercise,,QQQ   260515C00636000,Equity Option,Removal of option due to exercise,0.00,2,0.00,--,0.00,100,QQQ,QQQ,5/15/26,636,CALL,,0.00,USD
2026-05-15T17:00:00-0400,Receive Deliver,Buy to Close,BUY_TO_CLOSE,QQQ,Equity,Buy to Close 200 QQQ @ 636.00,"-127,200.00",200,-636.00,--,-5.00,,,,,,,,"-127,205.00",USD
2026-05-15T17:00:00-0400,Receive Deliver,Exercise,,QQQ   260515C00637000,Equity Option,Removal of option due to exercise,0.00,2,0.00,--,0.00,100,QQQ,QQQ,5/15/26,637,CALL,,0.00,USD
2026-05-15T17:00:00-0400,Receive Deliver,Buy to Close,BUY_TO_CLOSE,QQQ,Equity,Buy to Close 200 QQQ @ 637.00,"-127,400.00",200,-637.00,--,-5.00,,,,,,,,"-127,405.00",USD
2026-05-14T15:03:29-0400,Trade,Sell to Close,SELL_TO_CLOSE,SGOV,Equity,Sold 3 SGOV @ 100.51,301.53,3,100.51,0.00,-0.01,,,,,,,467294341,301.52,USD
2026-05-14T15:03:29-0400,Trade,Sell to Open,SELL_TO_OPEN,QLD,Equity,Sold 7 QLD @ 94.09,658.63,7,94.09,0.00,-0.03,,,,,,,467294338,658.60,USD
2026-05-14T15:03:28-0400,Trade,Sell to Open,SELL_TO_OPEN,QQQ,Equity,Sold 6 QQQ @ 720.46,"4,322.76",6,720.46,0.00,-0.10,,,,,,,467294331,"4,322.66",USD
2026-05-14T15:03:27-0400,Trade,Sell to Close,SELL_TO_CLOSE,SGOV,Equity,Sold 3 SGOV @ 100.51,301.54,3,100.51,0.00,-0.01,,,,,,,467294307,301.53,USD
2026-05-14T15:03:27-0400,Trade,Sell to Open,SELL_TO_OPEN,QLD,Equity,Sold 7 QLD @ 94.08,658.59,7,94.09,0.00,-0.03,,,,,,,467294298,658.57,USD
2026-05-14T15:03:26-0400,Trade,Sell to Open,SELL_TO_OPEN,QQQ,Equity,Sold 6 QQQ @ 720.46,"4,322.73",6,720.45,0.00,-0.10,,,,,,,467294292,"4,322.63",USD
2026-05-09T12:52:09-0400,Money Movement,Balance Adjustment,,,,Regulatory fee adjustment,-0.02,0,,--,0.00,,,,,,,,-0.02,USD
2026-05-07T09:30:01-0400,Trade,Sell to Close,SELL_TO_CLOSE,SGOV,Equity,Sold 1 SGOV @ 100.44,100.44,1,100.44,0.00,-0.01,,,,,,,464188628,100.43,USD
2026-05-07T09:30:01-0400,Trade,Sell to Close,SELL_TO_CLOSE,SGOV,Equity,Sold 1 SGOV @ 100.44,100.44,1,100.44,0.00,-0.01,,,,,,,464188629,100.43,USD
2026-05-06T17:00:00-0400,Money Movement,Dividend,,SGOV,Equity,ISHARES TRUST,12.51,0,,--,0.00,,,,,,,,12.51,USD
2026-05-06T15:01:19-0400,Trade,Sell to Open,SELL_TO_OPEN,QLD,Equity,Sold 1 QLD @ 87.44,87.43,1,87.43,0.00,-0.01,,,,,,,464098082,87.42,USD
2026-04-25T15:27:32-0400,Money Movement,Balance Adjustment,,,,Regulatory fee adjustment,-0.24,0,,--,0.00,,,,,,,,-0.24,USD
2026-04-24T16:00:00-0400,Receive Deliver,Expiration,BUY_TO_CLOSE,TQQQ  260424P00049500,Equity Option,Removal of 1.0 TQQQ 04/24/26 Put 49.50 due to expiration.,0.00,1,0.00,--,0.00,100,TQQQ,TQQQ,4/24/26,49.5,PUT,,0.00,USD
2026-04-23T15:01:19-0400,Trade,Sell to Close,SELL_TO_CLOSE,SGOV,Equity,Sold 2 SGOV @ 100.60,201.21,2,100.60,0.00,-0.01,,,,,,,458684142,201.20,USD
2026-04-23T15:01:19-0400,Trade,Sell to Open,SELL_TO_OPEN,QLD,Equity,Sold 5 QLD @ 76.93,384.67,5,76.93,0.00,-0.01,,,,,,,458684131,384.66,USD
2026-04-23T15:01:19-0400,Trade,Sell to Open,SELL_TO_OPEN,QQQ,Equity,Sold 3 QQQ @ 649.93,"1,949.79",3,649.93,0.00,-0.05,,,,,,,458684121,"1,949.74",USD
2026-04-23T11:40:04-0400,Trade,Buy to Close,BUY_TO_CLOSE,QLD,Equity,Bought 0.99993 QLD @ 78.44,-78.43,0.99993,-78.44,0.00,-0.10,,,,,,,458394451,-78.53,USD
2026-04-23T11:40:04-0400,Trade,Buy to Close,BUY_TO_CLOSE,QLD,Equity,Bought 0.99993 QLD @ 78.44,-78.43,0.99993,-78.44,0.00,-0.10,,,,,,,458394447,-78.53,USD
2026-04-23T11:40:04-0400,Trade,Buy to Close,BUY_TO_CLOSE,QLD,Equity,Bought 0.99993 QLD @ 78.44,-78.43,0.99993,-78.44,0.00,-0.10,,,,,,,458394444,-78.53,USD
2026-04-23T11:40:04-0400,Trade,Buy to Open,BUY_TO_OPEN,SGOV,Equity,Bought 7.9995 SGOV @ 100.61,-804.83,7.9995,-100.61,0.00,-0.10,,,,,,,458394445,-804.93,USD
2026-04-23T11:40:04-0400,Trade,Buy to Open,BUY_TO_OPEN,SGOV,Equity,Bought 0.9999 SGOV @ 100.61,-100.60,0.9999,-100.61,0.00,-0.10,,,,,,,458394443,-100.70,USD
2026-04-23T11:40:04-0400,Trade,Buy to Open,BUY_TO_OPEN,SGOV,Equity,Bought 7.9995 SGOV @ 100.61,-804.83,7.9995,-100.61,0.00,-0.10,,,,,,,458394442,-804.93,USD
2026-04-23T11:40:04-0400,Trade,Buy to Close,BUY_TO_CLOSE,QQQ,Equity,Bought 0.9999 QQQ @ 656.22,-656.15,0.9999,-656.22,0.00,-0.10,,,,,,,458394441,-656.25,USD
2026-04-23T11:40:04-0400,Trade,Buy to Close,BUY_TO_CLOSE,QQQ,Equity,Bought 0.99992 QQQ @ 656.21,-656.16,0.99992,-656.21,0.00,-0.10,,,,,,,458394440,-656.26,USD
2026-04-23T11:40:04-0400,Trade,Buy to Close,BUY_TO_CLOSE,QQQ,Equity,Bought 0.99992 QQQ @ 656.21,-656.16,0.99992,-656.21,0.00,-0.10,,,,,,,458394438,-656.26,USD
2026-04-23T11:40:04-0400,Trade,Buy to Close,BUY_TO_CLOSE,QQQ,Equity,Bought 1.00011 QQQ @ 656.20,-656.28,1.00011,-656.20,0.00,-0.10,,,,,,,458394437,-656.38,USD
2026-04-23T11:40:04-0400,Trade,Sell to Open,SELL_TO_OPEN,TQQQ,Equity,Sold 5 TQQQ @ 60.52,302.60,5,60.52,0.00,-0.01,,,,,,,458394435,302.59,USD
2026-04-23T11:40:03-0400,Trade,Sell to Open,SELL_TO_OPEN,TQQQ,Equity,Sold 5 TQQQ @ 60.52,302.61,5,60.52,0.00,-0.01,,,,,,,458394434,302.59,USD
2026-04-23T11:40:03-0400,Trade,Sell to Open,SELL_TO_OPEN,TQQQ,Equity,Sold 5 TQQQ @ 60.52,302.62,5,60.52,0.00,-0.01,,,,,,,458394433,302.61,USD
2026-04-23T11:40:03-0400,Trade,Sell to Open,SELL_TO_OPEN,TQQQ,Equity,Sold 5 TQQQ @ 60.52,302.60,5,60.52,0.00,-0.01,,,,,,,458394432,302.59,USD
2026-04-23T11:40:03-0400,Trade,Buy to Close,BUY_TO_CLOSE,QLD,Equity,Bought 3.00095 QLD @ 78.44,-235.38,3.00095,-78.44,0.00,-0.10,,,,,,,458394424,-235.48,USD
2026-04-23T11:40:03-0400,Trade,Sell to Open,SELL_TO_OPEN,TQQQ,Equity,Sold 5 TQQQ @ 60.52,302.62,5,60.52,0.00,-0.01,,,,,,,458394428,302.61,USD
2026-04-23T11:40:03-0400,Trade,Sell to Open,SELL_TO_OPEN,TQQQ,Equity,Sold 5 TQQQ @ 60.52,302.60,5,60.52,0.00,-0.01,,,,,,,458394425,302.59,USD
2026-04-23T11:40:03-0400,Trade,Sell to Close,SELL_TO_CLOSE,SGOV,Equity,Sold 1 SGOV @ 100.60,100.60,1,100.60,0.00,-0.01,,,,,,,458394421,100.59,USD
2026-04-23T11:40:03-0400,Trade,Sell to Close,SELL_TO_CLOSE,SGOV,Equity,Sold 1 SGOV @ 100.60,100.60,1,100.60,0.00,-0.01,,,,,,,458394418,100.59,USD
2026-04-23T11:39:24-0400,Trade,Buy to Close,BUY_TO_CLOSE,QLD,Equity,Bought 1.00012 QLD @ 78.45,-78.46,1.00012,-78.45,0.00,-0.10,,,,,,,458393516,-78.56,USD
2026-04-23T11:39:24-0400,Trade,Buy to Close,BUY_TO_CLOSE,QQQ,Equity,Bought 1.00006 QQQ @ 656.24,-656.27,1.00006,-656.23,0.00,-0.10,,,,,,,458393512,-656.37,USD
2026-04-23T11:39:24-0400,Trade,Sell to Open,SELL_TO_OPEN,TQQQ,Equity,Sold 5 TQQQ @ 60.54,302.71,5,60.54,0.00,-0.01,,,,,,,458393509,302.69,USD
2026-04-23T11:39:22-0400,Trade,Buy to Open,BUY_TO_OPEN,SGOV,Equity,Bought 0.9999 SGOV @ 100.61,-100.60,0.9999,-100.61,0.00,-0.10,,,,,,,458393471,-100.70,USD
2026-04-23T11:39:22-0400,Trade,Buy to Close,BUY_TO_CLOSE,QLD,Equity,Bought 1.00019 QLD @ 78.44,-78.46,1.00019,-78.45,0.00,-0.10,,,,,,,458393469,-78.56,USD
2026-04-23T11:39:22-0400,Trade,Buy to Close,BUY_TO_CLOSE,QQQ,Equity,Bought 1.00007 QQQ @ 656.23,-656.28,1.00007,-656.23,0.00,-0.10,,,,,,,458393464,-656.38,USD
2026-04-23T11:39:22-0400,Trade,Sell to Open,SELL_TO_OPEN,TQQQ,Equity,Sold 1 TQQQ @ 60.54,60.54,1,60.54,0.00,-0.01,,,,,,,458393461,60.53,USD
2026-04-23T11:39:22-0400,Trade,Sell to Open,SELL_TO_OPEN,TQQQ,Equity,Sold 2 TQQQ @ 60.54,121.08,2,60.54,0.00,-0.01,,,,,,,458393461,121.07,USD
2026-04-23T11:39:22-0400,Trade,Buy to Open,BUY_TO_OPEN,SGOV,Equity,Bought 1.9999 SGOV @ 100.61,-201.21,1.9999,-100.61,0.00,-0.10,,,,,,,458393459,-201.31,USD
2026-04-23T11:39:22-0400,Trade,Buy to Close,BUY_TO_CLOSE,QQQ,Equity,Bought 1.00004 QQQ @ 656.25,-656.28,1.00004,-656.25,0.00,-0.10,,,,,,,458393453,-656.38,USD
2026-04-23T11:39:21-0400,Trade,Sell to Open,SELL_TO_OPEN,TQQQ,Equity,Sold 2 TQQQ @ 60.54,121.08,2,60.54,0.00,-0.01,,,,,,,458393446,121.07,USD
2026-04-23T11:39:20-0400,Trade,Buy to Open,BUY_TO_OPEN,SGOV,Equity,Bought 8.9995 SGOV @ 100.61,-905.44,8.9995,-100.61,0.00,-0.10,,,,,,,458393419,-905.54,USD
2026-04-23T11:39:20-0400,Trade,Buy to Open,BUY_TO_OPEN,SGOV,Equity,Bought 8.9995 SGOV @ 100.61,-905.44,8.9995,-100.61,0.00,-0.10,,,,,,,458393414,-905.54,USD
2026-04-23T11:39:20-0400,Trade,Buy to Close,BUY_TO_CLOSE,QLD,Equity,Bought 3 QLD @ 78.46,-235.38,3,-78.46,0.00,-0.10,,,,,,,458393413,-235.48,USD
2026-04-23T11:39:20-0400,Trade,Buy to Open,BUY_TO_OPEN,SGOV,Equity,Bought 0.9999 SGOV @ 100.61,-100.60,0.9999,-100.61,0.00,-0.10,,,,,,,458393412,-100.70,USD
2026-04-23T11:39:20-0400,Trade,Buy to Open,BUY_TO_OPEN,SGOV,Equity,Bought 0.9999 SGOV @ 100.61,-100.60,0.9999,-100.61,0.00,-0.10,,,,,,,458393410,-100.70,USD
2026-04-23T11:39:20-0400,Trade,Sell to Open,SELL_TO_OPEN,TQQQ,Equity,Sold 3 TQQQ @ 60.54,181.62,3,60.54,0.00,-0.01,,,,,,,458393409,181.61,USD
2026-04-23T11:39:20-0400,Trade,Sell to Open,SELL_TO_OPEN,TQQQ,Equity,Sold 2 TQQQ @ 60.54,121.08,2,60.54,0.00,-0.01,,,,,,,458393408,121.07,USD
2026-04-23T11:39:20-0400,Trade,Buy to Close,BUY_TO_CLOSE,QLD,Equity,Bought 1 QLD @ 78.46,-78.45,1,-78.45,0.00,-0.10,,,,,,,458393402,-78.55,USD
2026-04-23T11:39:20-0400,Trade,Sell to Open,SELL_TO_OPEN,TQQQ,Equity,Sold 1 TQQQ @ 60.54,60.54,1,60.54,0.00,-0.01,,,,,,,458393406,60.53,USD
2026-04-23T11:39:20-0400,Trade,Buy to Open,BUY_TO_OPEN,SGOV,Equity,Bought 0.9999 SGOV @ 100.61,-100.60,0.9999,-100.61,0.00,-0.10,,,,,,,458393401,-100.70,USD
2026-04-23T11:39:20-0400,Trade,Sell to Open,SELL_TO_OPEN,TQQQ,Equity,Sold 2 TQQQ @ 60.54,121.08,2,60.54,0.00,-0.01,,,,,,,458393404,121.07,USD
2026-04-23T11:39:20-0400,Trade,Buy to Close,BUY_TO_CLOSE,QLD,Equity,Bought 1 QLD @ 78.46,-78.46,1,-78.46,0.00,-0.10,,,,,,,458393397,-78.56,USD
2026-04-23T11:39:19-0400,Trade,Buy to Close,BUY_TO_CLOSE,QQQ,Equity,Bought 1.00003 QQQ @ 656.26,-656.27,1.00003,-656.26,0.00,-0.10,,,,,,,458393394,-656.37,USD
2026-04-23T11:39:19-0400,Trade,Buy to Close,BUY_TO_CLOSE,QQQ,Equity,Bought 1.00006 QQQ @ 656.24,-656.28,1.00006,-656.24,0.00,-0.10,,,,,,,458393392,-656.38,USD
2026-04-23T11:39:19-0400,Trade,Sell to Open,SELL_TO_OPEN,TQQQ,Equity,Sold 1 TQQQ @ 60.54,60.54,1,60.54,0.00,-0.01,,,,,,,458393391,60.53,USD
2026-04-23T11:39:19-0400,Trade,Sell to Open,SELL_TO_OPEN,TQQQ,Equity,Sold 1 TQQQ @ 60.54,60.54,1,60.54,0.00,-0.01,,,,,,,458393387,60.53,USD
2026-04-23T09:30:01-0400,Trade,Sell to Close,SELL_TO_CLOSE,SGOV,Equity,Sold 42 SGOV @ 100.61,"4,225.62",42,100.61,0.00,-0.13,,,,,,,458153056,"4,225.49",USD
2026-04-22T15:34:29-0400,Trade,Buy to Close,BUY_TO_CLOSE,QLD,Equity,Bought 0.9998 QLD @ 78.00,-77.99,0.9998,-78.00,0.00,-0.10,,,,,,,458114778,-78.09,USD
2026-04-22T15:34:29-0400,Trade,Buy to Close,BUY_TO_CLOSE,QLD,Equity,Bought 0.99974 QLD @ 78.01,-77.99,0.99974,-78.01,0.00,-0.10,,,,,,,458114777,-78.09,USD
2026-04-22T15:34:29-0400,Trade,Buy to Close,BUY_TO_CLOSE,QQQ,Equity,Bought 0.9999 QQQ @ 654.30,-654.24,0.9999,-654.31,0.00,-0.10,,,,,,,458114775,-654.34,USD
2026-04-22T15:34:29-0400,Trade,Buy to Close,BUY_TO_CLOSE,QQQ,Equity,Bought 0.9999 QQQ @ 654.30,-654.24,0.9999,-654.31,0.00,-0.10,,,,,,,458114772,-654.34,USD
2026-04-22T15:34:29-0400,Trade,Sell to Open,SELL_TO_OPEN,TQQQ,Equity,Sold 2 TQQQ @ 60.03,120.06,2,60.03,0.00,-0.01,,,,,,,458114769,120.05,USD
2026-04-22T15:34:29-0400,Trade,Sell to Close,SELL_TO_CLOSE,TQQQ,Equity,Sold 2 TQQQ @ 60.04,120.07,2,60.03,0.00,-0.01,,,,,,,458114766,120.06,USD
2026-04-22T15:34:27-0400,Trade,Sell to Open,SELL_TO_OPEN,QLD,Equity,Sold 13 QLD @ 78.00,"1,014.06",13,78.01,0.00,-0.04,,,,,,,458114744,"1,014.02",USD
2026-04-22T15:34:27-0400,Trade,Buy to Close,BUY_TO_CLOSE,QLD,Equity,Bought 2.9991 QLD @ 78.01,-233.96,2.9991,-78.01,0.00,-0.10,,,,,,,458114742,-234.06,USD
2026-04-22T15:34:27-0400,Trade,Buy to Open,BUY_TO_OPEN,SGOV,Equity,Bought 9.00044 SGOV @ 100.60,-905.40,9.00044,-100.59,0.00,-0.10,,,,,,,458114741,-905.50,USD
2026-04-22T15:34:26-0400,Trade,Sell to Close,SELL_TO_CLOSE,TQQQ,Equity,Sold 2 TQQQ @ 60.04,120.07,2,60.03,0.00,-0.01,,,,,,,458114739,120.06,USD
2026-04-22T15:34:26-0400,Trade,Sell to Open,SELL_TO_OPEN,QQQ,Equity,Sold 9 QQQ @ 654.31,"5,888.79",9,654.31,0.00,-0.14,,,,,,,458114738,"5,888.65",USD
2026-04-22T15:34:26-0400,Trade,Sell to Close,SELL_TO_CLOSE,TQQQ,Equity,Sold 10 TQQQ @ 60.04,600.35,10,60.04,0.00,-0.03,,,,,,,458114737,600.32,USD
2026-04-22T15:24:12-0400,Trade,Buy to Open,BUY_TO_OPEN,SGOV,Equity,Bought 1.00004 SGOV @ 100.60,-100.60,1.00004,-100.59,0.00,-0.10,,,,,,,458107136,-100.70,USD
2026-04-22T15:24:12-0400,Trade,Buy to Close,BUY_TO_CLOSE,QLD,Equity,Bought 0.99974 QLD @ 77.97,-77.95,0.99974,-77.97,0.00,-0.10,,,,,,,458107135,-78.05,USD
2026-04-22T15:24:12-0400,Trade,Sell to Open,SELL_TO_OPEN,QLD,Equity,Sold 13 QLD @ 77.96,"1,013.48",13,77.96,0.00,-0.04,,,,,,,458107134,"1,013.44",USD
2026-04-22T15:24:12-0400,Trade,Buy to Close,BUY_TO_CLOSE,QQQ,Equity,Bought 1 QQQ @ 654.14,-654.14,1,-654.14,0.00,-0.10,,,,,,,458107128,-654.24,USD
2026-04-22T15:24:12-0400,Trade,Buy to Open,BUY_TO_OPEN,SGOV,Equity,Bought 9.00044 SGOV @ 100.60,-905.40,9.00044,-100.59,0.00,-0.10,,,,,,,458107124,-905.50,USD
2026-04-22T15:24:12-0400,Trade,Buy to Close,BUY_TO_CLOSE,QLD,Equity,Bought 2.99942 QLD @ 77.96,-233.85,2.99942,-77.97,0.00,-0.10,,,,,,,458107122,-233.95,USD
2026-04-22T15:24:12-0400,Trade,Sell to Close,SELL_TO_CLOSE,TQQQ,Equity,Sold 10 TQQQ @ 59.99,599.90,10,59.99,0.00,-0.03,,,,,,,458107121,599.87,USD
2026-04-22T15:24:12-0400,Trade,Buy to Open,BUY_TO_OPEN,SGOV,Equity,Bought 9 SGOV @ 100.60,-905.40,9,-100.60,0.00,-0.10,,,,,,,458107120,-905.50,USD
2026-04-22T15:24:11-0400,Trade,Sell to Close,SELL_TO_CLOSE,TQQQ,Equity,Sold 10 TQQQ @ 59.99,599.90,10,59.99,0.00,-0.03,,,,,,,458107119,599.87,USD
2026-04-22T15:24:11-0400,Trade,Sell to Close,SELL_TO_CLOSE,TQQQ,Equity,Sold 10 TQQQ @ 59.99,599.90,10,59.99,0.00,-0.03,,,,,,,458107117,599.87,USD
2026-04-22T15:24:11-0400,Trade,Sell to Open,SELL_TO_OPEN,QQQ,Equity,Sold 9 QQQ @ 654.13,"5,887.19",9,654.13,0.00,-0.14,,,,,,,458107116,"5,887.05",USD
2026-04-22T15:24:11-0400,Trade,Sell to Close,SELL_TO_CLOSE,TQQQ,Equity,Sold 10 TQQQ @ 59.99,599.90,10,59.99,0.00,-0.03,,,,,,,458107115,599.87,USD
2026-04-22T15:24:11-0400,Trade,Sell to Close,SELL_TO_CLOSE,TQQQ,Equity,Sold 10 TQQQ @ 59.99,599.90,10,59.99,0.00,-0.03,,,,,,,458107114,599.87,USD
2026-04-22T15:24:11-0400,Trade,Sell to Close,SELL_TO_CLOSE,TQQQ,Equity,Sold 10 TQQQ @ 59.99,599.90,10,59.99,0.00,-0.03,,,,,,,458107111,599.87,USD
2026-04-22T15:24:11-0400,Trade,Sell to Open,SELL_TO_OPEN,QQQ,Equity,Sold 9 QQQ @ 654.14,"5,887.21",9,654.13,0.00,-0.14,,,,,,,458107112,"5,887.07",USD
2026-04-22T15:24:11-0400,Trade,Sell to Close,SELL_TO_CLOSE,TQQQ,Equity,Sold 2 TQQQ @ 59.99,119.98,2,59.99,0.00,-0.01,,,,,,,458107113,119.97,USD
2026-04-22T15:24:11-0400,Trade,Sell to Close,SELL_TO_CLOSE,TQQQ,Equity,Sold 10 TQQQ @ 59.99,599.90,10,59.99,0.00,-0.03,,,,,,,458107110,599.87,USD
2026-04-22T15:23:47-0400,Trade,Buy to Close,BUY_TO_CLOSE,QQQ,Equity,Bought 10.99975 QQQ @ 654.15,"-7,195.49",10.99975,-654.15,0.00,-0.10,,,,,,,458106859,"-7,195.59",USD
2026-04-22T15:23:43-0400,Trade,Sell to Open,SELL_TO_OPEN,QLD,Equity,Sold 13 QLD @ 77.96,"1,013.48",13,77.96,0.00,-0.04,,,,,,,458106834,"1,013.44",USD
2026-04-22T15:23:43-0400,Trade,Buy to Open,BUY_TO_OPEN,SGOV,Equity,Bought 9.00034 SGOV @ 100.60,-905.39,9.00034,-100.59,0.00,-0.10,,,,,,,458106831,-905.49,USD
2026-04-22T15:23:43-0400,Trade,Buy to Close,BUY_TO_CLOSE,QLD,Equity,Bought 2.99942 QLD @ 77.96,-233.85,2.99942,-77.97,0.00,-0.10,,,,,,,458106824,-233.95,USD
2026-04-22T15:23:43-0400,Trade,Sell to Open,SELL_TO_OPEN,QQQ,Equity,Sold 9 QQQ @ 654.11,"5,886.99",9,654.11,0.00,-0.14,,,,,,,458106826,"5,886.85",USD
2026-04-22T15:23:43-0400,Trade,Sell to Close,SELL_TO_CLOSE,TQQQ,Equity,Sold 10 TQQQ @ 59.98,599.83,10,59.98,0.00,-0.03,,,,,,,458106828,599.80,USD
2026-04-22T15:23:43-0400,Trade,Sell to Close,SELL_TO_CLOSE,TQQQ,Equity,Sold 10 TQQQ @ 59.98,599.83,10,59.98,0.00,-0.03,,,,,,,458106827,599.80,USD
2026-04-22T15:23:43-0400,Trade,Buy to Open,BUY_TO_OPEN,SGOV,Equity,Bought 9.00034 SGOV @ 100.60,-905.39,9.00034,-100.59,0.00,-0.10,,,,,,,458106821,-905.49,USD
2026-04-22T15:23:43-0400,Trade,Sell to Close,SELL_TO_CLOSE,TQQQ,Equity,Sold 10 TQQQ @ 59.98,599.80,10,59.98,0.00,-0.03,,,,,,,458106822,599.77,USD
2026-04-22T15:23:43-0400,Trade,Sell to Close,SELL_TO_CLOSE,TQQQ,Equity,Sold 10 TQQQ @ 59.99,599.90,10,59.99,0.00,-0.03,,,,,,,458106818,599.87,USD
2026-04-22T15:23:43-0400,Trade,Sell to Close,SELL_TO_CLOSE,TQQQ,Equity,Sold 10 TQQQ @ 59.99,599.90,10,59.99,0.00,-0.03,,,,,,,458106816,599.87,USD
2026-04-22T15:23:43-0400,Trade,Sell to Close,SELL_TO_CLOSE,TQQQ,Equity,Sold 10 TQQQ @ 59.99,599.90,10,59.99,0.00,-0.03,,,,,,,458106817,599.87,USD
2026-04-22T15:23:43-0400,Trade,Sell to Open,SELL_TO_OPEN,QQQ,Equity,Sold 9 QQQ @ 654.12,"5,887.09",9,654.12,0.00,-0.14,,,,,,,458106814,"5,886.95",USD
2026-04-22T15:23:43-0400,Trade,Sell to Close,SELL_TO_CLOSE,TQQQ,Equity,Sold 2 TQQQ @ 59.99,119.98,2,59.99,0.00,-0.01,,,,,,,458106815,119.97,USD
2026-04-22T15:23:43-0400,Trade,Sell to Close,SELL_TO_CLOSE,TQQQ,Equity,Sold 10 TQQQ @ 59.99,599.90,10,59.99,0.00,-0.03,,,,,,,458106813,599.87,USD
2026-04-22T15:23:38-0400,Trade,Buy to Open,BUY_TO_OPEN,TQQQ,Equity,Bought 179.88346 TQQQ @ 59.98,"-10,789.41",179.88346,-59.98,0.00,-0.10,,,,,,,458106763,"-10,789.51",USD
2026-04-22T15:23:38-0400,Trade,Buy to Close,BUY_TO_CLOSE,QQQ,Equity,Bought 11.00168 QQQ @ 654.09,"-7,196.09",11.00168,-654.09,0.00,-0.10,,,,,,,458106760,"-7,196.19",USD
2026-04-22T15:23:36-0400,Trade,Buy to Close,BUY_TO_CLOSE,QQQ,Equity,Bought 11.00151 QQQ @ 654.10,"-7,196.09",11.00151,-654.10,0.00,-0.10,,,,,,,458106739,"-7,196.19",USD
2026-04-22T15:23:31-0400,Trade,Buy to Close,BUY_TO_CLOSE,QQQ,Equity,Bought 11.00084 QQQ @ 654.14,"-7,196.09",11.00084,-654.14,0.00,-0.10,,,,,,,458106703,"-7,196.19",USD
2026-04-22T15:23:29-0400,Trade,Buy to Close,BUY_TO_CLOSE,QQQ,Equity,Bought 11.001 QQQ @ 654.13,"-7,196.08",11.001,-654.13,0.00,-0.10,,,,,,,458106684,"-7,196.18",USD
2026-04-22T15:22:59-0400,Trade,Buy to Close,BUY_TO_CLOSE,QLD,Equity,Bought 3.00121 QLD @ 77.96,-233.96,3.00121,-77.95,0.00,-0.10,,,,,,,458106367,-234.06,USD
2026-04-22T15:22:59-0400,Trade,Sell to Open,SELL_TO_OPEN,TQQQ,Equity,Sold 2 TQQQ @ 59.98,119.96,2,59.98,0.00,-0.01,,,,,,,458106363,119.95,USD
2026-04-22T15:22:36-0400,Trade,Buy to Close,BUY_TO_CLOSE,QLD,Equity,Bought 2.99326 QLD @ 77.98,-233.40,2.99326,-77.97,0.00,-0.10,,,,,,,458106052,-233.50,USD
2026-04-22T15:22:35-0400,Trade,Sell to Open,SELL_TO_OPEN,TQQQ,Equity,Sold 2 TQQQ @ 60.00,120.01,2,60.00,0.00,-0.01,,,,,,,458106051,120.00,USD
2026-04-22T15:04:27-0400,Trade,Buy to Close,BUY_TO_CLOSE,QLD,Equity,Bought 3.00251 QLD @ 77.64,-233.10,3.00251,-77.64,0.00,-0.10,,,,,,,458096060,-233.20,USD
2026-04-22T15:04:27-0400,Trade,Sell to Open,SELL_TO_OPEN,TQQQ,Equity,Sold 2 TQQQ @ 59.61,119.22,2,59.61,0.00,-0.01,,,,,,,458096058,119.21,USD
2026-04-22T15:02:58-0400,Trade,Sell to Close,SELL_TO_CLOSE,SGOV,Equity,Sold 4 SGOV @ 100.60,402.38,4,100.59,0.00,-0.01,,,,,,,458095241,402.36,USD
2026-04-22T15:02:58-0400,Trade,Sell to Open,SELL_TO_OPEN,QLD,Equity,Sold 13 QLD @ 77.70,"1,010.11",13,77.70,0.00,-0.04,,,,,,,458095238,"1,010.07",USD
2026-04-22T15:02:57-0400,Trade,Sell to Open,SELL_TO_OPEN,QQQ,Equity,Sold 9 QQQ @ 653.02,"5,877.22",9,653.03,0.00,-0.14,,,,,,,458095233,"5,877.08",USD
2026-04-22T15:01:19-0400,Trade,Sell to Close,SELL_TO_CLOSE,SGOV,Equity,Sold 3 SGOV @ 100.60,301.78,3,100.60,0.00,-0.01,,,,,,,458094268,301.77,USD
2026-04-22T15:01:18-0400,Trade,Sell to Open,SELL_TO_OPEN,QLD,Equity,Sold 7 QLD @ 77.65,543.55,7,77.65,0.00,-0.03,,,,,,,458094266,543.52,USD
2026-04-22T15:01:18-0400,Trade,Sell to Open,SELL_TO_OPEN,QQQ,Equity,Sold 5 QQQ @ 652.79,"3,263.95",5,652.79,0.00,-0.07,,,,,,,458094259,"3,263.87",USD
2026-04-21T15:24:42-0400,Trade,Sell to Open,SELL_TO_OPEN,TQQQ  260424P00049500,Equity Option,Sold 1 TQQQ 04/24/26 Put 49.50 @ 0.08,8.00,1,8.00,-1.00,-0.13,100,TQQQ,TQQQ,4/24/26,49.5,PUT,457557294,6.87,USD
2026-04-21T15:24:25-0400,Trade,Sell to Close,SELL_TO_CLOSE,SGOV,Equity,Sold 4 SGOV @ 100.58,402.32,4,100.58,0.00,-0.01,,,,,,,457556630,402.30,USD
2026-04-21T15:22:32-0400,Trade,Buy to Close,BUY_TO_CLOSE,TQQQ,Equity,Bought 186 TQQQ @ 58.11,"-10,808.46",186,-58.11,0.00,-0.10,,,,,,,457552407,"-10,808.56",USD
2026-04-21T15:22:32-0400,Trade,Buy to Close,BUY_TO_CLOSE,QQQ,Equity,Bought 11.00068 QQQ @ 647.01,"-7,117.55",11.00068,-647.01,0.00,-0.10,,,,,,,457552397,"-7,117.65",USD
2026-04-20T15:20:54-0400,Trade,Sell to Open,SELL_TO_OPEN,TQQQ,Equity,Sold 100 TQQQ @ 57.98,"5,798.00",100,57.98,0.00,-0.22,,,,,,,456488789,"5,797.78",USD
2026-04-20T15:20:53-0400,Trade,Sell to Open,SELL_TO_OPEN,QQQ,Equity,Sold 11 QQQ @ 646.44,"7,110.84",11,646.44,0.00,-0.16,,,,,,,456488783,"7,110.68",USD
2026-04-18T15:26:33-0400,Money Movement,Balance Adjustment,,,,Regulatory fee adjustment,-0.68,0,,--,0.00,,,,,,,,-0.68,USD
2026-04-17T16:00:00-0400,Receive Deliver,Expiration,BUY_TO_CLOSE,TQQQ  260417P00041000,Equity Option,Removal of 1.0 TQQQ 04/17/26 Put 41.00 due to expiration.,0.00,1,0.00,--,0.00,100,TQQQ,TQQQ,4/17/26,41,PUT,,0.00,USD
2026-04-17T15:24:17-0400,Trade,Buy to Open,BUY_TO_OPEN,SGOV,Equity,Bought 9.00004 SGOV @ 100.56,-905.09,9.00004,-100.56,0.00,-0.10,,,,,,,455760741,-905.19,USD
2026-04-17T15:24:17-0400,Trade,Buy to Open,BUY_TO_OPEN,SGOV,Equity,Bought 2 SGOV @ 100.56,-201.13,2,-100.56,0.00,-0.10,,,,,,,455760740,-201.23,USD
2026-04-17T15:24:17-0400,Trade,Sell to Open,SELL_TO_OPEN,TQQQ,Equity,Sold 101 TQQQ @ 58.29,"5,887.29",101,58.29,0.00,-0.23,,,,,,,455760737,"5,887.06",USD
2026-04-17T15:24:17-0400,Trade,Sell to Close,SELL_TO_CLOSE,TQQQ,Equity,Sold 101 TQQQ @ 58.30,"5,887.79",101,58.29,0.00,-0.23,,,,,,,455760733,"5,887.56",USD
2026-04-17T15:24:17-0400,Trade,Sell to Open,SELL_TO_OPEN,QLD,Equity,Sold 29 QLD @ 76.46,"2,217.19",29,76.46,0.00,-0.08,,,,,,,455760728,"2,217.12",USD
2026-04-17T15:24:16-0400,Trade,Sell to Open,SELL_TO_OPEN,QQQ,Equity,Sold 11 QQQ @ 647.54,"7,122.94",11,647.54,0.00,-0.16,,,,,,,455760727,"7,122.78",USD
2026-04-17T15:24:16-0400,Trade,Sell to Open,SELL_TO_OPEN,QQQ,Equity,Sold 10 QQQ @ 647.53,"6,475.32",10,647.53,0.00,-0.15,,,,,,,455760726,"6,475.17",USD
2026-04-17T15:24:16-0400,Trade,Sell to Open,SELL_TO_OPEN,QLD,Equity,Sold 29 QLD @ 76.44,"2,216.76",29,76.44,0.00,-0.08,,,,,,,455760711,"2,216.68",USD
2026-04-17T15:24:16-0400,Trade,Sell to Open,SELL_TO_OPEN,QQQ,Equity,Sold 19 QQQ @ 647.54,"12,303.26",19,647.54,0.00,-0.28,,,,,,,455760709,"12,302.98",USD
2026-04-17T15:24:16-0400,Trade,Sell to Open,SELL_TO_OPEN,QQQ,Equity,Sold 11 QQQ @ 647.54,"7,122.94",11,647.54,0.00,-0.16,,,,,,,455760710,"7,122.78",USD
2026-04-17T15:24:16-0400,Trade,Sell to Open,SELL_TO_OPEN,QQQ,Equity,Sold 10 QQQ @ 647.54,"6,475.40",10,647.54,0.00,-0.15,,,,,,,455760708,"6,475.25",USD
2026-04-17T15:24:16-0400,Trade,Sell to Close,SELL_TO_CLOSE,TQQQ,Equity,Sold 198 TQQQ @ 58.28,"11,540.43",198,58.29,0.00,-0.44,,,,,,,455760707,"11,539.99",USD
2026-04-17T15:24:16-0400,Trade,Sell to Open,SELL_TO_OPEN,QQQ,Equity,Sold 11 QQQ @ 647.53,"7,122.84",11,647.53,0.00,-0.16,,,,,,,455760706,"7,122.68",USD
2026-04-17T15:24:16-0400,Trade,Sell to Open,SELL_TO_OPEN,QQQ,Equity,Sold 10 QQQ @ 647.54,"6,475.40",10,647.54,0.00,-0.15,,,,,,,455760705,"6,475.25",USD
2026-04-17T15:24:16-0400,Trade,Sell to Close,SELL_TO_CLOSE,SGOV,Equity,Sold 10 SGOV @ 100.56,"1,005.65",10,100.56,0.00,-0.04,,,,,,,455760702,"1,005.61",USD
2026-04-17T15:24:16-0400,Trade,Sell to Open,SELL_TO_OPEN,QQQ,Equity,Sold 10 QQQ @ 647.54,"6,475.35",10,647.54,0.00,-0.15,,,,,,,455760700,"6,475.20",USD
2026-04-17T15:24:16-0400,Trade,Sell to Open,SELL_TO_OPEN,QQQ,Equity,Sold 19 QQQ @ 647.54,"12,303.16",19,647.54,0.00,-0.28,,,,,,,455760699,"12,302.88",USD
2026-04-17T15:24:15-0400,Trade,Sell to Open,SELL_TO_OPEN,QLD,Equity,Sold 29 QLD @ 76.44,"2,216.77",29,76.44,0.00,-0.08,,,,,,,455760696,"2,216.69",USD
2026-04-17T15:24:15-0400,Trade,Sell to Open,SELL_TO_OPEN,QQQ,Equity,Sold 19 QQQ @ 647.54,"12,303.26",19,647.54,0.00,-0.28,,,,,,,455760681,"12,302.98",USD
2026-04-17T15:15:54-0400,Trade,Buy to Open,BUY_TO_OPEN,TQQQ,Equity,Bought 182.10003 TQQQ @ 58.28,"-10,612.79",182.10003,-58.28,0.00,-0.10,,,,,,,455751830,"-10,612.89",USD
2026-04-17T15:15:54-0400,Trade,Buy to Close,BUY_TO_CLOSE,QQQ,Equity,Bought 10.88124 QQQ @ 647.46,"-7,045.17",10.88124,-647.46,0.00,-0.10,,,,,,,455751821,"-7,045.27",USD
2026-04-17T09:30:00-0400,Trade,Sell to Close,SELL_TO_CLOSE,TQQQ,Equity,Sold 10 TQQQ @ 57.77,577.70,10,57.77,0.00,-0.03,,,,,,,455255459,577.67,USD
2026-04-17T09:30:00-0400,Trade,Sell to Close,SELL_TO_CLOSE,TQQQ,Equity,Sold 10 TQQQ @ 57.77,577.70,10,57.77,0.00,-0.03,,,,,,,455255454,577.67,USD
2026-04-17T09:30:00-0400,Trade,Sell to Close,SELL_TO_CLOSE,TQQQ,Equity,Sold 2 TQQQ @ 57.77,115.54,2,57.77,0.00,-0.01,,,,,,,455255457,115.53,USD
2026-04-17T09:30:00-0400,Trade,Sell to Close,SELL_TO_CLOSE,TQQQ,Equity,Sold 10 TQQQ @ 57.77,577.70,10,57.77,0.00,-0.03,,,,,,,455255461,577.67,USD
2026-04-17T09:30:00-0400,Trade,Sell to Close,SELL_TO_CLOSE,TQQQ,Equity,Sold 10 TQQQ @ 57.77,577.70,10,57.77,0.00,-0.03,,,,,,,455255456,577.67,USD
2026-04-17T09:30:00-0400,Trade,Sell to Close,SELL_TO_CLOSE,TQQQ,Equity,Sold 10 TQQQ @ 57.77,577.70,10,57.77,0.00,-0.03,,,,,,,455255460,577.67,USD
2026-04-17T09:30:00-0400,Trade,Sell to Close,SELL_TO_CLOSE,TQQQ,Equity,Sold 10 TQQQ @ 57.77,577.70,10,57.77,0.00,-0.03,,,,,,,455255453,577.67,USD
2026-04-17T09:30:00-0400,Trade,Sell to Close,SELL_TO_CLOSE,TQQQ,Equity,Sold 10 TQQQ @ 57.77,577.70,10,57.77,0.00,-0.03,,,,,,,455255455,577.67,USD
2026-04-16T17:00:00-0400,Money Movement,Debit Interest,,,,FROM 03/16 THRU 04/15 @11    %,-11.45,0,,--,0.00,,,,,,,,-11.45,USD
2026-04-16T15:46:57-0400,Trade,Buy to Open,BUY_TO_OPEN,TQQQ,Equity,Bought 188.15553 TQQQ @ 56.38,"-10,608.19",188.15553,-56.38,0.00,-0.10,,,,,,,455234070,"-10,608.29",USD
2026-04-16T15:46:57-0400,Trade,Buy to Close,BUY_TO_CLOSE,QQQ,Equity,Bought 10.9957 QQQ @ 640.17,"-7,039.12",10.9957,-640.17,0.00,-0.10,,,,,,,455234063,"-7,039.22",USD
2026-04-16T15:45:38-0400,Trade,Buy to Open,BUY_TO_OPEN,SGOV,Equity,Bought 1.9999 SGOV @ 100.54,-201.07,1.9999,-100.54,0.00,-0.10,,,,,,,455232607,-201.17,USD
2026-04-16T15:45:37-0400,Trade,Buy to Close,BUY_TO_CLOSE,QQQ,Equity,Bought 0.99927 QQQ @ 640.10,-639.64,0.99927,-640.11,0.00,-0.10,,,,,,,455232602,-639.74,USD
2026-04-16T15:45:37-0400,Trade,Sell to Close,SELL_TO_CLOSE,TQQQ,Equity,Sold 8 TQQQ @ 56.37,450.96,8,56.37,0.00,-0.02,,,,,,,455232599,450.94,USD
2026-04-16T15:45:36-0400,Trade,Sell to Open,SELL_TO_OPEN,QLD,Equity,Sold 29 QLD @ 74.74,"2,167.60",29,74.74,0.00,-0.08,,,,,,,455232578,"2,167.52",USD
2026-04-16T15:45:36-0400,Trade,Sell to Close,SELL_TO_CLOSE,TQQQ,Equity,Sold 10 TQQQ @ 56.36,563.65,10,56.36,0.00,-0.03,,,,,,,455232573,563.62,USD
2026-04-16T15:45:36-0400,Trade,Sell to Open,SELL_TO_OPEN,QQQ,Equity,Sold 19 QQQ @ 640.08,"12,161.52",19,640.08,0.00,-0.28,,,,,,,455232572,"12,161.24",USD
2026-04-16T15:45:36-0400,Trade,Sell to Close,SELL_TO_CLOSE,TQQQ,Equity,Sold 10 TQQQ @ 56.36,563.65,10,56.36,0.00,-0.03,,,,,,,455232571,563.62,USD
2026-04-16T15:45:35-0400,Trade,Sell to Open,SELL_TO_OPEN,QLD,Equity,Sold 29 QLD @ 74.74,"2,167.31",29,74.73,0.00,-0.08,,,,,,,455232555,"2,167.23",USD
2026-04-16T15:45:34-0400,Trade,Sell to Open,SELL_TO_OPEN,QQQ,Equity,Sold 19 QQQ @ 640.08,"12,161.61",19,640.08,0.00,-0.28,,,,,,,455232547,"12,161.33",USD
2026-04-16T15:45:34-0400,Trade,Sell to Close,SELL_TO_CLOSE,TQQQ,Equity,Sold 10 TQQQ @ 56.36,563.65,10,56.36,0.00,-0.03,,,,,,,455232545,563.62,USD
2026-04-16T15:45:34-0400,Trade,Sell to Close,SELL_TO_CLOSE,SGOV,Equity,Sold 11 SGOV @ 100.53,"1,105.86",11,100.53,0.00,-0.04,,,,,,,455232543,"1,105.82",USD
2026-04-16T15:45:34-0400,Trade,Sell to Close,SELL_TO_CLOSE,SGOV,Equity,Sold 11 SGOV @ 100.53,"1,105.86",11,100.53,0.00,-0.04,,,,,,,455232542,"1,105.82",USD
2026-04-16T15:45:34-0400,Trade,Sell to Open,SELL_TO_OPEN,QLD,Equity,Sold 29 QLD @ 74.74,"2,167.47",29,74.74,0.00,-0.08,,,,,,,455232535,"2,167.39",USD
2026-04-16T15:45:34-0400,Trade,Sell to Open,SELL_TO_OPEN,QLD,Equity,Sold 29 QLD @ 74.74,"2,167.46",29,74.74,0.00,-0.08,,,,,,,455232534,"2,167.38",USD
2026-04-16T15:45:33-0400,Trade,Sell to Open,SELL_TO_OPEN,QQQ,Equity,Sold 19 QQQ @ 640.09,"12,161.71",19,640.09,0.00,-0.28,,,,,,,455232527,"12,161.43",USD
2026-04-16T15:45:33-0400,Trade,Sell to Open,SELL_TO_OPEN,QQQ,Equity,Sold 19 QQQ @ 640.09,"12,161.73",19,640.09,0.00,-0.28,,,,,,,455232526,"12,161.45",USD
2026-04-16T15:02:09-0400,Trade,Sell to Close,SELL_TO_CLOSE,SGOV,Equity,Sold 11 SGOV @ 100.54,"1,105.88",11,100.53,0.00,-0.04,,,,,,,455198056,"1,105.84",USD
2026-04-16T15:02:09-0400,Trade,Sell to Open,SELL_TO_OPEN,QLD,Equity,Sold 27 QLD @ 74.67,"2,016.10",27,74.67,0.00,-0.08,,,,,,,455198048,"2,016.02",USD
2026-04-16T15:02:08-0400,Trade,Sell to Open,SELL_TO_OPEN,QQQ,Equity,Sold 18 QQQ @ 639.76,"11,515.71",18,639.76,0.00,-0.26,,,,,,,455198045,"11,515.45",USD
2026-04-16T15:02:08-0400,Trade,Sell to Close,SELL_TO_CLOSE,SGOV,Equity,Sold 11 SGOV @ 100.53,"1,105.84",11,100.53,0.00,-0.04,,,,,,,455198042,"1,105.80",USD
2026-04-16T15:02:08-0400,Trade,Sell to Close,SELL_TO_CLOSE,SGOV,Equity,Sold 11 SGOV @ 100.53,"1,105.83",11,100.53,0.00,-0.04,,,,,,,455198041,"1,105.79",USD
2026-04-16T15:02:08-0400,Trade,Sell to Open,SELL_TO_OPEN,QLD,Equity,Sold 29 QLD @ 74.66,"2,165.28",29,74.66,0.00,-0.08,,,,,,,455198036,"2,165.20",USD
2026-04-16T15:02:08-0400,Trade,Sell to Close,SELL_TO_CLOSE,QLD,Equity,Sold 29 QLD @ 74.66,"2,165.28",29,74.66,0.00,-0.08,,,,,,,455198035,"2,165.20",USD
2026-04-16T15:02:08-0400,Trade,Sell to Open,SELL_TO_OPEN,QQQ,Equity,Sold 19 QQQ @ 639.77,"12,155.63",19,639.77,0.00,-0.28,,,,,,,455198031,"12,155.35",USD
2026-04-16T15:02:08-0400,Trade,Sell to Close,SELL_TO_CLOSE,QQQ,Equity,Sold 19 QQQ @ 639.76,"12,155.48",19,639.76,0.00,-0.28,,,,,,,455198030,"12,155.20",USD
2026-04-16T15:01:18-0400,Trade,Buy to Open,BUY_TO_OPEN,SGOV,Equity,Bought 11.00004 SGOV @ 100.54,"-1,105.89",11.00004,-100.53,0.00,-0.10,,,,,,,455197315,"-1,105.99",USD
2026-04-16T15:01:18-0400,Trade,Buy to Open,BUY_TO_OPEN,QLD,Equity,Bought 28.99417 QLD @ 74.62,"-2,163.69",28.99417,-74.63,0.00,-0.10,,,,,,,455197313,"-2,163.79",USD
2026-04-16T15:01:18-0400,Trade,Buy to Open,BUY_TO_OPEN,QQQ,Equity,Bought 18.93509 QQQ @ 639.58,"-12,110.60",18.93509,-639.59,0.00,-0.10,,,,,,,455197309,"-12,110.70",USD
2026-04-16T15:01:09-0400,Trade,Buy to Open,BUY_TO_OPEN,QLD,Equity,Bought 58.0004 QLD @ 74.62,"-4,327.99",58.0004,-74.62,0.00,-0.10,,,,,,,455197142,"-4,328.09",USD
2026-04-16T15:01:08-0400,Trade,Buy to Open,BUY_TO_OPEN,QQQ,Equity,Bought 57.0572 QQQ @ 639.56,"-36,491.79",57.0572,-639.56,0.00,-0.10,,,,,,,455197137,"-36,491.89",USD
2026-04-16T15:01:06-0400,Trade,Sell to Close,SELL_TO_CLOSE,SGOV,Equity,Sold 11 SGOV @ 100.53,"1,105.84",11,100.53,0.00,-0.04,,,,,,,455197090,"1,105.80",USD
2026-04-16T15:01:06-0400,Trade,Sell to Close,SELL_TO_CLOSE,SGOV,Equity,Sold 11 SGOV @ 100.53,"1,105.83",11,100.53,0.00,-0.04,,,,,,,455197089,"1,105.79",USD
2026-04-16T15:01:06-0400,Trade,Sell to Close,SELL_TO_CLOSE,SGOV,Equity,Sold 11 SGOV @ 100.53,"1,105.84",11,100.53,0.00,-0.04,,,,,,,455197088,"1,105.80",USD
2026-04-16T15:01:05-0400,Trade,Sell to Open,SELL_TO_OPEN,QLD,Equity,Sold 29 QLD @ 74.61,"2,163.69",29,74.61,0.00,-0.08,,,,,,,455197082,"2,163.61",USD
2026-04-16T15:01:05-0400,Trade,Sell to Open,SELL_TO_OPEN,QLD,Equity,Sold 29 QLD @ 74.60,"2,163.40",29,74.60,0.00,-0.08,,,,,,,455197081,"2,163.32",USD
2026-04-16T15:01:05-0400,Trade,Sell to Close,SELL_TO_CLOSE,QLD,Equity,Sold 29 QLD @ 74.61,"2,163.69",29,74.61,0.00,-0.08,,,,,,,455197080,"2,163.61",USD
2026-04-16T15:01:05-0400,Trade,Sell to Open,SELL_TO_OPEN,QQQ,Equity,Sold 19 QQQ @ 639.52,"12,150.88",19,639.52,0.00,-0.28,,,,,,,455197073,"12,150.60",USD
2026-04-16T15:01:05-0400,Trade,Sell to Open,SELL_TO_OPEN,QQQ,Equity,Sold 19 QQQ @ 639.52,"12,150.78",19,639.51,0.00,-0.28,,,,,,,455197071,"12,150.50",USD
2026-04-16T15:01:05-0400,Trade,Sell to Open,SELL_TO_OPEN,QQQ,Equity,Sold 19 QQQ @ 639.51,"12,150.69",19,639.51,0.00,-0.28,,,,,,,455197070,"12,150.41",USD
2026-04-16T15:01:05-0400,Trade,Sell to Close,SELL_TO_CLOSE,QQQ,Equity,Sold 19 QQQ @ 639.51,"12,150.69",19,639.51,0.00,-0.28,,,,,,,455197069,"12,150.41",USD
2026-04-16T15:00:29-0400,Trade,Buy to Open,BUY_TO_OPEN,SGOV,Equity,Bought 11.00024 SGOV @ 100.54,"-1,105.91",11.00024,-100.53,0.00,-0.10,,,,,,,455196571,"-1,106.01",USD
2026-04-16T15:00:29-0400,Trade,Buy to Open,BUY_TO_OPEN,QLD,Equity,Bought 28.97667 QLD @ 74.59,"-2,161.37",28.97667,-74.59,0.00,-0.10,,,,,,,455196567,"-2,161.47",USD
2026-04-16T15:00:29-0400,Trade,Buy to Open,BUY_TO_OPEN,QQQ,Equity,Bought 18.94042 QQQ @ 639.40,"-12,110.60",18.94042,-639.40,0.00,-0.10,,,,,,,455196561,"-12,110.70",USD
2026-04-16T09:30:00-0400,Trade,Sell to Close,SELL_TO_CLOSE,TQQQ,Equity,Sold 10 TQQQ @ 56.12,561.20,10,56.12,0.00,-0.03,,,,,,,454867214,561.17,USD
2026-04-15T15:00:17-0400,Trade,Buy to Open,BUY_TO_OPEN,QLD,Equity,Bought 0.99749 QLD @ 73.78,-73.59,0.99749,-73.78,0.00,-0.10,,,,,,,454762706,-73.69,USD
2026-04-15T15:00:17-0400,Trade,Buy to Open,BUY_TO_OPEN,QQQ,Equity,Bought 28.10665 QQQ @ 635.88,"-17,872.46",28.10665,-635.88,0.00,-0.10,,,,,,,454762701,"-17,872.56",USD
2026-04-15T15:00:10-0400,Trade,Buy to Open,BUY_TO_OPEN,TQQQ,Equity,Bought 10 TQQQ @ 55.26,-552.55,10,-55.25,0.00,-0.10,,,,,,,454762588,-552.65,USD
2026-04-15T15:00:10-0400,Trade,Sell to Close,SELL_TO_CLOSE,SGOV,Equity,Sold 1 SGOV @ 100.52,100.52,1,100.52,0.00,-0.01,,,,,,,454762580,100.51,USD
2026-04-15T15:00:09-0400,Trade,Sell to Close,SELL_TO_CLOSE,QLD,Equity,Sold 1 QLD @ 73.75,73.75,1,73.75,0.00,-0.01,,,,,,,454762576,73.74,USD
2026-04-15T15:00:09-0400,Trade,Sell to Open,SELL_TO_OPEN,QQQ,Equity,Sold 1 QQQ @ 635.75,635.75,1,635.75,0.00,-0.02,,,,,,,454762571,635.73,USD
2026-04-15T14:31:49-0400,Trade,Buy to Open,BUY_TO_OPEN,QLD,Equity,Bought 17.50204 QLD @ 73.52,"-1,286.75",17.50204,-73.52,0.00,-0.10,,,,,,,454738850,"-1,286.85",USD
2026-04-15T14:31:49-0400,Trade,Sell to Open,SELL_TO_OPEN,QQQ,Equity,Sold 27 QQQ @ 634.74,"17,138.04",27,634.74,0.00,-0.39,,,,,,,454738844,"17,137.65",USD
2026-04-15T14:31:49-0400,Trade,Sell to Close,SELL_TO_CLOSE,QQQ,Equity,Sold 27 QQQ @ 634.74,"17,138.04",27,634.74,0.00,-0.39,,,,,,,454738843,"17,137.65",USD
2026-04-15T14:31:47-0400,Trade,Buy to Open,BUY_TO_OPEN,SGOV,Equity,Bought 7.9988 SGOV @ 100.52,-804.08,7.9988,-100.52,0.00,-0.10,,,,,,,454738811,-804.18,USD
2026-04-15T14:31:47-0400,Trade,Buy to Open,BUY_TO_OPEN,SGOV,Equity,Bought 7.9988 SGOV @ 100.52,-804.08,7.9988,-100.52,0.00,-0.10,,,,,,,454738807,-804.18,USD
2026-04-15T14:31:46-0400,Trade,Sell to Open,SELL_TO_OPEN,QLD,Equity,Sold 2 QLD @ 73.50,147.00,2,73.50,0.00,-0.01,,,,,,,454738806,146.99,USD
2026-04-15T14:31:46-0400,Trade,Sell to Open,SELL_TO_OPEN,QLD,Equity,Sold 2 QLD @ 73.50,147.01,2,73.50,0.00,-0.01,,,,,,,454738803,147.00,USD
2026-04-15T14:31:46-0400,Trade,Sell to Open,SELL_TO_OPEN,QLD,Equity,Sold 2 QLD @ 73.50,147.01,2,73.50,0.00,-0.01,,,,,,,454738801,147.00,USD
2026-04-15T14:31:46-0400,Trade,Sell to Open,SELL_TO_OPEN,QLD,Equity,Sold 2 QLD @ 73.50,147.01,2,73.50,0.00,-0.01,,,,,,,454738797,147.00,USD
2026-04-15T14:31:46-0400,Trade,Buy to Open,BUY_TO_OPEN,SGOV,Equity,Bought 0.9998 SGOV @ 100.53,-100.51,0.9998,-100.53,0.00,-0.10,,,,,,,454738792,-100.61,USD
2026-04-15T14:31:46-0400,Trade,Sell to Close,SELL_TO_CLOSE,SGOV,Equity,Sold 1 SGOV @ 100.52,100.52,1,100.52,0.00,-0.01,,,,,,,454738793,100.51,USD
2026-04-15T14:31:46-0400,Trade,Sell to Close,SELL_TO_CLOSE,QQQ,Equity,Sold 1 QQQ @ 634.72,634.72,1,634.72,0.00,-0.02,,,,,,,454738785,634.70,USD
2026-04-15T14:31:46-0400,Trade,Sell to Close,SELL_TO_CLOSE,QQQ,Equity,Sold 1 QQQ @ 634.72,634.72,1,634.72,0.00,-0.02,,,,,,,454738786,634.70,USD
2026-04-15T14:31:46-0400,Trade,Sell to Close,SELL_TO_CLOSE,QQQ,Equity,Sold 1 QQQ @ 634.72,634.72,1,634.72,0.00,-0.02,,,,,,,454738787,634.70,USD
2026-04-15T14:31:46-0400,Trade,Sell to Open,SELL_TO_OPEN,QLD,Equity,Sold 2 QLD @ 73.51,147.02,2,73.51,0.00,-0.01,,,,,,,454738788,147.01,USD
2026-04-15T14:31:46-0400,Trade,Sell to Close,SELL_TO_CLOSE,QQQ,Equity,Sold 1 QQQ @ 634.72,634.72,1,634.72,0.00,-0.02,,,,,,,454738784,634.70,USD
2026-04-15T14:31:46-0400,Trade,Sell to Close,SELL_TO_CLOSE,QQQ,Equity,Sold 1 QQQ @ 634.72,634.72,1,634.72,0.00,-0.02,,,,,,,454738783,634.70,USD
2026-04-15T14:27:28-0400,Trade,Buy to Open,BUY_TO_OPEN,SGOV,Equity,Bought 7.9988 SGOV @ 100.52,-804.08,7.9988,-100.52,0.00,-0.10,,,,,,,454735549,-804.18,USD
2026-04-15T14:27:28-0400,Trade,Sell to Open,SELL_TO_OPEN,QLD,Equity,Sold 1 QLD @ 73.46,73.45,1,73.45,0.00,-0.01,,,,,,,454735547,73.44,USD
2026-04-15T14:27:28-0400,Trade,Sell to Open,SELL_TO_OPEN,QLD,Equity,Sold 1 QLD @ 73.46,73.45,1,73.45,0.00,-0.01,,,,,,,454735546,73.44,USD
2026-04-15T14:27:27-0400,Trade,Buy to Open,BUY_TO_OPEN,SGOV,Equity,Bought 7.9984 SGOV @ 100.53,-804.08,7.9984,-100.53,0.00,-0.10,,,,,,,454735535,-804.18,USD
2026-04-15T14:27:27-0400,Trade,Buy to Open,BUY_TO_OPEN,SGOV,Equity,Bought 0.99985 SGOV @ 100.52,-100.51,0.99985,-100.53,0.00,-0.10,,,,,,,454735531,-100.61,USD
2026-04-15T14:27:27-0400,Trade,Sell to Open,SELL_TO_OPEN,QLD,Equity,Sold 1 QLD @ 73.46,73.45,1,73.45,0.00,-0.01,,,,,,,454735525,73.44,USD
2026-04-15T14:27:27-0400,Trade,Sell to Open,SELL_TO_OPEN,QLD,Equity,Sold 1 QLD @ 73.45,73.45,1,73.45,0.00,-0.01,,,,,,,454735524,73.44,USD
2026-04-15T14:27:27-0400,Trade,Sell to Open,SELL_TO_OPEN,QLD,Equity,Sold 1 QLD @ 73.45,73.45,1,73.45,0.00,-0.01,,,,,,,454735521,73.44,USD
2026-04-15T14:27:27-0400,Trade,Sell to Close,SELL_TO_CLOSE,SGOV,Equity,Sold 1 SGOV @ 100.52,100.52,1,100.52,0.00,-0.01,,,,,,,454735520,100.51,USD
2026-04-15T14:27:27-0400,Trade,Sell to Close,SELL_TO_CLOSE,QQQ,Equity,Sold 1 QQQ @ 634.51,634.51,1,634.51,0.00,-0.02,,,,,,,454735517,634.49,USD
2026-04-15T14:27:27-0400,Trade,Sell to Close,SELL_TO_CLOSE,QQQ,Equity,Sold 1 QQQ @ 634.51,634.51,1,634.51,0.00,-0.02,,,,,,,454735515,634.49,USD
2026-04-15T14:27:27-0400,Trade,Sell to Close,SELL_TO_CLOSE,QQQ,Equity,Sold 1 QQQ @ 634.51,634.51,1,634.51,0.00,-0.02,,,,,,,454735516,634.49,USD
2026-04-15T14:27:27-0400,Trade,Sell to Close,SELL_TO_CLOSE,QQQ,Equity,Sold 1 QQQ @ 634.51,634.51,1,634.51,0.00,-0.02,,,,,,,454735514,634.49,USD
2026-04-15T14:27:27-0400,Trade,Sell to Close,SELL_TO_CLOSE,QQQ,Equity,Sold 1 QQQ @ 634.51,634.51,1,634.51,0.00,-0.02,,,,,,,454735513,634.49,USD
2026-04-15T14:27:20-0400,Trade,Buy to Open,BUY_TO_OPEN,SGOV,Equity,Bought 7.9988 SGOV @ 100.52,-804.08,7.9988,-100.52,0.00,-0.10,,,,,,,454735424,-804.18,USD
2026-04-15T14:27:20-0400,Trade,Buy to Open,BUY_TO_OPEN,SGOV,Equity,Bought 7.9984 SGOV @ 100.53,-804.08,7.9984,-100.53,0.00,-0.10,,,,,,,454735422,-804.18,USD
2026-04-15T14:27:20-0400,Trade,Sell to Open,SELL_TO_OPEN,QLD,Equity,Sold 2 QLD @ 73.46,146.91,2,73.45,0.00,-0.01,,,,,,,454735419,146.90,USD
2026-04-15T14:27:20-0400,Trade,Sell to Close,SELL_TO_CLOSE,QLD,Equity,Sold 2 QLD @ 73.45,146.90,2,73.45,0.00,-0.01,,,,,,,454735416,146.89,USD
2026-04-15T14:27:20-0400,Trade,Sell to Close,SELL_TO_CLOSE,QQQ,Equity,Sold 1 QQQ @ 634.48,634.48,1,634.48,0.00,-0.02,,,,,,,454735415,634.46,USD
2026-04-15T14:27:20-0400,Trade,Buy to Open,BUY_TO_OPEN,SGOV,Equity,Bought 0.99985 SGOV @ 100.52,-100.51,0.99985,-100.53,0.00,-0.10,,,,,,,454735414,-100.61,USD
2026-04-15T14:27:20-0400,Trade,Sell to Close,SELL_TO_CLOSE,QQQ,Equity,Sold 1 QQQ @ 634.48,634.48,1,634.48,0.00,-0.02,,,,,,,454735411,634.46,USD
2026-04-15T14:27:20-0400,Trade,Sell to Close,SELL_TO_CLOSE,QLD,Equity,Sold 2 QLD @ 73.45,146.90,2,73.45,0.00,-0.01,,,,,,,454735409,146.89,USD
2026-04-15T14:27:20-0400,Trade,Sell to Close,SELL_TO_CLOSE,QQQ,Equity,Sold 1 QQQ @ 634.48,634.48,1,634.48,0.00,-0.02,,,,,,,454735408,634.46,USD
2026-04-15T14:27:18-0400,Trade,Buy to Open,BUY_TO_OPEN,TQQQ,Equity,Bought 8.86975 TQQQ @ 54.94,-487.26,8.86975,-54.94,0.00,-0.10,,,,,,,454735393,-487.36,USD
2026-04-15T14:27:18-0400,Trade,Buy to Open,BUY_TO_OPEN,QLD,Equity,Bought 1.98107 QLD @ 73.46,-145.52,1.98107,-73.45,0.00,-0.10,,,,,,,454735389,-145.62,USD
2026-04-15T14:27:18-0400,Trade,Sell to Close,SELL_TO_CLOSE,QQQ,Equity,Sold 1 QQQ @ 634.48,634.47,1,634.47,0.00,-0.02,,,,,,,454735388,634.45,USD
2026-04-15T14:27:18-0400,Trade,Sell to Close,SELL_TO_CLOSE,SGOV,Equity,Sold 1 SGOV @ 100.52,100.52,1,100.52,0.00,-0.01,,,,,,,454735386,100.51,USD
2026-04-15T14:27:18-0400,Trade,Sell to Close,SELL_TO_CLOSE,QQQ,Equity,Sold 1 QQQ @ 634.47,634.47,1,634.47,0.00,-0.02,,,,,,,454735377,634.45,USD
2026-04-15T12:55:48-0400,Trade,Buy to Open,BUY_TO_OPEN,TQQQ,Equity,Bought 10.99898 TQQQ @ 54.14,-595.54,10.99898,-54.15,0.00,-0.10,,,,,,,454658503,-595.64,USD
2026-04-15T12:55:47-0400,Trade,Buy to Open,BUY_TO_OPEN,SGOV,Equity,Bought 7.9988 SGOV @ 100.52,-804.08,7.9988,-100.52,0.00,-0.10,,,,,,,454658500,-804.18,USD
2026-04-15T12:55:47-0400,Trade,Sell to Close,SELL_TO_CLOSE,SGOV,Equity,Sold 1 SGOV @ 100.52,100.52,1,100.52,0.00,-0.01,,,,,,,454658498,100.51,USD
2026-04-15T12:55:47-0400,Trade,Sell to Close,SELL_TO_CLOSE,QLD,Equity,Sold 2 QLD @ 72.75,145.50,2,72.75,0.00,-0.01,,,,,,,454658496,145.49,USD
2026-04-15T12:55:47-0400,Trade,Sell to Close,SELL_TO_CLOSE,QLD,Equity,Sold 2 QLD @ 72.74,145.49,2,72.74,0.00,-0.01,,,,,,,454658492,145.48,USD
2026-04-15T12:55:47-0400,Trade,Sell to Close,SELL_TO_CLOSE,QQQ,Equity,Sold 1 QQQ @ 631.42,631.42,1,631.42,0.00,-0.02,,,,,,,454658490,631.40,USD
2026-04-15T12:55:47-0400,Trade,Sell to Close,SELL_TO_CLOSE,QQQ,Equity,Sold 1 QQQ @ 631.42,631.42,1,631.42,0.00,-0.02,,,,,,,454658484,631.40,USD
2026-04-15T12:55:45-0400,Trade,Buy to Open,BUY_TO_OPEN,SGOV,Equity,Bought 7.9984 SGOV @ 100.53,-804.08,7.9984,-100.53,0.00,-0.10,,,,,,,454658457,-804.18,USD
2026-04-15T12:55:45-0400,Trade,Buy to Open,BUY_TO_OPEN,SGOV,Equity,Bought 0.99985 SGOV @ 100.52,-100.51,0.99985,-100.53,0.00,-0.10,,,,,,,454658453,-100.61,USD
2026-04-15T12:55:45-0400,Trade,Sell to Close,SELL_TO_CLOSE,QLD,Equity,Sold 2 QLD @ 72.75,145.50,2,72.75,0.00,-0.01,,,,,,,454658451,145.49,USD
2026-04-15T12:55:45-0400,Trade,Sell to Close,SELL_TO_CLOSE,QLD,Equity,Sold 2 QLD @ 72.75,145.50,2,72.75,0.00,-0.01,,,,,,,454658450,145.49,USD
2026-04-15T12:55:45-0400,Trade,Sell to Close,SELL_TO_CLOSE,QQQ,Equity,Sold 1 QQQ @ 631.43,631.43,1,631.43,0.00,-0.02,,,,,,,454658448,631.41,USD
2026-04-15T12:55:45-0400,Trade,Sell to Close,SELL_TO_CLOSE,QLD,Equity,Sold 2 QLD @ 72.76,145.51,2,72.75,0.00,-0.01,,,,,,,454658447,145.50,USD
2026-04-15T12:55:45-0400,Trade,Sell to Close,SELL_TO_CLOSE,QQQ,Equity,Sold 1 QQQ @ 631.45,631.45,1,631.45,0.00,-0.02,,,,,,,454658445,631.43,USD
2026-04-15T12:55:45-0400,Trade,Sell to Close,SELL_TO_CLOSE,QQQ,Equity,Sold 1 QQQ @ 631.45,631.45,1,631.45,0.00,-0.02,,,,,,,454658444,631.43,USD
2026-04-15T09:30:01-0400,Trade,Sell to Close,SELL_TO_CLOSE,SGOV,Equity,Sold 1 SGOV @ 100.52,100.52,1,100.52,0.00,-0.01,,,,,,,454436736,100.51,USD
2026-04-15T09:30:01-0400,Trade,Sell to Close,SELL_TO_CLOSE,SGOV,Equity,Sold 1 SGOV @ 100.52,100.52,1,100.52,0.00,-0.01,,,,,,,454436741,100.51,USD
2026-04-15T09:30:00-0400,Trade,Sell to Close,SELL_TO_CLOSE,QQQ,Equity,Sold 1 QQQ @ 629.42,629.42,1,629.42,0.00,-0.02,,,,,,,454436744,629.40,USD
2026-04-15T09:30:00-0400,Trade,Sell to Close,SELL_TO_CLOSE,QQQ,Equity,Sold 1 QQQ @ 629.42,629.42,1,629.42,0.00,-0.02,,,,,,,454436743,629.40,USD
2026-04-15T09:30:00-0400,Trade,Sell to Close,SELL_TO_CLOSE,QQQ,Equity,Sold 1 QQQ @ 629.42,629.42,1,629.42,0.00,-0.02,,,,,,,454436739,629.40,USD
2026-04-15T09:30:00-0400,Trade,Sell to Close,SELL_TO_CLOSE,QQQ,Equity,Sold 1 QQQ @ 629.42,629.42,1,629.42,0.00,-0.02,,,,,,,454436722,629.40,USD
2026-04-15T09:30:00-0400,Trade,Sell to Close,SELL_TO_CLOSE,QQQ,Equity,Sold 1 QQQ @ 629.42,629.42,1,629.42,0.00,-0.02,,,,,,,454436730,629.40,USD
2026-04-15T09:30:00-0400,Trade,Sell to Close,SELL_TO_CLOSE,QLD,Equity,Sold 2 QLD @ 72.24,144.48,2,72.24,0.00,-0.01,,,,,,,454436747,144.47,USD
2026-04-14T15:54:09-0400,Trade,Buy to Open,BUY_TO_OPEN,SGOV,Equity,Bought 7.9996 SGOV @ 100.52,-804.12,7.9996,-100.52,0.00,-0.10,,,,,,,454380703,-804.22,USD
2026-04-14T15:54:09-0400,Trade,Sell to Close,SELL_TO_CLOSE,QLD,Equity,Sold 2 QLD @ 71.90,143.80,2,71.90,0.00,-0.01,,,,,,,454380700,143.79,USD
2026-04-14T15:54:09-0400,Trade,Buy to Open,BUY_TO_OPEN,SGOV,Equity,Bought 1 SGOV @ 100.52,-100.52,1,-100.52,0.00,-0.10,,,,,,,454380699,-100.62,USD
2026-04-14T15:54:09-0400,Trade,Sell to Close,SELL_TO_CLOSE,QLD,Equity,Sold 2 QLD @ 71.91,143.82,2,71.91,0.00,-0.01,,,,,,,454380698,143.81,USD
2026-04-14T15:54:09-0400,Trade,Sell to Close,SELL_TO_CLOSE,QQQ,Equity,Sold 1 QQQ @ 627.59,627.59,1,627.59,0.00,-0.02,,,,,,,454380696,627.57,USD
2026-04-14T15:54:09-0400,Trade,Sell to Close,SELL_TO_CLOSE,QQQ,Equity,Sold 1 QQQ @ 627.58,627.58,1,627.58,0.00,-0.02,,,,,,,454380693,627.56,USD
2026-04-14T15:54:09-0400,Trade,Sell to Close,SELL_TO_CLOSE,QLD,Equity,Sold 2 QLD @ 71.89,143.78,2,71.89,0.00,-0.01,,,,,,,454380692,143.77,USD
2026-04-14T15:54:08-0400,Trade,Sell to Close,SELL_TO_CLOSE,QQQ,Equity,Sold 1 QQQ @ 627.57,627.57,1,627.57,0.00,-0.02,,,,,,,454380691,627.55,USD
2026-04-14T15:54:07-0400,Trade,Buy to Open,BUY_TO_OPEN,SGOV,Equity,Bought 7.9996 SGOV @ 100.52,-804.12,7.9996,-100.52,0.00,-0.10,,,,,,,454380660,-804.22,USD
2026-04-14T15:54:06-0400,Trade,Sell to Close,SELL_TO_CLOSE,QLD,Equity,Sold 2 QLD @ 71.90,143.80,2,71.90,0.00,-0.01,,,,,,,454380655,143.79,USD
2026-04-14T15:54:06-0400,Trade,Sell to Close,SELL_TO_CLOSE,QLD,Equity,Sold 2 QLD @ 71.90,143.79,2,71.89,0.00,-0.01,,,,,,,454380653,143.78,USD
2026-04-14T15:54:06-0400,Trade,Sell to Close,SELL_TO_CLOSE,QQQ,Equity,Sold 1 QQQ @ 627.52,627.52,1,627.52,0.00,-0.02,,,,,,,454380648,627.50,USD
2026-04-14T15:54:06-0400,Trade,Sell to Close,SELL_TO_CLOSE,QQQ,Equity,Sold 1 QQQ @ 627.54,627.54,1,627.54,0.00,-0.02,,,,,,,454380645,627.52,USD
2026-04-14T15:42:51-0400,Trade,Buy to Close,BUY_TO_CLOSE,SGOV,Equity,Bought 7.9996 SGOV @ 100.52,-804.12,7.9996,-100.52,0.00,-0.10,,,,,,,454370391,-804.22,USD
2026-04-14T15:42:51-0400,Trade,Sell to Close,SELL_TO_CLOSE,QLD,Equity,Sold 2 QLD @ 71.94,143.87,2,71.93,0.00,-0.01,,,,,,,454370387,143.86,USD
2026-04-14T15:42:50-0400,Trade,Sell to Close,SELL_TO_CLOSE,QLD,Equity,Sold 2 QLD @ 71.94,143.87,2,71.93,0.00,-0.01,,,,,,,454370385,143.86,USD
2026-04-14T15:42:50-0400,Trade,Sell to Close,SELL_TO_CLOSE,QQQ,Equity,Sold 1 QQQ @ 627.75,627.75,1,627.75,0.00,-0.02,,,,,,,454370381,627.73,USD
2026-04-14T15:42:50-0400,Trade,Sell to Close,SELL_TO_CLOSE,QQQ,Equity,Sold 1 QQQ @ 627.74,627.74,1,627.74,0.00,-0.02,,,,,,,454370377,627.72,USD
2026-04-14T15:42:50-0400,Trade,Sell to Close,SELL_TO_CLOSE,QQQ,Equity,Sold 1 QQQ @ 627.75,627.75,1,627.75,0.00,-0.02,,,,,,,454370373,627.73,USD
2026-04-14T15:42:48-0400,Trade,Buy to Close,BUY_TO_CLOSE,SGOV,Equity,Bought 7.9996 SGOV @ 100.52,-804.12,7.9996,-100.52,0.00,-0.10,,,,,,,454370341,-804.22,USD
2026-04-14T15:42:48-0400,Trade,Buy to Close,BUY_TO_CLOSE,SGOV,Equity,Bought 1 SGOV @ 100.52,-100.52,1,-100.52,0.00,-0.10,,,,,,,454370334,-100.62,USD
2026-04-14T15:42:48-0400,Trade,Sell to Close,SELL_TO_CLOSE,QLD,Equity,Sold 2 QLD @ 71.94,143.89,2,71.94,0.00,-0.01,,,,,,,454370333,143.88,USD
2026-04-14T15:42:48-0400,Trade,Sell to Close,SELL_TO_CLOSE,QLD,Equity,Sold 2 QLD @ 71.94,143.89,2,71.94,0.00,-0.01,,,,,,,454370332,143.88,USD
2026-04-14T15:42:48-0400,Trade,Sell to Close,SELL_TO_CLOSE,QLD,Equity,Sold 2 QLD @ 71.94,143.89,2,71.94,0.00,-0.01,,,,,,,454370330,143.88,USD
2026-04-14T15:42:48-0400,Trade,Sell to Close,SELL_TO_CLOSE,QQQ,Equity,Sold 1 QQQ @ 627.79,627.79,1,627.79,0.00,-0.02,,,,,,,454370328,627.77,USD
2026-04-14T15:42:48-0400,Trade,Sell to Close,SELL_TO_CLOSE,QQQ,Equity,Sold 1 QQQ @ 627.78,627.78,1,627.78,0.00,-0.02,,,,,,,454370327,627.76,USD
2026-04-14T15:01:07-0400,Trade,Buy to Open,BUY_TO_OPEN,QLD,Equity,Bought 33.48189 QLD @ 71.66,"-2,399.48",33.48189,-71.67,0.00,-0.10,,,,,,,454337963,"-2,399.58",USD
2026-04-14T15:01:07-0400,Trade,Buy to Open,BUY_TO_OPEN,QQQ,Equity,Bought 61.87874 QQQ @ 626.59,"-38,772.60",61.87874,-626.59,0.00,-0.10,,,,,,,454337961,"-38,772.70",USD
2026-04-14T15:01:07-0400,Trade,Buy to Open,BUY_TO_OPEN,QLD,Equity,Bought 33.47722 QLD @ 71.68,"-2,399.48",33.47722,-71.68,0.00,-0.10,,,,,,,454337956,"-2,399.58",USD
2026-04-14T15:01:06-0400,Trade,Buy to Open,BUY_TO_OPEN,QQQ,Equity,Bought 61.87826 QQQ @ 626.58,"-38,771.99",61.87826,-626.59,0.00,-0.10,,,,,,,454337953,"-38,772.09",USD
2026-04-14T15:00:05-0400,Trade,Buy to Close,BUY_TO_CLOSE,QLD,Equity,Bought 0.97145 QLD @ 71.64,-69.59,0.97145,-71.64,0.00,-0.10,,,,,,,454337326,-69.69,USD
2026-04-14T15:00:05-0400,Trade,Buy to Close,BUY_TO_CLOSE,QLD,Equity,Bought 0.97145 QLD @ 71.64,-69.59,0.97145,-71.64,0.00,-0.10,,,,,,,454337325,-69.69,USD
2026-04-14T09:30:31-0400,Trade,Buy to Close,BUY_TO_CLOSE,QLD,Equity,Bought 0.98877 QLD @ 70.38,-69.59,0.98877,-70.38,0.00,-0.10,,,,,,,454029567,-69.69,USD
2026-04-14T09:30:29-0400,Trade,Buy to Close,BUY_TO_CLOSE,QLD,Equity,Bought 0.9887 QLD @ 70.38,-69.59,0.9887,-70.39,0.00,-0.10,,,,,,,454029500,-69.69,USD
2026-04-13T15:30:38-0400,Trade,Buy to Open,BUY_TO_OPEN,TQQQ,Equity,Bought 8.9991 TQQQ @ 50.20,-451.71,8.9991,-50.20,0.00,-0.10,,,,,,,453938456,-451.81,USD
2026-04-13T15:30:38-0400,Trade,Buy to Close,BUY_TO_CLOSE,QLD,Equity,Bought 1.99927 QLD @ 69.12,-138.20,1.99927,-69.13,0.00,-0.10,,,,,,,453938451,-138.30,USD
2026-04-13T15:30:37-0400,Trade,Sell to Open,SELL_TO_OPEN,SGOV,Equity,Sold 1 SGOV @ 100.50,100.50,1,100.50,0.00,-0.01,,,,,,,453938440,100.49,USD
2026-04-13T15:30:37-0400,Trade,Sell to Open,SELL_TO_OPEN,QQQ,Equity,Sold 1 QQQ @ 615.26,615.26,1,615.26,0.00,-0.02,,,,,,,453938424,615.24,USD
2026-04-13T15:30:37-0400,Trade,Sell to Open,SELL_TO_OPEN,QQQ,Equity,Sold 1 QQQ @ 615.26,615.26,1,615.26,0.00,-0.02,,,,,,,453938421,615.24,USD
2026-04-13T15:30:37-0400,Trade,Buy to Close,BUY_TO_CLOSE,QLD,Equity,Bought 0.99956 QLD @ 69.13,-69.10,0.99956,-69.13,0.00,-0.10,,,,,,,453938418,-69.20,USD
2026-04-13T15:30:37-0400,Trade,Sell to Open,SELL_TO_OPEN,QQQ,Equity,Sold 1 QQQ @ 615.27,615.27,1,615.27,0.00,-0.02,,,,,,,453938419,615.25,USD
2026-04-13T15:30:37-0400,Trade,Buy to Close,BUY_TO_CLOSE,QLD,Equity,Bought 0.99956 QLD @ 69.13,-69.10,0.99956,-69.13,0.00,-0.10,,,,,,,453938408,-69.20,USD
2026-04-13T15:29:38-0400,Trade,Buy to Close,BUY_TO_CLOSE,SGOV,Equity,Bought 7.9995 SGOV @ 100.51,-804.03,7.9995,-100.51,0.00,-0.10,,,,,,,453937046,-804.13,USD
2026-04-13T15:29:37-0400,Trade,Sell to Open,SELL_TO_OPEN,QLD,Equity,Sold 2 QLD @ 69.14,138.27,2,69.13,0.00,-0.01,,,,,,,453937043,138.26,USD
2026-04-13T15:29:37-0400,Trade,Buy to Close,BUY_TO_CLOSE,SGOV,Equity,Bought 0.99995 SGOV @ 100.50,-100.50,0.99995,-100.51,0.00,-0.10,,,,,,,453937031,-100.60,USD
2026-04-13T15:29:37-0400,Trade,Sell to Open,SELL_TO_OPEN,QLD,Equity,Sold 2 QLD @ 69.13,138.26,2,69.13,0.00,-0.01,,,,,,,453937027,138.25,USD
2026-04-13T15:29:37-0400,Trade,Sell to Open,SELL_TO_OPEN,QQQ,Equity,Sold 1 QQQ @ 615.30,615.30,1,615.30,0.00,-0.02,,,,,,,453937025,615.28,USD
2026-04-13T15:29:35-0400,Trade,Buy to Open,BUY_TO_OPEN,TQQQ,Equity,Bought 9 TQQQ @ 50.20,-451.80,9,-50.20,0.00,-0.10,,,,,,,453937001,-451.90,USD
2026-04-13T15:29:35-0400,Trade,Buy to Close,BUY_TO_CLOSE,QLD,Equity,Bought 1.99884 QLD @ 69.14,-138.20,1.99884,-69.14,0.00,-0.10,,,,,,,453936995,-138.30,USD
2026-04-13T15:29:35-0400,Trade,Sell to Open,SELL_TO_OPEN,SGOV,Equity,Sold 1 SGOV @ 100.50,100.50,1,100.50,0.00,-0.01,,,,,,,453936991,100.49,USD
2026-04-13T15:29:35-0400,Trade,Sell to Open,SELL_TO_OPEN,QQQ,Equity,Sold 1 QQQ @ 615.28,615.28,1,615.28,0.00,-0.02,,,,,,,453936984,615.26,USD
2026-04-13T15:29:35-0400,Trade,Sell to Open,SELL_TO_OPEN,QQQ,Equity,Sold 1 QQQ @ 615.29,615.29,1,615.29,0.00,-0.02,,,,,,,453936983,615.27,USD
2026-04-13T15:29:35-0400,Trade,Buy to Close,BUY_TO_CLOSE,QLD,Equity,Bought 0.99949 QLD @ 69.14,-69.10,0.99949,-69.14,0.00,-0.10,,,,,,,453936978,-69.20,USD
2026-04-13T15:29:35-0400,Trade,Buy to Close,BUY_TO_CLOSE,QLD,Equity,Bought 0.99949 QLD @ 69.14,-69.10,0.99949,-69.14,0.00,-0.10,,,,,,,453936977,-69.20,USD
2026-04-13T15:29:30-0400,Trade,Sell to Open,SELL_TO_OPEN,SGOV,Equity,Sold 3 SGOV @ 100.50,301.51,3,100.50,0.00,-0.01,,,,,,,453936910,301.50,USD
2026-04-13T15:29:30-0400,Trade,Sell to Open,SELL_TO_OPEN,SGOV,Equity,Sold 3 SGOV @ 100.50,301.51,3,100.50,0.00,-0.01,,,,,,,453936908,301.50,USD
2026-04-13T15:29:30-0400,Trade,Sell to Open,SELL_TO_OPEN,SGOV,Equity,Sold 3 SGOV @ 100.50,301.50,3,100.50,0.00,-0.01,,,,,,,453936907,301.49,USD
2026-04-13T15:29:30-0400,Trade,Sell to Open,SELL_TO_OPEN,QLD,Equity,Sold 6 QLD @ 69.13,414.78,6,69.13,0.00,-0.02,,,,,,,453936906,414.76,USD
2026-04-13T15:29:30-0400,Trade,Sell to Open,SELL_TO_OPEN,SGOV,Equity,Sold 3 SGOV @ 100.50,301.51,3,100.50,0.00,-0.01,,,,,,,453936905,301.50,USD
2026-04-13T15:29:30-0400,Trade,Sell to Open,SELL_TO_OPEN,SGOV,Equity,Sold 3 SGOV @ 100.50,301.51,3,100.50,0.00,-0.01,,,,,,,453936901,301.50,USD
2026-04-13T15:29:30-0400,Trade,Sell to Open,SELL_TO_OPEN,QLD,Equity,Sold 7 QLD @ 69.14,483.94,7,69.13,0.00,-0.02,,,,,,,453936897,483.93,USD
2026-04-13T15:29:30-0400,Trade,Sell to Open,SELL_TO_OPEN,QLD,Equity,Sold 7 QLD @ 69.14,483.94,7,69.13,0.00,-0.02,,,,,,,453936896,483.93,USD
2026-04-13T15:29:30-0400,Trade,Sell to Open,SELL_TO_OPEN,SGOV,Equity,Sold 3 SGOV @ 100.50,301.51,3,100.50,0.00,-0.01,,,,,,,453936893,301.50,USD
2026-04-13T15:29:30-0400,Trade,Sell to Open,SELL_TO_OPEN,QLD,Equity,Sold 7 QLD @ 69.14,483.94,7,69.13,0.00,-0.02,,,,,,,453936891,483.93,USD
2026-04-13T15:29:29-0400,Trade,Sell to Open,SELL_TO_OPEN,QLD,Equity,Sold 7 QLD @ 69.14,483.94,7,69.13,0.00,-0.02,,,,,,,453936890,483.93,USD
2026-04-13T15:29:29-0400,Trade,Sell to Open,SELL_TO_OPEN,SGOV,Equity,Sold 3 SGOV @ 100.50,301.51,3,100.50,0.00,-0.01,,,,,,,453936889,301.50,USD
2026-04-13T15:29:29-0400,Trade,Sell to Open,SELL_TO_OPEN,SGOV,Equity,Sold 3 SGOV @ 100.50,301.51,3,100.50,0.00,-0.01,,,,,,,453936888,301.50,USD
2026-04-13T15:29:29-0400,Trade,Sell to Open,SELL_TO_OPEN,QQQ,Equity,Sold 5 QQQ @ 615.30,"3,076.52",5,615.31,0.00,-0.07,,,,,,,453936887,"3,076.45",USD
2026-04-13T15:29:29-0400,Trade,Sell to Open,SELL_TO_OPEN,QQQ,Equity,Sold 10 QQQ @ 615.30,"6,153.05",10,615.31,0.00,-0.14,,,,,,,453936886,"6,152.91",USD
2026-04-13T15:29:29-0400,Trade,Sell to Open,SELL_TO_OPEN,QQQ,Equity,Sold 5 QQQ @ 615.30,"3,076.52",5,615.31,0.00,-0.07,,,,,,,453936885,"3,076.45",USD
2026-04-13T15:29:29-0400,Trade,Sell to Open,SELL_TO_OPEN,QQQ,Equity,Sold 5 QQQ @ 615.30,"3,076.50",5,615.30,0.00,-0.07,,,,,,,453936883,"3,076.43",USD
2026-04-13T15:29:29-0400,Trade,Sell to Open,SELL_TO_OPEN,QQQ,Equity,Sold 5 QQQ @ 615.30,"3,076.52",5,615.31,0.00,-0.07,,,,,,,453936884,"3,076.45",USD
2026-04-13T15:29:29-0400,Trade,Sell to Open,SELL_TO_OPEN,QQQ,Equity,Sold 5 QQQ @ 615.30,"3,076.50",5,615.30,0.00,-0.07,,,,,,,453936882,"3,076.43",USD
2026-04-13T15:29:29-0400,Trade,Sell to Open,SELL_TO_OPEN,SGOV,Equity,Sold 3 SGOV @ 100.50,301.51,3,100.50,0.00,-0.01,,,,,,,453936880,301.50,USD
2026-04-13T15:29:29-0400,Trade,Sell to Open,SELL_TO_OPEN,QQQ,Equity,Sold 5 QQQ @ 615.30,"3,076.50",5,615.30,0.00,-0.07,,,,,,,453936879,"3,076.42",USD
2026-04-13T15:29:29-0400,Trade,Sell to Open,SELL_TO_OPEN,QQQ,Equity,Sold 5 QQQ @ 615.30,"3,076.52",5,615.31,0.00,-0.07,,,,,,,453936876,"3,076.45",USD
2026-04-13T15:29:29-0400,Trade,Sell to Close,SELL_TO_CLOSE,SGOV,Equity,Sold 3 SGOV @ 100.50,301.51,3,100.50,0.00,-0.01,,,,,,,453936871,301.50,USD
2026-04-13T15:29:29-0400,Trade,Sell to Open,SELL_TO_OPEN,QLD,Equity,Sold 7 QLD @ 69.14,483.94,7,69.13,0.00,-0.02,,,,,,,453936869,483.93,USD
2026-04-13T15:29:29-0400,Trade,Sell to Open,SELL_TO_OPEN,QQQ,Equity,Sold 5 QQQ @ 615.30,"3,076.52",5,615.31,0.00,-0.07,,,,,,,453936868,"3,076.45",USD
2026-04-13T15:29:29-0400,Trade,Sell to Close,SELL_TO_CLOSE,QLD,Equity,Sold 7 QLD @ 69.14,483.94,7,69.13,0.00,-0.02,,,,,,,453936867,483.93,USD
2026-04-13T15:29:29-0400,Trade,Sell to Open,SELL_TO_OPEN,QQQ,Equity,Sold 5 QQQ @ 615.30,"3,076.52",5,615.31,0.00,-0.07,,,,,,,453936863,"3,076.45",USD
2026-04-13T15:29:28-0400,Trade,Sell to Close,SELL_TO_CLOSE,QQQ,Equity,Sold 5 QQQ @ 615.30,"3,076.52",5,615.31,0.00,-0.07,,,,,,,453936860,"3,076.45",USD
2026-04-13T15:03:46-0400,Trade,Sell to Close,SELL_TO_CLOSE,QLD,Equity,Sold 1 QLD @ 69.10,69.10,1,69.10,0.00,-0.01,,,,,,,453919590,69.09,USD
2026-04-11T15:14:51-0400,Money Movement,Balance Adjustment,,,,Regulatory fee adjustment,-0.44,0,,--,0.00,,,,,,,,-0.44,USD
2026-04-10T15:21:45-0400,Trade,Sell to Open,SELL_TO_OPEN,TQQQ  260417P00041000,Equity Option,Sold 1 TQQQ 04/17/26 Put 41.00 @ 0.10,10.00,1,10.00,-1.00,-0.13,100,TQQQ,TQQQ,4/17/26,41,PUT,453542814,8.87,USD
2026-04-10T15:21:28-0400,Trade,Buy to Open,BUY_TO_OPEN,SGOV,Equity,Bought 2 SGOV @ 100.50,-201.00,2,-100.50,0.00,0.00,,,,,,,453542628,-201.00,USD
2026-04-10T15:21:28-0400,Trade,Buy to Open,BUY_TO_OPEN,QLD,Equity,Bought 7 QLD @ 68.24,-477.64,7,-68.23,0.00,-0.01,,,,,,,453542622,-477.65,USD
2026-04-10T15:21:27-0400,Trade,Buy to Open,BUY_TO_OPEN,QQQ,Equity,Bought 3 QQQ @ 611.21,"-1,833.63",3,-611.21,0.00,0.00,,,,,,,453542616,"-1,833.63",USD
2026-04-09T09:30:04-0400,Trade,Buy to Open,BUY_TO_OPEN,QQQ   260618C00660000,Equity Option,Bought 1 QQQ 06/18/26 Call 660.00 @ 3.40,-340.00,1,-340.00,-1.00,-0.12,100,QQQ,QQQ,6/18/26,660,CALL,452892904,-341.12,USD
2026-04-09T09:30:04-0400,Trade,Sell to Open,SELL_TO_OPEN,QQQ   260618C00640000,Equity Option,Sold 1 QQQ 06/18/26 Call 640.00 @ 8.47,847.00,1,847.00,-1.00,-0.14,100,QQQ,QQQ,6/18/26,640,CALL,452892904,845.86,USD
2026-04-08T14:32:13-0400,Trade,Sell to Close,SELL_TO_CLOSE,QLD,Equity,Sold 3 QLD @ 67.02,201.04,3,67.01,0.00,-0.01,,,,,,,452812319,201.03,USD
2026-04-08T14:32:13-0400,Trade,Sell to Close,SELL_TO_CLOSE,QQQ,Equity,Sold 1 QQQ @ 605.54,605.54,1,605.54,0.00,-0.02,,,,,,,452812317,605.52,USD
2026-04-08T14:28:36-0400,Trade,Buy to Open,BUY_TO_OPEN,QQQ   260618C00665000,Equity Option,Bought 1 QQQ 06/18/26 Call 665.00 @ 2.67,-267.00,1,-267.00,-1.00,-0.12,100,QQQ,QQQ,6/18/26,665,CALL,452810369,-268.12,USD
2026-04-08T14:28:36-0400,Trade,Sell to Open,SELL_TO_OPEN,QQQ   260618C00645000,Equity Option,Sold 1 QQQ 06/18/26 Call 645.00 @ 6.89,689.00,1,689.00,-1.00,-0.14,100,QQQ,QQQ,6/18/26,645,CALL,452810369,687.86,USD
2026-04-08T14:28:19-0400,Trade,Buy to Open,BUY_TO_OPEN,SGOV,Equity,Bought 1 SGOV @ 100.46,-100.46,1,-100.46,0.00,0.00,,,,,,,452810233,-100.46,USD
2026-04-08T14:28:19-0400,Trade,Buy to Open,BUY_TO_OPEN,QQQ,Equity,Bought 2 QQQ @ 605.52,"-1,211.04",2,-605.52,0.00,0.00,,,,,,,452810231,"-1,211.04",USD
2026-04-08T14:28:19-0400,Trade,Sell to Close,SELL_TO_CLOSE,QLD,Equity,Sold 50 QLD @ 67.00,"3,350.04",50,67.00,0.00,-0.12,,,,,,,452810228,"3,349.92",USD
2026-04-07T17:00:00-0400,Money Movement,Dividend,,SGOV,Equity,ISHARES TRUST,208.10,0,,--,0.00,,,,,,,,208.10,USD
2026-04-07T15:48:43-0400,Trade,Buy to Close,BUY_TO_CLOSE,SNDK  260424C00700000,Equity Option,Bought 1 SNDK 04/24/26 Call 700.00 @ 63.35,"-6,335.00",1,"-6,335.00",0.00,-0.12,100,SNDK,SNDK,4/24/26,700,CALL,452429525,"-6,335.12",USD
2026-04-07T15:46:15-0400,Trade,Buy to Close,BUY_TO_CLOSE,QQQ   260515C00616000,Equity Option,Bought 2 QQQ 05/15/26 Call 616.00 @ 6.28,"-1,256.00",2,-628.00,0.00,-0.25,100,QQQ,QQQ,5/15/26,616,CALL,452427039,"-1,256.25",USD
2026-04-07T15:45:11-0400,Trade,Sell to Close,SELL_TO_CLOSE,QQQ   260417P00610000,Equity Option,Sold 1 QQQ 04/17/26 Put 610.00 @ 25.60,"2,560.00",1,"2,560.00",0.00,-0.18,100,QQQ,QQQ,4/17/26,610,PUT,452426537,"2,559.82",USD
2026-04-07T15:43:52-0400,Trade,Buy to Open,BUY_TO_OPEN,QQQ,Equity,Bought 1 QQQ @ 585.10,-585.10,1,-585.10,0.00,0.00,,,,,,,452425636,-585.10,USD
2026-04-07T15:35:02-0400,Trade,Buy to Close,BUY_TO_CLOSE,SGOV,Equity,Bought 300.0018 SGOV @ 100.45,"-30,135.18",300.0018,-100.45,0.00,-0.10,,,,,,,452420435,"-30,135.28",USD
2026-04-07T15:34:16-0400,Trade,Buy to Close,BUY_TO_CLOSE,QQQ,Equity,Bought 137.00138 QQQ @ 584.96,"-80,140.33",137.00138,-584.96,0.00,-0.10,,,,,,,452420031,"-80,140.43",USD
2026-04-06T15:50:53-0400,Trade,Buy to Open,BUY_TO_OPEN,QLD,Equity,Bought 54 QLD @ 63.34,"-3,420.63",54,-63.34,0.00,-0.04,,,,,,,452132472,"-3,420.67",USD
2026-04-06T15:45:46-0400,Trade,Sell to Open,SELL_TO_OPEN,SGOV,Equity,Sold 19 SGOV @ 100.44,"1,908.26",19,100.43,0.00,-0.06,,,,,,,452129434,"1,908.21",USD
2026-04-06T15:45:45-0400,Trade,Sell to Close,SELL_TO_CLOSE,QLD,Equity,Sold 2 QLD @ 63.28,126.55,2,63.27,0.00,-0.01,,,,,,,452129431,126.54,USD
2026-04-06T15:45:45-0400,Trade,Sell to Open,SELL_TO_OPEN,QQQ,Equity,Sold 36 QQQ @ 588.16,"21,173.76",36,588.16,0.00,-0.48,,,,,,,452129428,"21,173.28",USD
2026-04-06T15:44:45-0400,Trade,Buy to Close,BUY_TO_CLOSE,SGOV,Equity,Bought 1 SGOV @ 100.44,-100.44,1,-100.44,0.00,-0.10,,,,,,,452128837,-100.54,USD
2026-04-06T15:44:44-0400,Trade,Buy to Open,BUY_TO_OPEN,QLD,Equity,Bought 1.99952 QLD @ 63.26,-126.48,1.99952,-63.26,0.00,-0.10,,,,,,,452128835,-126.58,USD
2026-04-06T15:44:44-0400,Trade,Buy to Close,BUY_TO_CLOSE,SGOV,Equity,Bought 1 SGOV @ 100.44,-100.44,1,-100.44,0.00,-0.10,,,,,,,452128834,-100.54,USD
2026-04-06T15:44:44-0400,Trade,Buy to Close,BUY_TO_CLOSE,SGOV,Equity,Bought 1 SGOV @ 100.44,-100.44,1,-100.44,0.00,-0.10,,,,,,,452128833,-100.54,USD
2026-04-06T15:44:44-0400,Trade,Buy to Close,BUY_TO_CLOSE,QQQ,Equity,Bought 0.9999 QQQ @ 588.02,-587.97,0.9999,-588.02,0.00,-0.10,,,,,,,452128832,-588.07,USD
2026-04-06T15:44:44-0400,Trade,Buy to Close,BUY_TO_CLOSE,SGOV,Equity,Bought 8.9996 SGOV @ 100.44,-903.92,8.9996,-100.44,0.00,-0.10,,,,,,,452128830,-904.02,USD
2026-04-06T15:44:44-0400,Trade,Buy to Open,BUY_TO_OPEN,QLD,Equity,Bought 1.99984 QLD @ 63.24,-126.48,1.99984,-63.25,0.00,-0.10,,,,,,,452128829,-126.58,USD
2026-04-06T15:44:44-0400,Trade,Buy to Close,BUY_TO_CLOSE,QLD,Equity,Bought 1.99984 QLD @ 63.24,-126.48,1.99984,-63.25,0.00,-0.10,,,,,,,452128827,-126.58,USD
2026-04-06T15:44:44-0400,Trade,Buy to Close,BUY_TO_CLOSE,QQQ,Equity,Bought 0.99996 QQQ @ 587.99,-587.97,0.99996,-587.99,0.00,-0.10,,,,,,,452128825,-588.07,USD
2026-04-06T15:44:44-0400,Trade,Buy to Close,BUY_TO_CLOSE,QQQ,Equity,Bought 0.99997 QQQ @ 587.98,-587.97,0.99997,-587.98,0.00,-0.10,,,,,,,452128822,-588.07,USD
2026-04-06T15:44:42-0400,Trade,Sell to Open,SELL_TO_OPEN,SGOV,Equity,Sold 44 SGOV @ 100.43,"4,419.13",44,100.43,0.00,-0.14,,,,,,,452128812,"4,418.98",USD
2026-04-06T15:44:42-0400,Trade,Sell to Open,SELL_TO_OPEN,SGOV,Equity,Sold 45 SGOV @ 100.43,"4,519.56",45,100.43,0.00,-0.14,,,,,,,452128811,"4,519.42",USD
2026-04-06T15:44:42-0400,Trade,Sell to Open,SELL_TO_OPEN,QLD,Equity,Sold 3 QLD @ 63.24,189.70,3,63.24,0.00,-0.01,,,,,,,452128806,189.69,USD
2026-04-06T15:44:42-0400,Trade,Sell to Close,SELL_TO_CLOSE,QLD,Equity,Sold 3 QLD @ 63.24,189.70,3,63.24,0.00,-0.01,,,,,,,452128804,189.69,USD
2026-04-06T15:44:42-0400,Trade,Sell to Open,SELL_TO_OPEN,QQQ,Equity,Sold 16 QQQ @ 587.98,"9,407.68",16,587.98,0.00,-0.22,,,,,,,452128802,"9,407.46",USD
2026-04-06T15:44:42-0400,Trade,Sell to Open,SELL_TO_OPEN,QQQ,Equity,Sold 16 QQQ @ 587.97,"9,407.54",16,587.97,0.00,-0.22,,,,,,,452128799,"9,407.32",USD
2026-04-06T15:44:42-0400,Trade,Sell to Open,SELL_TO_OPEN,QQQ,Equity,Sold 12 QQQ @ 587.97,"7,055.64",12,587.97,0.00,-0.16,,,,,,,452128798,"7,055.48",USD
2026-04-06T15:44:42-0400,Trade,Sell to Open,SELL_TO_OPEN,QQQ,Equity,Sold 12 QQQ @ 587.98,"7,055.76",12,587.98,0.00,-0.16,,,,,,,452128797,"7,055.60",USD
2026-04-06T15:44:42-0400,Trade,Sell to Open,SELL_TO_OPEN,QQQ,Equity,Sold 2 QQQ @ 587.97,"1,175.94",2,587.97,0.00,-0.03,,,,,,,452128796,"1,175.91",USD
2026-04-06T15:44:42-0400,Trade,Sell to Open,SELL_TO_OPEN,QQQ,Equity,Sold 10 QQQ @ 587.98,"5,879.80",10,587.98,0.00,-0.14,,,,,,,452128796,"5,879.66",USD
2026-04-06T15:44:41-0400,Trade,Sell to Open,SELL_TO_OPEN,QQQ,Equity,Sold 12 QQQ @ 587.99,"7,055.88",12,587.99,0.00,-0.16,,,,,,,452128795,"7,055.72",USD
2026-04-06T15:44:41-0400,Trade,Sell to Open,SELL_TO_OPEN,QQQ,Equity,Sold 8 QQQ @ 587.98,"4,703.84",8,587.98,0.00,-0.11,,,,,,,452128793,"4,703.73",USD
2026-04-06T15:44:41-0400,Trade,Sell to Open,SELL_TO_OPEN,SGOV,Equity,Sold 37 SGOV @ 100.43,"3,716.08",37,100.43,0.00,-0.12,,,,,,,452128792,"3,715.97",USD
2026-04-06T15:44:41-0400,Trade,Sell to Open,SELL_TO_OPEN,QQQ,Equity,Sold 4 QQQ @ 587.97,"2,351.88",4,587.97,0.00,-0.05,,,,,,,452128787,"2,351.83",USD
2026-04-06T15:44:41-0400,Trade,Sell to Close,SELL_TO_CLOSE,QLD,Equity,Sold 58 QLD @ 63.24,"3,667.63",58,63.23,0.00,-0.14,,,,,,,452128786,"3,667.49",USD
2026-04-06T15:44:41-0400,Trade,Sell to Open,SELL_TO_OPEN,QQQ,Equity,Sold 4 QQQ @ 587.98,"2,351.90",4,587.97,0.00,-0.05,,,,,,,452128785,"2,351.85",USD
2026-04-06T15:44:41-0400,Trade,Sell to Open,SELL_TO_OPEN,QQQ,Equity,Sold 4 QQQ @ 587.98,"2,351.90",4,587.97,0.00,-0.05,,,,,,,452128784,"2,351.85",USD
2026-04-06T15:43:57-0400,Trade,Sell to Close,SELL_TO_CLOSE,QLD,Equity,Sold 19 QLD @ 63.20,"1,200.89",19,63.20,0.00,-0.05,,,,,,,452128421,"1,200.84",USD
2026-04-06T15:32:16-0400,Trade,Buy to Open,BUY_TO_OPEN,QLD,Equity,Bought 41.00799 QLD @ 63.20,"-2,591.50",41.00799,-63.20,0.00,-0.10,,,,,,,452122940,"-2,591.60",USD
2026-04-06T15:32:07-0400,Trade,Buy to Close,BUY_TO_CLOSE,SGOV,Equity,Bought 32.9984 SGOV @ 100.44,"-3,314.36",32.9984,-100.44,0.00,-0.10,,,,,,,452122867,"-3,314.46",USD
2026-04-06T15:32:06-0400,Trade,Buy to Open,BUY_TO_OPEN,QLD,Equity,Bought 35.99715 QLD @ 63.20,"-2,275.02",35.99715,-63.20,0.00,-0.10,,,,,,,452122866,"-2,275.12",USD
2026-04-06T15:32:06-0400,Trade,Buy to Close,BUY_TO_CLOSE,QQQ,Equity,Bought 17.99938 QQQ @ 587.79,"-10,579.86",17.99938,-587.79,0.00,-0.10,,,,,,,452122862,"-10,579.96",USD
2026-04-06T12:58:47-0400,Trade,Buy to Open,BUY_TO_OPEN,QLD,Equity,Bought 0.99992 QLD @ 63.08,-63.07,0.99992,-63.08,0.00,-0.10,,,,,,,452045083,-63.17,USD
2026-04-06T12:58:47-0400,Trade,Buy to Open,BUY_TO_OPEN,QLD,Equity,Bought 0.99992 QLD @ 63.08,-63.07,0.99992,-63.08,0.00,-0.10,,,,,,,452045081,-63.17,USD
2026-04-06T12:58:47-0400,Trade,Buy to Open,BUY_TO_OPEN,QLD,Equity,Bought 0.99992 QLD @ 63.08,-63.07,0.99992,-63.08,0.00,-0.10,,,,,,,452045080,-63.17,USD
2026-04-06T12:58:47-0400,Trade,Sell to Open,SELL_TO_OPEN,QQQ,Equity,Sold 2 QQQ @ 587.20,"1,174.40",2,587.20,0.00,-0.03,,,,,,,452045082,"1,174.37",USD
2026-04-06T12:58:47-0400,Trade,Sell to Open,SELL_TO_OPEN,QQQ,Equity,Sold 1 QQQ @ 587.20,587.20,1,587.20,0.00,-0.02,,,,,,,452045078,587.18,USD
2026-04-06T12:58:47-0400,Trade,Sell to Open,SELL_TO_OPEN,QQQ,Equity,Sold 1 QQQ @ 587.20,587.20,1,587.20,0.00,-0.02,,,,,,,452045077,587.18,USD
2026-04-06T12:58:47-0400,Trade,Sell to Open,SELL_TO_OPEN,SGOV,Equity,Sold 9 SGOV @ 100.43,903.87,9,100.43,0.00,-0.03,,,,,,,452045076,903.84,USD
2026-04-06T12:58:47-0400,Trade,Sell to Open,SELL_TO_OPEN,QQQ,Equity,Sold 2 QQQ @ 587.22,"1,174.43",2,587.21,0.00,-0.03,,,,,,,452045075,"1,174.40",USD
2026-04-06T12:58:47-0400,Trade,Sell to Open,SELL_TO_OPEN,QQQ,Equity,Sold 1 QQQ @ 587.20,587.20,1,587.20,0.00,-0.02,,,,,,,452045073,587.18,USD
2026-04-06T12:58:47-0400,Trade,Sell to Open,SELL_TO_OPEN,SGOV,Equity,Sold 9 SGOV @ 100.44,903.91,9,100.43,0.00,-0.03,,,,,,,452045074,903.88,USD
2026-04-06T12:58:47-0400,Trade,Sell to Open,SELL_TO_OPEN,QQQ,Equity,Sold 1 QQQ @ 587.20,587.20,1,587.20,0.00,-0.02,,,,,,,452045072,587.18,USD
2026-04-06T12:58:47-0400,Trade,Sell to Open,SELL_TO_OPEN,QQQ,Equity,Sold 1 QQQ @ 587.20,587.20,1,587.20,0.00,-0.02,,,,,,,452045071,587.18,USD
2026-04-06T12:58:47-0400,Trade,Sell to Open,SELL_TO_OPEN,SGOV,Equity,Sold 9 SGOV @ 100.44,903.91,9,100.43,0.00,-0.03,,,,,,,452045070,903.88,USD
2026-04-06T12:58:47-0400,Trade,Sell to Open,SELL_TO_OPEN,SGOV,Equity,Sold 9 SGOV @ 100.44,903.91,9,100.43,0.00,-0.03,,,,,,,452045069,903.88,USD
2026-04-06T12:58:47-0400,Trade,Sell to Open,SELL_TO_OPEN,QQQ,Equity,Sold 1 QQQ @ 587.22,587.21,1,587.21,0.00,-0.02,,,,,,,452045068,587.19,USD
2026-04-06T12:58:46-0400,Trade,Sell to Open,SELL_TO_OPEN,QQQ,Equity,Sold 2 QQQ @ 587.20,"1,174.40",2,587.20,0.00,-0.03,,,,,,,452045067,"1,174.37",USD
2026-04-06T12:58:46-0400,Trade,Sell to Open,SELL_TO_OPEN,QQQ,Equity,Sold 1 QQQ @ 587.20,587.20,1,587.20,0.00,-0.02,,,,,,,452045066,587.18,USD
2026-04-06T12:58:46-0400,Trade,Sell to Open,SELL_TO_OPEN,QQQ,Equity,Sold 2 QQQ @ 587.20,"1,174.40",2,587.20,0.00,-0.03,,,,,,,452045065,"1,174.37",USD
2026-04-06T12:58:26-0400,Trade,Buy to Close,BUY_TO_CLOSE,SGOV,Equity,Bought 9 SGOV @ 100.44,-903.96,9,-100.44,0.00,-0.10,,,,,,,452044933,-904.06,USD
2026-04-06T12:58:26-0400,Trade,Sell to Close,SELL_TO_CLOSE,TQQQ,Equity,Sold 2 TQQQ @ 43.83,87.66,2,43.83,0.00,-0.01,,,,,,,452044930,87.65,USD
2026-04-06T12:58:26-0400,Trade,Sell to Open,SELL_TO_OPEN,QLD,Equity,Sold 1 QLD @ 63.07,63.07,1,63.07,0.00,-0.01,,,,,,,452044929,63.06,USD
2026-04-06T12:58:25-0400,Trade,Sell to Open,SELL_TO_OPEN,QLD,Equity,Sold 1 QLD @ 63.07,63.07,1,63.07,0.00,-0.01,,,,,,,452044928,63.06,USD
2026-04-06T12:58:25-0400,Trade,Buy to Close,BUY_TO_CLOSE,QLD,Equity,Bought 0.99992 QLD @ 63.08,-63.07,0.99992,-63.08,0.00,-0.10,,,,,,,452044925,-63.17,USD
2026-04-06T12:58:25-0400,Trade,Buy to Close,BUY_TO_CLOSE,QLD,Equity,Bought 0.99984 QLD @ 63.08,-63.07,0.99984,-63.08,0.00,-0.10,,,,,,,452044917,-63.17,USD
2026-04-06T12:58:25-0400,Trade,Buy to Close,BUY_TO_CLOSE,QLD,Equity,Bought 0.99984 QLD @ 63.08,-63.07,0.99984,-63.08,0.00,-0.10,,,,,,,452044914,-63.17,USD
2026-04-06T12:58:25-0400,Trade,Sell to Open,SELL_TO_OPEN,SGOV,Equity,Sold 9 SGOV @ 100.43,903.87,9,100.43,0.00,-0.03,,,,,,,452044913,903.84,USD
2026-04-06T12:58:25-0400,Trade,Sell to Open,SELL_TO_OPEN,QQQ,Equity,Sold 1 QQQ @ 587.18,587.18,1,587.18,0.00,-0.02,,,,,,,452044911,587.16,USD
2026-04-06T12:58:25-0400,Trade,Sell to Open,SELL_TO_OPEN,QQQ,Equity,Sold 1 QQQ @ 587.20,587.19,1,587.19,0.00,-0.02,,,,,,,452044910,587.17,USD
2026-04-06T12:58:25-0400,Trade,Sell to Open,SELL_TO_OPEN,QQQ,Equity,Sold 1 QQQ @ 587.18,587.18,1,587.18,0.00,-0.02,,,,,,,452044908,587.16,USD
2026-04-06T12:58:25-0400,Trade,Sell to Open,SELL_TO_OPEN,QQQ,Equity,Sold 2 QQQ @ 587.18,"1,174.37",2,587.18,0.00,-0.03,,,,,,,452044907,"1,174.33",USD
2026-04-06T12:58:25-0400,Trade,Sell to Open,SELL_TO_OPEN,QQQ,Equity,Sold 1 QQQ @ 587.19,587.19,1,587.19,0.00,-0.02,,,,,,,452044905,587.17,USD
2026-04-06T12:58:25-0400,Trade,Sell to Open,SELL_TO_OPEN,QQQ,Equity,Sold 1 QQQ @ 587.18,587.18,1,587.18,0.00,-0.02,,,,,,,452044906,587.16,USD
2026-04-06T12:58:25-0400,Trade,Sell to Open,SELL_TO_OPEN,QQQ,Equity,Sold 1 QQQ @ 587.18,587.18,1,587.18,0.00,-0.02,,,,,,,452044904,587.16,USD
2026-04-06T12:58:25-0400,Trade,Sell to Open,SELL_TO_OPEN,SGOV,Equity,Sold 9 SGOV @ 100.43,903.87,9,100.43,0.00,-0.03,,,,,,,452044902,903.84,USD
2026-04-06T12:58:25-0400,Trade,Sell to Close,SELL_TO_CLOSE,QQQ,Equity,Sold 1 QQQ @ 587.18,587.18,1,587.18,0.00,-0.02,,,,,,,452044903,587.16,USD
2026-04-06T12:58:25-0400,Trade,Sell to Open,SELL_TO_OPEN,SGOV,Equity,Sold 9 SGOV @ 100.44,903.91,9,100.43,0.00,-0.03,,,,,,,452044901,903.88,USD
2026-04-06T12:58:25-0400,Trade,Sell to Close,SELL_TO_CLOSE,QQQ,Equity,Sold 2 QQQ @ 587.18,"1,174.36",2,587.18,0.00,-0.03,,,,,,,452044900,"1,174.33",USD
2026-04-06T12:58:25-0400,Trade,Sell to Close,SELL_TO_CLOSE,QQQ,Equity,Sold 2 QQQ @ 587.18,"1,174.36",2,587.18,0.00,-0.03,,,,,,,452044899,"1,174.33",USD
2026-04-06T12:58:25-0400,Trade,Sell to Open,SELL_TO_OPEN,SGOV,Equity,Sold 9 SGOV @ 100.44,903.91,9,100.43,0.00,-0.03,,,,,,,452044898,903.88,USD
2026-04-06T12:56:52-0400,Trade,Buy to Close,BUY_TO_CLOSE,QLD,Equity,Bought 2.00015 QLD @ 63.06,-126.14,2.00015,-63.06,0.00,-0.10,,,,,,,452044208,-126.24,USD
2026-04-06T12:56:52-0400,Trade,Buy to Open,BUY_TO_OPEN,TQQQ,Equity,Bought 11.00262 TQQQ @ 43.82,-482.19,11.00262,-43.83,0.00,-0.10,,,,,,,452044202,-482.29,USD
2026-04-06T12:56:52-0400,Trade,Buy to Close,BUY_TO_CLOSE,SGOV,Equity,Bought 9.00044 SGOV @ 100.44,-903.96,9.00044,-100.43,0.00,-0.10,,,,,,,452044201,-904.06,USD
2026-04-06T12:56:52-0400,Trade,Buy to Open,BUY_TO_OPEN,QQQ,Equity,Bought 0.99991 QQQ @ 587.18,-587.13,0.99991,-587.18,0.00,-0.10,,,,,,,452044200,-587.23,USD
2026-04-06T12:56:52-0400,Trade,Buy to Open,BUY_TO_OPEN,QQQ,Equity,Bought 0.99991 QQQ @ 587.18,-587.13,0.99991,-587.18,0.00,-0.10,,,,,,,452044198,-587.23,USD
2026-04-06T12:56:51-0400,Trade,Sell to Open,SELL_TO_OPEN,QLD,Equity,Sold 2 QLD @ 63.06,126.12,2,63.06,0.00,-0.01,,,,,,,452044199,126.11,USD
2026-04-06T12:56:51-0400,Trade,Buy to Open,BUY_TO_OPEN,QQQ,Equity,Bought 0.99991 QQQ @ 587.18,-587.13,0.99991,-587.18,0.00,-0.10,,,,,,,452044196,-587.23,USD
2026-04-06T12:56:51-0400,Trade,Buy to Close,BUY_TO_CLOSE,QLD,Equity,Bought 4 QLD @ 63.07,-252.28,4,-63.07,0.00,-0.10,,,,,,,452044194,-252.38,USD
2026-04-06T12:56:51-0400,Trade,Sell to Open,SELL_TO_OPEN,QLD,Equity,Sold 3 QLD @ 63.06,189.19,3,63.06,0.00,-0.01,,,,,,,452044195,189.17,USD
2026-04-06T12:56:51-0400,Trade,Sell to Open,SELL_TO_OPEN,SGOV,Equity,Sold 10 SGOV @ 100.44,"1,004.35",10,100.43,0.00,-0.04,,,,,,,452044192,"1,004.31",USD
2026-04-06T12:56:51-0400,Trade,Buy to Close,BUY_TO_CLOSE,QLD,Equity,Bought 2.00015 QLD @ 63.06,-126.14,2.00015,-63.06,0.00,-0.10,,,,,,,452044189,-126.24,USD
2026-04-06T12:56:51-0400,Trade,Sell to Open,SELL_TO_OPEN,SGOV,Equity,Sold 9 SGOV @ 100.44,903.91,9,100.43,0.00,-0.03,,,,,,,452044190,903.88,USD
2026-04-06T12:56:51-0400,Trade,Buy to Close,BUY_TO_CLOSE,QLD,Equity,Bought 2.00015 QLD @ 63.06,-126.14,2.00015,-63.06,0.00,-0.10,,,,,,,452044187,-126.24,USD
2026-04-06T12:56:51-0400,Trade,Sell to Open,SELL_TO_OPEN,SGOV,Equity,Sold 10 SGOV @ 100.44,"1,004.35",10,100.43,0.00,-0.04,,,,,,,452044188,"1,004.31",USD
2026-04-06T12:56:51-0400,Trade,Sell to Open,SELL_TO_OPEN,SGOV,Equity,Sold 11 SGOV @ 100.44,"1,104.78",11,100.43,0.00,-0.04,,,,,,,452044182,"1,104.74",USD
2026-04-06T12:56:51-0400,Trade,Buy to Open,BUY_TO_OPEN,QQQ,Equity,Bought 0.99986 QQQ @ 587.21,-587.13,0.99986,-587.21,0.00,-0.10,,,,,,,452044179,-587.23,USD
2026-04-06T12:56:51-0400,Trade,Sell to Open,SELL_TO_OPEN,SGOV,Equity,Sold 2 SGOV @ 100.44,200.87,2,100.43,0.00,-0.01,,,,,,,452044181,200.86,USD
2026-04-06T12:56:51-0400,Trade,Sell to Open,SELL_TO_OPEN,SGOV,Equity,Sold 2 SGOV @ 100.43,200.86,2,100.43,0.00,-0.01,,,,,,,452044180,200.85,USD
2026-04-06T12:56:51-0400,Trade,Buy to Open,BUY_TO_OPEN,QQQ,Equity,Bought 0.99984 QQQ @ 587.22,-587.13,0.99984,-587.22,0.00,-0.10,,,,,,,452044178,-587.23,USD
2026-04-06T12:56:51-0400,Trade,Sell to Open,SELL_TO_OPEN,SGOV,Equity,Sold 10 SGOV @ 100.44,"1,004.35",10,100.43,0.00,-0.04,,,,,,,452044177,"1,004.31",USD
2026-04-06T12:56:51-0400,Trade,Sell to Open,SELL_TO_OPEN,SGOV,Equity,Sold 10 SGOV @ 100.44,"1,004.35",10,100.43,0.00,-0.04,,,,,,,452044176,"1,004.31",USD
2026-04-06T12:56:50-0400,Trade,Buy to Close,BUY_TO_CLOSE,SGOV,Equity,Bought 9.00044 SGOV @ 100.44,-903.96,9.00044,-100.43,0.00,-0.10,,,,,,,452044168,-904.06,USD
2026-04-06T12:56:50-0400,Trade,Buy to Close,BUY_TO_CLOSE,SGOV,Equity,Bought 1.00004 SGOV @ 100.44,-100.44,1.00004,-100.43,0.00,-0.10,,,,,,,452044167,-100.54,USD
2026-04-06T12:56:50-0400,Trade,Buy to Close,BUY_TO_CLOSE,SGOV,Equity,Bought 1 SGOV @ 100.44,-100.44,1,-100.44,0.00,-0.10,,,,,,,452044166,-100.54,USD
2026-04-06T12:56:49-0400,Trade,Sell to Open,SELL_TO_OPEN,QLD,Equity,Sold 4 QLD @ 63.08,252.33,4,63.08,0.00,-0.01,,,,,,,452044165,252.31,USD
2026-04-06T12:56:49-0400,Trade,Sell to Open,SELL_TO_OPEN,QLD,Equity,Sold 2 QLD @ 63.08,126.17,2,63.08,0.00,-0.01,,,,,,,452044164,126.16,USD
2026-04-06T12:56:49-0400,Trade,Sell to Open,SELL_TO_OPEN,QLD,Equity,Sold 2 QLD @ 63.08,126.17,2,63.08,0.00,-0.01,,,,,,,452044163,126.16,USD
2026-04-06T12:56:49-0400,Trade,Sell to Close,SELL_TO_CLOSE,QLD,Equity,Sold 2 QLD @ 63.08,126.17,2,63.08,0.00,-0.01,,,,,,,452044162,126.16,USD
2026-04-06T12:56:49-0400,Trade,Sell to Close,SELL_TO_CLOSE,QLD,Equity,Sold 2 QLD @ 63.08,126.17,2,63.08,0.00,-0.01,,,,,,,452044161,126.16,USD
2026-04-06T12:56:49-0400,Trade,Sell to Close,SELL_TO_CLOSE,QLD,Equity,Sold 2 QLD @ 63.08,126.16,2,63.08,0.00,-0.01,,,,,,,452044160,126.15,USD
2026-04-06T11:59:04-0400,Trade,Buy to Open,BUY_TO_OPEN,QLD,Equity,Bought 0.99976 QLD @ 63.14,-63.12,0.99976,-63.14,0.00,-0.10,,,,,,,452017449,-63.22,USD
2026-04-06T11:59:03-0400,Trade,Sell to Open,SELL_TO_OPEN,SGOV,Equity,Sold 9 SGOV @ 100.44,903.91,9,100.43,0.00,-0.03,,,,,,,452017447,903.88,USD
2026-04-06T11:59:03-0400,Trade,Buy to Open,BUY_TO_OPEN,QLD,Equity,Bought 0.99976 QLD @ 63.14,-63.12,0.99976,-63.14,0.00,-0.10,,,,,,,452017446,-63.22,USD
2026-04-06T11:59:03-0400,Trade,Buy to Open,BUY_TO_OPEN,QLD,Equity,Bought 0.99968 QLD @ 63.14,-63.12,0.99968,-63.14,0.00,-0.10,,,,,,,452017444,-63.22,USD
2026-04-06T11:59:03-0400,Trade,Sell to Open,SELL_TO_OPEN,SGOV,Equity,Sold 9 SGOV @ 100.44,903.91,9,100.43,0.00,-0.03,,,,,,,452017442,903.88,USD
2026-04-06T11:59:03-0400,Trade,Sell to Close,SELL_TO_CLOSE,QQQ,Equity,Sold 1 QQQ @ 587.47,587.47,1,587.47,0.00,-0.02,,,,,,,452017440,587.45,USD
2026-04-06T11:59:03-0400,Trade,Sell to Open,SELL_TO_OPEN,SGOV,Equity,Sold 9 SGOV @ 100.44,903.91,9,100.43,0.00,-0.03,,,,,,,452017439,903.88,USD
2026-04-06T11:59:02-0400,Trade,Buy to Open,BUY_TO_OPEN,QLD,Equity,Bought 1.99968 QLD @ 63.12,-126.23,1.99968,-63.13,0.00,-0.10,,,,,,,452017431,-126.33,USD
2026-04-06T11:59:02-0400,Trade,Buy to Open,BUY_TO_OPEN,QLD,Equity,Bought 1.99968 QLD @ 63.12,-126.23,1.99968,-63.13,0.00,-0.10,,,,,,,452017429,-126.33,USD
2026-04-06T11:59:02-0400,Trade,Buy to Open,BUY_TO_OPEN,QQQ,Equity,Bought 0.99998 QQQ @ 587.45,-587.44,0.99998,-587.45,0.00,-0.10,,,,,,,452017424,-587.54,USD
2026-04-06T11:59:01-0400,Trade,Buy to Open,BUY_TO_OPEN,QQQ,Equity,Bought 1 QQQ @ 587.44,-587.44,1,-587.44,0.00,-0.10,,,,,,,452017422,-587.54,USD
2026-04-06T11:59:01-0400,Trade,Sell to Open,SELL_TO_OPEN,SGOV,Equity,Sold 9 SGOV @ 100.44,903.91,9,100.43,0.00,-0.03,,,,,,,452017416,903.88,USD
2026-04-06T11:59:01-0400,Trade,Sell to Open,SELL_TO_OPEN,SGOV,Equity,Sold 8 SGOV @ 100.44,803.48,8,100.43,0.00,-0.03,,,,,,,452017413,803.45,USD
2026-04-06T11:59:01-0400,Trade,Sell to Open,SELL_TO_OPEN,SGOV,Equity,Sold 8 SGOV @ 100.44,803.48,8,100.43,0.00,-0.03,,,,,,,452017403,803.45,USD
2026-04-06T11:46:22-0400,Trade,Buy to Close,BUY_TO_CLOSE,SGOV,Equity,Bought 7.9992 SGOV @ 100.44,-803.44,7.9992,-100.44,0.00,-0.10,,,,,,,452010599,-803.54,USD
2026-04-06T11:46:21-0400,Trade,Sell to Close,SELL_TO_CLOSE,QLD,Equity,Sold 1 QLD @ 63.00,63.00,1,63.00,0.00,-0.01,,,,,,,452010594,62.99,USD
2026-04-06T11:46:19-0400,Trade,Sell to Open,SELL_TO_OPEN,SGOV,Equity,Sold 9 SGOV @ 100.44,903.91,9,100.43,0.00,-0.03,,,,,,,452010575,903.88,USD
2026-04-06T11:46:19-0400,Trade,Sell to Close,SELL_TO_CLOSE,QLD,Equity,Sold 2 QLD @ 62.99,125.98,2,62.99,0.00,-0.01,,,,,,,452010572,125.97,USD
2026-04-06T11:46:19-0400,Trade,Sell to Close,SELL_TO_CLOSE,QLD,Equity,Sold 2 QLD @ 62.99,125.98,2,62.99,0.00,-0.01,,,,,,,452010573,125.97,USD
2026-04-06T11:46:19-0400,Trade,Sell to Close,SELL_TO_CLOSE,QLD,Equity,Sold 2 QLD @ 62.99,125.98,2,62.99,0.00,-0.01,,,,,,,452010571,125.97,USD
2026-04-06T11:46:19-0400,Trade,Sell to Open,SELL_TO_OPEN,SGOV,Equity,Sold 1 SGOV @ 100.44,100.43,1,100.43,0.00,-0.01,,,,,,,452010570,100.42,USD
2026-04-06T11:46:19-0400,Trade,Sell to Open,SELL_TO_OPEN,SGOV,Equity,Sold 9 SGOV @ 100.43,903.87,9,100.43,0.00,-0.03,,,,,,,452010569,903.84,USD
2026-04-06T11:46:19-0400,Trade,Sell to Open,SELL_TO_OPEN,SGOV,Equity,Sold 9 SGOV @ 100.44,903.91,9,100.43,0.00,-0.03,,,,,,,452010567,903.88,USD
2026-04-06T11:46:19-0400,Trade,Sell to Open,SELL_TO_OPEN,SGOV,Equity,Sold 9 SGOV @ 100.44,903.91,9,100.43,0.00,-0.03,,,,,,,452010566,903.88,USD
2026-04-06T11:41:54-0400,Trade,Buy to Close,BUY_TO_CLOSE,TQQQ,Equity,Bought 10.98889 TQQQ @ 43.68,-480.05,10.98889,-43.69,0.00,-0.10,,,,,,,452008400,-480.15,USD
2026-04-06T11:41:54-0400,Trade,Buy to Open,BUY_TO_OPEN,QLD,Equity,Bought 3.99809 QLD @ 62.93,-251.60,3.99809,-62.93,0.00,-0.10,,,,,,,452008398,-251.70,USD
2026-04-06T11:41:54-0400,Trade,Buy to Open,BUY_TO_OPEN,QLD,Equity,Bought 1.9992 QLD @ 62.92,-125.80,1.9992,-62.93,0.00,-0.10,,,,,,,452008396,-125.90,USD
2026-04-06T11:41:54-0400,Trade,Buy to Open,BUY_TO_OPEN,QLD,Equity,Bought 1.9992 QLD @ 62.92,-125.80,1.9992,-62.93,0.00,-0.10,,,,,,,452008394,-125.90,USD
2026-04-06T11:41:54-0400,Trade,Sell to Open,SELL_TO_OPEN,SGOV,Equity,Sold 5 SGOV @ 100.44,502.17,5,100.43,0.00,-0.02,,,,,,,452008391,502.15,USD
2026-04-06T11:41:54-0400,Trade,Sell to Open,SELL_TO_OPEN,SGOV,Equity,Sold 2 SGOV @ 100.43,200.86,2,100.43,0.00,-0.01,,,,,,,452008390,200.85,USD
2026-04-06T11:41:54-0400,Trade,Sell to Open,SELL_TO_OPEN,SGOV,Equity,Sold 3 SGOV @ 100.44,301.30,3,100.43,0.00,-0.01,,,,,,,452008385,301.29,USD
2026-04-06T11:41:54-0400,Trade,Buy to Close,BUY_TO_CLOSE,SGOV,Equity,Bought 6 SGOV @ 100.44,-602.61,6,-100.43,0.00,-0.10,,,,,,,452008382,-602.71,USD
2026-04-06T11:41:54-0400,Trade,Sell to Open,SELL_TO_OPEN,SGOV,Equity,Sold 2 SGOV @ 100.44,200.87,2,100.43,0.00,-0.01,,,,,,,452008381,200.86,USD
2026-04-06T11:41:47-0400,Trade,Buy to Close,BUY_TO_CLOSE,SGOV,Equity,Bought 2 SGOV @ 100.44,-200.87,2,-100.43,0.00,-0.10,,,,,,,452008328,-200.97,USD
2026-04-06T11:41:47-0400,Trade,Sell to Open,SELL_TO_OPEN,TQQQ,Equity,Sold 10 TQQQ @ 43.64,436.40,10,43.64,0.00,-0.02,,,,,,,452008323,436.38,USD
2026-04-06T11:41:47-0400,Trade,Sell to Close,SELL_TO_CLOSE,QLD,Equity,Sold 2 QLD @ 62.90,125.79,2,62.89,0.00,-0.01,,,,,,,452008315,125.78,USD
2026-04-06T11:41:47-0400,Trade,Buy to Close,BUY_TO_CLOSE,SGOV,Equity,Bought 1.00004 SGOV @ 100.44,-100.44,1.00004,-100.43,0.00,-0.10,,,,,,,452008312,-100.54,USD
2026-04-06T11:41:47-0400,Trade,Sell to Open,SELL_TO_OPEN,SGOV,Equity,Sold 9 SGOV @ 100.43,903.87,9,100.43,0.00,-0.03,,,,,,,452008313,903.84,USD
2026-04-06T11:41:47-0400,Trade,Sell to Close,SELL_TO_CLOSE,SGOV,Equity,Sold 9 SGOV @ 100.44,903.91,9,100.43,0.00,-0.03,,,,,,,452008308,903.88,USD
2026-04-06T11:41:47-0400,Trade,Sell to Close,SELL_TO_CLOSE,QQQ,Equity,Sold 1 QQQ @ 586.37,586.37,1,586.37,0.00,-0.02,,,,,,,452008307,586.35,USD
2026-04-06T11:41:47-0400,Trade,Sell to Open,SELL_TO_OPEN,TQQQ,Equity,Sold 10 TQQQ @ 43.64,436.40,10,43.64,0.00,-0.02,,,,,,,452008306,436.38,USD
2026-04-06T11:41:47-0400,Trade,Sell to Close,SELL_TO_CLOSE,TQQQ,Equity,Sold 10 TQQQ @ 43.64,436.41,10,43.64,0.00,-0.02,,,,,,,452008305,436.39,USD
2026-04-06T11:41:45-0400,Trade,Buy to Open,BUY_TO_OPEN,QLD,Equity,Bought 2 QLD @ 62.90,-125.80,2,-62.90,0.00,-0.10,,,,,,,452008292,-125.90,USD
2026-04-06T11:41:45-0400,Trade,Buy to Open,BUY_TO_OPEN,SGOV,Equity,Bought 9.00004 SGOV @ 100.44,-903.92,9.00004,-100.43,0.00,-0.10,,,,,,,452008291,-904.02,USD
2026-04-06T11:41:45-0400,Trade,Buy to Open,BUY_TO_OPEN,QQQ,Equity,Bought 1 QQQ @ 586.38,-586.37,1,-586.37,0.00,-0.10,,,,,,,452008290,-586.47,USD
2026-04-06T11:41:45-0400,Trade,Buy to Open,BUY_TO_OPEN,TQQQ,Equity,Bought 10.99896 TQQQ @ 43.64,-480.05,10.99896,-43.65,0.00,-0.10,,,,,,,452008287,-480.15,USD
2026-04-06T09:30:06-0400,Trade,Sell to Close,SELL_TO_CLOSE,SGOV,Equity,Sold 17 SGOV @ 100.43,"1,707.31",17,100.43,0.00,-0.06,,,,,,,451847879,"1,707.25",USD
2026-04-06T09:30:00-0400,Trade,Buy to Open,BUY_TO_OPEN,QQQ   260515C00637000,Equity Option,Bought 1 QQQ 05/15/26 Call 637.00 @ 1.62,-162.00,1,-162.00,-1.00,-0.12,100,QQQ,QQQ,5/15/26,637,CALL,451857227,-163.12,USD
2026-04-06T09:30:00-0400,Trade,Buy to Open,BUY_TO_OPEN,QQQ   260515C00637000,Equity Option,Bought 1 QQQ 05/15/26 Call 637.00 @ 1.63,-163.00,1,-163.00,-1.00,-0.12,100,QQQ,QQQ,5/15/26,637,CALL,451857227,-164.12,USD
2026-04-06T09:30:00-0400,Trade,Sell to Open,SELL_TO_OPEN,QQQ   260515C00618000,Equity Option,Sold 1 QQQ 05/15/26 Call 618.00 @ 5.40,540.00,1,540.00,-1.00,-0.14,100,QQQ,QQQ,5/15/26,618,CALL,451857227,538.86,USD
2026-04-06T09:30:00-0400,Trade,Sell to Open,SELL_TO_OPEN,QQQ   260515C00618000,Equity Option,Sold 1 QQQ 05/15/26 Call 618.00 @ 5.40,540.00,1,540.00,-1.00,-0.14,100,QQQ,QQQ,5/15/26,618,CALL,451857227,538.86,USD
2026-04-06T09:30:00-0400,Trade,Sell to Close,SELL_TO_CLOSE,QQQ,Equity,Sold 33 QQQ @ 586.13,"19,342.29",33,586.13,0.00,-0.43,,,,,,,451847876,"19,341.86",USD
2026-04-06T09:30:00-0400,Trade,Sell to Close,SELL_TO_CLOSE,QLD,Equity,Sold 56 QLD @ 62.84,"3,519.04",56,62.84,0.00,-0.14,,,,,,,451847877,"3,518.90",USD
2026-04-06T09:30:00-0400,Trade,Sell to Close,SELL_TO_CLOSE,QLD,Equity,Sold 1 QLD @ 62.84,62.84,1,62.84,0.00,-0.01,,,,,,,451857156,62.83,USD
2026-04-02T15:04:00-0400,Trade,Sell to Open,SELL_TO_OPEN,QQQ   260515C00618000,Equity Option,Sold 2 QQQ 05/15/26 Call 618.00 @ 4.89,978.00,2,489.00,-2.00,-0.29,100,QQQ,QQQ,5/15/26,618,CALL,451787916,975.71,USD
2026-04-02T15:04:00-0400,Trade,Buy to Open,BUY_TO_OPEN,QQQ   260515C00636000,Equity Option,Bought 2 QQQ 05/15/26 Call 636.00 @ 1.51,-302.00,2,-151.00,-2.00,-0.25,100,QQQ,QQQ,5/15/26,636,CALL,451787916,-304.25,USD
2026-04-02T15:03:43-0400,Trade,Buy to Open,BUY_TO_OPEN,QLD,Equity,Bought 45 QLD @ 62.26,"-2,801.70",45,-62.26,0.00,-0.04,,,,,,,451787799,"-2,801.73",USD
2026-04-02T15:03:43-0400,Trade,Buy to Open,BUY_TO_OPEN,QQQ,Equity,Bought 27.35307 QQQ @ 583.29,"-15,954.77",27.35307,-583.29,0.00,-0.10,,,,,,,451787796,"-15,954.87",USD
2026-04-02T15:03:43-0400,Trade,Sell to Close,SELL_TO_CLOSE,SGOV,Equity,Sold 7 SGOV @ 100.42,702.97,7,100.42,0.00,-0.03,,,,,,,451787793,702.95,USD
2026-04-02T15:01:04-0400,Trade,Buy to Open,BUY_TO_OPEN,QQQ,Equity,Bought 0.64693 QQQ @ 583.23,-377.31,0.64693,-583.23,0.00,-0.10,,,,,,,451786570,-377.41,USD
2026-04-02T15:00:52-0400,Trade,Sell to Close,SELL_TO_CLOSE,QLD,Equity,Sold 68 QLD @ 62.20,"4,229.61",68,62.20,0.00,-0.16,,,,,,,451786492,"4,229.45",USD
2026-04-02T15:00:52-0400,Trade,Sell to Close,SELL_TO_CLOSE,QQQ,Equity,Sold 42 QQQ @ 583.04,"24,487.68",42,583.04,0.00,-0.55,,,,,,,451786490,"24,487.13",USD
2026-04-02T14:20:20-0400,Trade,Sell to Close,SELL_TO_CLOSE,MU    260424P00310000,Equity Option,Sold 1 MU 04/24/26 Put 310.00 @ 6.25,625.00,1,625.00,0.00,-0.14,100,MU,MU,4/24/26,310,PUT,451763956,624.86,USD
2026-04-02T14:16:57-0400,Trade,Buy to Open,BUY_TO_OPEN,QQQ   260515C00635000,Equity Option,Bought 2 QQQ 05/15/26 Call 635.00 @ 1.63,-326.00,2,-163.00,-2.00,-0.25,100,QQQ,QQQ,5/15/26,635,CALL,451761990,-328.25,USD
2026-04-02T14:16:57-0400,Trade,Sell to Open,SELL_TO_OPEN,QQQ   260515C00616000,Equity Option,Sold 2 QQQ 05/15/26 Call 616.00 @ 5.50,"1,100.00",2,550.00,-2.00,-0.29,100,QQQ,QQQ,5/15/26,616,CALL,451761990,"1,097.71",USD
2026-04-02T14:16:55-0400,Trade,Sell to Close,SELL_TO_CLOSE,SGOV,Equity,Sold 11 SGOV @ 100.42,"1,104.67",11,100.42,0.00,-0.04,,,,,,,451761987,"1,104.63",USD
2026-04-02T14:16:55-0400,Trade,Sell to Close,SELL_TO_CLOSE,QLD,Equity,Sold 33 QLD @ 62.12,"2,049.79",33,62.11,0.00,-0.08,,,,,,,451761986,"2,049.71",USD
2026-04-02T14:16:55-0400,Trade,Sell to Close,SELL_TO_CLOSE,QQQ,Equity,Sold 19 QQQ @ 582.61,"11,069.60",19,582.61,0.00,-0.25,,,,,,,451761982,"11,069.35",USD
2026-04-02T13:18:23-0400,Trade,Buy to Open,BUY_TO_OPEN,SGOV,Equity,Bought 1 SGOV @ 100.43,-100.43,1,-100.43,0.00,0.00,,,,,,,451733281,-100.43,USD
2026-04-02T12:10:39-0400,Trade,Buy to Open,BUY_TO_OPEN,QLD,Equity,Bought 1 QLD @ 62.02,-62.01,1,-62.01,0.00,0.00,,,,,,,451696798,-62.02,USD
2026-04-02T12:10:39-0400,Trade,Sell to Close,SELL_TO_CLOSE,SGOV,Equity,Sold 1 SGOV @ 100.42,100.42,1,100.42,0.00,-0.01,,,,,,,451696796,100.41,USD
2026-04-01T15:27:46-0400,Trade,Sell to Close,SELL_TO_CLOSE,QLD,Equity,Sold 1 QLD @ 62.70,62.69,1,62.69,0.00,0.00,,,,,,,451438972,62.69,USD
2026-04-01T15:22:22-0400,Trade,Sell to Close,SELL_TO_CLOSE,QQQ,Equity,Sold 1 QQQ @ 584.38,584.38,1,584.38,0.00,0.00,,,,,,,451435579,584.38,USD
2026-04-01T15:20:38-0400,Trade,Sell to Close,SELL_TO_CLOSE,QLD,Equity,Sold 1 QLD @ 62.55,62.55,1,62.55,0.00,0.00,,,,,,,451434515,62.55,USD
2026-04-01T14:33:03-0400,Trade,Sell to Close,SELL_TO_CLOSE,SNDK  260424C00800000,Equity Option,Sold 1 SNDK 04/24/26 Call 800.00 @ 28.70,"2,870.00",1,"2,870.00",0.00,-0.12,100,SNDK,SNDK,4/24/26,800,CALL,451407715,"2,869.88",USD
2026-04-01T14:27:22-0400,Trade,Buy to Open,BUY_TO_OPEN,QLD,Equity,Bought 101.9952 QLD @ 62.37,"-6,361.44",101.9952,-62.37,0.00,-0.10,,,,,,,451403951,"-6,361.54",USD
2026-04-01T14:27:22-0400,Trade,Buy to Open,BUY_TO_OPEN,QQQ,Equity,Bought 62.00065 QQQ @ 583.64,"-36,186.06",62.00065,-583.64,0.00,-0.10,,,,,,,451403950,"-36,186.16",USD
2026-04-01T14:27:21-0400,Trade,Sell to Close,SELL_TO_CLOSE,SGOV,Equity,Sold 635.99921 SGOV @ 100.38,"63,844.78",635.99921,100.39,0.00,-0.22,,,,,,,451403948,"63,844.56",USD
2026-04-01T10:43:18-0400,Trade,Buy to Open,BUY_TO_OPEN,QLD,Equity,Bought 12.0048 QLD @ 62.46,-749.88,12.0048,-62.47,0.00,-0.10,,,,,,,451250900,-749.98,USD
2026-04-01T10:43:18-0400,Trade,Buy to Open,BUY_TO_OPEN,QQQ,Equity,Bought 4.99935 QQQ @ 584.18,"-2,920.49",4.99935,-584.17,0.00,-0.10,,,,,,,451250893,"-2,920.59",USD
2026-04-01T10:43:18-0400,Trade,Sell to Close,SELL_TO_CLOSE,SGOV,Equity,Sold 40.00079 SGOV @ 100.38,"4,015.48",40.00079,100.38,0.00,-0.11,,,,,,,451250889,"4,015.37",USD
2026-03-31T17:00:00-0400,Money Movement,Dividend,,QLD,Equity,PROSHARES ULTRA QQQ,0.62,0,,--,0.00,,,,,,,,0.62,USD
2026-03-28T14:57:47-0400,Money Movement,Balance Adjustment,,,,Regulatory fee adjustment,0.03,0,,--,0.00,,,,,,,,0.03,USD
2026-03-27T17:00:00-0400,Money Movement,Dividend,,QQQ,Equity,INVESCO QQQ TR,79.01,0,,--,0.00,,,,,,,,79.01,USD
2026-03-27T14:44:34-0400,Trade,Buy to Open,BUY_TO_OPEN,SGOV,Equity,Bought 48 SGOV @ 100.64,"-4,830.96",48,-100.64,0.00,-0.04,,,,,,,450265823,"-4,831.00",USD
2026-03-27T14:28:02-0400,Trade,Sell to Close,SELL_TO_CLOSE,SGOV,Equity,Sold 49 SGOV @ 100.64,"4,931.36",49,100.64,0.00,-0.05,,,,,,,450256395,"4,931.31",USD
2026-03-27T14:02:01-0400,Trade,Buy to Open,BUY_TO_OPEN,SGOV,Equity,Bought 49 SGOV @ 100.65,"-4,931.85",49,-100.65,0.00,-0.10,,,,,,,450239760,"-4,931.95",USD
2026-03-27T13:25:40-0400,Trade,Buy to Open,BUY_TO_OPEN,SGOV,Equity,Bought 663 SGOV @ 100.65,"-66,729.16",663,-100.65,0.00,-0.53,,,,,,,450216686,"-66,729.69",USD
2026-03-26T15:40:58-0400,Trade,Sell to Close,SELL_TO_CLOSE,SGOV,Equity,Sold 363.99701 SGOV @ 100.61,"36,621.78",363.99701,100.61,0.00,-0.17,,,,,,,449929864,"36,621.60",USD
2026-03-26T15:40:26-0400,Trade,Sell to Close,SELL_TO_CLOSE,QLD,Equity,Sold 708.96562 QLD @ 60.61,"42,970.41",708.96562,60.61,0.00,-0.24,,,,,,,449929471,"42,970.17",USD
2026-03-26T15:39:40-0400,Trade,Sell to Close,SELL_TO_CLOSE,QQQ,Equity,Sold 313 QQQ @ 574.68,"179,874.93",313,574.68,0.00,-0.31,,,,,,,449928907,"179,874.62",USD
2026-03-26T15:05:04-0400,Trade,Buy to Open,BUY_TO_OPEN,SGOV,Equity,Bought 48 SGOV @ 100.62,"-4,829.76",48,-100.62,0.00,-0.04,,,,,,,449904800,"-4,829.80",USD
2026-03-26T15:05:04-0400,Trade,Buy to Open,BUY_TO_OPEN,QLD,Equity,Bought 160 QLD @ 60.82,"-9,732.00",160,-60.82,0.00,-0.13,,,,,,,449904797,"-9,732.13",USD
2026-03-26T15:05:04-0400,Trade,Buy to Open,BUY_TO_OPEN,QQQ,Equity,Bought 93 QQQ @ 575.60,"-53,530.33",93,-575.59,0.00,-0.07,,,,,,,449904793,"-53,530.41",USD
2026-03-26T14:44:54-0400,Trade,Buy to Open,BUY_TO_OPEN,QLD,Equity,Bought 0.99975 QLD @ 60.80,-60.79,0.99975,-60.81,0.00,-0.10,,,,,,,449894674,-60.89,USD
2026-03-26T14:31:54-0400,Trade,Sell to Close,SELL_TO_CLOSE,ASML  260417P01300000,Equity Option,Sold 1 ASML 04/17/26 Put 1300.00 @ 62.60,"6,260.00",1,"6,260.00",0.00,-0.12,100,ASML,ASML,4/17/26,1300,PUT,449887231,"6,259.88",USD
2026-03-26T14:26:15-0400,Trade,Buy to Open,BUY_TO_OPEN,SGOV,Equity,Bought 51 SGOV @ 100.62,"-5,131.61",51,-100.62,0.00,-0.04,,,,,,,449884155,"-5,131.66",USD
2026-03-26T14:26:15-0400,Trade,Buy to Open,BUY_TO_OPEN,QLD,Equity,Bought 171 QLD @ 60.87,"-10,408.77",171,-60.87,0.00,-0.14,,,,,,,449884154,"-10,408.91",USD
2026-03-26T14:26:14-0400,Trade,Buy to Open,BUY_TO_OPEN,QQQ,Equity,Bought 99 QQQ @ 575.82,"-57,006.67",99,-575.82,0.00,-0.08,,,,,,,449884152,"-57,006.76",USD
2026-03-25T15:55:51-0400,Trade,Buy to Open,BUY_TO_OPEN,SGOV,Equity,Bought 50 SGOV @ 100.61,"-5,030.37",50,-100.61,0.00,-0.04,,,,,,,449608858,"-5,030.41",USD
2026-03-25T15:55:51-0400,Trade,Buy to Open,BUY_TO_OPEN,QLD,Equity,Bought 107 QLD @ 63.42,"-6,786.47",107,-63.43,0.00,-0.09,,,,,,,449608854,"-6,786.56",USD
2026-03-25T15:55:51-0400,Trade,Buy to Open,BUY_TO_OPEN,QQQ,Equity,Bought 121 QQQ @ 587.60,"-71,100.20",121,-587.60,0.00,-0.10,,,,,,,449608851,"-71,100.30",USD
2026-03-25T15:55:17-0400,Trade,Sell to Close,SELL_TO_CLOSE,QQQ,Equity,Sold 379.99646 QQQ @ 588.09,"223,472.12",379.99646,588.09,0.00,-0.17,,,,,,,449608317,"223,471.94",USD
2026-03-25T15:53:37-0400,Trade,Buy to Open,BUY_TO_OPEN,QQQ,Equity,Bought 21 QQQ @ 587.62,"-12,340.02",21,-587.62,0.00,-0.02,,,,,,,449607127,"-12,340.04",USD
2026-03-25T15:53:37-0400,Trade,Buy to Open,BUY_TO_OPEN,QQQ,Equity,Bought 100 QQQ @ 587.62,"-58,761.50",100,-587.61,0.00,-0.08,,,,,,,449607127,"-58,761.58",USD
2026-03-25T15:33:53-0400,Trade,Buy to Open,BUY_TO_OPEN,SGOV,Equity,Bought 50 SGOV @ 100.60,"-5,030.25",50,-100.60,0.00,-0.04,,,,,,,449594628,"-5,030.29",USD
2026-03-25T15:33:53-0400,Trade,Buy to Open,BUY_TO_OPEN,QLD,Equity,Bought 106 QLD @ 63.28,"-6,707.67",106,-63.28,0.00,-0.08,,,,,,,449594624,"-6,707.75",USD
2026-03-25T15:33:52-0400,Trade,Buy to Open,BUY_TO_OPEN,QQQ,Equity,Bought 121 QQQ @ 586.94,"-71,019.13",121,-586.93,0.00,-0.10,,,,,,,449594622,"-71,019.23",USD
2026-03-25T14:45:08-0400,Trade,Buy to Open,BUY_TO_OPEN,SGOV,Equity,Bought 50 SGOV @ 100.61,"-5,030.37",50,-100.61,0.00,-0.04,,,,,,,449568184,"-5,030.41",USD
2026-03-25T14:45:08-0400,Trade,Buy to Open,BUY_TO_OPEN,QLD,Equity,Bought 106 QLD @ 63.56,"-6,737.35",106,-63.56,0.00,-0.08,,,,,,,449568182,"-6,737.43",USD
2026-03-25T14:45:08-0400,Trade,Buy to Open,BUY_TO_OPEN,QQQ,Equity,Bought 121 QQQ @ 588.23,"-71,175.82",121,-588.23,0.00,-0.10,,,,,,,449568180,"-71,175.91",USD
2026-03-25T14:30:13-0400,Trade,Buy to Open,BUY_TO_OPEN,SGOV,Equity,Bought 8.9991 SGOV @ 100.61,-905.40,8.9991,-100.61,0.00,-0.10,,,,,,,449561878,-905.50,USD
2026-03-25T14:30:12-0400,Trade,Buy to Open,BUY_TO_OPEN,QLD,Equity,Bought 10.99568 QLD @ 63.68,-700.26,10.99568,-63.69,0.00,-0.10,,,,,,,449561876,-700.36,USD
2026-03-25T14:30:12-0400,Trade,Buy to Open,BUY_TO_OPEN,QQQ,Equity,Bought 4.99974 QQQ @ 588.83,"-2,944.00",4.99974,-588.83,0.00,-0.10,,,,,,,449561874,"-2,944.10",USD
2026-03-24T15:04:16-0400,Trade,Buy to Open,BUY_TO_OPEN,SGOV,Equity,Bought 6.9999 SGOV @ 100.61,-704.26,6.9999,-100.61,0.00,-0.10,,,,,,,449264122,-704.36,USD
2026-03-24T15:04:16-0400,Trade,Buy to Open,BUY_TO_OPEN,QLD,Equity,Bought 46.97019 QLD @ 63.08,"-2,962.88",46.97019,-63.08,0.00,-0.10,,,,,,,449264119,"-2,962.98",USD
2026-03-24T15:04:16-0400,Trade,Buy to Open,BUY_TO_OPEN,QQQ,Equity,Bought 11.99672 QQQ @ 585.85,"-7,028.28",11.99672,-585.85,0.00,-0.10,,,,,,,449264116,"-7,028.38",USD
2026-03-24T11:46:11-0400,Trade,Buy to Open,BUY_TO_OPEN,SGOV,Equity,Bought 98.99801 SGOV @ 100.61,"-9,960.19",98.99801,-100.61,0.00,-0.10,,,,,,,449165268,"-9,960.29",USD
2026-03-24T09:51:21-0400,Trade,Sell to Close,SELL_TO_CLOSE,QQQ,Equity,Sold 87.03824 QQQ @ 582.42,"50,692.81",87.03824,582.42,0.00,-0.12,,,,,,,449069915,"50,692.69",USD
2026-03-24T09:48:38-0400,Trade,Sell to Close,SELL_TO_CLOSE,QLD,Equity,Sold 321.38584 QLD @ 62.54,"20,101.08",321.38584,62.54,0.00,-0.16,,,,,,,449066273,"20,100.91",USD
2026-03-23T14:24:11-0400,Trade,Buy to Open,BUY_TO_OPEN,QLD,Equity,Bought 0.257 QLD @ 63.85,-16.41,0.257,-63.85,0.00,-0.10,,,,,,,448936737,-16.51,USD
2026-03-23T14:24:11-0400,Trade,Buy to Open,BUY_TO_OPEN,QQQ,Equity,Bought 0.00928 QQQ @ 589.42,-5.47,0.00928,-589.44,0.00,-0.10,,,,,,,448936735,-5.57,USD
2026-03-23T14:12:28-0400,Trade,Sell to Close,SELL_TO_CLOSE,QLD,Equity,Sold 4.19561 QLD @ 63.90,268.10,4.19561,63.90,0.00,-0.10,,,,,,,448931632,268.00,USD
2026-03-23T14:12:28-0400,Trade,Sell to Close,SELL_TO_CLOSE,QQQ,Equity,Sold 0.8042 QQQ @ 589.70,474.24,0.8042,589.70,0.00,-0.10,,,,,,,448931630,474.14,USD
2026-03-23T13:11:09-0400,Trade,Buy to Open,BUY_TO_OPEN,QLD,Equity,Bought 325.32445 QLD @ 63.46,"-20,645.09",325.32445,-63.46,0.00,-0.10,,,,,,,448902284,"-20,645.19",USD
2026-03-23T13:11:09-0400,Trade,Sell to Close,SELL_TO_CLOSE,QQQ,Equity,Sold 19.97986 QQQ @ 587.61,"11,740.37",19.97986,587.61,0.00,-0.10,,,,,,,448902282,"11,740.26",USD
2026-03-23T11:06:04-0400,Trade,Sell to Close,SELL_TO_CLOSE,QLD,Equity,Sold 230.42358 QLD @ 64.95,"14,966.01",230.42358,64.95,0.00,-0.15,,,,,,,448818385,"14,965.87",USD
2026-03-23T11:03:17-0400,Trade,Buy to Close,BUY_TO_CLOSE,SLV   260618P00082000,Equity Option,Bought 1 SLV 06/18/26 Put 82.00 @ 21.10,"-2,110.00",1,"-2,110.00",0.00,-0.12,100,SLV,SLV,6/18/26,82,PUT,448815605,"-2,110.12",USD
2026-03-23T11:01:20-0400,Trade,Buy to Close,BUY_TO_CLOSE,MU    260424P00380000,Equity Option,Bought 1 MU 04/24/26 Put 380.00 @ 14.95,"-1,495.00",1,"-1,495.00",0.00,-0.12,100,MU,MU,4/24/26,380,PUT,448813407,"-1,495.12",USD
2026-03-23T10:58:07-0400,Trade,Buy to Close,BUY_TO_CLOSE,COHR  260417P00250000,Equity Option,Bought 1 COHR 04/17/26 Put 250.00 @ 16.85,"-1,685.00",1,"-1,685.00",0.00,-0.12,100,COHR,COHR,4/17/26,250,PUT,448811372,"-1,685.12",USD
2026-03-23T10:54:50-0400,Trade,Buy to Close,BUY_TO_CLOSE,COHR  260515P00200000,Equity Option,Bought 1 COHR 05/15/26 Put 200.00 @ 11.70,"-1,170.00",1,"-1,170.00",0.00,-0.12,100,COHR,COHR,5/15/26,200,PUT,448808914,"-1,170.12",USD
2026-03-23T10:53:56-0400,Trade,Buy to Close,BUY_TO_CLOSE,CIEN  260417P00290000,Equity Option,Bought 1 CIEN 04/17/26 Put 290.00 @ 2.80,-280.00,1,-280.00,0.00,-0.12,100,CIEN,CIEN,4/17/26,290,PUT,448808269,-280.12,USD
2026-03-23T10:52:08-0400,Trade,Buy to Close,BUY_TO_CLOSE,ASML  260417P01440000,Equity Option,Bought 1 ASML 04/17/26 Put 1440.00 @ 103.30,"-10,330.00",1,"-10,330.00",0.00,-0.12,100,ASML,ASML,4/17/26,1440,PUT,448806969,"-10,330.12",USD
2026-03-23T10:07:35-0400,Trade,Sell to Close,SELL_TO_CLOSE,NUGT  260618P00190000,Equity Option,Sold 1 NUGT 06/18/26 Put 190.00 @ 49.86,"4,986.00",1,"4,986.00",0.00,-0.12,100,NUGT,NUGT,6/18/26,190,PUT,448760606,"4,985.88",USD
2026-03-23T10:07:35-0400,Trade,Buy to Close,BUY_TO_CLOSE,NUGT  260618P00245000,Equity Option,Bought 1 NUGT 06/18/26 Put 245.00 @ 94.44,"-9,444.00",1,"-9,444.00",0.00,-0.12,100,NUGT,NUGT,6/18/26,245,PUT,448760606,"-9,444.12",USD
2026-03-23T10:07:35-0400,Trade,Buy to Close,BUY_TO_CLOSE,NUGT  270115P00270000,Equity Option,Bought 1 NUGT 01/15/27 Put 270.00 @ 135.42,"-13,542.00",1,"-13,542.00",0.00,-0.12,100,NUGT,NUGT,1/15/27,270,PUT,448760606,"-13,542.12",USD
2026-03-21T12:42:26-0400,Money Movement,Balance Adjustment,,,,Regulatory fee adjustment,-0.05,0,,--,0.00,,,,,,,,-0.05,USD
2026-03-20T15:42:20-0400,Trade,Buy to Open,BUY_TO_OPEN,QQQ,Equity,Bought 26.37678 QQQ @ 579.78,"-15,292.60",26.37678,-579.78,0.00,-0.10,,,,,,,448584178,"-15,292.70",USD
2026-03-20T15:42:20-0400,Trade,Sell to Close,SELL_TO_CLOSE,TQQQ,Equity,Sold 551.1668 TQQQ @ 42.58,"23,471.44",551.1668,42.58,0.00,-0.21,,,,,,,448584163,"23,471.23",USD
2026-03-20T15:42:20-0400,Trade,Sell to Close,SELL_TO_CLOSE,QLD,Equity,Sold 75.1143 QLD @ 61.63,"4,629.56",75.1143,61.63,0.00,-0.11,,,,,,,448584158,"4,629.45",USD
2026-03-20T15:09:37-0400,Trade,Buy to Open,BUY_TO_OPEN,TQQQ,Equity,Bought 551.1668 TQQQ @ 42.96,"-23,675.37",551.1668,-42.96,0.00,-0.10,,,,,,,448541080,"-23,675.47",USD
2026-03-20T15:09:37-0400,Trade,Buy to Open,BUY_TO_OPEN,QLD,Equity,Bought 70.06565 QLD @ 61.99,"-4,343.37",70.06565,-61.99,0.00,-0.10,,,,,,,448541078,"-4,343.47",USD
2026-03-20T15:09:37-0400,Trade,Sell to Close,SELL_TO_CLOSE,QQQ,Equity,Sold 31.47541 QQQ @ 581.39,"18,299.49",31.47541,581.39,0.00,-0.11,,,,,,,448541076,"18,299.38",USD
2026-03-19T15:32:15-0400,Trade,Buy to Open,BUY_TO_OPEN,QQQ,Equity,Bought 27.42332 QQQ @ 593.32,"-16,270.80",27.42332,-593.32,0.00,-0.10,,,,,,,448213622,"-16,270.90",USD
2026-03-19T15:32:15-0400,Trade,Sell to Close,SELL_TO_CLOSE,TQQQ,Equity,Sold 554.30802 TQQQ @ 45.73,"25,348.51",554.30802,45.73,0.00,-0.21,,,,,,,448213620,"25,348.30",USD
2026-03-19T15:32:14-0400,Trade,Sell to Close,SELL_TO_CLOSE,QLD,Equity,Sold 78.54334 QLD @ 64.60,"5,073.90",78.54334,64.60,0.00,-0.11,,,,,,,448213617,"5,073.78",USD
2026-03-19T15:32:04-0400,Trade,Buy to Open,BUY_TO_OPEN,TQQQ,Equity,Bought 554.30802 TQQQ @ 45.78,"-25,373.45",554.30802,-45.78,0.00,-0.10,,,,,,,448213523,"-25,373.55",USD
2026-03-19T15:32:04-0400,Trade,Buy to Open,BUY_TO_OPEN,QLD,Equity,Bought 79.50286 QLD @ 64.65,"-5,139.86",79.50286,-64.65,0.00,-0.10,,,,,,,448213522,"-5,139.96",USD
2026-03-19T15:32:04-0400,Trade,Sell to Close,SELL_TO_CLOSE,QQQ,Equity,Sold 26.05516 QQQ @ 593.48,"15,463.09",26.05516,593.47,0.00,-0.11,,,,,,,448213520,"15,462.98",USD
2026-03-19T11:37:04-0400,Trade,Buy to Open,BUY_TO_OPEN,QLD,Equity,Bought 234.51271 QLD @ 63.68,"-14,933.77",234.51271,-63.68,0.00,-0.10,,,,,,,448078942,"-14,933.87",USD
2026-03-19T11:37:04-0400,Trade,Buy to Open,BUY_TO_OPEN,QQQ,Equity,Bought 111.54349 QQQ @ 589.08,"-65,708.60",111.54349,-589.09,0.00,-0.10,,,,,,,448078938,"-65,708.70",USD
2026-03-18T15:27:45-0400,Trade,Sell to Close,SELL_TO_CLOSE,TQQQ,Equity,Sold 6.36603 TQQQ @ 46.48,295.89,6.36603,46.48,0.00,-0.10,,,,,,,447859859,295.79,USD
2026-03-18T15:27:45-0400,Trade,Sell to Close,SELL_TO_CLOSE,QLD,Equity,Sold 3.0367 QLD @ 65.30,198.28,3.0367,65.29,0.00,-0.10,,,,,,,447859855,198.18,USD
2026-03-18T15:27:45-0400,Trade,Sell to Close,SELL_TO_CLOSE,QQQ,Equity,Sold 0.33386 QQQ @ 596.40,199.11,0.33386,596.40,0.00,-0.10,,,,,,,447859851,199.01,USD
2026-03-18T13:21:47-0400,Trade,Buy to Open,BUY_TO_OPEN,QQQ,Equity,Bought 0.16686 QQQ @ 599.03,-99.95,0.16686,-599.03,0.00,-0.10,,,,,,,447786954,-100.05,USD
2026-03-18T13:21:46-0400,Trade,Buy to Open,BUY_TO_OPEN,QLD,Equity,Bought 0.75776 QLD @ 65.86,-49.91,0.75776,-65.87,0.00,-0.10,,,,,,,447786952,-50.01,USD
2026-03-18T13:21:46-0400,Trade,Sell to Close,SELL_TO_CLOSE,TQQQ,Equity,Sold 9.5711 TQQQ @ 47.10,450.80,9.5711,47.10,0.00,-0.10,,,,,,,447786949,450.70,USD
2026-03-18T13:18:15-0400,Trade,Buy to Open,BUY_TO_OPEN,QQQ,Equity,Bought 0.167 QQQ @ 598.77,-99.99,0.167,-598.77,0.00,-0.10,,,,,,,447785387,-100.09,USD
2026-03-18T13:18:15-0400,Trade,Buy to Open,BUY_TO_OPEN,QLD,Equity,Bought 2.27894 QLD @ 65.82,-150.00,2.27894,-65.82,0.00,-0.10,,,,,,,447785385,-150.10,USD
2026-03-18T13:18:15-0400,Trade,Buy to Open,BUY_TO_OPEN,TQQQ,Equity,Bought 15.93713 TQQQ @ 47.06,-750.00,15.93713,-47.06,0.00,-0.10,,,,,,,447785383,-750.10,USD
2026-03-18T11:14:20-0400,Trade,Sell to Close,SELL_TO_CLOSE,TQQQ,Equity,Sold 119.64103 TQQQ @ 47.63,"5,698.51",119.64103,47.63,0.00,-0.12,,,,,,,447726232,"5,698.39",USD
2026-03-18T11:14:20-0400,Trade,Sell to Close,SELL_TO_CLOSE,QLD,Equity,Sold 57.25571 QLD @ 66.36,"3,799.49",57.25571,66.36,0.00,-0.11,,,,,,,447726228,"3,799.38",USD
2026-03-18T11:14:19-0400,Trade,Sell to Close,SELL_TO_CLOSE,QQQ,Equity,Sold 6.32058 QQQ @ 601.16,"3,799.65",6.32058,601.15,0.00,-0.10,,,,,,,447726226,"3,799.55",USD
2026-03-18T11:14:06-0400,Trade,Buy to Open,BUY_TO_OPEN,QQQ,Equity,Bought 4.65781 QQQ @ 601.20,"-2,800.27",4.65781,-601.20,0.00,-0.10,,,,,,,447726109,"-2,800.37",USD
2026-03-18T11:14:06-0400,Trade,Buy to Open,BUY_TO_OPEN,QLD,Equity,Bought 42.19227 QLD @ 66.36,"-2,800.09",42.19227,-66.37,0.00,-0.10,,,,,,,447726105,"-2,800.19",USD
2026-03-18T11:14:06-0400,Trade,Buy to Open,BUY_TO_OPEN,TQQQ,Equity,Bought 88.16454 TQQQ @ 47.64,"-4,200.15",88.16454,-47.64,0.00,-0.10,,,,,,,447726099,"-4,200.25",USD
2026-03-18T11:09:41-0400,Trade,Buy to Open,BUY_TO_OPEN,QQQ,Equity,Bought 0.8305 QQQ @ 601.40,-499.46,0.8305,-601.40,0.00,-0.10,,,,,,,447723259,-499.56,USD
2026-03-18T11:09:41-0400,Trade,Buy to Open,BUY_TO_OPEN,QLD,Equity,Bought 3.74354 QLD @ 66.40,-248.59,3.74354,-66.41,0.00,-0.10,,,,,,,447723257,-248.69,USD
2026-03-18T11:09:41-0400,Trade,Sell to Close,SELL_TO_CLOSE,TQQQ,Equity,Sold 47.43781 TQQQ @ 47.68,"2,261.84",47.43781,47.68,0.00,-0.11,,,,,,,447723254,"2,261.73",USD
2026-03-18T11:00:37-0400,Trade,Buy to Open,BUY_TO_OPEN,QQQ,Equity,Bought 0.83227 QQQ @ 600.76,-500.00,0.83227,-600.77,0.00,-0.10,,,,,,,447716573,-500.10,USD
2026-03-18T11:00:36-0400,Trade,Buy to Open,BUY_TO_OPEN,QLD,Equity,Bought 11.3199 QLD @ 66.26,-750.00,11.3199,-66.26,0.00,-0.10,,,,,,,447716567,-750.10,USD
2026-03-18T11:00:36-0400,Trade,Buy to Open,BUY_TO_OPEN,TQQQ,Equity,Bought 78.9143 TQQQ @ 47.52,"-3,750.00",78.9143,-47.52,0.00,-0.10,,,,,,,447716561,"-3,750.10",USD
2026-03-14T15:39:47-0400,Money Movement,Balance Adjustment,,,,Regulatory fee adjustment,-0.03,0,,--,0.00,,,,,,,,-0.03,USD
2026-03-13T17:00:00-0400,Receive Deliver,ACAT,SELL_TO_OPEN,GDX,Equity,Removed 700.0 Short GDX via ACAT,0.00,700,0.00,--,0.00,,,,,,,,0.00,USD
2026-03-13T17:00:00-0400,Receive Deliver,ACAT,SELL_TO_OPEN,TSLA,Equity,Removed 150.0 Short TSLA via ACAT,0.00,150,0.00,--,0.00,,,,,,,,0.00,USD
2026-03-13T17:00:00-0400,Money Movement,Transfer,,,,TRANSFER FEE     $ 75.00,-75.00,0,,--,0.00,,,,,,,,-75.00,USD
2026-03-13T15:43:51-0400,Trade,Buy to Open,BUY_TO_OPEN,SNDK  260424C00800000,Equity Option,Bought 1 SNDK 04/24/26 Call 800.00 @ 34.90,"-3,490.00",1,"-3,490.00",-1.00,-0.12,100,SNDK,SNDK,4/24/26,800,CALL,446918440,"-3,491.12",USD
2026-03-13T15:43:51-0400,Trade,Sell to Open,SELL_TO_OPEN,SNDK  260424C00700000,Equity Option,Sold 1 SNDK 04/24/26 Call 700.00 @ 65.52,"6,552.00",1,"6,552.00",-1.00,-0.12,100,SNDK,SNDK,4/24/26,700,CALL,446918440,"6,550.88",USD
2026-03-13T11:22:47-0400,Trade,Buy to Open,BUY_TO_OPEN,NUGT  260618P00190000,Equity Option,Bought 1 NUGT 06/18/26 Put 190.00 @ 29.45,"-2,945.00",1,"-2,945.00",-1.00,-0.12,100,NUGT,NUGT,6/18/26,190,PUT,446755236,"-2,946.12",USD
2026-03-13T11:21:57-0400,Trade,Buy to Open,BUY_TO_OPEN,ASML  260417P01300000,Equity Option,Bought 1 ASML 04/17/26 Put 1300.00 @ 64.90,"-6,490.00",1,"-6,490.00",-1.00,-0.12,100,ASML,ASML,4/17/26,1300,PUT,446754734,"-6,491.12",USD
2026-03-13T11:17:27-0400,Trade,Buy to Close,BUY_TO_CLOSE,TQQQ  260320P00045000,Equity Option,Bought 10 TQQQ 03/20/26 Put 45.00 @ 1.50,"-1,500.00",10,-150.00,0.00,-1.23,100,TQQQ,TQQQ,3/20/26,45,PUT,446751449,"-1,501.23",USD
2026-03-13T11:06:22-0400,Trade,Sell to Open,SELL_TO_OPEN,NUGT  270115P00270000,Equity Option,Sold 1 NUGT 01/15/27 Put 270.00 @ 108.01,"10,801.00",1,"10,801.00",-1.00,-0.12,100,NUGT,NUGT,1/15/27,270,PUT,446741706,"10,799.88",USD
2026-03-13T11:06:22-0400,Trade,Buy to Close,BUY_TO_CLOSE,NUGT  260618P00300000,Equity Option,Bought 1 NUGT 06/18/26 Put 300.00 @ 108.70,"-10,870.00",1,"-10,870.00",0.00,-0.12,100,NUGT,NUGT,6/18/26,300,PUT,446741706,"-10,870.12",USD
2026-03-12T12:06:34-0400,Trade,Sell to Close,SELL_TO_CLOSE,QQQ,Equity,Sold 0.04167 QQQ @ 600.36,25.02,0.04167,600.36,0.00,-0.10,,,,,,,446449512,24.92,USD
2026-03-12T12:03:57-0400,Trade,Buy to Open,BUY_TO_OPEN,QQQ,Equity,Bought 0.01665 QQQ @ 600.57,-10.00,0.01665,-600.54,0.00,-0.10,,,,,,,446447892,-10.10,USD
2026-03-12T11:58:54-0400,Trade,Buy to Open,BUY_TO_OPEN,QQQ,Equity,Bought 0.01667 QQQ @ 599.72,-10.00,0.01667,-599.70,0.00,-0.10,,,,,,,446445059,-10.10,USD
2026-03-12T11:08:41-0400,Trade,Buy to Open,BUY_TO_OPEN,QQQ,Equity,Bought 0.00835 QQQ @ 598.55,-5.00,0.00835,-598.56,0.00,-0.10,,,,,,,446408531,-5.10,USD
2026-03-12T11:02:48-0400,Trade,Sell to Open,SELL_TO_OPEN,MU    260424P00380000,Equity Option,Sold 1 MU 04/24/26 Put 380.00 @ 30.08,"3,008.00",1,"3,008.00",-1.00,-0.12,100,MU,MU,4/24/26,380,PUT,446400045,"3,006.88",USD
2026-03-12T11:02:48-0400,Trade,Buy to Open,BUY_TO_OPEN,MU    260424P00310000,Equity Option,Bought 1 MU 04/24/26 Put 310.00 @ 9.15,-915.00,1,-915.00,-1.00,-0.12,100,MU,MU,4/24/26,310,PUT,446400045,-916.12,USD
2026-03-12T09:30:00-0400,Trade,Sell to Close,SELL_TO_CLOSE,QQQ,Equity,Sold 1 QQQ @ 602.87,602.87,1,602.87,0.00,0.00,,,,,,,446267786,602.87,USD
2026-03-12T09:30:00-0400,Trade,Sell to Close,SELL_TO_CLOSE,QLD,Equity,Sold 2 QLD @ 66.80,133.60,2,66.80,0.00,0.00,,,,,,,446267788,133.60,USD
2026-03-11T15:41:41-0400,Trade,Buy to Open,BUY_TO_OPEN,QLD,Equity,Bought 2 QLD @ 67.81,-135.62,2,-67.81,0.00,0.00,,,,,,,446221513,-135.62,USD
2026-03-11T15:41:40-0400,Trade,Buy to Open,BUY_TO_OPEN,QQQ,Equity,Bought 1 QQQ @ 607.30,-607.30,1,-607.30,0.00,0.00,,,,,,,446221509,-607.30,USD
2026-03-11T15:36:19-0400,Trade,Sell to Close,SELL_TO_CLOSE,QQQ,Equity,Sold 143 QQQ @ 607.15,"86,822.45",143,607.15,0.00,-0.14,,,,,,,446217655,"86,822.31",USD
2026-03-11T15:36:19-0400,Trade,Sell to Close,SELL_TO_CLOSE,QQQ,Equity,Sold 115 QQQ @ 607.15,"69,822.25",115,607.15,0.00,-0.11,,,,,,,446217655,"69,822.14",USD
2026-03-11T15:21:54-0400,Trade,Buy to Open,BUY_TO_OPEN,QQQ,Equity,Bought 258 QQQ @ 606.42,"-156,455.61",258,-606.42,0.00,-0.21,,,,,,,446207539,"-156,455.82",USD
2026-03-09T17:00:00-0400,Money Movement,Deposit,,,,Award Value Reversal,"-9,736.60",0,,--,0.00,,,,,,,,"-9,736.60",USD
2026-03-07T15:25:34-0500,Money Movement,Balance Adjustment,,,,Regulatory fee adjustment,-0.05,0,,--,0.00,,,,,,,,-0.05,USD
2026-03-05T10:37:01-0500,Trade,Sell to Open,SELL_TO_OPEN,COHR  260417P00250000,Equity Option,Sold 1 COHR 04/17/26 Put 250.00 @ 23.05,"2,305.00",1,"2,305.00",-1.00,-0.12,100,COHR,COHR,4/17/26,250,PUT,444521987,"2,303.88",USD
2026-03-05T10:08:31-0500,Trade,Sell to Open,SELL_TO_OPEN,CIEN  260417P00290000,Equity Option,Sold 1 CIEN 04/17/26 Put 290.00 @ 26.90,"2,690.00",1,"2,690.00",-1.00,-0.12,100,CIEN,CIEN,4/17/26,290,PUT,444489812,"2,688.88",USD
2026-03-04T17:00:00-0500,Money Movement,Deposit,,,,BIGDEAL_AWARD_AMOUNT,"9,739.60",0,,--,0.00,,,,,,,,"9,739.60",USD
2026-03-04T15:59:43-0500,Trade,Buy to Open,BUY_TO_OPEN,QQQ   260417P00610000,Equity Option,Bought 1 QQQ 04/17/26 Put 610.00 @ 16.89,"-1,689.00",1,"-1,689.00",-1.00,-0.12,100,QQQ,QQQ,4/17/26,610,PUT,444387725,"-1,690.12",USD
2026-03-04T13:41:49-0500,Trade,Sell to Close,SELL_TO_CLOSE,COIN  260417P00210000,Equity Option,Sold 1 COIN 04/17/26 Put 210.00 @ 20.00,"2,000.00",1,"2,000.00",0.00,-0.12,100,COIN,COIN,4/17/26,210,PUT,444304393,"1,999.88",USD
2026-03-04T13:24:27-0500,Trade,Sell to Open,SELL_TO_OPEN,COHR  260515P00200000,Equity Option,Sold 1 COHR 05/15/26 Put 200.00 @ 14.00,"1,400.00",1,"1,400.00",-1.00,-0.12,100,COHR,COHR,5/15/26,200,PUT,444294079,"1,398.88",USD
2026-03-04T12:36:39-0500,Trade,Buy to Open,BUY_TO_OPEN,COIN  260417P00210000,Equity Option,Bought 1 COIN 04/17/26 Put 210.00 @ 20.15,"-2,015.00",1,"-2,015.00",-1.00,-0.12,100,COIN,COIN,4/17/26,210,PUT,444269001,"-2,016.12",USD
2026-03-03T11:02:14-0500,Trade,Sell to Open,SELL_TO_OPEN,NUGT  260618P00245000,Equity Option,Sold 1 NUGT 06/18/26 Put 245.00 @ 48.10,"4,810.00",1,"4,810.00",-1.00,-0.12,100,NUGT,NUGT,6/18/26,245,PUT,443851517,"4,808.88",USD
2026-03-03T09:30:06-0500,Trade,Sell to Close,SELL_TO_CLOSE,TQQQ  260320P00040000,Equity Option,Sold 10 TQQQ 03/20/26 Put 40.00 @ 1.26,"1,260.00",10,126.00,0.00,-1.26,100,TQQQ,TQQQ,3/20/26,40,PUT,443677333,"1,258.74",USD
2026-03-02T15:50:09-0500,Trade,Sell to Open,SELL_TO_OPEN,ASML  260417P01440000,Equity Option,Sold 1 ASML 04/17/26 Put 1440.00 @ 104.10,"10,410.00",1,"10,410.00",-1.00,-0.12,100,ASML,ASML,4/17/26,1440,PUT,443663842,"10,408.88",USD
2026-03-02T14:58:37-0500,Trade,Sell to Open,SELL_TO_OPEN,SLV   260618P00082000,Equity Option,Sold 1 SLV 06/18/26 Put 82.00 @ 13.60,"1,360.00",1,"1,360.00",-1.00,-0.12,100,SLV,SLV,6/18/26,82,PUT,443630085,"1,358.88",USD
2026-03-02T14:51:03-0500,Trade,Sell to Open,SELL_TO_OPEN,NUGT  260618P00300000,Equity Option,Sold 1 NUGT 06/18/26 Put 300.00 @ 57.20,"5,720.00",1,"5,720.00",-1.00,-0.12,100,NUGT,NUGT,6/18/26,300,PUT,443625831,"5,718.88",USD
2026-02-28T15:07:35-0500,Money Movement,Balance Adjustment,,,,Regulatory fee adjustment,-0.02,0,,--,0.00,,,,,,,,-0.02,USD
2026-02-26T12:07:54-0500,Trade,Sell to Close,SELL_TO_CLOSE,TQQQ  260320P00040000,Equity Option,Sold 10 TQQQ 03/20/26 Put 40.00 @ 0.81,810.00,10,81.00,0.00,-1.27,100,TQQQ,TQQQ,3/20/26,40,PUT,442801500,808.73,USD
2026-02-26T12:07:54-0500,Trade,Buy to Close,BUY_TO_CLOSE,TQQQ  260320P00045000,Equity Option,Bought 10 TQQQ 03/20/26 Put 45.00 @ 1.70,"-1,700.00",10,-170.00,0.00,-1.24,100,TQQQ,TQQQ,3/20/26,45,PUT,442801500,"-1,701.24",USD
2026-02-24T10:50:41-0500,Trade,Sell to Open,SELL_TO_OPEN,TQQQ  260320P00045000,Equity Option,Sold 4 TQQQ 03/20/26 Put 45.00 @ 1.78,712.00,4,178.00,-4.00,-0.51,100,TQQQ,TQQQ,3/20/26,45,PUT,442120128,707.49,USD
2026-02-24T10:50:41-0500,Trade,Buy to Open,BUY_TO_OPEN,TQQQ  260320P00040000,Equity Option,Bought 4 TQQQ 03/20/26 Put 40.00 @ 0.89,-356.00,4,-89.00,-4.00,-0.50,100,TQQQ,TQQQ,3/20/26,40,PUT,442120128,-360.50,USD
2026-02-24T10:47:43-0500,Trade,Buy to Open,BUY_TO_OPEN,TQQQ  260320P00040000,Equity Option,Bought 1 TQQQ 03/20/26 Put 40.00 @ 0.91,-91.00,1,-91.00,-1.00,-0.12,100,TQQQ,TQQQ,3/20/26,40,PUT,442118125,-92.12,USD
2026-02-24T10:47:43-0500,Trade,Sell to Open,SELL_TO_OPEN,TQQQ  260320P00045000,Equity Option,Sold 1 TQQQ 03/20/26 Put 45.00 @ 1.79,179.00,1,179.00,-1.00,-0.12,100,TQQQ,TQQQ,3/20/26,45,PUT,442118125,177.88,USD
2026-02-24T10:47:43-0500,Trade,Buy to Open,BUY_TO_OPEN,TQQQ  260320P00040000,Equity Option,Bought 3 TQQQ 03/20/26 Put 40.00 @ 0.91,-273.00,3,-91.00,-3.00,-0.37,100,TQQQ,TQQQ,3/20/26,40,PUT,442118125,-276.37,USD
2026-02-24T10:47:43-0500,Trade,Sell to Open,SELL_TO_OPEN,TQQQ  260320P00045000,Equity Option,Sold 3 TQQQ 03/20/26 Put 45.00 @ 1.79,537.00,3,179.00,-3.00,-0.38,100,TQQQ,TQQQ,3/20/26,45,PUT,442118125,533.62,USD
2026-02-24T10:43:43-0500,Trade,Buy to Open,BUY_TO_OPEN,TQQQ  260320P00040000,Equity Option,Bought 1 TQQQ 03/20/26 Put 40.00 @ 0.92,-92.00,1,-92.00,-1.00,-0.12,100,TQQQ,TQQQ,3/20/26,40,PUT,442115004,-93.12,USD
2026-02-24T10:43:43-0500,Trade,Sell to Open,SELL_TO_OPEN,TQQQ  260320P00045000,Equity Option,Sold 1 TQQQ 03/20/26 Put 45.00 @ 1.79,179.00,1,179.00,-1.00,-0.12,100,TQQQ,TQQQ,3/20/26,45,PUT,442115004,177.88,USD
2026-02-24T10:43:43-0500,Trade,Buy to Open,BUY_TO_OPEN,TQQQ  260320P00040000,Equity Option,Bought 1 TQQQ 03/20/26 Put 40.00 @ 0.92,-92.00,1,-92.00,-1.00,-0.12,100,TQQQ,TQQQ,3/20/26,40,PUT,442115004,-93.12,USD
2026-02-24T10:43:43-0500,Trade,Sell to Open,SELL_TO_OPEN,TQQQ  260320P00045000,Equity Option,Sold 1 TQQQ 03/20/26 Put 45.00 @ 1.79,179.00,1,179.00,-1.00,-0.12,100,TQQQ,TQQQ,3/20/26,45,PUT,442115004,177.88,USD
2026-02-24T10:43:43-0500,Trade,Buy to Open,BUY_TO_OPEN,TQQQ  260320P00040000,Equity Option,Bought 1 TQQQ 03/20/26 Put 40.00 @ 0.92,-92.00,1,-92.00,-1.00,-0.12,100,TQQQ,TQQQ,3/20/26,40,PUT,442115004,-93.12,USD
2026-02-24T10:43:43-0500,Trade,Sell to Open,SELL_TO_OPEN,TQQQ  260320P00045000,Equity Option,Sold 1 TQQQ 03/20/26 Put 45.00 @ 1.79,179.00,1,179.00,-1.00,-0.12,100,TQQQ,TQQQ,3/20/26,45,PUT,442115004,177.88,USD
2026-02-24T10:43:43-0500,Trade,Buy to Open,BUY_TO_OPEN,TQQQ  260320P00040000,Equity Option,Bought 1 TQQQ 03/20/26 Put 40.00 @ 0.92,-92.00,1,-92.00,-1.00,-0.12,100,TQQQ,TQQQ,3/20/26,40,PUT,442115004,-93.12,USD
2026-02-24T10:43:43-0500,Trade,Sell to Open,SELL_TO_OPEN,TQQQ  260320P00045000,Equity Option,Sold 1 TQQQ 03/20/26 Put 45.00 @ 1.79,179.00,1,179.00,-1.00,-0.12,100,TQQQ,TQQQ,3/20/26,45,PUT,442115004,177.88,USD
2026-02-24T09:30:11-0500,Trade,Sell to Open,SELL_TO_OPEN,TQQQ  260320P00045000,Equity Option,Sold 4 TQQQ 03/20/26 Put 45.00 @ 2.19,876.00,4,219.00,-4.00,-0.51,100,TQQQ,TQQQ,3/20/26,45,PUT,442002904,871.49,USD
2026-02-24T09:30:11-0500,Trade,Sell to Open,SELL_TO_OPEN,TQQQ  260320P00045000,Equity Option,Sold 4 TQQQ 03/20/26 Put 45.00 @ 2.19,876.00,4,219.00,-4.00,-0.51,100,TQQQ,TQQQ,3/20/26,45,PUT,442002908,871.49,USD
2026-02-24T09:30:11-0500,Trade,Buy to Open,BUY_TO_OPEN,TQQQ  260320P00040000,Equity Option,Bought 4 TQQQ 03/20/26 Put 40.00 @ 1.15,-460.00,4,-115.00,-4.00,-0.50,100,TQQQ,TQQQ,3/20/26,40,PUT,442002904,-464.50,USD
2026-02-24T09:30:11-0500,Trade,Buy to Open,BUY_TO_OPEN,TQQQ  260320P00040000,Equity Option,Bought 4 TQQQ 03/20/26 Put 40.00 @ 1.15,-460.00,4,-115.00,-4.00,-0.50,100,TQQQ,TQQQ,3/20/26,40,PUT,442002908,-464.50,USD
2026-02-19T17:00:00-0500,Receive Deliver,ACAT,BUY_TO_OPEN,GDX,Equity,Received 700.0 Long GDX via ACAT,0.00,700,0.00,--,0.00,,,,,,,,0.00,USD
2026-02-19T17:00:00-0500,Receive Deliver,ACAT,BUY_TO_OPEN,TSLA,Equity,Received 150.0 Long TSLA via ACAT,0.00,150,0.00,--,0.00,,,,,,,,0.00,USD
2026-01-27T17:00:00-0500,Money Movement,Deposit,,,,ACH DEPOSIT,"100,000.00",0,,--,0.00,,,,,,,,"100,000.00",USD
2026-01-20T17:00:00-0500,Money Movement,Deposit,,,,ACH DEPOSIT,"2,000.00",0,,--,0.00,,,,,,,,"2,000.00",USD
2026-01-20T17:00:00-0500,Money Movement,Deposit,,,,ACH DEPOSIT,"8,000.00",0,,--,0.00,,,,,,,,"8,000.00",USD