Symbol,Strategy,Direction,Exit,Entry Date,Exit Date,Days Held,Entry $,Exit $,PnL $,PnL %
TSLA,DIAGONAL,BULLISH,THETA_KICKER: Roll expiring hedge,2019-01-02,2019-01-11,9,622.29,704.48,82.2,8.2
CIEN,DIAGONAL,BULLISH,HEDGE_EXPIRING: Cannot roll hedge safely,2019-01-03,2019-01-14,11,887.93,875.37,-12.56,-1.4
AVGO,DIAGONAL,BULLISH,HEDGE_EXPIRING: Cannot roll hedge safely,2019-01-03,2019-01-14,11,523.71,525.53,1.82,0.2
AVGO,DIAGONAL,BULLISH,HEDGE_EXPIRING: Cannot roll hedge safely,2019-01-04,2019-01-14,10,520.54,526.19,5.65,0.7
GDX,DIAGONAL,BULLISH,THETA_KICKER: Roll expiring hedge,2019-01-07,2019-01-16,9,463.87,432.47,-31.39,-4.0
GOOGL,DIAGONAL,BULLISH,HEDGE_EXPIRING: Cannot roll hedge safely,2019-01-11,2019-01-22,11,1258.47,1236.07,-22.39,-1.8
CIEN,DIAGONAL,BULLISH,THETA_KICKER: Roll expiring hedge,2019-01-14,2019-01-23,9,909.61,865.35,-44.26,-4.9
NOW,DIAGONAL,BULLISH,THETA_KICKER: Roll expiring hedge,2019-01-15,2019-01-24,9,1032.25,914.79,-117.46,-11.4
GDX,DIAGONAL,BULLISH,THETA_KICKER: Roll expiring hedge,2019-01-15,2019-01-24,9,450.99,395.37,-55.63,-7.0
GDX,DIAGONAL,BULLISH,THETA_KICKER: Roll expiring hedge,2019-01-16,2019-01-25,9,447.23,411.36,-35.86,-4.6
TSLA,CALL_BACKSPREAD,BULLISH,BP_STOP_LOSS: PnL -52.2% <= -50.0%,2019-01-22,2019-01-28,6,1174.74,796.68,-378.06,-52.2
AMD,DIAGONAL,BULLISH,THETA_KICKER: Roll expiring hedge,2019-01-23,2019-02-01,9,626.92,862.05,235.13,24.7
QCOM,DIAGONAL,BULLISH,HEDGE_EXPIRING: Cannot roll hedge safely,2019-01-24,2019-02-04,11,973.21,888.4,-84.81,-8.7
ANET,DIAGONAL,BULLISH,THETA_KICKER: Roll expiring hedge,2019-01-28,2019-02-06,9,674.72,667.59,-7.13,-1.1
AVGO,NAKED_LONG,BULLISH,TIME_STOP_STRATEGY: Held 5 days >= 5,2019-02-01,2019-02-06,5,470.93,487.76,16.83,1.8
SHOP,DIAGONAL,BULLISH,THETA_KICKER: Roll expiring hedge,2019-01-29,2019-02-07,9,782.86,741.8,-41.06,-5.0
CIEN,DIAGONAL,BULLISH,THETA_KICKER: Roll expiring hedge,2019-01-30,2019-02-08,9,886.74,816.46,-70.28,-7.9
GDX,DIAGONAL,BULLISH,THETA_KICKER: Roll expiring hedge,2019-02-04,2019-02-13,9,442.69,423.17,-19.51,-2.4
GOOGL,DIAGONAL,BULLISH,HEDGE_EXPIRING: Cannot roll hedge safely,2019-02-07,2019-02-19,12,1217.33,1190.2,-27.14,-2.2
AMD,CREDIT_SPREAD,BULLISH,TIME_STOP_STRATEGY: Held 15 days >= 15,2019-02-06,2019-02-21,15,364.94,320.33,44.6,5.4
AMD,CREDIT_SPREAD,BULLISH,TIME_STOP_STRATEGY: Held 15 days >= 15,2019-02-07,2019-02-22,15,355.59,324.22,31.37,4.3
GDX,DIAGONAL,BULLISH,THETA_KICKER: Roll expiring hedge,2019-02-13,2019-02-22,9,430.61,449.52,18.91,2.9
SOXL,CREDIT_SPREAD,BULLISH,TIME_STOP_STRATEGY: Held 17 days >= 15,2019-02-08,2019-02-25,17,263.6,224.57,39.03,7.3
AVGO,NAKED_LONG,BULLISH,TIME_STOP_STRATEGY: Held 5 days >= 5,2019-02-22,2019-02-27,5,480.38,471.91,-8.46,-1.4
AVGO,NAKED_LONG,BULLISH,TIME_STOP_STRATEGY: Held 5 days >= 5,2019-02-27,2019-03-04,5,472.83,477.38,4.55,0.7
META,CREDIT_SPREAD,BULLISH,TIME_STOP_STRATEGY: Held 15 days >= 15,2019-02-19,2019-03-06,15,256.18,90.49,165.69,25.7
NOW,CREDIT_SPREAD,BULLISH,TIME_STOP_STRATEGY: Held 15 days >= 15,2019-02-20,2019-03-07,15,152.56,51.41,101.15,19.0
GDX,DIAGONAL,BULLISH,THETA_KICKER: Roll expiring hedge,2019-02-26,2019-03-07,9,448.24,422.72,-25.53,-3.9
AMD,CREDIT_SPREAD,BULLISH,TIME_STOP_STRATEGY: Held 15 days >= 15,2019-02-21,2019-03-08,15,231.07,88.49,142.58,25.6
CIEN,DIAGONAL,BULLISH,THETA_KICKER: Roll expiring hedge,2019-02-27,2019-03-08,9,961.89,867.81,-94.08,-9.8
TSLA,NAKED_LONG,BULLISH,TIME_STOP_STRATEGY: Held 7 days >= 5,2019-03-04,2019-03-11,7,473.54,482.68,9.14,1.4
MRVL,NAKED_LONG,BULLISH,TIME_STOP_STRATEGY: Held 5 days >= 5,2019-03-07,2019-03-12,5,808.8,828.5,19.7,1.7
AVGO,NAKED_LONG,BULLISH,TIME_STOP_STRATEGY: Held 5 days >= 5,2019-03-08,2019-03-13,5,456.13,466.56,10.43,1.2
CIEN,DIAGONAL,BULLISH,THETA_KICKER: Roll expiring hedge,2019-03-06,2019-03-15,9,904.95,880.59,-24.36,-2.7
AMD,NAKED_LONG,BULLISH,TIME_STOP_STRATEGY: Held 5 days >= 5,2019-03-14,2019-03-19,5,516.4,677.2,160.8,19.1
MRVL,NAKED_LONG,BULLISH,TIME_STOP_STRATEGY: Held 5 days >= 5,2019-03-14,2019-03-19,5,407.18,426.34,19.17,2.5
GOOGL,NAKED_LONG,BULLISH,TIME_STOP_STRATEGY: Held 5 days >= 5,2019-03-15,2019-03-20,5,1222.0,1258.79,36.78,3.0
SHOP,NAKED_LONG,BULLISH,TIME_STOP_STRATEGY: Held 6 days >= 5,2019-03-19,2019-03-25,6,889.7,888.66,-1.04,-0.1
TSLA,NAKED_LONG,BULLISH,TIME_STOP_STRATEGY: Held 6 days >= 5,2019-03-19,2019-03-25,6,459.67,444.57,-15.1,-2.4
SHOP,NAKED_LONG,BULLISH,TIME_STOP_STRATEGY: Held 5 days >= 5,2019-03-20,2019-03-25,5,441.79,444.64,2.85,0.4
CIEN,CREDIT_SPREAD,BULLISH,TIME_STOP_STRATEGY: Held 15 days >= 15,2019-03-13,2019-03-28,15,324.13,201.46,122.66,12.6
CIEN,DIAGONAL,BULLISH,THETA_KICKER: Roll expiring hedge,2019-03-20,2019-03-29,9,857.05,825.07,-31.97,-3.7
GDX,CREDIT_SPREAD,BULLISH,TIME_STOP_STRATEGY: Held 17 days >= 15,2019-03-15,2019-04-01,17,169.07,93.15,75.92,13.1
SOXL,DIAGONAL,BULLISH,THETA_KICKER: Roll expiring hedge,2019-03-25,2019-04-03,9,811.12,957.99,146.86,13.9
AMD,DIAGONAL,BULLISH,THETA_KICKER: Roll expiring hedge,2019-03-25,2019-04-03,9,759.87,833.71,73.83,9.7
AMD,DIAGONAL,BULLISH,THETA_KICKER: Roll expiring hedge,2019-03-26,2019-04-04,9,749.64,831.49,81.85,10.9
GDX,DIAGONAL,BULLISH,HEDGE_EXPIRING: Cannot roll hedge safely,2019-03-29,2019-04-08,10,448.79,441.89,-6.9,-0.9
NOW,NAKED_LONG,BULLISH,TIME_STOP_STRATEGY: Held 5 days >= 5,2019-04-04,2019-04-09,5,1027.46,1022.97,-4.49,-0.4
GDX,CREDIT_SPREAD,BULLISH,TIME_STOP_STRATEGY: Held 15 days >= 15,2019-03-28,2019-04-12,15,243.57,113.22,130.35,14.5
ZS,DIAGONAL,BULLISH,THETA_KICKER: Roll expiring hedge,2019-04-03,2019-04-12,9,1682.62,1735.12,52.5,3.1
GDX,CREDIT_SPREAD,BULLISH,TIME_STOP_STRATEGY: Held 15 days >= 15,2019-04-01,2019-04-16,15,211.37,104.83,106.54,13.4
AMD,DIAGONAL,BULLISH,THETA_KICKER: Roll expiring hedge,2019-04-08,2019-04-17,9,844.56,732.18,-112.38,-13.3
AAPL,NAKED_LONG,BULLISH,TIME_STOP_STRATEGY: Held 5 days >= 5,2019-04-12,2019-04-17,5,990.39,1010.61,20.22,2.0
AMZN,NAKED_LONG,BULLISH,TIME_STOP_STRATEGY: Held 5 days >= 5,2019-04-12,2019-04-17,5,1915.28,1926.62,11.34,0.6
AMD,DIAGONAL,BULLISH,THETA_KICKER: Roll expiring hedge,2019-04-09,2019-04-18,9,823.19,690.98,-132.2,-16.1
NOW,NAKED_LONG,BULLISH,TIME_STOP_STRATEGY: Held 5 days >= 5,2019-04-17,2019-04-22,5,1026.24,1026.13,-0.11,-0.0
ANET,NAKED_LONG,BULLISH,TIME_STOP_STRATEGY: Held 5 days >= 5,2019-04-18,2019-04-23,5,871.55,840.23,-31.33,-3.0
GDX,DIAGONAL,BULLISH,THETA_KICKER: Roll expiring hedge,2019-04-16,2019-04-25,9,860.19,799.63,-60.56,-5.2
AVGO,NAKED_LONG,BULLISH,TIME_STOP_STRATEGY: Held 7 days >= 5,2019-04-22,2019-04-29,7,543.96,538.99,-4.97,-0.6
MRVL,NAKED_LONG,BULLISH,TIME_STOP_STRATEGY: Held 7 days >= 5,2019-04-22,2019-04-29,7,512.09,512.36,0.27,0.0
GDX,NAKED_LONG,BULLISH,TIME_STOP_STRATEGY: Held 6 days >= 5,2019-04-23,2019-04-29,6,399.76,401.43,1.67,0.2
TSLA,NAKED_LONG,BULLISH,TIME_STOP_STRATEGY: Held 6 days >= 5,2019-04-23,2019-04-29,6,433.98,408.1,-25.88,-3.7
AAPL,NAKED_LONG,BULLISH,TIME_STOP_STRATEGY: Held 5 days >= 5,2019-04-25,2019-04-30,5,1008.59,987.2,-21.39,-2.1
GDX,DIAGONAL,BULLISH,THETA_KICKER: Roll expiring hedge,2019-04-22,2019-05-01,9,823.12,788.32,-34.8,-3.4
SOXL,NAKED_LONG,BULLISH,TIME_STOP_STRATEGY: Held 7 days >= 5,2019-04-29,2019-05-06,7,653.07,638.34,-14.74,-1.7
MU,NAKED_LONG,BULLISH,TIME_STOP_STRATEGY: Held 7 days >= 5,2019-04-29,2019-05-06,7,876.79,863.23,-13.56,-1.5
ANET,NAKED_LONG,BULLISH,TIME_STOP_STRATEGY: Held 6 days >= 5,2019-04-30,2019-05-06,6,1231.49,1247.89,16.4,1.2
GOOGL,DIAGONAL,BULLISH,THETA_KICKER: Roll expiring hedge,2019-05-01,2019-05-10,9,1331.71,1293.18,-38.53,-2.9
ANET,DIAGONAL,BULLISH,THETA_KICKER: Roll expiring hedge,2019-05-06,2019-05-15,9,859.44,788.71,-70.72,-6.6
AMD,DIAGONAL,BULLISH,THETA_KICKER: Roll expiring hedge,2019-05-06,2019-05-15,9,652.44,667.52,15.08,1.5
CIEN,DIAGONAL,BULLISH,THETA_KICKER: Roll expiring hedge,2019-05-06,2019-05-15,9,822.52,745.16,-77.36,-9.4
TQQQ,DIAGONAL,BULLISH,THETA_KICKER: Roll expiring hedge,2019-05-07,2019-05-16,9,879.92,976.53,96.61,10.1
AAPL,DIAGONAL,BULLISH,HEDGE_EXPIRING: Cannot roll hedge safely,2019-05-10,2019-05-20,10,1033.38,991.86,-41.51,-4.0
GDX,DIAGONAL,BULLISH,THETA_KICKER: Roll expiring hedge,2019-05-15,2019-05-24,9,822.84,792.9,-29.93,-3.5
GDX,DIAGONAL,BULLISH,HEDGE_EXPIRING: Cannot roll hedge safely,2019-05-16,2019-05-28,12,814.53,782.94,-31.59,-3.0
QCOM,DIAGONAL,BULLISH,HEDGE_EXPIRING: Cannot roll hedge safely,2019-05-16,2019-05-28,12,1682.33,1434.3,-248.03,-14.7
AVGO,DIAGONAL,BULLISH,THETA_KICKER: Roll expiring hedge,2019-05-20,2019-05-29,9,1037.74,939.95,-97.79,-7.3
AVGO,DIAGONAL,BULLISH,THETA_KICKER: Roll expiring hedge,2019-05-28,2019-06-06,9,491.02,539.21,48.19,5.2
QQQ,DIAGONAL,BULLISH,THETA_KICKER: Roll expiring hedge,2019-05-29,2019-06-07,9,3572.03,3690.04,118.0,3.3
ANET,DIAGONAL,BULLISH,HEDGE_EXPIRING: Cannot roll hedge safely,2019-06-07,2019-06-17,10,793.59,691.87,-101.72,-10.1
GDX,DIAGONAL,BULLISH,THETA_KICKER: Roll expiring hedge,2019-06-10,2019-06-19,9,909.23,934.25,25.03,2.6
CIEN,DIAGONAL,BULLISH,THETA_KICKER: Roll expiring hedge,2019-06-10,2019-06-19,9,1531.19,1467.81,-63.38,-4.1
CIEN,DIAGONAL,BULLISH,THETA_KICKER: Roll expiring hedge,2019-06-11,2019-06-20,9,1497.58,1477.02,-20.56,-1.4
AMD,DIAGONAL,BULLISH,THETA_KICKER: Roll expiring hedge,2019-06-17,2019-06-26,9,847.16,775.25,-71.91,-8.5
ZS,NAKED_LONG,BULLISH,TIME_STOP_STRATEGY: Held 5 days >= 5,2019-06-21,2019-06-26,5,1985.54,1882.42,-103.12,-5.2
AMD,DIAGONAL,BULLISH,HEDGE_EXPIRING: Cannot roll hedge safely,2019-06-20,2019-07-01,11,872.4,810.29,-62.11,-7.1
SHOP,DIAGONAL,BULLISH,THETA_KICKER: Roll expiring hedge,2019-06-24,2019-07-03,9,808.4,809.0,0.6,0.1
CIEN,DIAGONAL,BULLISH,THETA_KICKER: Roll expiring hedge,2019-06-26,2019-07-05,9,1444.77,908.36,-536.42,-37.1
GDX,DIAGONAL,BULLISH,THETA_KICKER: Roll expiring hedge,2019-06-26,2019-07-05,9,524.51,519.79,-4.71,-0.5
SOXL,DIAGONAL,BULLISH,THETA_KICKER: Roll expiring hedge,2019-07-03,2019-07-12,9,329.94,326.9,-3.05,-0.6
SOXL,DIAGONAL,BULLISH,HEDGE_EXPIRING: Cannot roll hedge safely,2019-07-05,2019-07-15,10,324.44,315.5,-8.94,-1.9
MU,CREDIT_SPREAD,BULLISH,TIME_STOP_STRATEGY: Held 15 days >= 15,2019-07-03,2019-07-18,15,336.61,297.3,39.31,4.6
AVGO,CREDIT_SPREAD,BULLISH,TIME_STOP_STRATEGY: Held 15 days >= 15,2019-07-03,2019-07-18,15,248.2,153.61,94.59,12.7
SHOP,DIAGONAL,BULLISH,HEDGE_EXPIRING: Cannot roll hedge safely,2019-07-11,2019-07-22,11,843.41,848.24,4.83,0.6
SHOP,DIAGONAL,BULLISH,HEDGE_EXPIRING: Cannot roll hedge safely,2019-07-12,2019-07-22,10,831.38,849.29,17.91,2.2
TQQQ,NAKED_LONG,BULLISH,TIME_STOP_STRATEGY: Held 5 days >= 5,2019-07-17,2019-07-22,5,541.59,545.14,3.56,0.6
AMD,NAKED_LONG,BULLISH,TIME_STOP_STRATEGY: Held 5 days >= 5,2019-07-18,2019-07-23,5,745.84,741.49,-4.35,-0.6
GOOGL,NAKED_LONG,BULLISH,TIME_STOP_STRATEGY: Held 5 days >= 5,2019-07-19,2019-07-24,5,1163.77,1164.46,0.69,0.1
MRVL,NAKED_LONG,BULLISH,TIME_STOP_STRATEGY: Held 7 days >= 5,2019-07-22,2019-07-29,7,529.32,557.77,28.45,4.0
CIEN,NAKED_LONG,BULLISH,TIME_STOP_STRATEGY: Held 7 days >= 5,2019-07-22,2019-07-29,7,910.34,966.19,55.85,6.1
SHOP,NAKED_LONG,BULLISH,TIME_STOP_STRATEGY: Held 5 days >= 5,2019-07-24,2019-07-29,5,724.86,719.68,-5.18,-0.7
GOOGL,NAKED_LONG,BULLISH,TIME_STOP_STRATEGY: Held 5 days >= 5,2019-07-25,2019-07-30,5,1161.44,1387.71,226.26,19.5
AMZN,NAKED_LONG,BULLISH,TIME_STOP_STRATEGY: Held 7 days >= 5,2019-07-29,2019-08-05,7,1979.34,1839.9,-139.44,-7.0
TQQQ,NAKED_LONG,BULLISH,TIME_STOP_STRATEGY: Held 6 days >= 5,2019-07-30,2019-08-05,6,903.53,867.63,-35.9,-4.0
AMAT,DIAGONAL,BULLISH,THETA_KICKER: Roll expiring hedge,2019-07-29,2019-08-07,9,1099.02,1020.03,-78.99,-7.2
MSFT,DIAGONAL,BULLISH,THETA_KICKER: Roll expiring hedge,2019-08-05,2019-08-14,9,2636.23,2723.88,87.65,3.3
ANET,DIAGONAL,BULLISH,HEDGE_EXPIRING: Cannot roll hedge safely,2019-08-08,2019-08-19,11,391.44,364.25,-27.19,-3.8
ANET,DIAGONAL,BULLISH,HEDGE_EXPIRING: Cannot roll hedge safely,2019-08-09,2019-08-19,10,381.8,364.73,-17.06,-2.6
AMD,DIAGONAL,BULLISH,THETA_KICKER: Roll expiring hedge,2019-08-14,2019-08-23,9,982.39,971.88,-10.51,-1.1
GDX,DIAGONAL,BULLISH,THETA_KICKER: Roll expiring hedge,2019-08-14,2019-08-23,9,624.5,630.85,6.35,0.8
TQQQ,DIAGONAL,BULLISH,HEDGE_EXPIRING: Cannot roll hedge safely,2019-08-15,2019-08-26,11,632.66,673.99,41.34,5.7
GDX,DIAGONAL,BULLISH,THETA_KICKER: Roll expiring hedge,2019-08-19,2019-08-28,9,602.58,626.43,23.85,2.9
MRVL,DIAGONAL,BULLISH,THETA_KICKER: Roll expiring hedge,2019-08-21,2019-08-30,9,581.67,549.3,-32.36,-4.2
SOXL,DIAGONAL,BULLISH,HEDGE_EXPIRING: Cannot roll hedge safely,2019-08-23,2019-09-03,11,692.44,658.13,-34.31,-3.4
TQQQ,DIAGONAL,BULLISH,HEDGE_EXPIRING: Cannot roll hedge safely,2019-08-23,2019-09-03,11,662.13,635.17,-26.96,-3.9
MRVL,DIAGONAL,BULLISH,THETA_KICKER: Roll expiring hedge,2019-08-26,2019-09-04,9,561.74,549.09,-12.64,-1.8
NVDA,DIAGONAL,BULLISH,THETA_KICKER: Roll expiring hedge,2019-08-28,2019-09-06,9,669.05,709.9,40.85,5.6
SHOP,DIAGONAL,BULLISH,HEDGE_EXPIRING: Cannot roll hedge safely,2019-08-30,2019-09-09,10,967.92,863.02,-104.9,-10.8
CIEN,NAKED_LONG,BULLISH,TIME_STOP_STRATEGY: Held 5 days >= 5,2019-09-06,2019-09-11,5,893.13,924.32,31.18,3.5
GOOGL,DIAGONAL,BULLISH,THETA_KICKER: Roll expiring hedge,2019-09-03,2019-09-12,9,1269.5,1283.75,14.25,1.1
AMD,DIAGONAL,BULLISH,THETA_KICKER: Roll expiring hedge,2019-09-04,2019-09-13,9,977.25,740.48,-236.77,-24.2
SHOP,NAKED_LONG,BULLISH,TIME_STOP_STRATEGY: Held 7 days >= 5,2019-09-09,2019-09-16,7,872.91,867.8,-5.1,-0.6
AMD,NAKED_LONG,BULLISH,TIME_STOP_STRATEGY: Held 5 days >= 5,2019-09-11,2019-09-16,5,754.45,724.95,-29.5,-3.9
NVDA,DIAGONAL,BULLISH,HEDGE_EXPIRING: Cannot roll hedge safely,2019-09-13,2019-09-23,10,719.63,588.26,-131.37,-18.0
SHOP,DIAGONAL,BULLISH,THETA_KICKER: Roll expiring hedge,2019-09-16,2019-09-25,9,896.92,810.54,-86.38,-9.6
ZS,CALL_BACKSPREAD,BULLISH,TIME_STOP_STRATEGY: Held 15 days >= 15,2019-09-12,2019-09-27,15,896.35,582.32,-314.03,-44.3
GDX,CREDIT_SPREAD,BULLISH,TIME_STOP_STRATEGY: Held 17 days >= 15,2019-09-13,2019-09-30,17,286.93,206.95,79.99,9.5
AVGO,CREDIT_SPREAD,BULLISH,TIME_STOP_STRATEGY: Held 15 days >= 15,2019-09-16,2019-10-01,15,241.32,112.08,129.24,17.9
TQQQ,DIAGONAL,BULLISH,THETA_KICKER: Roll expiring hedge,2019-09-24,2019-10-03,9,531.85,493.94,-37.9,-6.3
AVGO,DIAGONAL,BULLISH,THETA_KICKER: Roll expiring hedge,2019-09-25,2019-10-04,9,523.68,504.87,-18.82,-3.6
GDX,DIAGONAL,BULLISH,HEDGE_EXPIRING: Cannot roll hedge safely,2019-09-27,2019-10-07,10,608.2,564.91,-43.29,-7.1
TSLA,NAKED_LONG,BULLISH,TIME_STOP_STRATEGY: Held 5 days >= 5,2019-10-04,2019-10-09,5,386.89,398.1,11.21,2.2
GOOGL,DIAGONAL,BULLISH,THETA_KICKER: Roll expiring hedge,2019-10-01,2019-10-10,9,1250.01,1244.44,-5.57,-0.4
ANET,DIAGONAL,BULLISH,HEDGE_EXPIRING: Cannot roll hedge safely,2019-10-03,2019-10-14,11,313.8,313.46,-0.34,-0.1
GDX,CREDIT_SPREAD,BULLISH,TIME_STOP_STRATEGY: Held 15 days >= 15,2019-09-30,2019-10-15,15,218.78,143.8,74.98,12.6
TQQQ,DIAGONAL,BULLISH,THETA_KICKER: Roll expiring hedge,2019-10-08,2019-10-17,9,529.62,600.13,70.5,12.4
GDX,DIAGONAL,BULLISH,HEDGE_EXPIRING: Cannot roll hedge safely,2019-10-10,2019-10-21,11,597.63,546.87,-50.76,-8.5
AAPL,NAKED_LONG,BULLISH,TIME_STOP_STRATEGY: Held 6 days >= 5,2019-10-15,2019-10-21,6,1193.35,1212.18,18.83,1.6
GDX,CREDIT_SPREAD,BULLISH,TIME_STOP_STRATEGY: Held 17 days >= 15,2019-10-11,2019-10-28,17,175.4,103.96,71.44,12.2
GOOGL,NAKED_LONG,BULLISH,TIME_STOP_STRATEGY: Held 7 days >= 5,2019-10-21,2019-10-28,7,1289.29,1326.23,36.93,2.9
GDX,CREDIT_SPREAD,BULLISH,TIME_STOP_STRATEGY: Held 15 days >= 15,2019-10-14,2019-10-29,15,138.51,90.15,48.36,10.6
NOW,CREDIT_SPREAD,BULLISH,TIME_STOP_STRATEGY: Held 15 days >= 15,2019-10-17,2019-11-01,15,159.2,142.52,16.69,2.8
AAPL,NAKED_LONG,BULLISH,TIME_STOP_STRATEGY: Held 5 days >= 5,2019-10-30,2019-11-04,5,1219.53,1292.53,73.0,6.0
NOW,CREDIT_SPREAD,BULLISH,TIME_STOP_STRATEGY: Held 15 days >= 15,2019-10-21,2019-11-05,15,153.78,135.51,18.27,3.6
SOXL,DIAGONAL,BULLISH,HEDGE_EXPIRING: Cannot roll hedge safely,2019-10-31,2019-11-11,11,412.97,422.29,9.32,1.7
TSLA,CREDIT_SPREAD,BULLISH,TIME_STOP_STRATEGY: Held 15 days >= 15,2019-10-29,2019-11-13,15,272.86,250.78,22.08,3.6
GDX,CREDIT_SPREAD,BULLISH,TIME_STOP_STRATEGY: Held 15 days >= 15,2019-11-04,2019-11-19,15,199.84,107.3,92.54,14.9
GDX,CREDIT_SPREAD,BULLISH,TIME_STOP_STRATEGY: Held 15 days >= 15,2019-11-05,2019-11-20,15,191.56,106.61,84.95,13.9
SHOP,CREDIT_SPREAD,BULLISH,TIME_STOP_STRATEGY: Held 15 days >= 15,2019-11-05,2019-11-20,15,209.37,166.83,42.54,8.1
NOW,CREDIT_SPREAD,BULLISH,TIME_STOP_STRATEGY: Held 15 days >= 15,2019-11-05,2019-11-20,15,82.55,62.84,19.71,5.1
GDX,DIAGONAL,BULLISH,THETA_KICKER: Roll expiring hedge,2019-11-11,2019-11-20,9,540.98,536.92,-4.06,-0.8
SOXL,NAKED_LONG,BULLISH,TIME_STOP_STRATEGY: Held 6 days >= 5,2019-11-19,2019-11-25,6,400.88,376.52,-24.35,-4.5
AAPL,NAKED_LONG,BULLISH,TIME_STOP_STRATEGY: Held 5 days >= 5,2019-11-20,2019-11-25,5,1318.78,1334.96,16.18,1.2
SOXL,NAKED_LONG,BULLISH,TIME_STOP_STRATEGY: Held 5 days >= 5,2019-11-20,2019-11-25,5,376.25,376.99,0.75,0.1
MRVL,CREDIT_SPREAD,BULLISH,TIME_STOP_STRATEGY: Held 15 days >= 15,2019-11-14,2019-11-29,15,157.9,110.6,47.3,9.4
GDX,NAKED_LONG,BULLISH,TIME_STOP_STRATEGY: Held 7 days >= 5,2019-11-25,2019-12-02,7,512.63,529.85,17.22,2.5
NOW,NAKED_LONG,BULLISH,TIME_STOP_STRATEGY: Held 6 days >= 5,2019-11-26,2019-12-02,6,1231.42,1205.43,-25.99,-2.1
GOOGL,NAKED_LONG,BULLISH,TIME_STOP_STRATEGY: Held 5 days >= 5,2019-11-29,2019-12-04,5,1333.05,1348.36,15.3,1.1
AMAT,CREDIT_SPREAD,BULLISH,TIME_STOP_STRATEGY: Held 15 days >= 15,2019-11-21,2019-12-06,15,247.43,198.81,48.62,7.2
AAPL,DIAGONAL,BULLISH,THETA_KICKER: Roll expiring hedge,2019-12-02,2019-12-11,9,1316.42,1352.51,36.1,2.7
TQQQ,DIAGONAL,BULLISH,THETA_KICKER: Roll expiring hedge,2019-12-02,2019-12-11,9,582.93,598.93,16.0,2.1
CIEN,NAKED_LONG,BULLISH,TIME_STOP_STRATEGY: Held 5 days >= 5,2019-12-06,2019-12-11,5,740.76,750.65,9.89,1.3
MRVL,DIAGONAL,BULLISH,THETA_KICKER: Roll expiring hedge,2019-12-04,2019-12-13,9,539.81,579.82,40.01,5.5
TSLA,DIAGONAL,BULLISH,HEDGE_EXPIRING: Cannot roll hedge safely,2019-12-05,2019-12-16,11,508.52,595.14,86.62,15.0
WDAY,DIAGONAL,BULLISH,HEDGE_EXPIRING: Cannot roll hedge safely,2019-12-13,2019-12-23,10,3763.42,3760.01,-3.41,-0.1
SHOP,NAKED_LONG,BULLISH,TIME_STOP_STRATEGY: Held 7 days >= 5,2019-12-23,2019-12-30,7,930.58,930.68,0.1,0.0
GOOGL,NAKED_LONG,BULLISH,TIME_STOP_STRATEGY: Held 7 days >= 5,2019-12-23,2019-12-30,7,1379.28,1367.1,-12.18,-0.9
AMAT,DIAGONAL,BULLISH,THETA_KICKER: Roll expiring hedge,2020-01-06,2020-01-15,9,1221.38,1217.78,-3.6,-0.3
AMD,DIAGONAL,BULLISH,THETA_KICKER: Roll expiring hedge,2020-01-06,2020-01-15,9,1215.59,1087.04,-128.55,-10.6
CIEN,DIAGONAL,BULLISH,THETA_KICKER: Roll expiring hedge,2020-01-07,2020-01-16,9,1266.63,886.59,-380.04,-30.0
TSLA,DIAGONAL,BULLISH,HEDGE_EXPIRING: Cannot roll hedge safely,2020-01-10,2020-01-21,11,769.21,942.05,172.83,22.5
MRVL,DIAGONAL,BULLISH,THETA_KICKER: Roll expiring hedge,2020-01-15,2020-01-24,9,593.6,624.62,31.02,3.6
TSLA,DIAGONAL,BULLISH,HEDGE_EXPIRING: Cannot roll hedge safely,2020-01-16,2020-01-27,11,893.7,976.8,83.1,9.3
GDX,DIAGONAL,BULLISH,HEDGE_EXPIRING: Cannot roll hedge safely,2020-01-17,2020-01-27,10,590.2,575.21,-14.99,-2.0
MU,DIAGONAL,BULLISH,HEDGE_EXPIRING: Cannot roll hedge safely,2020-01-24,2020-02-03,10,1378.98,1271.47,-107.51,-7.8
NVDA,DIAGONAL,BULLISH,THETA_KICKER: Roll expiring hedge,2020-01-27,2020-02-05,9,1052.6,1108.49,55.89,4.9
AMAT,DIAGONAL,BULLISH,THETA_KICKER: Roll expiring hedge,2020-01-27,2020-02-05,9,1243.49,1381.21,137.72,11.1
AAPL,DIAGONAL,BULLISH,THETA_KICKER: Roll expiring hedge,2020-02-03,2020-02-12,9,1657.75,1728.7,70.96,4.3
GOOGL,DIAGONAL,BULLISH,THETA_KICKER: Roll expiring hedge,2020-02-05,2020-02-14,9,1536.69,1592.53,55.84,3.6
GDX,DIAGONAL,BULLISH,THETA_KICKER: Roll expiring hedge,2020-02-05,2020-02-14,9,577.59,551.01,-26.57,-3.1
MRVL,DIAGONAL,BULLISH,HEDGE_EXPIRING: Cannot roll hedge safely,2020-02-13,2020-02-24,11,671.35,579.28,-92.08,-13.7
MSFT,CREDIT_SPREAD,BULLISH,TIME_STOP_STRATEGY: Held 15 days >= 15,2020-02-12,2020-02-27,15,202.9,178.51,24.39,3.5
SOXL,DIAGONAL,BULLISH,THETA_KICKER: Roll expiring hedge,2020-02-18,2020-02-27,9,697.68,494.96,-202.71,-29.1
AAPL,CREDIT_SPREAD,BULLISH,TIME_STOP_STRATEGY: Held 17 days >= 15,2020-02-14,2020-03-02,17,200.24,186.17,14.07,1.8
AVGO,CREDIT_SPREAD,BULLISH,TIME_STOP_STRATEGY: Held 17 days >= 15,2020-02-14,2020-03-02,17,215.01,146.53,68.48,10.2
SOXL,DIAGONAL,BULLISH,HEDGE_EXPIRING: Cannot roll hedge safely,2020-02-21,2020-03-02,10,691.1,593.87,-97.22,-14.1
TQQQ,CALL_BACKSPREAD,BULLISH,PROFIT_TARGET: Option PnL +51.5% >= +40.0%,2020-02-24,2020-03-02,7,952.33,1336.64,384.32,51.5
GDX,DIAGONAL,BULLISH,HEDGE_EXPIRING: Cannot roll hedge safely,2020-02-27,2020-03-09,11,608.91,673.23,64.31,10.6
VRT,DIAGONAL,BULLISH,THETA_KICKER: Roll expiring hedge,2020-03-02,2020-03-11,9,791.0,880.78,89.78,9.9
VRT,DIAGONAL,BULLISH,THETA_KICKER: Roll expiring hedge,2020-03-03,2020-03-12,9,779.89,891.09,111.2,12.6
AAPL,CALL_BACKSPREAD,BULLISH,PROFIT_TARGET: Option PnL +56.0% >= +40.0%,2020-03-09,2020-03-13,4,619.35,1095.24,475.88,56.0
TQQQ,DIAGONAL,BULLISH,HEDGE_EXPIRING: Cannot roll hedge safely,2020-03-06,2020-03-16,10,737.97,567.07,-170.9,-19.8
GDX,DIAGONAL,BULLISH,THETA_KICKER: Roll expiring hedge,2020-03-09,2020-03-18,9,700.54,851.64,151.1,21.6
TSLA,CALL_BACKSPREAD,BULLISH,BP_STOP_LOSS: PnL -54.3% <= -50.0%,2020-03-13,2020-03-18,5,2104.97,1562.1,-542.87,-54.3
TSLA,CALL_BACKSPREAD,BULLISH,PROFIT_TARGET: Option PnL +116.4% >= +40.0%,2020-03-18,2020-03-19,1,2026.19,2911.56,885.37,116.4
GDX,DIAGONAL,BULLISH,THETA_KICKER: Roll expiring hedge,2020-03-11,2020-03-20,9,683.6,900.47,216.86,30.8
NVDA,DIAGONAL,BULLISH,HEDGE_EXPIRING: Cannot roll hedge safely,2020-03-12,2020-03-23,11,762.21,875.57,113.36,12.8
INTU,CALL_BACKSPREAD,BULLISH,PROFIT_TARGET: Option PnL +95.6% >= +40.0%,2020-03-20,2020-03-24,4,1954.21,2881.89,927.68,95.6
AAPL,DIAGONAL,BULLISH,HEDGE_EXPIRING: Cannot roll hedge safely,2020-03-19,2020-03-30,11,2191.41,2255.19,63.77,2.9
SHOP,DIAGONAL,BULLISH,HEDGE_EXPIRING: Cannot roll hedge safely,2020-03-19,2020-03-30,11,1344.28,1818.31,474.04,35.3
TSLA,DIAGONAL,BULLISH,HEDGE_EXPIRING: Cannot roll hedge safely,2020-03-27,2020-04-06,10,1622.51,1595.46,-27.05,-1.7
GDX,DIAGONAL,BULLISH,HEDGE_EXPIRING: Cannot roll hedge safely,2020-03-27,2020-04-06,10,1106.02,1199.68,93.66,8.2
TSLA,DIAGONAL,BULLISH,THETA_KICKER: Roll expiring hedge,2020-03-30,2020-04-08,9,1546.71,1698.17,151.46,9.8
GDX,DIAGONAL,BULLISH,THETA_KICKER: Roll expiring hedge,2020-03-30,2020-04-08,9,1083.44,1181.12,97.68,8.0
VRT,DIAGONAL,BULLISH,THETA_KICKER: Roll expiring hedge,2020-03-30,2020-04-08,9,831.71,888.71,57.0,4.7
ZS,DIAGONAL,BULLISH,THETA_KICKER: Roll expiring hedge,2020-04-07,2020-04-16,9,2096.09,1901.47,-194.61,-9.3
CIEN,DIAGONAL,BULLISH,THETA_KICKER: Roll expiring hedge,2020-04-13,2020-04-22,9,1559.34,1232.27,-327.06,-21.0
ZS,DIAGONAL,BULLISH,THETA_KICKER: Roll expiring hedge,2020-04-13,2020-04-22,9,1862.4,1834.76,-27.64,-1.5
MU,DIAGONAL,BULLISH,THETA_KICKER: Roll expiring hedge,2020-04-13,2020-04-22,9,1853.54,1290.12,-563.41,-30.4
NOW,CREDIT_SPREAD,BULLISH,TIME_STOP_STRATEGY: Held 15 days >= 15,2020-04-16,2020-05-01,15,563.31,525.0,38.32,3.0
MRVL,NAKED_LONG,BULLISH,TIME_STOP_STRATEGY: Held 5 days >= 5,2020-05-01,2020-05-06,5,1270.2,1276.13,5.93,0.4
GOOGL,DIAGONAL,BULLISH,THETA_KICKER: Roll expiring hedge,2020-04-28,2020-05-07,9,1582.0,1646.24,64.24,4.1
AAPL,DIAGONAL,BULLISH,THETA_KICKER: Roll expiring hedge,2020-04-28,2020-05-07,9,1754.15,1640.26,-113.89,-6.5
AMD,DIAGONAL,BULLISH,THETA_KICKER: Roll expiring hedge,2020-04-29,2020-05-08,9,1627.18,1446.98,-180.2,-11.1
AMD,DIAGONAL,BULLISH,THETA_KICKER: Roll expiring hedge,2020-05-06,2020-05-15,9,1474.26,1436.01,-38.24,-2.6
GDX,NAKED_LONG,BULLISH,TIME_STOP_STRATEGY: Held 7 days >= 5,2020-05-11,2020-05-18,7,781.51,815.91,34.4,3.6
MRVL,NAKED_LONG,BULLISH,TIME_STOP_STRATEGY: Held 6 days >= 5,2020-05-12,2020-05-18,6,612.32,656.31,43.99,3.9
TSLA,DIAGONAL,BULLISH,THETA_KICKER: Roll expiring hedge,2020-05-12,2020-05-21,9,1772.45,1620.54,-151.91,-8.6
SHOP,CREDIT_SPREAD,BULLISH,TIME_STOP_STRATEGY: Held 18 days >= 15,2020-05-08,2020-05-26,18,405.33,311.0,94.33,8.8
GDX,NAKED_LONG,BULLISH,TIME_STOP_STRATEGY: Held 5 days >= 5,2020-05-21,2020-05-26,5,801.53,778.59,-22.94,-2.3
CRWD,DIAGONAL,BULLISH,THETA_KICKER: Roll expiring hedge,2020-05-18,2020-05-27,9,1913.68,1818.54,-95.14,-5.0
COHR,CREDIT_SPREAD,BULLISH,TIME_STOP_STRATEGY: Held 17 days >= 15,2020-05-15,2020-06-01,17,626.37,628.08,-1.71,-0.1
GDX,NAKED_LONG,BULLISH,TIME_STOP_STRATEGY: Held 6 days >= 5,2020-05-26,2020-06-01,6,782.94,779.15,-3.79,-0.3
NVDA,NAKED_LONG,BULLISH,TIME_STOP_STRATEGY: Held 5 days >= 5,2020-05-27,2020-06-01,5,1033.31,1045.68,12.37,1.1
AMD,NAKED_LONG,BULLISH,TIME_STOP_STRATEGY: Held 5 days >= 5,2020-05-27,2020-06-01,5,1332.09,1309.65,-22.43,-1.7
AMZN,CREDIT_SPREAD,BULLISH,TIME_STOP_STRATEGY: Held 17 days >= 15,2020-05-22,2020-06-08,17,182.57,45.21,137.37,14.4
AMD,NAKED_LONG,BULLISH,TIME_STOP_STRATEGY: Held 6 days >= 5,2020-06-02,2020-06-08,6,1273.16,1247.45,-25.71,-2.0
GDX,NAKED_LONG,BULLISH,TIME_STOP_STRATEGY: Held 5 days >= 5,2020-06-03,2020-06-08,5,744.81,721.18,-23.64,-2.4
AMD,NAKED_LONG,BULLISH,TIME_STOP_STRATEGY: Held 5 days >= 5,2020-06-03,2020-06-08,5,1257.15,1248.68,-8.47,-0.7
MRVL,NAKED_LONG,BULLISH,TIME_STOP_STRATEGY: Held 7 days >= 5,2020-06-08,2020-06-15,7,860.49,859.57,-0.92,-0.1
ANET,NAKED_LONG,BULLISH,TIME_STOP_STRATEGY: Held 6 days >= 5,2020-06-09,2020-06-15,6,1000.35,981.01,-19.34,-1.8
VRT,NAKED_LONG,BULLISH,TIME_STOP_STRATEGY: Held 5 days >= 5,2020-06-10,2020-06-15,5,1009.06,1043.89,34.83,3.2
COHR,CREDIT_SPREAD,BULLISH,TIME_STOP_STRATEGY: Held 15 days >= 15,2020-06-02,2020-06-17,15,459.83,333.85,125.97,11.4
MU,DIAGONAL,BULLISH,THETA_KICKER: Roll expiring hedge,2020-06-09,2020-06-18,9,1519.71,1358.16,-161.55,-10.6
ANET,NAKED_LONG,BULLISH,TIME_STOP_STRATEGY: Held 5 days >= 5,2020-06-18,2020-06-23,5,1602.54,1562.21,-40.33,-2.4
CIEN,NAKED_LONG,BULLISH,TIME_STOP_STRATEGY: Held 5 days >= 5,2020-06-18,2020-06-23,5,1207.69,1196.39,-11.3,-0.9
MU,DIAGONAL,BULLISH,HEDGE_EXPIRING: Cannot roll hedge safely,2020-06-18,2020-06-29,11,1408.67,1192.31,-216.36,-15.4
QCOM,DIAGONAL,BULLISH,HEDGE_EXPIRING: Cannot roll hedge safely,2020-06-19,2020-06-29,10,2009.2,1903.96,-105.24,-5.2
ANET,NAKED_LONG,BULLISH,TIME_STOP_STRATEGY: Held 6 days >= 5,2020-06-23,2020-06-29,6,1255.51,1159.28,-96.23,-7.6
NVDA,DIAGONAL,BULLISH,HEDGE_EXPIRING: Cannot roll hedge safely,2020-06-24,2020-07-06,12,1109.68,1154.55,44.87,3.6
NOW,NAKED_LONG,BULLISH,TIME_STOP_STRATEGY: Held 7 days >= 5,2020-06-29,2020-07-06,7,1858.3,1910.68,52.38,2.8
CRWD,DIAGONAL,BULLISH,THETA_KICKER: Roll expiring hedge,2020-06-29,2020-07-08,9,2636.4,2978.68,342.28,13.0
GDX,NAKED_LONG,BULLISH,TIME_STOP_STRATEGY: Held 5 days >= 5,2020-07-10,2020-07-15,5,789.01,803.42,14.42,1.1
CRWD,DIAGONAL,BULLISH,THETA_KICKER: Roll expiring hedge,2020-07-07,2020-07-16,9,2760.98,2765.41,4.42,0.2
COHR,DIAGONAL,BULLISH,THETA_KICKER: Roll expiring hedge,2020-07-08,2020-07-17,9,1228.27,1164.64,-63.63,-5.2
MU,NAKED_LONG,BULLISH,TIME_STOP_STRATEGY: Held 5 days >= 5,2020-07-17,2020-07-22,5,1107.19,1158.07,50.88,4.6
NET,DIAGONAL,BULLISH,THETA_KICKER: Roll expiring hedge,2020-07-15,2020-07-24,9,1077.54,930.37,-147.17,-13.7
AMZN,DIAGONAL,BULLISH,HEDGE_EXPIRING: Cannot roll hedge safely,2020-07-16,2020-07-27,11,3569.36,3810.48,241.12,6.8
AMAT,NAKED_LONG,BULLISH,TIME_STOP_STRATEGY: Held 5 days >= 5,2020-07-24,2020-07-29,5,1298.2,1356.06,57.86,4.5
GDX,NAKED_LONG,BULLISH,TIME_STOP_STRATEGY: Held 5 days >= 5,2020-07-29,2020-08-03,5,916.83,927.03,10.21,1.1
GDX,NAKED_LONG,BULLISH,TIME_STOP_STRATEGY: Held 5 days >= 5,2020-07-30,2020-08-04,5,906.56,983.42,76.86,8.5
AMZN,CREDIT_SPREAD,BULLISH,TIME_STOP_STRATEGY: Held 15 days >= 15,2020-07-22,2020-08-06,15,496.45,373.76,122.68,9.7
GOOGL,NAKED_LONG,BULLISH,TIME_STOP_STRATEGY: Held 7 days >= 5,2020-08-03,2020-08-10,7,1572.56,1574.51,1.94,0.1
NOW,NAKED_LONG,BULLISH,TIME_STOP_STRATEGY: Held 5 days >= 5,2020-08-05,2020-08-10,5,2101.51,2034.28,-67.24,-3.2
MU,NAKED_LONG,BULLISH,TIME_STOP_STRATEGY: Held 5 days >= 5,2020-08-06,2020-08-11,5,1103.85,1077.67,-26.19,-2.4
AMD,CREDIT_SPREAD,BULLISH,TIME_STOP_STRATEGY: Held 15 days >= 15,2020-07-28,2020-08-12,15,503.01,566.98,-63.97,-5.6
GDX,NAKED_LONG,BULLISH,TIME_STOP_STRATEGY: Held 6 days >= 5,2020-08-11,2020-08-17,6,928.62,1047.47,118.85,12.8
TQQQ,NAKED_LONG,BULLISH,TIME_STOP_STRATEGY: Held 6 days >= 5,2020-08-11,2020-08-17,6,824.43,902.88,78.45,7.7
VRT,NAKED_LONG,BULLISH,TIME_STOP_STRATEGY: Held 5 days >= 5,2020-08-12,2020-08-17,5,822.94,847.56,24.62,2.2
AMAT,NAKED_LONG,BULLISH,TIME_STOP_STRATEGY: Held 6 days >= 5,2020-08-18,2020-08-24,6,1441.64,1347.11,-94.54,-6.6
CRWD,CALL_BACKSPREAD,BULLISH,TIME_STOP_STRATEGY: Held 15 days >= 15,2020-08-10,2020-08-25,15,1105.04,719.77,-385.26,-24.0
NET,CALL_BACKSPREAD,BULLISH,TIME_STOP_STRATEGY: Held 15 days >= 15,2020-08-10,2020-08-25,15,741.86,391.44,-350.41,-31.8
VRT,DIAGONAL,BULLISH,THETA_KICKER: Roll expiring hedge,2020-08-17,2020-08-26,9,1308.16,1357.2,49.03,3.1
MU,NAKED_LONG,BULLISH,TIME_STOP_STRATEGY: Held 5 days >= 5,2020-08-21,2020-08-26,5,940.25,991.61,51.36,5.5
GDX,NAKED_LONG,BULLISH,TIME_STOP_STRATEGY: Held 6 days >= 5,2020-08-25,2020-08-31,6,988.56,1022.26,33.7,3.4
AMAT,NAKED_LONG,BULLISH,TIME_STOP_STRATEGY: Held 5 days >= 5,2020-08-27,2020-09-01,5,1317.88,1323.59,5.71,0.4
AMD,DIAGONAL,BULLISH,HEDGE_EXPIRING: Cannot roll hedge safely,2020-08-27,2020-09-08,12,2308.33,2162.73,-145.6,-6.3
VRT,DIAGONAL,BULLISH,HEDGE_EXPIRING: Cannot roll hedge safely,2020-08-27,2020-09-08,12,939.07,796.33,-142.74,-14.2
VRT,DIAGONAL,BULLISH,THETA_KICKER: Roll expiring hedge,2020-08-31,2020-09-09,9,909.94,832.14,-77.8,-6.5
GOOGL,DIAGONAL,BULLISH,THETA_KICKER: Roll expiring hedge,2020-09-08,2020-09-17,9,1777.68,1676.27,-101.4,-5.7
AMAT,DIAGONAL,BULLISH,THETA_KICKER: Roll expiring hedge,2020-09-09,2020-09-18,9,1412.21,1344.74,-67.47,-4.8
TQQQ,CALL_BACKSPREAD,BULLISH,TIME_STOP_STRATEGY: Held 17 days >= 15,2020-09-04,2020-09-21,17,2452.11,2022.82,-429.29,-28.1
SHOP,DIAGONAL,BULLISH,HEDGE_EXPIRING: Cannot roll hedge safely,2020-09-17,2020-09-28,11,2472.43,2674.4,201.97,8.2
SOXL,DIAGONAL,BULLISH,THETA_KICKER: Roll expiring hedge,2020-09-21,2020-09-30,9,1144.41,1286.24,141.83,10.4
VRT,DIAGONAL,BULLISH,THETA_KICKER: Roll expiring hedge,2020-09-22,2020-10-01,9,772.18,789.11,16.92,2.1
AVGO,DIAGONAL,BULLISH,THETA_KICKER: Roll expiring hedge,2020-09-30,2020-10-09,9,794.29,724.11,-70.19,-7.8
ANET,DIAGONAL,BULLISH,HEDGE_EXPIRING: Cannot roll hedge safely,2020-10-01,2020-10-12,11,598.86,625.07,26.21,2.9
ANET,DIAGONAL,BULLISH,HEDGE_EXPIRING: Cannot roll hedge safely,2020-10-02,2020-10-12,10,568.58,625.5,56.93,6.7
AMD,NAKED_LONG,BULLISH,TIME_STOP_STRATEGY: Held 5 days >= 5,2020-10-09,2020-10-14,5,2048.19,2038.55,-9.64,-0.5
NVDA,NAKED_LONG,BULLISH,TIME_STOP_STRATEGY: Held 5 days >= 5,2020-10-09,2020-10-14,5,670.29,653.22,-17.07,-2.1
VRT,NAKED_LONG,BULLISH,TIME_STOP_STRATEGY: Held 7 days >= 5,2020-10-12,2020-10-19,7,760.45,757.42,-3.03,-0.3
VRT,DIAGONAL,BULLISH,THETA_KICKER: Roll expiring hedge,2020-10-13,2020-10-22,9,771.11,786.53,15.42,1.5
TQQQ,DIAGONAL,BULLISH,THETA_KICKER: Roll expiring hedge,2020-10-14,2020-10-23,9,605.91,491.22,-114.69,-14.0
AMD,DIAGONAL,BULLISH,HEDGE_EXPIRING: Cannot roll hedge safely,2020-10-16,2020-10-26,10,2067.34,1923.11,-144.23,-7.0
ANET,DIAGONAL,BULLISH,THETA_KICKER: Roll expiring hedge,2020-10-19,2020-10-28,9,924.29,846.58,-77.71,-7.8
NVDA,DIAGONAL,BULLISH,HEDGE_EXPIRING: Cannot roll hedge safely,2020-10-22,2020-11-02,11,620.97,576.25,-44.73,-5.2
GDX,DIAGONAL,BULLISH,HEDGE_EXPIRING: Cannot roll hedge safely,2020-10-23,2020-11-02,10,809.71,833.99,24.28,2.4
VRT,DIAGONAL,BULLISH,THETA_KICKER: Roll expiring hedge,2020-10-26,2020-11-04,9,1177.7,1097.44,-80.26,-6.4
GDX,DIAGONAL,BULLISH,THETA_KICKER: Roll expiring hedge,2020-10-26,2020-11-04,9,798.4,825.51,27.1,3.4
VRT,DIAGONAL,BULLISH,THETA_KICKER: Roll expiring hedge,2020-10-28,2020-11-06,9,767.65,717.43,-50.22,-5.4
VRT,NAKED_LONG,BULLISH,TIME_STOP_STRATEGY: Held 5 days >= 5,2020-11-05,2020-11-10,5,731.64,712.95,-18.68,-1.9
VRT,NAKED_LONG,BULLISH,TIME_STOP_STRATEGY: Held 5 days >= 5,2020-11-06,2020-11-11,5,720.66,741.59,20.93,2.2
AVGO,NAKED_LONG,BULLISH,TIME_STOP_STRATEGY: Held 7 days >= 5,2020-11-09,2020-11-16,7,732.34,771.37,39.03,3.2
AVGO,NAKED_LONG,BULLISH,TIME_STOP_STRATEGY: Held 6 days >= 5,2020-11-10,2020-11-16,6,719.15,772.02,52.88,7.4
GDX,NAKED_LONG,BULLISH,TIME_STOP_STRATEGY: Held 5 days >= 5,2020-11-11,2020-11-16,5,876.96,886.45,9.48,1.1
NVDA,DIAGONAL,BULLISH,THETA_KICKER: Roll expiring hedge,2020-11-10,2020-11-19,9,1053.2,1090.7,37.5,3.3
CRWD,NAKED_LONG,BULLISH,TIME_STOP_STRATEGY: Held 7 days >= 5,2020-11-16,2020-11-23,7,3844.82,4291.53,446.7,11.6
GDX,NAKED_LONG,BULLISH,TIME_STOP_STRATEGY: Held 5 days >= 5,2020-11-19,2020-11-24,5,844.05,802.77,-41.28,-4.0
AAPL,NAKED_LONG,BULLISH,TIME_STOP_STRATEGY: Held 7 days >= 5,2020-11-23,2020-11-30,7,2663.13,2514.24,-148.89,-5.6
GDX,NAKED_LONG,BULLISH,TIME_STOP_STRATEGY: Held 6 days >= 5,2020-11-24,2020-11-30,6,807.8,807.38,-0.42,-0.0
MU,NAKED_LONG,BULLISH,TIME_STOP_STRATEGY: Held 5 days >= 5,2020-11-25,2020-11-30,5,1425.39,1433.48,8.09,0.6
CRWD,DIAGONAL,BULLISH,THETA_KICKER: Roll expiring hedge,2020-12-02,2020-12-11,9,4267.51,5228.36,960.85,22.5
QCOM,NAKED_LONG,BULLISH,TIME_STOP_STRATEGY: Held 5 days >= 5,2020-12-11,2020-12-16,5,3063.01,3137.53,74.52,2.4
AVGO,NAKED_LONG,BULLISH,TIME_STOP_STRATEGY: Held 5 days >= 5,2020-12-11,2020-12-16,5,756.9,791.74,34.84,3.0
MSTR,CREDIT_SPREAD,BULLISH,TIME_STOP_STRATEGY: Held 15 days >= 15,2020-12-02,2020-12-17,15,516.66,443.46,73.2,6.8
VRT,NAKED_LONG,BULLISH,TIME_STOP_STRATEGY: Held 5 days >= 5,2020-12-16,2020-12-21,5,835.33,843.73,8.39,0.7
GOOGL,NAKED_LONG,BULLISH,TIME_STOP_STRATEGY: Held 5 days >= 5,2020-12-17,2020-12-22,5,1799.95,1773.63,-26.32,-1.5
AMD,NAKED_LONG,BULLISH,TIME_STOP_STRATEGY: Held 5 days >= 5,2020-12-17,2020-12-22,5,2193.35,2111.83,-81.53,-3.7
GDX,NAKED_LONG,BULLISH,TIME_STOP_STRATEGY: Held 7 days >= 5,2020-12-21,2020-12-28,7,785.28,746.32,-38.96,-3.0
TQQQ,NAKED_LONG,BULLISH,TIME_STOP_STRATEGY: Held 7 days >= 5,2020-12-21,2020-12-28,7,965.46,986.35,20.89,1.7
GDX,NAKED_LONG,BULLISH,TIME_STOP_STRATEGY: Held 6 days >= 5,2020-12-22,2020-12-28,6,750.64,746.91,-3.73,-0.3
SOXL,NAKED_LONG,BULLISH,TIME_STOP_STRATEGY: Held 6 days >= 5,2020-12-22,2020-12-28,6,777.19,774.38,-2.81,-0.3
SOXL,NAKED_LONG,BULLISH,TIME_STOP_STRATEGY: Held 5 days >= 5,2020-12-23,2020-12-28,5,766.14,775.45,9.31,1.1
NVDA,NAKED_LONG,BULLISH,TIME_STOP_STRATEGY: Held 5 days >= 5,2020-12-23,2020-12-28,5,819.3,806.46,-12.84,-1.5
AAPL,DIAGONAL,BULLISH,THETA_KICKER: Roll expiring hedge,2021-01-04,2021-01-13,9,2839.99,2884.44,44.45,1.6
AMZN,DIAGONAL,BULLISH,THETA_KICKER: Roll expiring hedge,2021-01-04,2021-01-13,9,3407.28,3353.33,-53.95,-1.6
AMD,DIAGONAL,BULLISH,THETA_KICKER: Roll expiring hedge,2021-01-13,2021-01-22,9,2130.6,2111.6,-19.0,-0.9
AMD,DIAGONAL,BULLISH,HEDGE_EXPIRING: Cannot roll hedge safely,2021-01-14,2021-01-25,11,2086.09,2134.39,48.29,2.3
ANET,DIAGONAL,BULLISH,HEDGE_EXPIRING: Cannot roll hedge safely,2021-01-21,2021-02-01,11,875.06,866.39,-8.67,-0.7
MRVL,DIAGONAL,BULLISH,HEDGE_EXPIRING: Cannot roll hedge safely,2021-01-22,2021-02-01,10,1237.06,1262.37,25.31,2.0
ANET,DIAGONAL,BULLISH,HEDGE_EXPIRING: Cannot roll hedge safely,2021-01-22,2021-02-01,10,873.1,866.99,-6.11,-0.5
NVDA,DIAGONAL,BULLISH,THETA_KICKER: Roll expiring hedge,2021-01-25,2021-02-03,9,998.67,980.31,-18.36,-1.6
AVGO,DIAGONAL,BULLISH,THETA_KICKER: Roll expiring hedge,2021-01-25,2021-02-03,9,902.05,923.32,21.27,1.9
MRVL,NAKED_LONG,BULLISH,TIME_STOP_STRATEGY: Held 5 days >= 5,2021-02-03,2021-02-08,5,1234.92,1209.81,-25.1,-2.0
VRT,NAKED_LONG,BULLISH,TIME_STOP_STRATEGY: Held 5 days >= 5,2021-02-03,2021-02-08,5,917.18,971.24,54.06,4.2
QCOM,NAKED_LONG,BULLISH,TIME_STOP_STRATEGY: Held 5 days >= 5,2021-02-04,2021-02-09,5,3390.29,3301.35,-88.94,-2.6
NOW,NAKED_LONG,BULLISH,TIME_STOP_STRATEGY: Held 7 days >= 5,2021-02-09,2021-02-16,7,2775.28,2746.83,-28.44,-1.0
GDX,NAKED_LONG,BULLISH,TIME_STOP_STRATEGY: Held 5 days >= 5,2021-02-12,2021-02-17,5,731.47,694.79,-36.68,-3.4
GOOGL,DIAGONAL,BULLISH,THETA_KICKER: Roll expiring hedge,2021-02-09,2021-02-18,9,2523.13,2369.89,-153.25,-6.1
TQQQ,NAKED_LONG,BULLISH,TIME_STOP_STRATEGY: Held 5 days >= 5,2021-02-17,2021-02-22,5,716.03,653.72,-62.31,-4.9
TQQQ,NAKED_LONG,BULLISH,TIME_STOP_STRATEGY: Held 5 days >= 5,2021-02-18,2021-02-23,5,683.82,643.12,-40.7,-3.6
MRVL,NAKED_LONG,BULLISH,TIME_STOP_STRATEGY: Held 5 days >= 5,2021-02-18,2021-02-23,5,1190.6,1161.66,-28.94,-2.4
NET,DIAGONAL,BULLISH,THETA_KICKER: Roll expiring hedge,2021-02-16,2021-02-25,9,2379.39,1986.42,-392.97,-16.5
TQQQ,NAKED_LONG,BULLISH,TIME_STOP_STRATEGY: Held 7 days >= 5,2021-02-22,2021-03-01,7,658.44,693.76,35.32,3.1
NET,NAKED_LONG,BULLISH,TIME_STOP_STRATEGY: Held 5 days >= 5,2021-02-24,2021-03-01,5,2096.85,2126.98,30.13,1.4
CRM,NAKED_LONG,BULLISH,TIME_STOP_STRATEGY: Held 7 days >= 5,2021-03-01,2021-03-08,7,4966.78,4754.49,-212.28,-4.3
TSLA,CALL_BACKSPREAD,BULLISH,PROFIT_TARGET: Option PnL +128.2% >= +40.0%,2021-03-08,2021-03-09,1,1000.28,2202.89,1202.61,128.2
NET,CALL_BACKSPREAD,BULLISH,PROFIT_TARGET: Option PnL +41.7% >= +40.0%,2021-03-08,2021-03-09,1,957.99,1388.29,430.3,41.7
CRWD,CALL_BACKSPREAD,BULLISH,PROFIT_TARGET: Option PnL +44.4% >= +40.0%,2021-03-08,2021-03-11,3,697.25,1192.59,495.35,44.4
ZS,DIAGONAL,BULLISH,THETA_KICKER: Roll expiring hedge,2021-03-15,2021-03-24,9,5360.23,4919.2,-441.03,-8.2
TQQQ,NAKED_LONG,BULLISH,TIME_STOP_STRATEGY: Held 5 days >= 5,2021-03-24,2021-03-29,5,761.63,725.29,-36.34,-3.2
NET,CREDIT_SPREAD,BULLISH,TIME_STOP_STRATEGY: Held 15 days >= 15,2021-03-15,2021-03-30,15,714.52,533.18,181.33,11.9
TQQQ,NAKED_LONG,BULLISH,TIME_STOP_STRATEGY: Held 5 days >= 5,2021-03-25,2021-03-30,5,720.86,707.85,-13.01,-1.2
TQQQ,NAKED_LONG,BULLISH,TIME_STOP_STRATEGY: Held 6 days >= 5,2021-03-30,2021-04-05,6,713.94,793.24,79.3,6.0
AVGO,NAKED_LONG,BULLISH,TIME_STOP_STRATEGY: Held 6 days >= 5,2021-03-30,2021-04-05,6,1094.65,1138.02,43.37,4.0
MRVL,CREDIT_SPREAD,BULLISH,TIME_STOP_STRATEGY: Held 15 days >= 15,2021-03-24,2021-04-08,15,594.18,441.89,152.29,11.9
IWM,NAKED_LONG,BULLISH,TIME_STOP_STRATEGY: Held 5 days >= 5,2021-04-07,2021-04-12,5,4592.24,4541.01,-51.23,-1.1
MRVL,NAKED_LONG,BULLISH,TIME_STOP_STRATEGY: Held 5 days >= 5,2021-04-09,2021-04-14,5,1155.36,1110.38,-44.98,-3.5
IWM,NAKED_LONG,BULLISH,TIME_STOP_STRATEGY: Held 7 days >= 5,2021-04-12,2021-04-19,7,4555.24,4472.24,-83.0,-1.8
QCOM,NAKED_LONG,BULLISH,TIME_STOP_STRATEGY: Held 5 days >= 5,2021-04-14,2021-04-19,5,2761.66,2754.08,-7.59,-0.3
MRVL,NAKED_LONG,BULLISH,TIME_STOP_STRATEGY: Held 6 days >= 5,2021-04-20,2021-04-26,6,1024.79,1070.06,45.28,2.6
NVDA,DIAGONAL,BULLISH,THETA_KICKER: Roll expiring hedge,2021-04-19,2021-04-28,9,1525.17,1462.61,-62.56,-3.5
COHR,DIAGONAL,BULLISH,THETA_KICKER: Roll expiring hedge,2021-04-20,2021-04-29,9,2017.64,1761.1,-256.54,-12.7
MSTR,CALL_BACKSPREAD,BULLISH,BP_STOP_LOSS: PnL -53.0% <= -50.0%,2021-04-19,2021-05-03,14,3034.29,2247.3,-786.99,-53.0
GDX,NAKED_LONG,BULLISH,TIME_STOP_STRATEGY: Held 7 days >= 5,2021-04-26,2021-05-03,7,738.3,728.93,-9.37,-0.6
AMD,NAKED_LONG,BULLISH,TIME_STOP_STRATEGY: Held 5 days >= 5,2021-04-28,2021-05-03,5,2064.8,1932.8,-132.0,-6.4
AMZN,NAKED_LONG,BULLISH,TIME_STOP_STRATEGY: Held 7 days >= 5,2021-05-03,2021-05-10,7,3545.45,3370.26,-175.19,-4.9
TQQQ,NAKED_LONG,BULLISH,TIME_STOP_STRATEGY: Held 5 days >= 5,2021-05-05,2021-05-10,5,1167.9,1194.15,26.25,2.1
SHOP,CALL_BACKSPREAD,BULLISH,TIME_STOP_STRATEGY: Held 15 days >= 15,2021-05-03,2021-05-18,15,1311.75,815.22,-496.53,-39.9
AMZN,DIAGONAL,BULLISH,THETA_KICKER: Roll expiring hedge,2021-05-10,2021-05-19,9,3436.76,3434.99,-1.77,-0.1
SOXL,DIAGONAL,BULLISH,THETA_KICKER: Roll expiring hedge,2021-05-11,2021-05-20,9,1099.61,1237.55,137.94,12.5
GDX,DIAGONAL,BULLISH,THETA_KICKER: Roll expiring hedge,2021-05-19,2021-05-28,9,834.23,796.41,-37.82,-2.3
MRVL,NAKED_LONG,BULLISH,TIME_STOP_STRATEGY: Held 5 days >= 5,2021-05-28,2021-06-02,5,1140.02,1112.07,-27.95,-2.5
MSTR,CALL_BACKSPREAD,BULLISH,TIME_STOP_STRATEGY: Held 15 days >= 15,2021-05-19,2021-06-03,15,2064.72,1536.85,-527.87,-35.5
COHR,DIAGONAL,BULLISH,THETA_KICKER: Roll expiring hedge,2021-05-25,2021-06-03,9,1863.26,1751.72,-111.54,-6.0
MRVL,NAKED_LONG,BULLISH,TIME_STOP_STRATEGY: Held 6 days >= 5,2021-06-01,2021-06-07,6,1122.12,1140.39,18.26,1.6
MRVL,NAKED_LONG,BULLISH,TIME_STOP_STRATEGY: Held 5 days >= 5,2021-06-02,2021-06-07,5,1117.73,1141.59,23.86,2.1
GOOGL,DIAGONAL,BULLISH,HEDGE_EXPIRING: Cannot roll hedge safely,2021-06-03,2021-06-14,11,2513.76,2506.43,-7.34,-0.3
MSTR,DIAGONAL,BULLISH,THETA_KICKER: Roll expiring hedge,2021-06-07,2021-06-16,9,1515.96,2022.42,506.46,33.4
AVGO,DIAGONAL,BULLISH,THETA_KICKER: Roll expiring hedge,2021-06-08,2021-06-17,9,943.44,897.19,-46.25,-4.9
GDX,NAKED_LONG,BULLISH,TIME_STOP_STRATEGY: Held 7 days >= 5,2021-06-14,2021-06-21,7,767.05,706.02,-61.03,-7.3
GDX,NAKED_LONG,BULLISH,TIME_STOP_STRATEGY: Held 6 days >= 5,2021-06-15,2021-06-21,6,734.27,706.47,-27.8,-3.4
VRT,NAKED_LONG,BULLISH,TIME_STOP_STRATEGY: Held 6 days >= 5,2021-06-15,2021-06-21,6,532.43,550.39,17.96,2.2
TQQQ,NAKED_LONG,BULLISH,TIME_STOP_STRATEGY: Held 5 days >= 5,2021-06-16,2021-06-21,5,610.4,617.95,7.54,0.7
GDX,NAKED_LONG,BULLISH,TIME_STOP_STRATEGY: Held 5 days >= 5,2021-06-17,2021-06-22,5,706.22,701.43,-4.78,-0.5
NVDA,NAKED_LONG,BULLISH,TIME_STOP_STRATEGY: Held 7 days >= 5,2021-06-21,2021-06-28,7,821.95,875.03,53.08,5.1
AMD,NAKED_LONG,BULLISH,TIME_STOP_STRATEGY: Held 7 days >= 5,2021-06-21,2021-06-28,7,1791.98,1896.61,104.63,5.8
MSTR,CALL_BACKSPREAD,BULLISH,PROFIT_TARGET: Option PnL +53.0% >= +40.0%,2021-06-22,2021-06-29,7,2446.15,3183.4,737.25,53.0
VRT,NAKED_LONG,BULLISH,TIME_STOP_STRATEGY: Held 8 days >= 5,2021-06-28,2021-07-06,8,1116.02,1144.55,28.53,2.1
GDX,NAKED_LONG,BULLISH,TIME_STOP_STRATEGY: Held 8 days >= 5,2021-06-28,2021-07-06,8,690.71,692.5,1.79,0.2
GOOGL,NAKED_LONG,BULLISH,TIME_STOP_STRATEGY: Held 7 days >= 5,2021-06-29,2021-07-06,7,2499.51,2576.26,76.76,3.1
GDX,NAKED_LONG,BULLISH,TIME_STOP_STRATEGY: Held 7 days >= 5,2021-06-29,2021-07-06,7,682.92,692.9,9.97,1.0
IWM,NAKED_LONG,BULLISH,TIME_STOP_STRATEGY: Held 6 days >= 5,2021-07-06,2021-07-12,6,4416.62,4434.78,18.16,0.4
MU,DIAGONAL,BULLISH,HEDGE_EXPIRING: Cannot roll hedge safely,2021-07-08,2021-07-19,11,1797.33,1641.52,-155.81,-8.7
AMZN,NAKED_LONG,BULLISH,TIME_STOP_STRATEGY: Held 7 days >= 5,2021-07-12,2021-07-19,7,3928.47,3763.2,-165.27,-4.2
IWM,DIAGONAL,BULLISH,THETA_KICKER: Roll expiring hedge,2021-07-19,2021-07-28,9,4205.91,4387.34,181.42,4.3
TQQQ,DIAGONAL,BULLISH,THETA_KICKER: Roll expiring hedge,2021-07-19,2021-07-28,9,1307.94,1427.28,119.34,7.3
SHOP,DIAGONAL,BULLISH,THETA_KICKER: Roll expiring hedge,2021-07-28,2021-08-06,9,3751.18,3455.36,-295.81,-7.9
ANET,DIAGONAL,BULLISH,THETA_KICKER: Roll expiring hedge,2021-08-02,2021-08-11,9,1494.63,1426.81,-67.82,-3.9
SOXL,NAKED_LONG,BULLISH,TIME_STOP_STRATEGY: Held 5 days >= 5,2021-08-06,2021-08-11,5,1322.29,1246.32,-75.97,-5.7
AMD,DIAGONAL,BULLISH,HEDGE_EXPIRING: Cannot roll hedge safely,2021-08-06,2021-08-16,10,2873.71,2744.58,-129.13,-4.5
MU,NAKED_LONG,BULLISH,TIME_STOP_STRATEGY: Held 5 days >= 5,2021-08-11,2021-08-16,5,1678.36,1652.42,-25.94,-1.5
ANET,NAKED_LONG,BULLISH,TIME_STOP_STRATEGY: Held 5 days >= 5,2021-08-12,2021-08-17,5,947.72,940.04,-7.68,-0.6
NET,NAKED_LONG,BULLISH,TIME_STOP_STRATEGY: Held 7 days >= 5,2021-08-16,2021-08-23,7,2787.54,2848.35,60.81,2.2
QCOM,DIAGONAL,BULLISH,THETA_KICKER: Roll expiring hedge,2021-08-17,2021-08-26,9,2885.38,2645.67,-239.72,-8.3
NET,NAKED_LONG,BULLISH,TIME_STOP_STRATEGY: Held 5 days >= 5,2021-08-25,2021-08-30,5,2793.32,2808.58,15.27,0.5
MRVL,NAKED_LONG,BULLISH,TIME_STOP_STRATEGY: Held 5 days >= 5,2021-08-27,2021-09-01,5,1283.71,1268.86,-14.85,-1.2
ANET,DIAGONAL,BULLISH,HEDGE_EXPIRING: Cannot roll hedge safely,2021-08-26,2021-09-07,12,953.56,928.15,-25.41,-2.2
ANET,NAKED_LONG,BULLISH,TIME_STOP_STRATEGY: Held 7 days >= 5,2021-08-31,2021-09-07,7,952.32,929.3,-23.02,-2.1
AVGO,NAKED_LONG,BULLISH,TIME_STOP_STRATEGY: Held 6 days >= 5,2021-09-01,2021-09-07,6,931.53,937.4,5.86,0.6
AVGO,NAKED_LONG,BULLISH,TIME_STOP_STRATEGY: Held 5 days >= 5,2021-09-02,2021-09-07,5,929.21,937.62,8.4,0.9
QCOM,DIAGONAL,BULLISH,THETA_KICKER: Roll expiring hedge,2021-09-07,2021-09-16,9,2718.2,2587.0,-131.2,-4.8
ANET,DIAGONAL,BULLISH,THETA_KICKER: Roll expiring hedge,2021-09-07,2021-09-16,9,937.64,951.46,13.82,1.2
SOXL,DIAGONAL,BULLISH,THETA_KICKER: Roll expiring hedge,2021-09-08,2021-09-17,9,1186.48,1122.23,-64.25,-5.4
GDX,DIAGONAL,BULLISH,HEDGE_EXPIRING: Cannot roll hedge safely,2021-09-16,2021-09-27,11,661.65,587.37,-74.28,-6.7
QCOM,DIAGONAL,BULLISH,HEDGE_EXPIRING: Cannot roll hedge safely,2021-09-16,2021-09-27,11,2608.95,2500.66,-108.29,-4.2
AVGO,DIAGONAL,BULLISH,HEDGE_EXPIRING: Cannot roll hedge safely,2021-09-17,2021-09-27,10,954.52,957.23,2.7,0.3
NET,DIAGONAL,BULLISH,THETA_KICKER: Roll expiring hedge,2021-09-27,2021-10-06,9,3151.0,3754.22,603.22,19.1
NVDA,DIAGONAL,BULLISH,THETA_KICKER: Roll expiring hedge,2021-09-27,2021-10-06,9,951.57,953.12,1.56,0.1
TQQQ,DIAGONAL,BULLISH,THETA_KICKER: Roll expiring hedge,2021-09-29,2021-10-08,9,765.97,803.66,37.7,3.6
QCOM,NAKED_LONG,BULLISH,TIME_STOP_STRATEGY: Held 5 days >= 5,2021-10-08,2021-10-13,5,2387.09,2360.36,-26.73,-1.1
MU,DIAGONAL,BULLISH,THETA_KICKER: Roll expiring hedge,2021-10-06,2021-10-15,9,1457.74,1407.32,-50.42,-3.5
VRT,DIAGONAL,BULLISH,THETA_KICKER: Roll expiring hedge,2021-10-06,2021-10-15,9,513.23,505.53,-7.7,-0.8
AVGO,NAKED_LONG,BULLISH,TIME_STOP_STRATEGY: Held 5 days >= 5,2021-10-13,2021-10-18,5,934.76,972.16,37.4,4.0
CRM,CREDIT_SPREAD,BULLISH,TIME_STOP_STRATEGY: Held 17 days >= 15,2021-10-08,2021-10-25,17,365.47,113.0,252.47,23.4
MSTR,NAKED_LONG,BULLISH,TIME_STOP_STRATEGY: Held 6 days >= 5,2021-10-19,2021-10-25,6,1837.36,1912.03,74.67,4.1
ANET,DIAGONAL,BULLISH,THETA_KICKER: Roll expiring hedge,2021-10-18,2021-10-27,9,536.63,550.4,13.78,1.3
MRVL,DIAGONAL,BULLISH,HEDGE_EXPIRING: Cannot roll hedge safely,2021-10-21,2021-11-01,11,1600.09,1503.75,-96.34,-6.0
SOXL,NAKED_LONG,BULLISH,TIME_STOP_STRATEGY: Held 5 days >= 5,2021-10-27,2021-11-01,5,1171.01,1269.99,98.98,8.5
GOOGL,DIAGONAL,BULLISH,THETA_KICKER: Roll expiring hedge,2021-10-25,2021-11-03,9,3006.09,3165.37,159.28,5.3
AAPL,NAKED_LONG,BULLISH,TIME_STOP_STRATEGY: Held 7 days >= 5,2021-11-01,2021-11-08,7,3014.76,3043.03,28.27,0.9
MSTR,NAKED_LONG,BULLISH,TIME_STOP_STRATEGY: Held 5 days >= 5,2021-11-05,2021-11-10,5,2000.42,2169.31,168.9,8.4
NOW,NAKED_LONG,BULLISH,TIME_STOP_STRATEGY: Held 7 days >= 5,2021-11-08,2021-11-15,7,2952.3,2932.39,-19.91,-0.7
TQQQ,NAKED_LONG,BULLISH,TIME_STOP_STRATEGY: Held 6 days >= 5,2021-11-09,2021-11-15,6,881.55,891.55,10.0,0.8
NVDA,DIAGONAL,BULLISH,THETA_KICKER: Roll expiring hedge,2021-11-10,2021-11-19,9,778.15,892.97,114.82,9.3
MSTR,NAKED_LONG,BULLISH,TIME_STOP_STRATEGY: Held 7 days >= 5,2021-11-15,2021-11-22,7,2115.77,1839.7,-276.07,-13.0
NVDA,CREDIT_SPREAD,BULLISH,TIME_STOP_STRATEGY: Held 15 days >= 15,2021-11-15,2021-11-30,15,497.45,490.95,6.5,0.5
MRVL,DIAGONAL,BULLISH,THETA_KICKER: Roll expiring hedge,2021-11-22,2021-12-01,9,1561.36,1599.98,38.61,2.5
VRT,CREDIT_SPREAD,BULLISH,TIME_STOP_STRATEGY: Held 15 days >= 15,2021-11-17,2021-12-02,15,350.29,258.43,91.86,8.5
SNOW,CALL_BACKSPREAD,BULLISH,PROFIT_TARGET: Option PnL +82.4% >= +40.0%,2021-12-01,2021-12-02,1,1660.9,2941.81,1280.91,82.4
CRWD,CREDIT_SPREAD,BULLISH,TIME_STOP_STRATEGY: Held 17 days >= 15,2021-11-19,2021-12-06,17,445.56,290.75,154.81,15.0
DASH,CALL_BACKSPREAD,BULLISH,TIME_STOP_STRATEGY: Held 15 days >= 15,2021-11-22,2021-12-07,15,1356.03,992.08,-363.94,-36.1
AAPL,DIAGONAL,BULLISH,HEDGE_EXPIRING: Cannot roll hedge safely,2021-12-02,2021-12-13,11,3468.78,3739.5,270.72,7.8
AVGO,DIAGONAL,BULLISH,HEDGE_EXPIRING: Cannot roll hedge safely,2021-12-09,2021-12-20,11,1185.64,1434.99,249.36,11.9
ZS,CALL_BACKSPREAD,BULLISH,TIME_STOP_STRATEGY: Held 15 days >= 15,2021-12-06,2021-12-21,15,1931.1,2163.27,232.18,14.0
MRVL,DIAGONAL,BULLISH,THETA_KICKER: Roll expiring hedge,2021-12-13,2021-12-22,9,2635.46,2663.88,28.42,1.1
GDX,DIAGONAL,BULLISH,HEDGE_EXPIRING: Cannot roll hedge safely,2021-12-15,2021-12-27,12,1168.37,1274.82,106.45,8.8
TQQQ,DIAGONAL,BULLISH,THETA_KICKER: Roll expiring hedge,2021-12-20,2021-12-29,9,1094.74,1235.18,140.43,8.4
MSFT,DIAGONAL,BULLISH,THETA_KICKER: Roll expiring hedge,2022-01-03,2022-01-12,9,7269.46,6668.82,-600.63,-8.3
AMD,DIAGONAL,BULLISH,HEDGE_EXPIRING: Cannot roll hedge safely,2022-01-13,2022-01-24,11,3657.6,3015.12,-642.48,-17.6
ANET,DIAGONAL,BULLISH,HEDGE_EXPIRING: Cannot roll hedge safely,2022-01-13,2022-01-24,11,806.92,677.34,-129.58,-8.1
AVGO,DIAGONAL,BULLISH,HEDGE_EXPIRING: Cannot roll hedge safely,2022-01-13,2022-01-24,11,1269.21,1107.12,-162.09,-12.8
ANET,DIAGONAL,BULLISH,HEDGE_EXPIRING: Cannot roll hedge safely,2022-01-14,2022-01-24,10,756.65,677.86,-78.79,-5.4
MRVL,DIAGONAL,BULLISH,THETA_KICKER: Roll expiring hedge,2022-01-24,2022-02-02,9,1966.42,2132.71,166.29,8.5
NVDA,DIAGONAL,BULLISH,THETA_KICKER: Roll expiring hedge,2022-01-24,2022-02-02,9,1188.44,1354.26,165.82,11.8
MRVL,DIAGONAL,BULLISH,THETA_KICKER: Roll expiring hedge,2022-01-25,2022-02-03,9,1851.12,2015.86,164.74,8.9
NVDA,DIAGONAL,BULLISH,THETA_KICKER: Roll expiring hedge,2022-01-25,2022-02-03,9,1103.9,1277.24,173.34,12.7
AMZN,DIAGONAL,BULLISH,HEDGE_EXPIRING: Cannot roll hedge safely,2022-02-03,2022-02-14,11,3584.95,4531.5,946.55,26.4
WDAY,CREDIT_SPREAD,BULLISH,TIME_STOP_STRATEGY: Held 15 days >= 15,2022-02-02,2022-02-17,15,390.24,289.3,100.94,7.1
TSLA,CREDIT_SPREAD,BULLISH,TIME_STOP_STRATEGY: Held 15 days >= 15,2022-02-02,2022-02-17,15,563.13,466.13,97.0,8.0
CRM,CREDIT_SPREAD,BULLISH,TIME_STOP_STRATEGY: Held 15 days >= 15,2022-02-02,2022-02-17,15,360.42,261.33,99.1,11.0
QCOM,DIAGONAL,BULLISH,THETA_KICKER: Roll expiring hedge,2022-02-14,2022-02-23,9,4274.96,3961.59,-313.38,-7.3
NVDA,DIAGONAL,BULLISH,HEDGE_EXPIRING: Cannot roll hedge safely,2022-02-17,2022-02-28,11,1544.03,1485.94,-58.09,-3.3
NVDA,DIAGONAL,BULLISH,HEDGE_EXPIRING: Cannot roll hedge safely,2022-02-18,2022-02-28,10,1491.6,1488.43,-3.17,-0.2
QCOM,DIAGONAL,BULLISH,THETA_KICKER: Roll expiring hedge,2022-02-23,2022-03-04,9,4105.52,3796.64,-308.88,-7.5
ANET,DIAGONAL,BULLISH,THETA_KICKER: Roll expiring hedge,2022-03-01,2022-03-10,9,1521.57,1556.13,34.56,2.0
AVGO,DIAGONAL,BULLISH,THETA_KICKER: Roll expiring hedge,2022-03-01,2022-03-10,9,1269.85,1303.83,33.98,2.0
MRVL,DIAGONAL,BULLISH,HEDGE_EXPIRING: Cannot roll hedge safely,2022-03-04,2022-03-14,10,1942.41,1694.98,-247.44,-12.7
ANET,DIAGONAL,BULLISH,THETA_KICKER: Roll expiring hedge,2022-03-07,2022-03-16,9,1523.64,1575.39,51.75,3.4
AAPL,DIAGONAL,BULLISH,HEDGE_EXPIRING: Cannot roll hedge safely,2022-03-11,2022-03-21,10,3457.63,3692.89,235.26,6.8
AVGO,DIAGONAL,BULLISH,HEDGE_EXPIRING: Cannot roll hedge safely,2022-03-11,2022-03-21,10,1313.53,1315.33,1.8,0.1
AVGO,DIAGONAL,BULLISH,THETA_KICKER: Roll expiring hedge,2022-03-14,2022-03-23,9,1280.0,1313.5,33.5,2.1
MU,CREDIT_SPREAD,BULLISH,TIME_STOP_STRATEGY: Held 15 days >= 15,2022-03-21,2022-04-05,15,714.82,526.73,188.1,11.7
NVDA,CREDIT_SPREAD,BULLISH,TIME_STOP_STRATEGY: Held 15 days >= 15,2022-03-23,2022-04-07,15,649.76,525.18,124.58,8.3
AMD,CREDIT_SPREAD,BULLISH,TIME_STOP_STRATEGY: Held 15 days >= 15,2022-03-23,2022-04-07,15,414.83,296.97,117.86,10.6
GDX,DIAGONAL,BULLISH,THETA_KICKER: Roll expiring hedge,2022-04-05,2022-04-14,9,834.63,844.46,9.83,0.8
AAPL,CREDIT_SPREAD,BULLISH,TIME_STOP_STRATEGY: Held 18 days >= 15,2022-03-31,2022-04-18,18,232.09,104.63,127.46,10.7
IWM,CREDIT_SPREAD,BULLISH,TIME_STOP_STRATEGY: Held 15 days >= 15,2022-04-05,2022-04-20,15,230.86,109.17,121.7,12.8
SPY,CREDIT_SPREAD,BULLISH,TIME_STOP_STRATEGY: Held 15 days >= 15,2022-04-06,2022-04-21,15,373.19,145.62,227.57,13.4
AAPL,CREDIT_SPREAD,BULLISH,TIME_STOP_STRATEGY: Held 15 days >= 15,2022-04-07,2022-04-22,15,210.6,114.24,96.36,10.6
QCOM,CREDIT_SPREAD,BULLISH,TIME_STOP_STRATEGY: Held 17 days >= 15,2022-04-08,2022-04-25,17,210.8,148.3,62.5,7.9
ANET,DIAGONAL,BULLISH,THETA_KICKER: Roll expiring hedge,2022-04-18,2022-04-27,9,786.94,689.21,-97.73,-12.0
ANET,DIAGONAL,BULLISH,HEDGE_EXPIRING: Cannot roll hedge safely,2022-04-21,2022-05-02,11,767.24,749.06,-18.18,-1.5
GDX,DIAGONAL,BULLISH,HEDGE_EXPIRING: Cannot roll hedge safely,2022-04-22,2022-05-02,10,1648.75,1487.36,-161.39,-9.2
AAPL,CREDIT_SPREAD,BULLISH,TIME_STOP_STRATEGY: Held 15 days >= 15,2022-04-18,2022-05-03,15,190.32,150.64,39.69,4.2
GDX,DIAGONAL,BULLISH,THETA_KICKER: Roll expiring hedge,2022-04-25,2022-05-04,9,1614.74,1556.52,-58.22,-3.1
AVGO,CREDIT_SPREAD,BULLISH,TIME_STOP_STRATEGY: Held 15 days >= 15,2022-04-21,2022-05-06,15,432.32,380.83,51.49,3.5
AVGO,DIAGONAL,BULLISH,THETA_KICKER: Roll expiring hedge,2022-04-27,2022-05-06,9,1188.79,1307.44,118.65,10.0
GDX,DIAGONAL,BULLISH,THETA_KICKER: Roll expiring hedge,2022-05-02,2022-05-11,9,767.37,705.45,-61.91,-4.3
AVGO,DIAGONAL,BULLISH,HEDGE_EXPIRING: Cannot roll hedge safely,2022-05-06,2022-05-16,10,1353.64,1328.15,-25.49,-1.5
GDX,DIAGONAL,BULLISH,HEDGE_EXPIRING: Cannot roll hedge safely,2022-05-06,2022-05-16,10,1547.37,1412.2,-135.17,-8.1
AVGO,DIAGONAL,BULLISH,THETA_KICKER: Roll expiring hedge,2022-05-09,2022-05-18,9,1316.23,1380.98,64.75,4.0
GDX,DIAGONAL,BULLISH,THETA_KICKER: Roll expiring hedge,2022-05-09,2022-05-18,9,1491.34,1372.88,-118.46,-7.5
GDX,DIAGONAL,BULLISH,THETA_KICKER: Roll expiring hedge,2022-05-10,2022-05-19,9,733.3,747.97,14.67,1.1
GDX,DIAGONAL,BULLISH,HEDGE_EXPIRING: Cannot roll hedge safely,2022-05-12,2022-05-23,11,694.86,738.14,43.28,3.3
AVGO,DIAGONAL,BULLISH,HEDGE_EXPIRING: Cannot roll hedge safely,2022-05-19,2022-05-31,12,1392.0,1409.03,17.02,1.0
AAPL,DIAGONAL,BULLISH,HEDGE_EXPIRING: Cannot roll hedge safely,2022-05-19,2022-05-31,12,3626.37,3779.61,153.25,4.2
MU,DIAGONAL,BULLISH,HEDGE_EXPIRING: Cannot roll hedge safely,2022-05-19,2022-05-31,12,1876.48,1877.87,1.39,0.1
ANET,DIAGONAL,BULLISH,THETA_KICKER: Roll expiring hedge,2022-05-24,2022-06-02,9,1430.51,1440.12,9.61,0.7
AVGO,CREDIT_SPREAD,BULLISH,TIME_STOP_STRATEGY: Held 15 days >= 15,2022-06-01,2022-06-16,15,712.55,453.21,259.34,14.0
AAPL,CREDIT_SPREAD,BULLISH,TIME_STOP_STRATEGY: Held 15 days >= 15,2022-06-01,2022-06-16,15,482.11,299.76,182.36,13.5
AMAT,CREDIT_SPREAD,BULLISH,TIME_STOP_STRATEGY: Held 15 days >= 15,2022-06-01,2022-06-16,15,387.74,246.39,141.35,11.7
GDX,CREDIT_SPREAD,BULLISH,TIME_STOP_STRATEGY: Held 15 days >= 15,2022-06-06,2022-06-21,15,376.93,271.3,105.63,9.8
GDX,DIAGONAL,BULLISH,THETA_KICKER: Roll expiring hedge,2022-06-14,2022-06-23,9,729.24,669.59,-59.65,-6.9
GDX,CREDIT_SPREAD,BULLISH,TIME_STOP_STRATEGY: Held 15 days >= 15,2022-06-09,2022-06-24,15,349.97,276.27,73.7,7.7
AVGO,DIAGONAL,BULLISH,HEDGE_EXPIRING: Cannot roll hedge safely,2022-06-17,2022-06-27,10,1166.93,1135.71,-31.23,-2.2
QCOM,DIAGONAL,BULLISH,HEDGE_EXPIRING: Cannot roll hedge safely,2022-06-17,2022-06-27,10,2892.02,2974.95,82.93,2.9
GDX,DIAGONAL,BULLISH,HEDGE_EXPIRING: Cannot roll hedge safely,2022-06-23,2022-07-05,12,1386.93,1264.82,-122.11,-8.1
AVGO,DIAGONAL,BULLISH,THETA_KICKER: Roll expiring hedge,2022-06-28,2022-07-07,9,1097.84,1078.45,-19.39,-1.3
MSFT,CREDIT_SPREAD,BULLISH,TIME_STOP_STRATEGY: Held 15 days >= 15,2022-06-28,2022-07-13,15,356.31,232.37,123.93,7.5
SPY,CREDIT_SPREAD,BULLISH,TIME_STOP_STRATEGY: Held 15 days >= 15,2022-06-28,2022-07-13,15,471.06,229.7,241.36,16.6
AVGO,CREDIT_SPREAD,BULLISH,TIME_STOP_STRATEGY: Held 15 days >= 15,2022-06-29,2022-07-14,15,377.01,256.04,120.97,9.9
SPY,CREDIT_SPREAD,BULLISH,TIME_STOP_STRATEGY: Held 15 days >= 15,2022-06-29,2022-07-14,15,470.83,228.97,241.86,16.7
COHR,CREDIT_SPREAD,BULLISH,TIME_STOP_STRATEGY: Held 15 days >= 15,2022-07-05,2022-07-20,15,312.44,259.58,52.85,5.8
MSFT,CREDIT_SPREAD,BULLISH,TIME_STOP_STRATEGY: Held 15 days >= 15,2022-07-11,2022-07-26,15,368.83,192.2,176.63,17.2
MSFT,CREDIT_SPREAD,BULLISH,TIME_STOP_STRATEGY: Held 15 days >= 15,2022-07-13,2022-07-28,15,329.31,274.55,54.76,4.6
NOW,CALL_BACKSPREAD,BULLISH,TIME_STOP_STRATEGY: Held 15 days >= 15,2022-07-13,2022-07-28,15,1093.39,627.61,-465.77,-44.1
SPY,CREDIT_SPREAD,BULLISH,TIME_STOP_STRATEGY: Held 15 days >= 15,2022-07-14,2022-07-29,15,386.25,175.23,211.02,14.6
MSFT,DIAGONAL,BULLISH,THETA_KICKER: Roll expiring hedge,2022-07-26,2022-08-04,9,5490.18,6389.84,899.66,16.4
QCOM,CREDIT_SPREAD,BULLISH,TIME_STOP_STRATEGY: Held 15 days >= 15,2022-07-25,2022-08-09,15,420.03,294.12,125.9,9.3
QCOM,CREDIT_SPREAD,BULLISH,TIME_STOP_STRATEGY: Held 17 days >= 15,2022-07-29,2022-08-15,17,622.42,418.28,204.14,12.6
AAPL,DIAGONAL,BULLISH,HEDGE_EXPIRING: Cannot roll hedge safely,2022-08-05,2022-08-15,10,3648.09,3688.29,40.2,1.1
MSFT,CREDIT_SPREAD,BULLISH,TIME_STOP_STRATEGY: Held 15 days >= 15,2022-08-02,2022-08-17,15,375.64,268.55,107.09,7.4
ANET,DIAGONAL,BULLISH,THETA_KICKER: Roll expiring hedge,2022-08-09,2022-08-18,9,1484.94,1592.35,107.4,5.6
CRWD,NAKED_LONG,BULLISH,TIME_STOP_STRATEGY: Held 5 days >= 5,2022-08-18,2022-08-23,5,5127.44,4734.82,-392.62,-7.7
AVGO,DIAGONAL,BULLISH,THETA_KICKER: Roll expiring hedge,2022-08-16,2022-08-25,9,1147.88,1177.52,29.64,1.7
AAPL,NAKED_LONG,BULLISH,TIME_STOP_STRATEGY: Held 6 days >= 5,2022-08-23,2022-08-29,6,3604.56,3472.91,-131.65,-3.7
AMAT,CREDIT_SPREAD,BULLISH,TIME_STOP_STRATEGY: Held 15 days >= 15,2022-08-16,2022-08-31,15,513.65,371.04,142.61,8.7
NOW,CREDIT_SPREAD,BULLISH,TIME_STOP_STRATEGY: Held 15 days >= 15,2022-08-16,2022-08-31,15,482.79,296.79,186.0,12.8
TSLA,CREDIT_SPREAD,BULLISH,TIME_STOP_STRATEGY: Held 15 days >= 15,2022-08-17,2022-09-01,15,530.39,326.98,203.41,11.4
ANET,DIAGONAL,BULLISH,THETA_KICKER: Roll expiring hedge,2022-08-24,2022-09-02,9,763.22,657.93,-105.29,-8.1
AAPL,DIAGONAL,BULLISH,THETA_KICKER: Roll expiring hedge,2022-08-29,2022-09-07,9,3552.62,3307.3,-245.32,-6.9
ANET,DIAGONAL,BULLISH,THETA_KICKER: Roll expiring hedge,2022-08-31,2022-09-09,9,1401.06,1346.22,-54.85,-2.7
AVGO,DIAGONAL,BULLISH,THETA_KICKER: Roll expiring hedge,2022-08-31,2022-09-09,9,1138.63,1147.59,8.96,0.5
AVGO,DIAGONAL,BULLISH,HEDGE_EXPIRING: Cannot roll hedge safely,2022-09-01,2022-09-12,11,1119.67,1153.52,33.85,1.7
ANET,DIAGONAL,BULLISH,THETA_KICKER: Roll expiring hedge,2022-09-13,2022-09-22,9,1350.58,1245.52,-105.05,-5.3
GOOGL,DIAGONAL,BULLISH,THETA_KICKER: Roll expiring hedge,2022-09-13,2022-09-22,9,2476.89,2302.14,-174.76,-7.1
AMAT,DIAGONAL,BULLISH,THETA_KICKER: Roll expiring hedge,2022-09-13,2022-09-22,9,2223.51,1970.84,-252.67,-11.4
CRWD,DIAGONAL,BULLISH,THETA_KICKER: Roll expiring hedge,2022-09-14,2022-09-23,9,5057.84,4230.45,-827.4,-16.4
AAPL,DIAGONAL,BULLISH,HEDGE_EXPIRING: Cannot roll hedge safely,2022-09-22,2022-10-03,11,3586.72,3333.33,-253.38,-7.1
HOOD,DIAGONAL,BULLISH,HEDGE_EXPIRING: Cannot roll hedge safely,2022-09-22,2022-10-03,11,1668.49,1687.07,18.58,1.0
AAPL,DIAGONAL,BULLISH,HEDGE_EXPIRING: Cannot roll hedge safely,2022-09-23,2022-10-03,10,3516.73,3336.85,-179.87,-5.1
AMZN,DIAGONAL,BULLISH,HEDGE_EXPIRING: Cannot roll hedge safely,2022-10-06,2022-10-17,11,3064.38,2836.21,-228.17,-7.4
ANET,DIAGONAL,BULLISH,HEDGE_EXPIRING: Cannot roll hedge safely,2022-10-07,2022-10-17,10,1449.21,1313.59,-135.62,-8.6
TSLA,CALL_BACKSPREAD,BULLISH,TIME_STOP_STRATEGY: Held 15 days >= 15,2022-10-03,2022-10-18,15,1059.81,814.23,-245.58,-14.6
ANET,DIAGONAL,BULLISH,THETA_KICKER: Roll expiring hedge,2022-10-10,2022-10-19,9,1414.98,1328.67,-86.31,-4.6
HOOD,DIAGONAL,BULLISH,THETA_KICKER: Roll expiring hedge,2022-10-10,2022-10-19,9,1242.95,1083.37,-159.58,-10.8
HOOD,DIAGONAL,BULLISH,HEDGE_EXPIRING: Cannot roll hedge safely,2022-10-20,2022-10-31,11,1364.98,1550.87,185.89,12.1
MSFT,DIAGONAL,BULLISH,HEDGE_EXPIRING: Cannot roll hedge safely,2022-10-20,2022-10-31,11,5551.46,5752.87,201.41,3.6
MU,DIAGONAL,BULLISH,THETA_KICKER: Roll expiring hedge,2022-10-26,2022-11-04,9,1362.57,1395.01,32.44,2.2
CRWD,NAKED_LONG,BULLISH,TIME_STOP_STRATEGY: Held 7 days >= 5,2022-10-31,2022-11-07,7,4045.72,3431.37,-614.35,-15.2
PLTR,NAKED_LONG,BULLISH,TIME_STOP_STRATEGY: Held 5 days >= 5,2022-11-04,2022-11-09,5,1216.31,1226.57,10.27,0.8
HOOD,NAKED_LONG,BULLISH,TIME_STOP_STRATEGY: Held 7 days >= 5,2022-11-07,2022-11-14,7,986.09,1219.16,233.07,19.3
AMZN,CREDIT_SPREAD,BULLISH,TIME_STOP_STRATEGY: Held 15 days >= 15,2022-10-31,2022-11-15,15,513.92,453.18,60.75,3.9
AAPL,CREDIT_SPREAD,BULLISH,TIME_STOP_STRATEGY: Held 15 days >= 15,2022-11-01,2022-11-16,15,451.88,399.27,52.61,3.8
CRM,CALL_BACKSPREAD,BULLISH,TIME_STOP_STRATEGY: Held 17 days >= 15,2022-11-04,2022-11-21,17,362.72,376.11,13.39,1.1
ANET,CREDIT_SPREAD,BULLISH,TIME_STOP_STRATEGY: Held 15 days >= 15,2022-11-08,2022-11-23,15,495.61,416.06,79.56,6.8
ANET,CREDIT_SPREAD,BULLISH,TIME_STOP_STRATEGY: Held 16 days >= 15,2022-11-09,2022-11-25,16,424.37,319.37,105.0,10.1
GDX,CREDIT_SPREAD,BULLISH,TIME_STOP_STRATEGY: Held 15 days >= 15,2022-11-15,2022-11-30,15,416.76,362.02,54.74,5.3
GDX,CREDIT_SPREAD,BULLISH,TIME_STOP_STRATEGY: Held 15 days >= 15,2022-11-16,2022-12-01,15,454.51,397.25,57.26,5.2
AMAT,CREDIT_SPREAD,BULLISH,TIME_STOP_STRATEGY: Held 15 days >= 15,2022-11-17,2022-12-02,15,356.65,305.65,51.0,4.3
VRT,NAKED_LONG,BULLISH,TIME_STOP_STRATEGY: Held 7 days >= 5,2022-11-28,2022-12-05,7,987.29,1068.95,81.66,8.0
HOOD,CREDIT_SPREAD,BULLISH,TIME_STOP_STRATEGY: Held 15 days >= 15,2022-11-21,2022-12-06,15,534.79,498.27,36.52,3.6
VRT,NAKED_LONG,BULLISH,TIME_STOP_STRATEGY: Held 6 days >= 5,2022-12-06,2022-12-12,6,1045.32,1032.19,-13.13,-1.2
AVGO,CREDIT_SPREAD,BULLISH,TIME_STOP_STRATEGY: Held 15 days >= 15,2022-11-28,2022-12-13,15,526.49,357.45,169.04,12.0
ZS,CREDIT_SPREAD,BULLISH,TIME_STOP_STRATEGY: Held 15 days >= 15,2022-11-30,2022-12-15,15,514.55,357.13,157.42,13.9
SPY,CREDIT_SPREAD,BULLISH,TIME_STOP_STRATEGY: Held 17 days >= 15,2022-12-02,2022-12-19,17,449.87,165.09,284.78,18.3
AVGO,CREDIT_SPREAD,BULLISH,TIME_STOP_STRATEGY: Held 17 days >= 15,2022-12-02,2022-12-19,17,471.49,278.74,192.75,14.5
VRT,NAKED_LONG,BULLISH,TIME_STOP_STRATEGY: Held 7 days >= 5,2022-12-12,2022-12-19,7,1039.69,967.91,-71.78,-6.4
HOOD,NAKED_LONG,BULLISH,TIME_STOP_STRATEGY: Held 5 days >= 5,2022-12-14,2022-12-19,5,966.62,832.08,-134.54,-12.2
GDX,CREDIT_SPREAD,BULLISH,TIME_STOP_STRATEGY: Held 15 days >= 15,2022-12-05,2022-12-20,15,438.23,324.78,113.45,9.6
VRT,NAKED_LONG,BULLISH,TIME_STOP_STRATEGY: Held 5 days >= 5,2022-12-15,2022-12-20,5,1346.79,1310.94,-35.85,-2.5
VRT,NAKED_LONG,BULLISH,TIME_STOP_STRATEGY: Held 8 days >= 5,2022-12-19,2022-12-27,8,1627.15,1586.5,-40.65,-2.3
ANET,NAKED_LONG,BULLISH,TIME_STOP_STRATEGY: Held 7 days >= 5,2022-12-20,2022-12-27,7,1381.87,1343.48,-38.39,-2.6
AVGO,DIAGONAL,BULLISH,THETA_KICKER: Roll expiring hedge,2022-12-19,2022-12-28,9,1225.03,1190.71,-34.32,-1.8
AVGO,DIAGONAL,BULLISH,THETA_KICKER: Roll expiring hedge,2022-12-20,2022-12-29,9,1215.9,1179.44,-36.47,-1.9
ANET,DIAGONAL,BULLISH,THETA_KICKER: Roll expiring hedge,2023-01-03,2023-01-12,9,1404.86,1398.79,-6.07,-0.4
SPY,DIAGONAL,BULLISH,THETA_KICKER: Roll expiring hedge,2023-01-03,2023-01-12,9,8164.41,8432.89,268.48,3.3
MU,DIAGONAL,BULLISH,HEDGE_EXPIRING: Cannot roll hedge safely,2023-01-13,2023-01-23,10,1444.89,1518.07,73.18,4.1
AMAT,DIAGONAL,BULLISH,THETA_KICKER: Roll expiring hedge,2023-01-17,2023-01-26,9,2780.12,2677.49,-102.63,-3.7
VRT,DIAGONAL,BULLISH,THETA_KICKER: Roll expiring hedge,2023-01-17,2023-01-26,9,2006.78,1996.26,-10.51,-0.5
VRT,DIAGONAL,BULLISH,THETA_KICKER: Roll expiring hedge,2023-01-18,2023-01-27,9,1966.91,2037.57,70.66,3.4
HOOD,DIAGONAL,BULLISH,THETA_KICKER: Roll expiring hedge,2023-01-25,2023-02-03,9,1965.14,2189.72,224.58,10.6
VRT,DIAGONAL,BULLISH,HEDGE_EXPIRING: Cannot roll hedge safely,2023-01-26,2023-02-06,11,2473.21,2298.31,-174.89,-6.3
HOOD,DIAGONAL,BULLISH,HEDGE_EXPIRING: Cannot roll hedge safely,2023-01-26,2023-02-06,11,1917.24,2171.12,253.88,12.6
GDX,DIAGONAL,BULLISH,HEDGE_EXPIRING: Cannot roll hedge safely,2023-01-27,2023-02-06,10,1486.4,1362.7,-123.7,-6.1
GDX,NAKED_LONG,BULLISH,TIME_STOP_STRATEGY: Held 5 days >= 5,2023-02-03,2023-02-08,5,1397.65,1373.41,-24.24,-1.2
SHOP,NAKED_LONG,BULLISH,TIME_STOP_STRATEGY: Held 6 days >= 5,2023-02-07,2023-02-13,6,1583.3,1495.73,-87.56,-5.5
HOOD,NAKED_LONG,BULLISH,TIME_STOP_STRATEGY: Held 5 days >= 5,2023-02-08,2023-02-13,5,1630.82,1553.65,-77.17,-4.1
SNOW,DIAGONAL,BULLISH,THETA_KICKER: Roll expiring hedge,2023-02-06,2023-02-15,9,5060.67,5328.64,267.97,5.3
CRDO,CALL_BACKSPREAD,BULLISH,BP_STOP_LOSS: PnL -52.9% <= -50.0%,2023-02-15,2023-02-17,2,7466.85,6804.43,-662.42,-52.9
META,CREDIT_SPREAD,BULLISH,TIME_STOP_STRATEGY: Held 15 days >= 15,2023-02-06,2023-02-21,15,693.12,568.19,124.93,6.1
GDX,NAKED_LONG,BULLISH,TIME_STOP_STRATEGY: Held 8 days >= 5,2023-02-13,2023-02-21,8,1333.72,1233.49,-100.23,-5.4
HOOD,NAKED_LONG,BULLISH,TIME_STOP_STRATEGY: Held 8 days >= 5,2023-02-13,2023-02-21,8,1303.13,1306.15,3.01,0.2
GDX,NAKED_LONG,BULLISH,TIME_STOP_STRATEGY: Held 6 days >= 5,2023-02-15,2023-02-21,6,1292.61,1235.48,-57.13,-3.7
PLTR,CALL_BACKSPREAD,BULLISH,BP_STOP_LOSS: PnL -56.9% <= -50.0%,2023-02-21,2023-03-01,8,3684.66,2770.4,-914.25,-56.9
META,CREDIT_SPREAD,BULLISH,TIME_STOP_STRATEGY: Held 15 days >= 15,2023-02-15,2023-03-02,15,670.76,571.32,99.45,5.6
AVGO,DIAGONAL,BULLISH,THETA_KICKER: Roll expiring hedge,2023-02-21,2023-03-02,9,1267.3,1269.01,1.71,0.1
AMAT,DIAGONAL,BULLISH,THETA_KICKER: Roll expiring hedge,2023-02-21,2023-03-02,9,2888.7,2809.37,-79.33,-2.7
COIN,CREDIT_SPREAD,BULLISH,TIME_STOP_STRATEGY: Held 17 days >= 15,2023-02-17,2023-03-06,17,720.3,541.86,178.44,13.0
VRT,NAKED_LONG,BULLISH,TIME_STOP_STRATEGY: Held 5 days >= 5,2023-03-02,2023-03-07,5,1376.47,1357.72,-18.75,-1.1
ANET,NAKED_LONG,BULLISH,TIME_STOP_STRATEGY: Held 5 days >= 5,2023-03-02,2023-03-07,5,1599.69,1660.98,61.29,3.7
HOOD,NAKED_LONG,BULLISH,TIME_STOP_STRATEGY: Held 5 days >= 5,2023-03-02,2023-03-07,5,1489.0,1441.12,-47.89,-2.9
NVDA,DIAGONAL,BULLISH,THETA_KICKER: Roll expiring hedge,2023-03-01,2023-03-10,9,1414.0,1350.59,-63.41,-4.4
MSTR,NAKED_LONG,BULLISH,TIME_STOP_STRATEGY: Held 7 days >= 5,2023-03-06,2023-03-13,7,768.13,831.6,63.47,4.3
AVGO,NAKED_LONG,BULLISH,TIME_STOP_STRATEGY: Held 6 days >= 5,2023-03-07,2023-03-13,6,1379.3,1344.91,-34.39,-2.0
AMAT,NAKED_LONG,BULLISH,TIME_STOP_STRATEGY: Held 6 days >= 5,2023-03-07,2023-03-13,6,2681.36,2622.17,-59.19,-2.2
NVDA,DIAGONAL,BULLISH,THETA_KICKER: Roll expiring hedge,2023-03-07,2023-03-16,9,1406.1,1485.82,79.71,4.5
VRT,DIAGONAL,BULLISH,HEDGE_EXPIRING: Cannot roll hedge safely,2023-03-10,2023-03-20,10,1253.71,1060.74,-192.97,-12.0
IWM,DIAGONAL,BULLISH,THETA_KICKER: Roll expiring hedge,2023-03-13,2023-03-22,9,3764.28,3741.22,-23.06,-0.6
AMD,DIAGONAL,BULLISH,THETA_KICKER: Roll expiring hedge,2023-03-13,2023-03-22,9,2071.67,2438.53,366.86,17.7
GDX,DIAGONAL,BULLISH,HEDGE_EXPIRING: Cannot roll hedge safely,2023-03-16,2023-03-27,11,1378.25,1493.95,115.7,6.3
SHOP,DIAGONAL,BULLISH,THETA_KICKER: Roll expiring hedge,2023-03-20,2023-03-29,9,1155.18,1179.96,24.77,1.7
AMAT,DIAGONAL,BULLISH,THETA_KICKER: Roll expiring hedge,2023-03-22,2023-03-31,9,2780.98,2850.6,69.62,2.5
AVGO,DIAGONAL,BULLISH,THETA_KICKER: Roll expiring hedge,2023-03-22,2023-03-31,9,1414.89,1368.13,-46.76,-2.6
CIEN,DIAGONAL,BULLISH,THETA_KICKER: Roll expiring hedge,2023-03-22,2023-03-31,9,1204.21,1249.74,45.52,2.7
ANET,NAKED_LONG,BULLISH,TIME_STOP_STRATEGY: Held 5 days >= 5,2023-03-29,2023-04-03,5,969.88,992.95,23.08,1.4
MSTR,DIAGONAL,BULLISH,THETA_KICKER: Roll expiring hedge,2023-03-27,2023-04-05,9,916.44,1155.83,239.39,14.0
MU,DIAGONAL,BULLISH,HEDGE_EXPIRING: Cannot roll hedge safely,2023-03-31,2023-04-10,10,1559.52,1682.12,122.6,7.9
SOXL,NAKED_LONG,BULLISH,TIME_STOP_STRATEGY: Held 6 days >= 5,2023-04-04,2023-04-10,6,1164.3,1080.55,-83.75,-5.3
NVDA,NAKED_LONG,BULLISH,TIME_STOP_STRATEGY: Held 5 days >= 5,2023-04-05,2023-04-10,5,1287.02,1279.54,-7.48,-0.4
VRT,NAKED_LONG,BULLISH,TIME_STOP_STRATEGY: Held 5 days >= 5,2023-04-05,2023-04-10,5,1393.61,1300.1,-93.51,-5.8
NET,NAKED_LONG,BULLISH,TIME_STOP_STRATEGY: Held 5 days >= 5,2023-04-05,2023-04-10,5,1656.36,1557.36,-99.0,-6.0
CRM,NAKED_LONG,BULLISH,TIME_STOP_STRATEGY: Held 7 days >= 5,2023-04-10,2023-04-17,7,4268.47,4306.28,37.81,0.9
TQQQ,NAKED_LONG,BULLISH,TIME_STOP_STRATEGY: Held 6 days >= 5,2023-04-11,2023-04-17,6,1425.88,1383.89,-41.99,-2.4
SOXL,NAKED_LONG,BULLISH,TIME_STOP_STRATEGY: Held 5 days >= 5,2023-04-12,2023-04-17,5,1512.67,1402.1,-110.57,-6.5
MU,CREDIT_SPREAD,BULLISH,TIME_STOP_STRATEGY: Held 15 days >= 15,2023-04-03,2023-04-18,15,635.73,569.84,65.89,3.6
AMAT,NAKED_LONG,BULLISH,TIME_STOP_STRATEGY: Held 7 days >= 5,2023-04-17,2023-04-24,7,2544.71,2531.27,-13.44,-0.5
SOXL,NAKED_LONG,BULLISH,TIME_STOP_STRATEGY: Held 7 days >= 5,2023-04-17,2023-04-24,7,1413.42,1229.77,-183.66,-10.6
GOOGL,NAKED_LONG,BULLISH,TIME_STOP_STRATEGY: Held 6 days >= 5,2023-04-18,2023-04-24,6,2435.88,2402.23,-33.65,-1.4
AMD,NAKED_LONG,BULLISH,TIME_STOP_STRATEGY: Held 6 days >= 5,2023-04-18,2023-04-24,6,2075.45,1976.04,-99.41,-4.8
SOXL,NAKED_LONG,BULLISH,TIME_STOP_STRATEGY: Held 7 days >= 5,2023-04-24,2023-05-01,7,1657.06,1643.6,-13.47,-0.7
META,NAKED_LONG,BULLISH,TIME_STOP_STRATEGY: Held 7 days >= 5,2023-04-24,2023-05-01,7,4728.71,6434.0,1705.29,36.1
AMZN,NAKED_LONG,BULLISH,TIME_STOP_STRATEGY: Held 7 days >= 5,2023-05-01,2023-05-08,7,2541.19,2592.24,51.05,2.0
GOOGL,NAKED_LONG,BULLISH,TIME_STOP_STRATEGY: Held 7 days >= 5,2023-05-01,2023-05-08,7,2438.67,2412.35,-26.31,-1.1
SNOW,NAKED_LONG,BULLISH,TIME_STOP_STRATEGY: Held 7 days >= 5,2023-05-01,2023-05-08,7,4002.02,4360.73,358.71,9.0
MU,CREDIT_SPREAD,BULLISH,TIME_STOP_STRATEGY: Held 15 days >= 15,2023-04-24,2023-05-09,15,663.07,405.0,258.07,13.9
GDX,NAKED_LONG,BULLISH,TIME_STOP_STRATEGY: Held 7 days >= 5,2023-05-08,2023-05-15,7,1557.02,1484.5,-72.52,-4.2
AAPL,NAKED_LONG,BULLISH,TIME_STOP_STRATEGY: Held 6 days >= 5,2023-05-09,2023-05-15,6,3831.16,3789.89,-41.27,-1.1
AVGO,NAKED_LONG,BULLISH,TIME_STOP_STRATEGY: Held 6 days >= 5,2023-05-09,2023-05-15,6,1348.56,1387.7,39.14,1.7
GDX,NAKED_LONG,BULLISH,TIME_STOP_STRATEGY: Held 5 days >= 5,2023-05-10,2023-05-15,5,1536.33,1486.84,-49.49,-3.1
AAPL,NAKED_LONG,BULLISH,TIME_STOP_STRATEGY: Held 7 days >= 5,2023-05-15,2023-05-22,7,3805.27,3831.64,26.37,0.7
SHOP,CREDIT_SPREAD,BULLISH,TIME_STOP_STRATEGY: Held 15 days >= 15,2023-05-10,2023-05-25,15,971.59,784.43,187.16,8.7
ANET,CREDIT_SPREAD,BULLISH,TIME_STOP_STRATEGY: Held 15 days >= 15,2023-05-15,2023-05-30,15,918.02,1085.44,-167.42,-7.9
PLTR,CREDIT_SPREAD,BULLISH,TIME_STOP_STRATEGY: Held 15 days >= 15,2023-05-15,2023-05-30,15,897.65,1263.87,-366.21,-19.5
DASH,NAKED_LONG,BULLISH,TIME_STOP_STRATEGY: Held 8 days >= 5,2023-05-22,2023-05-30,8,1648.8,1549.74,-99.06,-6.0
NVDA,NAKED_LONG,BULLISH,TIME_STOP_STRATEGY: Held 8 days >= 5,2023-05-22,2023-05-30,8,759.41,1344.11,584.69,39.1
ANET,CREDIT_SPREAD,BULLISH,TIME_STOP_STRATEGY: Held 15 days >= 15,2023-05-16,2023-05-31,15,724.64,694.21,30.43,1.8
MSTR,DIAGONAL,BULLISH,HEDGE_EXPIRING: Cannot roll hedge safely,2023-05-25,2023-06-05,11,947.99,865.54,-82.44,-5.1
MSFT,NAKED_LONG,BULLISH,TIME_STOP_STRATEGY: Held 5 days >= 5,2023-05-31,2023-06-05,5,7174.27,7307.37,133.1,1.9
MSTR,NAKED_LONG,BULLISH,TIME_STOP_STRATEGY: Held 7 days >= 5,2023-06-05,2023-06-12,7,1777.12,1580.02,-197.1,-9.7
MU,CREDIT_SPREAD,BULLISH,TIME_STOP_STRATEGY: Held 15 days >= 15,2023-05-31,2023-06-15,15,1172.64,890.77,281.88,9.4
SOXL,CREDIT_SPREAD,BULLISH,TIME_STOP_STRATEGY: Held 15 days >= 15,2023-06-05,2023-06-20,15,1019.11,1049.35,-30.24,-1.5
NVDA,CREDIT_SPREAD,BULLISH,TIME_STOP_STRATEGY: Held 15 days >= 15,2023-06-05,2023-06-20,15,829.62,809.91,19.71,1.1
MSTR,NAKED_LONG,BULLISH,TIME_STOP_STRATEGY: Held 8 days >= 5,2023-06-12,2023-06-20,8,798.33,898.8,100.47,8.0
MSTR,NAKED_LONG,BULLISH,TIME_STOP_STRATEGY: Held 5 days >= 5,2023-06-15,2023-06-20,5,1517.39,1805.87,288.49,18.2
NVDA,CREDIT_SPREAD,BULLISH,TIME_STOP_STRATEGY: Held 15 days >= 15,2023-06-06,2023-06-21,15,745.7,725.23,20.47,1.3
AVGO,CREDIT_SPREAD,BULLISH,TIME_STOP_STRATEGY: Held 15 days >= 15,2023-06-06,2023-06-21,15,490.94,451.64,39.31,2.8
TQQQ,NAKED_LONG,BULLISH,TIME_STOP_STRATEGY: Held 6 days >= 5,2023-06-20,2023-06-26,6,1606.4,1479.37,-127.03,-5.9
TQQQ,NAKED_LONG,BULLISH,TIME_STOP_STRATEGY: Held 5 days >= 5,2023-06-21,2023-06-26,5,1581.34,1481.46,-99.88,-4.9
SOXL,CALL_BACKSPREAD,BULLISH,BP_STOP_LOSS: PnL -77.7% <= -50.0%,2023-06-21,2023-06-26,5,4879.76,3363.66,-1516.1,-77.7
SOXL,DIAGONAL,BULLISH,THETA_KICKER: Roll expiring hedge,2023-06-20,2023-06-29,9,1894.26,1448.96,-445.3,-21.9
TQQQ,NAKED_LONG,BULLISH,TIME_STOP_STRATEGY: Held 7 days >= 5,2023-06-26,2023-07-03,7,1491.82,1583.94,92.12,5.1
GOOGL,NAKED_LONG,BULLISH,TIME_STOP_STRATEGY: Held 6 days >= 5,2023-06-27,2023-07-03,6,2648.58,2678.22,29.64,1.1
MU,NAKED_LONG,BULLISH,TIME_STOP_STRATEGY: Held 6 days >= 5,2023-06-29,2023-07-05,6,1458.03,1409.64,-48.39,-3.3
COHR,CREDIT_SPREAD,BULLISH,TIME_STOP_STRATEGY: Held 15 days >= 15,2023-06-21,2023-07-06,15,1511.19,1347.28,163.91,5.2
WDAY,NAKED_LONG,BULLISH,TIME_STOP_STRATEGY: Held 7 days >= 5,2023-07-03,2023-07-10,7,5227.29,4976.41,-250.87,-4.8
SHOP,NAKED_LONG,BULLISH,TIME_STOP_STRATEGY: Held 5 days >= 5,2023-07-06,2023-07-11,5,1566.75,1493.46,-73.29,-3.8
AAPL,NAKED_LONG,BULLISH,TIME_STOP_STRATEGY: Held 7 days >= 5,2023-07-10,2023-07-17,7,4108.91,4210.53,101.62,2.5
AAPL,NAKED_LONG,BULLISH,TIME_STOP_STRATEGY: Held 6 days >= 5,2023-07-11,2023-07-17,6,4097.79,4212.8,115.01,2.8
COHR,CREDIT_SPREAD,BULLISH,TIME_STOP_STRATEGY: Held 15 days >= 15,2023-07-05,2023-07-20,15,791.17,520.45,270.72,15.4
MSTR,NAKED_LONG,BULLISH,TIME_STOP_STRATEGY: Held 7 days >= 5,2023-07-17,2023-07-24,7,1404.98,1319.49,-85.49,-4.5
GDX,NAKED_LONG,BULLISH,TIME_STOP_STRATEGY: Held 7 days >= 5,2023-07-17,2023-07-24,7,1460.9,1411.66,-49.25,-2.7
VRT,NAKED_LONG,BULLISH,TIME_STOP_STRATEGY: Held 7 days >= 5,2023-07-17,2023-07-24,7,1216.8,1181.44,-35.36,-2.4
AMZN,NAKED_LONG,BULLISH,TIME_STOP_STRATEGY: Held 6 days >= 5,2023-07-18,2023-07-24,6,3009.18,2919.07,-90.11,-3.0
PLTR,NAKED_LONG,BULLISH,TIME_STOP_STRATEGY: Held 5 days >= 5,2023-07-20,2023-07-25,5,1836.36,1762.41,-73.95,-3.8
HOOD,NAKED_LONG,BULLISH,TIME_STOP_STRATEGY: Held 6 days >= 5,2023-07-25,2023-07-31,6,1915.64,1991.1,75.46,3.6
COIN,DIAGONAL,BULLISH,THETA_KICKER: Roll expiring hedge,2023-07-24,2023-08-02,9,3853.67,3386.02,-467.65,-12.1
COIN,DIAGONAL,BULLISH,THETA_KICKER: Roll expiring hedge,2023-07-25,2023-08-03,9,3819.78,3396.83,-422.95,-11.1
NVDA,NAKED_LONG,BULLISH,TIME_STOP_STRATEGY: Held 6 days >= 5,2023-08-01,2023-08-07,6,1088.65,1093.95,5.3,0.3
SHOP,DIAGONAL,BULLISH,THETA_KICKER: Roll expiring hedge,2023-08-02,2023-08-11,9,1716.11,1385.62,-330.49,-19.3
QCOM,DIAGONAL,BULLISH,HEDGE_EXPIRING: Cannot roll hedge safely,2023-08-03,2023-08-14,11,2875.21,2648.72,-226.48,-7.9
MU,DIAGONAL,BULLISH,THETA_KICKER: Roll expiring hedge,2023-08-08,2023-08-17,9,1579.56,1563.94,-15.62,-1.0
SHOP,CALL_BACKSPREAD,BULLISH,BP_STOP_LOSS: PnL -50.3% <= -50.0%,2023-08-03,2023-08-18,15,1567.4,413.12,-1154.28,-50.3
CRDO,DIAGONAL,BULLISH,HEDGE_EXPIRING: Cannot roll hedge safely,2023-08-11,2023-08-21,10,2202.74,2337.35,134.61,5.9
QCOM,DIAGONAL,BULLISH,THETA_KICKER: Roll expiring hedge,2023-08-14,2023-08-23,9,2737.82,2541.34,-196.48,-7.2
TQQQ,DIAGONAL,BULLISH,HEDGE_EXPIRING: Cannot roll hedge safely,2023-08-17,2023-08-28,11,1386.19,1524.12,137.93,8.4
DASH,DIAGONAL,BULLISH,THETA_KICKER: Roll expiring hedge,2023-08-21,2023-08-30,9,1847.11,1921.83,74.72,4.0
AMAT,DIAGONAL,BULLISH,HEDGE_EXPIRING: Cannot roll hedge safely,2023-08-24,2023-09-05,12,3528.99,3564.86,35.87,1.0
MSTR,NAKED_LONG,BULLISH,TIME_STOP_STRATEGY: Held 5 days >= 5,2023-08-31,2023-09-05,5,1062.42,1022.83,-39.59,-2.5
COIN,NAKED_LONG,BULLISH,TIME_STOP_STRATEGY: Held 5 days >= 5,2023-08-31,2023-09-05,5,2447.64,2348.15,-99.49,-4.1
MRVL,NAKED_LONG,BULLISH,TIME_STOP_STRATEGY: Held 6 days >= 5,2023-09-05,2023-09-11,6,1555.38,1473.56,-81.82,-5.3
MSTR,NAKED_LONG,BULLISH,TIME_STOP_STRATEGY: Held 6 days >= 5,2023-09-05,2023-09-11,6,1030.73,982.88,-47.85,-3.0
SOXL,NAKED_LONG,BULLISH,TIME_STOP_STRATEGY: Held 5 days >= 5,2023-09-06,2023-09-11,5,785.25,696.71,-88.54,-6.0
NVDA,DIAGONAL,BULLISH,THETA_KICKER: Roll expiring hedge,2023-09-05,2023-09-14,9,1339.94,1134.78,-205.16,-15.3
NVDA,DIAGONAL,BULLISH,THETA_KICKER: Roll expiring hedge,2023-09-06,2023-09-15,9,1308.3,1111.18,-197.11,-15.1
AMAT,NAKED_LONG,BULLISH,TIME_STOP_STRATEGY: Held 7 days >= 5,2023-09-11,2023-09-18,7,3389.86,3243.47,-146.39,-4.3
VRT,NAKED_LONG,BULLISH,TIME_STOP_STRATEGY: Held 7 days >= 5,2023-09-11,2023-09-18,7,960.49,929.33,-31.16,-2.0
ANET,NAKED_LONG,BULLISH,TIME_STOP_STRATEGY: Held 5 days >= 5,2023-09-14,2023-09-19,5,1106.64,1080.66,-25.98,-2.2
NET,NAKED_LONG,BULLISH,TIME_STOP_STRATEGY: Held 7 days >= 5,2023-09-18,2023-09-25,7,1576.59,1411.65,-164.95,-10.5
AMZN,NAKED_LONG,BULLISH,TIME_STOP_STRATEGY: Held 7 days >= 5,2023-09-18,2023-09-25,7,3192.42,3048.52,-143.9,-4.5
NET,NAKED_LONG,BULLISH,TIME_STOP_STRATEGY: Held 6 days >= 5,2023-09-19,2023-09-25,6,1548.53,1413.23,-135.29,-8.7
CRWD,DIAGONAL,BULLISH,THETA_KICKER: Roll expiring hedge,2023-09-25,2023-10-04,9,4119.28,3740.74,-378.53,-9.2
MU,DIAGONAL,BULLISH,THETA_KICKER: Roll expiring hedge,2023-09-26,2023-10-05,9,1526.14,1570.26,44.11,2.9
IWM,DIAGONAL,BULLISH,THETA_KICKER: Roll expiring hedge,2023-10-04,2023-10-13,9,3679.77,3644.46,-35.32,-1.0
QCOM,DIAGONAL,BULLISH,HEDGE_EXPIRING: Cannot roll hedge safely,2023-10-05,2023-10-16,11,2351.18,2313.61,-37.57,-1.6
VRT,DIAGONAL,BULLISH,HEDGE_EXPIRING: Cannot roll hedge safely,2023-10-13,2023-10-23,10,1019.17,997.29,-21.88,-1.3
MRVL,DIAGONAL,BULLISH,HEDGE_EXPIRING: Cannot roll hedge safely,2023-10-13,2023-10-23,10,1233.63,1135.34,-98.28,-8.0
PLTR,DIAGONAL,BULLISH,THETA_KICKER: Roll expiring hedge,2023-10-16,2023-10-25,9,1005.8,894.84,-110.96,-9.9
MU,DIAGONAL,BULLISH,THETA_KICKER: Roll expiring hedge,2023-10-17,2023-10-26,9,1599.16,1447.09,-152.07,-9.5
MRVL,DIAGONAL,BULLISH,THETA_KICKER: Roll expiring hedge,2023-10-23,2023-11-01,9,1166.38,1093.76,-72.61,-6.2
NET,DIAGONAL,BULLISH,THETA_KICKER: Roll expiring hedge,2023-10-23,2023-11-01,9,1716.23,1466.88,-249.35,-14.5
CLS,DIAGONAL,BULLISH,HEDGE_EXPIRING: Cannot roll hedge safely,2023-10-26,2023-11-06,11,644.58,688.14,43.56,3.7
COIN,CALL_BACKSPREAD,BULLISH,TIME_STOP_STRATEGY: Held 17 days >= 15,2023-10-27,2023-11-13,17,889.32,863.1,-26.22,-2.5
MRVL,NAKED_LONG,BULLISH,TIME_STOP_STRATEGY: Held 6 days >= 5,2023-11-07,2023-11-13,6,1220.97,1280.16,59.19,4.8
CLS,CREDIT_SPREAD,BULLISH,TIME_STOP_STRATEGY: Held 15 days >= 15,2023-11-07,2023-11-22,15,419.47,380.41,39.06,3.6
DASH,CREDIT_SPREAD,BULLISH,TIME_STOP_STRATEGY: Held 15 days >= 15,2023-11-07,2023-11-22,15,321.59,280.71,40.88,4.3
ANET,CREDIT_SPREAD,BULLISH,TIME_STOP_STRATEGY: Held 16 days >= 15,2023-11-08,2023-11-24,16,280.71,213.62,67.09,8.1
MSTR,DIAGONAL,BULLISH,HEDGE_EXPIRING: Cannot roll hedge safely,2023-11-14,2023-11-24,10,1443.18,1352.21,-90.97,-6.3
APP,DIAGONAL,BULLISH,HEDGE_EXPIRING: Cannot roll hedge safely,2023-11-16,2023-11-27,11,1155.64,1087.28,-68.36,-5.9
NVDA,NAKED_LONG,BULLISH,TIME_STOP_STRATEGY: Held 5 days >= 5,2023-11-22,2023-11-27,5,1140.1,1107.59,-32.51,-2.9
NET,NAKED_LONG,BULLISH,TIME_STOP_STRATEGY: Held 5 days >= 5,2023-11-24,2023-11-29,5,2186.6,2330.86,144.26,6.6
TQQQ,NAKED_LONG,BULLISH,TIME_STOP_STRATEGY: Held 7 days >= 5,2023-11-27,2023-12-04,7,539.94,512.6,-27.34,-3.7
AVGO,DIAGONAL,BULLISH,THETA_KICKER: Roll expiring hedge,2023-11-29,2023-12-08,9,2153.9,2130.45,-23.44,-1.1
PLTR,CREDIT_SPREAD,BULLISH,TIME_STOP_STRATEGY: Held 17 days >= 15,2023-11-24,2023-12-11,17,512.23,339.92,172.31,15.1
NVDA,NAKED_LONG,BULLISH,TIME_STOP_STRATEGY: Held 7 days >= 5,2023-12-04,2023-12-11,7,1043.71,1075.41,31.7,3.0
PLTR,CREDIT_SPREAD,BULLISH,TIME_STOP_STRATEGY: Held 15 days >= 15,2023-11-27,2023-12-12,15,472.2,322.17,150.03,15.1
GDX,DIAGONAL,BULLISH,HEDGE_EXPIRING: Cannot roll hedge safely,2023-12-08,2023-12-18,10,681.84,717.97,36.12,4.8
GOOGL,NAKED_LONG,BULLISH,TIME_STOP_STRATEGY: Held 7 days >= 5,2023-12-11,2023-12-18,7,3022.78,3063.07,40.29,1.3
PLTR,NAKED_LONG,BULLISH,TIME_STOP_STRATEGY: Held 6 days >= 5,2023-12-12,2023-12-18,6,995.48,1001.09,5.61,0.5
GDX,DIAGONAL,BULLISH,THETA_KICKER: Roll expiring hedge,2023-12-11,2023-12-20,9,676.95,727.92,50.97,5.8
MRVL,NAKED_LONG,BULLISH,TIME_STOP_STRATEGY: Held 6 days >= 5,2023-12-20,2023-12-26,6,1418.73,1528.05,109.32,7.7
IWM,DIAGONAL,BULLISH,THETA_KICKER: Roll expiring hedge,2023-12-18,2023-12-27,9,4305.25,4452.61,147.36,3.4
AMZN,DIAGONAL,BULLISH,THETA_KICKER: Roll expiring hedge,2024-01-02,2024-01-11,9,3361.86,3462.59,100.73,3.0
COIN,CALL_BACKSPREAD,BULLISH,BP_STOP_LOSS: PnL -52.4% <= -50.0%,2024-01-02,2024-01-12,10,2475.84,1578.94,-896.9,-52.4
GDX,DIAGONAL,BULLISH,THETA_KICKER: Roll expiring hedge,2024-01-08,2024-01-17,9,711.23,627.43,-83.8,-7.0
MSTR,DIAGONAL,BULLISH,HEDGE_EXPIRING: Cannot roll hedge safely,2024-01-11,2024-01-22,11,1770.66,1564.89,-205.76,-11.6
MSTR,CALL_BACKSPREAD,BULLISH,BP_STOP_LOSS: PnL -52.0% <= -50.0%,2024-01-12,2024-01-26,14,1996.4,1283.07,-713.34,-52.0
TQQQ,DIAGONAL,BULLISH,THETA_KICKER: Roll expiring hedge,2024-01-17,2024-01-26,9,618.52,682.36,63.83,5.2
MSTR,DIAGONAL,BULLISH,THETA_KICKER: Roll expiring hedge,2024-01-22,2024-01-31,9,1613.66,1515.71,-97.94,-6.1
MRVL,DIAGONAL,BULLISH,HEDGE_EXPIRING: Cannot roll hedge safely,2024-01-26,2024-02-05,10,1785.98,1667.19,-118.79,-6.7
CRDO,DIAGONAL,BULLISH,HEDGE_EXPIRING: Cannot roll hedge safely,2024-01-26,2024-02-05,10,611.22,598.38,-12.84,-1.4
MSTR,DIAGONAL,BULLISH,PROFIT_TARGET: Option PnL +40.2% >= +40.0%,2024-02-05,2024-02-09,4,1451.03,2034.63,583.6,40.2
MRVL,DIAGONAL,BULLISH,HEDGE_EXPIRING: Cannot roll hedge safely,2024-02-01,2024-02-12,11,1731.02,1699.95,-31.07,-1.8
HOOD,DIAGONAL,BULLISH,THETA_KICKER: Roll expiring hedge,2024-02-05,2024-02-14,9,544.44,730.43,185.99,25.0
APP,DIAGONAL,BULLISH,PROFIT_TARGET: Option PnL +43.8% >= +40.0%,2024-02-09,2024-02-15,6,1451.86,2087.71,635.85,43.8
TQQQ,DIAGONAL,BULLISH,THETA_KICKER: Roll expiring hedge,2024-02-13,2024-02-22,9,753.34,804.88,51.54,6.8
GDX,CREDIT_SPREAD,BULLISH,TIME_STOP_STRATEGY: Held 17 days >= 15,2024-02-09,2024-02-26,17,250.9,164.92,85.98,10.6
SOXL,DIAGONAL,BULLISH,HEDGE_EXPIRING: Cannot roll hedge safely,2024-02-16,2024-02-26,10,1166.22,1302.97,136.75,11.7
NVDA,DIAGONAL,BULLISH,HEDGE_EXPIRING: Cannot roll hedge safely,2024-02-16,2024-02-26,10,1750.26,2325.77,575.51,32.9
SHOP,CALL_BACKSPREAD,BULLISH,TIME_STOP_STRATEGY: Held 15 days >= 15,2024-02-13,2024-02-28,15,991.96,746.64,-245.32,-21.6
GDX,DIAGONAL,BULLISH,HEDGE_EXPIRING: Cannot roll hedge safely,2024-02-22,2024-03-04,11,624.86,670.42,45.56,5.3
GOOGL,DIAGONAL,BULLISH,THETA_KICKER: Roll expiring hedge,2024-02-26,2024-03-06,9,3381.3,2957.57,-423.73,-12.5
CRDO,DIAGONAL,BULLISH,THETA_KICKER: Roll expiring hedge,2024-02-26,2024-03-06,9,1203.48,1161.25,-42.23,-3.4
NOW,DIAGONAL,BULLISH,THETA_KICKER: Roll expiring hedge,2024-03-06,2024-03-15,9,3530.63,3584.21,53.58,1.5
WDAY,CREDIT_SPREAD,BULLISH,TIME_STOP_STRATEGY: Held 15 days >= 15,2024-03-04,2024-03-19,15,369.94,254.96,114.98,10.5
CLS,DIAGONAL,BULLISH,THETA_KICKER: Roll expiring hedge,2024-03-11,2024-03-20,9,1337.26,1284.15,-53.11,-4.0
COHR,DIAGONAL,BULLISH,HEDGE_EXPIRING: Cannot roll hedge safely,2024-03-15,2024-03-25,10,1596.84,1613.71,16.88,1.1
SOXL,DIAGONAL,BULLISH,THETA_KICKER: Roll expiring hedge,2024-03-18,2024-03-27,9,1659.82,1687.4,27.58,1.7
AMD,CREDIT_SPREAD,BULLISH,TIME_STOP_STRATEGY: Held 15 days >= 15,2024-03-20,2024-04-04,15,317.62,200.98,116.64,9.5
AMD,CREDIT_SPREAD,BULLISH,TIME_STOP_STRATEGY: Held 15 days >= 15,2024-03-21,2024-04-05,15,295.56,212.31,83.25,8.0
ANET,DIAGONAL,BULLISH,THETA_KICKER: Roll expiring hedge,2024-03-27,2024-04-05,9,1835.28,1886.91,51.63,2.8
TQQQ,CREDIT_SPREAD,BULLISH,TIME_STOP_STRATEGY: Held 15 days >= 15,2024-03-26,2024-04-10,15,332.27,206.03,126.24,14.1
SOXL,CREDIT_SPREAD,BULLISH,TIME_STOP_STRATEGY: Held 15 days >= 15,2024-03-26,2024-04-10,15,357.1,254.54,102.56,13.1
SOXL,DIAGONAL,BULLISH,HEDGE_EXPIRING: Cannot roll hedge safely,2024-04-04,2024-04-15,11,1456.67,1205.86,-250.81,-17.2
HOOD,DIAGONAL,BULLISH,HEDGE_EXPIRING: Cannot roll hedge safely,2024-04-05,2024-04-15,10,525.97,475.58,-50.39,-5.6
AVGO,DIAGONAL,BULLISH,THETA_KICKER: Roll expiring hedge,2024-04-10,2024-04-19,9,3131.29,2818.54,-312.75,-10.0
TQQQ,DIAGONAL,BULLISH,THETA_KICKER: Roll expiring hedge,2024-04-15,2024-04-24,9,1437.16,1415.4,-21.75,-1.3
TQQQ,DIAGONAL,BULLISH,THETA_KICKER: Roll expiring hedge,2024-04-16,2024-04-25,9,711.55,695.2,-16.34,-1.3
VRT,DIAGONAL,BULLISH,HEDGE_EXPIRING: Cannot roll hedge safely,2024-04-19,2024-04-29,10,2094.21,2774.04,679.83,32.5
NET,DIAGONAL,BULLISH,HEDGE_EXPIRING: Cannot roll hedge safely,2024-04-25,2024-05-06,11,2085.53,2261.86,176.33,8.5
ANET,DIAGONAL,BULLISH,THETA_KICKER: Roll expiring hedge,2024-04-29,2024-05-08,9,1781.05,1992.37,211.32,11.9
COHR,NAKED_LONG,BULLISH,TIME_STOP_STRATEGY: Held 5 days >= 5,2024-05-08,2024-05-13,5,1387.69,1332.76,-54.94,-4.0
DASH,CALL_BACKSPREAD,BULLISH,TIME_STOP_STRATEGY: Held 15 days >= 15,2024-05-02,2024-05-17,15,1139.95,648.47,-491.48,-27.6
AMD,CREDIT_SPREAD,BULLISH,TIME_STOP_STRATEGY: Held 15 days >= 15,2024-05-02,2024-05-17,15,241.28,199.46,41.82,4.2
PLTR,DIAGONAL,BULLISH,THETA_KICKER: Roll expiring hedge,2024-05-08,2024-05-17,9,700.44,680.63,-19.81,-1.8
NET,CALL_BACKSPREAD,BULLISH,TIME_STOP_STRATEGY: Held 15 days >= 15,2024-05-06,2024-05-21,15,950.92,609.16,-341.75,-31.3
AMD,CREDIT_SPREAD,BULLISH,TIME_STOP_STRATEGY: Held 15 days >= 15,2024-05-13,2024-05-28,15,246.38,217.49,28.89,2.9
TQQQ,DIAGONAL,BULLISH,HEDGE_EXPIRING: Cannot roll hedge safely,2024-05-17,2024-05-28,11,808.26,800.57,-7.7,-0.8
SOXL,DIAGONAL,BULLISH,HEDGE_EXPIRING: Cannot roll hedge safely,2024-05-17,2024-05-28,11,1466.33,1682.75,216.42,14.8
NOW,CREDIT_SPREAD,BULLISH,TIME_STOP_STRATEGY: Held 15 days >= 15,2024-05-14,2024-05-29,15,182.26,118.34,63.92,7.4
PLTR,DIAGONAL,BULLISH,THETA_KICKER: Roll expiring hedge,2024-05-21,2024-05-30,9,680.13,671.2,-8.93,-1.0
COHR,NAKED_LONG,BULLISH,PROFIT_TARGET: Option PnL +69.2% >= +40.0%,2024-05-29,2024-06-03,5,1383.95,2341.12,957.17,69.2
DASH,CREDIT_SPREAD,BULLISH,TIME_STOP_STRATEGY: Held 15 days >= 15,2024-05-21,2024-06-05,15,180.07,67.0,113.08,13.0
SOXL,NAKED_LONG,BULLISH,TIME_STOP_STRATEGY: Held 7 days >= 5,2024-06-03,2024-06-10,7,1381.43,1637.97,256.54,18.6
NOW,CREDIT_SPREAD,BULLISH,TIME_STOP_STRATEGY: Held 15 days >= 15,2024-05-28,2024-06-12,15,190.78,201.92,-11.14,-1.2
WDAY,CALL_BACKSPREAD,BULLISH,TIME_STOP_STRATEGY: Held 15 days >= 15,2024-05-28,2024-06-12,15,1156.55,746.01,-410.54,-38.1
CRWD,CREDIT_SPREAD,BULLISH,TIME_STOP_STRATEGY: Held 15 days >= 15,2024-06-03,2024-06-18,15,483.6,579.08,-95.47,-7.7
CRWD,CREDIT_SPREAD,BULLISH,TIME_STOP_STRATEGY: Held 16 days >= 15,2024-06-04,2024-06-20,16,475.17,562.1,-86.93,-7.1
NOW,CREDIT_SPREAD,BULLISH,TIME_STOP_STRATEGY: Held 17 days >= 15,2024-06-07,2024-06-24,17,236.05,195.28,40.77,3.8
VRT,DIAGONAL,BULLISH,THETA_KICKER: Roll expiring hedge,2024-06-17,2024-06-26,9,2627.85,2581.27,-46.58,-1.8
CRM,CREDIT_SPREAD,BULLISH,TIME_STOP_STRATEGY: Held 15 days >= 15,2024-06-12,2024-06-27,15,450.28,425.08,25.21,2.7
TQQQ,NAKED_LONG,BULLISH,TIME_STOP_STRATEGY: Held 7 days >= 5,2024-06-24,2024-07-01,7,866.54,882.62,16.08,1.5
HOOD,CREDIT_SPREAD,BULLISH,TIME_STOP_STRATEGY: Held 15 days >= 15,2024-06-18,2024-07-03,15,411.68,314.11,97.57,9.3
AVGO,CREDIT_SPREAD,BULLISH,TIME_STOP_STRATEGY: Held 15 days >= 15,2024-06-20,2024-07-05,15,572.63,473.59,99.04,7.1
SOXL,DIAGONAL,BULLISH,HEDGE_EXPIRING: Cannot roll hedge safely,2024-06-27,2024-07-08,11,1769.12,1931.54,162.42,9.2
COHR,CREDIT_SPREAD,BULLISH,TIME_STOP_STRATEGY: Held 15 days >= 15,2024-06-26,2024-07-11,15,406.16,189.28,216.88,21.4
GDX,CREDIT_SPREAD,BULLISH,TIME_STOP_STRATEGY: Held 15 days >= 15,2024-06-26,2024-07-11,15,286.19,161.8,124.4,13.9
APP,NAKED_LONG,BULLISH,TIME_STOP_STRATEGY: Held 7 days >= 5,2024-07-08,2024-07-15,7,2110.52,2157.23,46.71,2.2
MU,CREDIT_SPREAD,BULLISH,TIME_STOP_STRATEGY: Held 15 days >= 15,2024-07-01,2024-07-16,15,216.76,172.43,44.33,4.8
APP,DIAGONAL,BULLISH,HEDGE_EXPIRING: Cannot roll hedge safely,2024-07-11,2024-07-22,11,2035.97,2110.7,74.73,3.7
MU,CREDIT_SPREAD,BULLISH,TIME_STOP_STRATEGY: Held 15 days >= 15,2024-07-08,2024-07-23,15,424.35,289.17,135.17,11.8
NVDA,DIAGONAL,BULLISH,THETA_KICKER: Roll expiring hedge,2024-07-16,2024-07-25,9,3525.03,3040.34,-484.69,-13.8
PLTR,DIAGONAL,BULLISH,THETA_KICKER: Roll expiring hedge,2024-07-22,2024-07-31,9,1377.12,1361.41,-15.72,-1.1
SOXL,CALL_BACKSPREAD,BULLISH,PROFIT_TARGET: Option PnL +70.1% >= +40.0%,2024-07-25,2024-07-31,6,6175.28,7571.01,1395.73,70.1
HOOD,DIAGONAL,BULLISH,THETA_KICKER: Roll expiring hedge,2024-07-23,2024-08-01,9,1194.66,1063.39,-131.27,-7.8
CRWD,CALL_BACKSPREAD,BULLISH,TIME_STOP_STRATEGY: Held 15 days >= 15,2024-07-22,2024-08-06,15,1606.67,1181.14,-425.54,-32.2
COIN,DIAGONAL,BULLISH,HEDGE_EXPIRING: Cannot roll hedge safely,2024-08-01,2024-08-12,11,6963.72,6265.14,-698.58,-10.0
MU,CALL_BACKSPREAD,BULLISH,TIME_STOP_STRATEGY: Held 15 days >= 15,2024-08-06,2024-08-21,15,1348.21,1318.02,-30.19,-2.1
IWM,DIAGONAL,BULLISH,THETA_KICKER: Roll expiring hedge,2024-08-12,2024-08-21,9,4799.91,4874.99,75.08,1.6
AVGO,DIAGONAL,BULLISH,THETA_KICKER: Roll expiring hedge,2024-08-21,2024-08-30,9,5137.71,4195.77,-941.94,-18.3
VRT,CREDIT_SPREAD,BULLISH,TIME_STOP_STRATEGY: Held 15 days >= 15,2024-08-19,2024-09-03,15,604.15,429.52,174.62,11.2
GDX,DIAGONAL,BULLISH,THETA_KICKER: Roll expiring hedge,2024-09-03,2024-09-12,9,865.12,900.59,35.47,2.7
MSTR,DIAGONAL,BULLISH,THETA_KICKER: Roll expiring hedge,2024-09-03,2024-09-12,9,4210.64,4212.02,1.37,0.0
HOOD,CREDIT_SPREAD,BULLISH,TIME_STOP_STRATEGY: Held 17 days >= 15,2024-08-30,2024-09-16,17,402.17,325.27,76.9,7.6
DASH,NAKED_LONG,BULLISH,TIME_STOP_STRATEGY: Held 6 days >= 5,2024-09-17,2024-09-23,6,2917.61,3161.78,244.18,8.4
GDX,DIAGONAL,BULLISH,THETA_KICKER: Roll expiring hedge,2024-09-17,2024-09-26,9,922.91,946.87,23.96,2.6
WDAY,CREDIT_SPREAD,BULLISH,TIME_STOP_STRATEGY: Held 15 days >= 15,2024-09-12,2024-09-27,15,393.53,29.0,364.53,33.1
WDAY,CREDIT_SPREAD,BULLISH,TIME_STOP_STRATEGY: Held 17 days >= 15,2024-09-13,2024-09-30,17,386.28,22.85,363.43,36.3
AMZN,CREDIT_SPREAD,BULLISH,TIME_STOP_STRATEGY: Held 15 days >= 15,2024-09-16,2024-10-01,15,232.93,139.22,93.71,7.9
HOOD,DIAGONAL,BULLISH,THETA_KICKER: Roll expiring hedge,2024-09-23,2024-10-02,9,586.53,575.3,-11.24,-1.2
MRVL,CREDIT_SPREAD,BULLISH,TIME_STOP_STRATEGY: Held 15 days >= 15,2024-09-23,2024-10-08,15,376.25,223.82,152.43,14.5
ANET,CREDIT_SPREAD,BULLISH,TIME_STOP_STRATEGY: Held 17 days >= 15,2024-09-27,2024-10-14,17,296.69,104.06,192.62,18.0
GOOGL,DIAGONAL,BULLISH,HEDGE_EXPIRING: Cannot roll hedge safely,2024-10-03,2024-10-14,11,3738.49,3606.63,-131.86,-3.5
AVGO,CREDIT_SPREAD,BULLISH,TIME_STOP_STRATEGY: Held 15 days >= 15,2024-09-30,2024-10-15,15,298.66,169.58,129.08,11.6
GDX,CREDIT_SPREAD,BULLISH,TIME_STOP_STRATEGY: Held 15 days >= 15,2024-09-30,2024-10-15,15,309.98,157.02,152.96,16.1
GDX,DIAGONAL,BULLISH,THETA_KICKER: Roll expiring hedge,2024-10-08,2024-10-17,9,901.58,914.07,12.5,1.2
PLTR,DIAGONAL,BULLISH,THETA_KICKER: Roll expiring hedge,2024-10-14,2024-10-23,9,1078.34,1033.73,-44.61,-3.2
CIEN,DIAGONAL,BULLISH,THETA_KICKER: Roll expiring hedge,2024-10-14,2024-10-23,9,1736.28,1630.61,-105.67,-6.1
ANET,DIAGONAL,BULLISH,THETA_KICKER: Roll expiring hedge,2024-10-15,2024-10-24,9,2335.71,2293.92,-41.79,-1.8
PLTR,DIAGONAL,BULLISH,THETA_KICKER: Roll expiring hedge,2024-10-15,2024-10-24,9,1066.76,1059.32,-7.45,-0.4
SHOP,DIAGONAL,BULLISH,THETA_KICKER: Roll expiring hedge,2024-10-23,2024-11-01,9,1889.09,1755.03,-134.06,-7.1
CIEN,CREDIT_SPREAD,BULLISH,TIME_STOP_STRATEGY: Held 17 days >= 15,2024-10-18,2024-11-04,17,597.75,264.52,333.23,21.0
GDX,DIAGONAL,BULLISH,HEDGE_EXPIRING: Cannot roll hedge safely,2024-10-24,2024-11-04,11,971.4,892.8,-78.61,-5.1
GOOGL,DIAGONAL,BULLISH,HEDGE_EXPIRING: Cannot roll hedge safely,2024-10-24,2024-11-04,11,3588.08,3720.84,132.76,3.7
TSLA,DIAGONAL,BULLISH,PROFIT_TARGET: Option PnL +45.3% >= +40.0%,2024-11-04,2024-11-11,7,8306.53,12071.47,3764.93,45.3
ARM,NAKED_LONG,BULLISH,TIME_STOP_STRATEGY: Held 7 days >= 5,2024-11-11,2024-11-18,7,4131.31,3665.82,-465.49,-11.3
TQQQ,DIAGONAL,BULLISH,THETA_KICKER: Roll expiring hedge,2024-11-12,2024-11-21,9,1127.26,1075.98,-51.28,-3.1
NVDA,NAKED_LONG,BULLISH,TIME_STOP_STRATEGY: Held 7 days >= 5,2024-11-18,2024-11-25,7,3362.62,3409.7,47.08,1.4
ANET,CREDIT_SPREAD,BULLISH,TIME_STOP_STRATEGY: Held 15 days >= 15,2024-11-11,2024-11-26,15,918.56,758.2,160.36,6.3
GDX,CREDIT_SPREAD,BULLISH,TIME_STOP_STRATEGY: Held 15 days >= 15,2024-11-11,2024-11-26,15,765.18,573.34,191.84,8.7
GDX,CREDIT_SPREAD,BULLISH,TIME_STOP_STRATEGY: Held 15 days >= 15,2024-11-12,2024-11-27,15,648.88,500.15,148.73,7.7
NVDA,NAKED_LONG,BULLISH,TIME_STOP_STRATEGY: Held 7 days >= 5,2024-11-25,2024-12-02,7,3438.4,3384.03,-54.37,-1.6
GOOGL,CREDIT_SPREAD,BULLISH,TIME_STOP_STRATEGY: Held 15 days >= 15,2024-11-21,2024-12-06,15,664.07,399.83,264.24,12.7
MSTR,CREDIT_SPREAD,BULLISH,TIME_STOP_STRATEGY: Held 15 days >= 15,2024-11-26,2024-12-11,15,790.66,788.86,1.8,0.1
VRT,CREDIT_SPREAD,BULLISH,TIME_STOP_STRATEGY: Held 15 days >= 15,2024-11-26,2024-12-11,15,709.66,571.31,138.34,8.0
VRT,CREDIT_SPREAD,BULLISH,TIME_STOP_STRATEGY: Held 15 days >= 15,2024-11-27,2024-12-12,15,688.45,567.76,120.7,6.6
WDAY,CREDIT_SPREAD,BULLISH,TIME_STOP_STRATEGY: Held 17 days >= 15,2024-11-29,2024-12-16,17,370.86,299.3,71.56,4.5
MSTR,CREDIT_SPREAD,BULLISH,TIME_STOP_STRATEGY: Held 15 days >= 15,2024-12-02,2024-12-17,15,847.39,728.62,118.77,7.8
NVDA,NAKED_LONG,BULLISH,TIME_STOP_STRATEGY: Held 5 days >= 5,2024-12-13,2024-12-18,5,3323.42,3041.11,-282.31,-8.5
MRVL,CREDIT_SPREAD,BULLISH,TIME_STOP_STRATEGY: Held 17 days >= 15,2024-12-06,2024-12-23,17,645.76,595.45,50.31,3.3
NVDA,NAKED_LONG,BULLISH,TIME_STOP_STRATEGY: Held 7 days >= 5,2024-12-16,2024-12-23,7,3240.71,3375.56,134.85,4.2
SNOW,CREDIT_SPREAD,BULLISH,TIME_STOP_STRATEGY: Held 15 days >= 15,2024-12-11,2024-12-26,15,703.36,369.96,333.39,18.2
MDB,CREDIT_SPREAD,BULLISH,TIME_STOP_STRATEGY: Held 15 days >= 15,2024-12-11,2024-12-26,15,580.66,393.32,187.34,14.0
IWM,DIAGONAL,BULLISH,THETA_KICKER: Roll expiring hedge,2024-12-18,2024-12-27,9,4936.62,4874.71,-61.92,-1.3
ARM,NAKED_LONG,BULLISH,TIME_STOP_STRATEGY: Held 7 days >= 5,2024-12-23,2024-12-30,7,3296.3,3262.36,-33.94,-1.0
TQQQ,DIAGONAL,BULLISH,HEDGE_EXPIRING: Cannot roll hedge safely,2025-01-02,2025-01-13,11,3472.35,3300.7,-171.65,-4.7
AAPL,DIAGONAL,BULLISH,HEDGE_EXPIRING: Cannot roll hedge safely,2025-01-03,2025-01-13,10,5414.35,5173.62,-240.73,-4.4
TSLA,CALL_BACKSPREAD,BULLISH,TIME_STOP_STRATEGY: Held 15 days >= 15,2025-01-02,2025-01-17,15,2482.84,1999.46,-483.38,-17.9
TQQQ,DIAGONAL,BULLISH,THETA_KICKER: Roll expiring hedge,2025-01-13,2025-01-22,9,2277.84,2423.48,145.65,5.6
VRT,DIAGONAL,BULLISH,THETA_KICKER: Roll expiring hedge,2025-01-13,2025-01-22,9,3442.12,3935.77,493.65,14.3
TQQQ,DIAGONAL,BULLISH,THETA_KICKER: Roll expiring hedge,2025-01-14,2025-01-23,9,2267.45,2428.72,161.26,6.3
SHOP,DIAGONAL,BULLISH,HEDGE_EXPIRING: Cannot roll hedge safely,2025-01-17,2025-01-27,10,2779.85,2610.04,-169.82,-6.1
RDDT,DIAGONAL,BULLISH,HEDGE_EXPIRING: Cannot roll hedge safely,2025-01-23,2025-02-03,11,5065.53,5430.85,365.32,7.2
NVDA,DIAGONAL,BULLISH,HEDGE_EXPIRING: Cannot roll hedge safely,2025-01-24,2025-02-03,10,3802.02,3999.55,197.54,5.2
VRT,CALL_BACKSPREAD,BULLISH,TIME_STOP_STRATEGY: Held 15 days >= 15,2025-01-27,2025-02-11,15,12085.88,11170.19,-915.7,-25.5
TQQQ,DIAGONAL,BULLISH,THETA_KICKER: Roll expiring hedge,2025-02-03,2025-02-12,9,3581.53,3516.1,-65.43,-1.5
AAPL,DIAGONAL,BULLISH,THETA_KICKER: Roll expiring hedge,2025-02-03,2025-02-12,9,5431.07,5582.91,151.84,2.8
TSLA,CALL_BACKSPREAD,BULLISH,TIME_STOP_STRATEGY: Held 15 days >= 15,2025-02-11,2025-02-26,15,1206.84,818.11,-388.73,-16.0
VRT,CREDIT_SPREAD,BULLISH,TIME_STOP_STRATEGY: Held 15 days >= 15,2025-02-12,2025-02-27,15,1715.33,1020.89,694.44,21.8
ANET,CREDIT_SPREAD,BULLISH,TIME_STOP_STRATEGY: Held 15 days >= 15,2025-02-12,2025-02-27,15,892.51,523.87,368.64,17.6
NVDA,CREDIT_SPREAD,BULLISH,TIME_STOP_STRATEGY: Held 15 days >= 15,2025-02-12,2025-02-27,15,759.54,489.06,270.48,14.6
MRVL,CREDIT_SPREAD,BULLISH,TIME_STOP_STRATEGY: Held 15 days >= 15,2025-02-13,2025-02-28,15,610.33,413.47,196.87,12.0
AVGO,CREDIT_SPREAD,BULLISH,TIME_STOP_STRATEGY: Held 17 days >= 15,2025-02-14,2025-03-03,17,434.38,240.77,193.61,13.5
APP,CALL_BACKSPREAD,BULLISH,BP_STOP_LOSS: PnL -61.8% <= -50.0%,2025-02-26,2025-03-10,12,4286.49,3264.19,-1022.3,-61.8
AVGO,DIAGONAL,BULLISH,HEDGE_EXPIRING: Cannot roll hedge safely,2025-02-28,2025-03-10,10,5404.22,5377.26,-26.96,-0.5
TSLA,CALL_BACKSPREAD,BULLISH,TIME_STOP_STRATEGY: Held 15 days >= 15,2025-02-27,2025-03-14,15,2492.74,3035.17,542.43,18.4
APP,CALL_BACKSPREAD,BULLISH,TIME_STOP_STRATEGY: Held 15 days >= 15,2025-02-27,2025-03-14,15,4158.19,3161.19,-996.99,-34.9
DASH,DIAGONAL,BULLISH,THETA_KICKER: Roll expiring hedge,2025-03-10,2025-03-19,9,4737.28,5097.92,360.64,7.6
CIEN,DIAGONAL,BULLISH,THETA_KICKER: Roll expiring hedge,2025-03-11,2025-03-20,9,1746.49,1859.02,112.53,3.9
RDDT,CALL_BACKSPREAD,BULLISH,PROFIT_TARGET: Option PnL +47.5% >= +40.0%,2025-03-20,2025-03-24,4,8234.33,9541.63,1307.3,47.5
WDAY,DIAGONAL,BULLISH,HEDGE_EXPIRING: Cannot roll hedge safely,2025-03-21,2025-03-31,10,6342.32,5352.03,-990.29,-15.6
GDX,DIAGONAL,BULLISH,THETA_KICKER: Roll expiring hedge,2025-03-24,2025-04-02,9,2074.1,2042.95,-31.15,-1.0
RDDT,CALL_BACKSPREAD,BULLISH,BP_STOP_LOSS: PnL -71.1% <= -50.0%,2025-03-19,2025-04-03,15,5056.34,3603.05,-1453.3,-71.1
CLS,DIAGONAL,BULLISH,THETA_KICKER: Roll expiring hedge,2025-03-31,2025-04-09,9,2740.88,3251.29,510.41,18.6
AAPL,CALL_BACKSPREAD,BULLISH,PROFIT_TARGET: Option PnL +48.8% >= +40.0%,2025-04-07,2025-04-09,2,621.43,1369.15,747.73,48.8
HOOD,CREDIT_SPREAD,BULLISH,TIME_STOP_STRATEGY: Held 15 days >= 15,2025-03-26,2025-04-10,15,1683.68,1354.04,329.64,9.7
GDX,DIAGONAL,BULLISH,THETA_KICKER: Roll expiring hedge,2025-04-02,2025-04-11,9,2080.03,2669.24,589.21,23.4
GDX,DIAGONAL,BULLISH,HEDGE_EXPIRING: Cannot roll hedge safely,2025-04-03,2025-04-14,11,1037.04,1336.65,299.61,14.7
PLTR,DIAGONAL,BULLISH,HEDGE_EXPIRING: Cannot roll hedge safely,2025-04-11,2025-04-21,10,3207.96,3285.66,77.7,2.4
SNOW,DIAGONAL,BULLISH,HEDGE_EXPIRING: Cannot roll hedge safely,2025-04-11,2025-04-21,10,4572.51,4224.38,-348.14,-7.6
AMZN,DIAGONAL,BULLISH,THETA_KICKER: Roll expiring hedge,2025-04-15,2025-04-24,9,5500.91,5681.03,180.12,3.3
ZS,DIAGONAL,BULLISH,THETA_KICKER: Roll expiring hedge,2025-04-21,2025-04-30,9,6266.21,7097.71,831.5,13.3
CLS,CREDIT_SPREAD,BULLISH,TIME_STOP_STRATEGY: Held 15 days >= 15,2025-04-28,2025-05-13,15,1082.51,972.97,109.54,4.5
CLS,CREDIT_SPREAD,BULLISH,TIME_STOP_STRATEGY: Held 15 days >= 15,2025-04-29,2025-05-14,15,1069.76,1006.62,63.13,2.8
GOOGL,CREDIT_SPREAD,BULLISH,TIME_STOP_STRATEGY: Held 15 days >= 15,2025-04-29,2025-05-14,15,766.86,565.02,201.84,9.9
AMZN,CREDIT_SPREAD,BULLISH,TIME_STOP_STRATEGY: Held 15 days >= 15,2025-04-30,2025-05-15,15,664.46,475.14,189.32,9.7
SHOP,CREDIT_SPREAD,BULLISH,TIME_STOP_STRATEGY: Held 15 days >= 15,2025-04-30,2025-05-15,15,784.31,651.14,133.17,7.6
HOOD,CREDIT_SPREAD,BULLISH,TIME_STOP_STRATEGY: Held 15 days >= 15,2025-05-01,2025-05-16,15,970.65,900.58,70.08,3.7
HOOD,DIAGONAL,BULLISH,HEDGE_EXPIRING: Cannot roll hedge safely,2025-05-15,2025-05-27,12,1799.07,1802.68,3.61,0.1
AMAT,DIAGONAL,BULLISH,HEDGE_EXPIRING: Cannot roll hedge safely,2025-05-16,2025-05-27,11,4288.16,4017.13,-271.04,-6.3
GDX,CREDIT_SPREAD,BULLISH,TIME_STOP_STRATEGY: Held 15 days >= 15,2025-05-13,2025-05-28,15,653.09,553.34,99.75,6.0
GDX,CREDIT_SPREAD,BULLISH,TIME_STOP_STRATEGY: Held 15 days >= 15,2025-05-14,2025-05-29,15,853.15,735.53,117.62,5.0
AMZN,CREDIT_SPREAD,BULLISH,TIME_STOP_STRATEGY: Held 15 days >= 15,2025-05-15,2025-05-30,15,615.02,403.37,211.65,8.8
CLS,NAKED_LONG,BULLISH,TIME_STOP_STRATEGY: Held 5 days >= 5,2025-05-28,2025-06-02,5,3228.68,3092.73,-135.96,-4.2
ZS,NAKED_LONG,BULLISH,TIME_STOP_STRATEGY: Held 5 days >= 5,2025-05-29,2025-06-03,5,5589.5,7370.48,1780.98,31.9
PLTR,CREDIT_SPREAD,BULLISH,TIME_STOP_STRATEGY: Held 15 days >= 15,2025-05-20,2025-06-04,15,933.37,695.44,237.94,10.6
WDAY,CREDIT_SPREAD,BULLISH,TIME_STOP_STRATEGY: Held 15 days >= 15,2025-05-27,2025-06-11,15,790.52,663.41,127.12,6.1
SHOP,DIAGONAL,BULLISH,THETA_KICKER: Roll expiring hedge,2025-06-02,2025-06-11,9,3125.73,2858.54,-267.19,-8.5
SHOP,DIAGONAL,BULLISH,THETA_KICKER: Roll expiring hedge,2025-06-04,2025-06-13,9,2986.91,2696.03,-290.88,-9.7
GOOGL,CREDIT_SPREAD,BULLISH,TIME_STOP_STRATEGY: Held 17 days >= 15,2025-05-30,2025-06-16,17,989.46,404.08,585.38,21.1
NET,NAKED_LONG,BULLISH,TIME_STOP_STRATEGY: Held 5 days >= 5,2025-06-12,2025-06-17,5,3964.24,4213.46,249.22,6.3
GOOGL,CREDIT_SPREAD,BULLISH,TIME_STOP_STRATEGY: Held 15 days >= 15,2025-06-03,2025-06-18,15,724.98,332.04,392.94,17.2
CIEN,CREDIT_SPREAD,BULLISH,TIME_STOP_STRATEGY: Held 15 days >= 15,2025-06-05,2025-06-20,15,1126.27,928.35,197.92,7.2
CIEN,DIAGONAL,BULLISH,THETA_KICKER: Roll expiring hedge,2025-06-11,2025-06-20,9,2022.66,2051.07,28.41,1.1
MSTR,NAKED_LONG,BULLISH,TIME_STOP_STRATEGY: Held 6 days >= 5,2025-06-17,2025-06-23,6,9559.74,9193.28,-366.46,-3.8
AMZN,NAKED_LONG,BULLISH,TIME_STOP_STRATEGY: Held 5 days >= 5,2025-06-20,2025-06-25,5,4679.54,4703.51,23.97,0.5
VRT,NAKED_LONG,BULLISH,TIME_STOP_STRATEGY: Held 7 days >= 5,2025-06-23,2025-06-30,7,2886.86,3145.27,258.41,6.8
CRDO,NAKED_LONG,BULLISH,TIME_STOP_STRATEGY: Held 7 days >= 5,2025-06-23,2025-06-30,7,2694.59,2937.37,242.78,6.7
GOOGL,NAKED_LONG,BULLISH,TIME_STOP_STRATEGY: Held 7 days >= 5,2025-06-23,2025-06-30,7,3765.1,4043.47,278.37,7.4
GDX,NAKED_LONG,BULLISH,TIME_STOP_STRATEGY: Held 5 days >= 5,2025-06-25,2025-06-30,5,2432.03,2490.28,58.25,1.7
MU,NAKED_LONG,BULLISH,TIME_STOP_STRATEGY: Held 5 days >= 5,2025-06-26,2025-07-01,5,2950.28,2816.45,-133.83,-4.5
SOXL,NAKED_LONG,BULLISH,TIME_STOP_STRATEGY: Held 7 days >= 5,2025-06-30,2025-07-07,7,3937.93,3919.82,-18.11,-0.5
NVDA,NAKED_LONG,BULLISH,TIME_STOP_STRATEGY: Held 6 days >= 5,2025-07-01,2025-07-07,6,3524.65,3608.97,84.31,2.4
TSLA,DIAGONAL,BULLISH,THETA_KICKER: Roll expiring hedge,2025-06-30,2025-07-09,9,10339.36,8286.78,-2052.58,-19.9
AMD,NAKED_LONG,BULLISH,TIME_STOP_STRATEGY: Held 7 days >= 5,2025-07-07,2025-07-14,7,3594.17,3793.83,199.66,5.6
QCOM,NAKED_LONG,BULLISH,TIME_STOP_STRATEGY: Held 7 days >= 5,2025-07-07,2025-07-14,7,3548.17,3384.57,-163.6,-4.6
NOW,NAKED_LONG,BULLISH,TIME_STOP_STRATEGY: Held 5 days >= 5,2025-07-09,2025-07-14,5,4564.29,4487.59,-76.7,-1.7
SNOW,NAKED_LONG,BULLISH,TIME_STOP_STRATEGY: Held 5 days >= 5,2025-07-09,2025-07-14,5,5047.33,4923.22,-124.1,-2.5
AMAT,NAKED_LONG,BULLISH,TIME_STOP_STRATEGY: Held 7 days >= 5,2025-07-14,2025-07-21,7,4539.57,4326.89,-212.68,-4.7
CRWD,NAKED_LONG,BULLISH,TIME_STOP_STRATEGY: Held 7 days >= 5,2025-07-14,2025-07-21,7,11554.8,11478.88,-75.92,-0.7
NVDA,NAKED_LONG,BULLISH,TIME_STOP_STRATEGY: Held 7 days >= 5,2025-07-21,2025-07-28,7,3922.12,4017.35,95.23,2.4
MSFT,NAKED_LONG,BULLISH,TIME_STOP_STRATEGY: Held 7 days >= 5,2025-07-21,2025-07-28,7,11191.92,11203.23,11.32,0.1
MU,NAKED_LONG,BULLISH,TIME_STOP_STRATEGY: Held 7 days >= 5,2025-07-28,2025-08-04,7,2642.32,2687.27,44.94,1.3
COIN,NAKED_LONG,BULLISH,TIME_STOP_STRATEGY: Held 7 days >= 5,2025-07-28,2025-08-04,7,9684.76,10172.84,488.09,5.0
ARM,NAKED_LONG,BULLISH,TIME_STOP_STRATEGY: Held 5 days >= 5,2025-07-30,2025-08-04,5,3934.16,4055.49,121.33,3.1
VRT,NAKED_LONG,BULLISH,TIME_STOP_STRATEGY: Held 7 days >= 5,2025-08-04,2025-08-11,7,3572.73,3343.81,-228.92,-6.4
AMZN,DIAGONAL,BULLISH,THETA_KICKER: Roll expiring hedge,2025-08-04,2025-08-13,9,5210.4,5446.26,235.86,4.5
VRT,DIAGONAL,BULLISH,THETA_KICKER: Roll expiring hedge,2025-08-05,2025-08-14,9,3612.65,3240.52,-372.13,-10.3
QCOM,DIAGONAL,BULLISH,THETA_KICKER: Roll expiring hedge,2025-08-05,2025-08-14,9,3511.96,3760.17,248.21,7.1
HOOD,NAKED_LONG,BULLISH,TIME_STOP_STRATEGY: Held 5 days >= 5,2025-08-13,2025-08-18,5,2946.48,2989.07,42.59,1.4
TQQQ,NAKED_LONG,BULLISH,TIME_STOP_STRATEGY: Held 5 days >= 5,2025-08-15,2025-08-20,5,2310.17,2203.27,-106.9,-3.2
TQQQ,NAKED_LONG,BULLISH,TIME_STOP_STRATEGY: Held 7 days >= 5,2025-08-18,2025-08-25,7,2303.82,2296.09,-7.74,-0.2
SHOP,CREDIT_SPREAD,BULLISH,TIME_STOP_STRATEGY: Held 15 days >= 15,2025-08-11,2025-08-26,15,1677.66,1384.41,293.25,8.2
TQQQ,NAKED_LONG,BULLISH,TIME_STOP_STRATEGY: Held 5 days >= 5,2025-08-21,2025-08-26,5,2188.93,2331.26,142.33,4.5
SNOW,NAKED_LONG,BULLISH,PROFIT_TARGET: Option PnL +60.9% >= +40.0%,2025-08-26,2025-08-28,2,5067.46,8155.96,3088.5,60.9
COHR,CALL_BACKSPREAD,BULLISH,TIME_STOP_STRATEGY: Held 15 days >= 15,2025-08-14,2025-08-29,15,5928.14,4424.36,-1503.78,-46.8
SHOP,CREDIT_SPREAD,BULLISH,TIME_STOP_STRATEGY: Held 18 days >= 15,2025-08-15,2025-09-02,18,1605.8,1291.91,313.89,8.4
VRT,NAKED_LONG,BULLISH,TIME_STOP_STRATEGY: Held 8 days >= 5,2025-08-25,2025-09-02,8,2948.43,3064.16,115.73,3.9
NVDA,NAKED_LONG,BULLISH,TIME_STOP_STRATEGY: Held 5 days >= 5,2025-08-28,2025-09-02,5,4070.91,3827.23,-243.68,-6.0
GDX,NAKED_LONG,BULLISH,TIME_STOP_STRATEGY: Held 5 days >= 5,2025-08-28,2025-09-02,5,4158.8,4339.31,180.51,4.1
NVDA,NAKED_LONG,BULLISH,TIME_STOP_STRATEGY: Held 5 days >= 5,2025-08-29,2025-09-03,5,3963.53,3821.58,-141.95,-3.6
TQQQ,DIAGONAL,BULLISH,THETA_KICKER: Roll expiring hedge,2025-09-02,2025-09-11,9,3268.68,3391.82,123.13,3.0
SOXL,DIAGONAL,BULLISH,THETA_KICKER: Roll expiring hedge,2025-09-02,2025-09-11,9,3194.23,3396.44,202.21,5.2
NVDA,DIAGONAL,BULLISH,THETA_KICKER: Roll expiring hedge,2025-09-02,2025-09-11,9,3877.91,4059.2,181.3,4.7
IWM,DIAGONAL,BULLISH,THETA_KICKER: Roll expiring hedge,2025-09-03,2025-09-12,9,5223.59,5230.77,7.18,0.1
AMZN,NAKED_LONG,BULLISH,TIME_STOP_STRATEGY: Held 5 days >= 5,2025-09-11,2025-09-16,5,5332.91,5378.36,45.45,0.9
ADBE,NAKED_LONG,BULLISH,TIME_STOP_STRATEGY: Held 5 days >= 5,2025-09-11,2025-09-16,5,7960.79,7969.79,9.0,0.1
AMZN,NAKED_LONG,BULLISH,TIME_STOP_STRATEGY: Held 5 days >= 5,2025-09-12,2025-09-17,5,5243.12,5314.12,71.0,1.4
NVDA,DIAGONAL,BULLISH,THETA_KICKER: Roll expiring hedge,2025-09-16,2025-09-25,9,4102.9,4205.29,102.38,2.5
PLTR,DIAGONAL,BULLISH,THETA_KICKER: Roll expiring hedge,2025-09-16,2025-09-25,9,4562.57,4259.12,-303.45,-6.7
AVGO,DIAGONAL,BULLISH,THETA_KICKER: Roll expiring hedge,2025-09-17,2025-09-26,9,9786.62,9168.24,-618.38,-6.3
VRT,NAKED_LONG,BULLISH,TIME_STOP_STRATEGY: Held 5 days >= 5,2025-09-26,2025-10-01,5,3839.17,4515.12,675.94,17.6
HOOD,NAKED_LONG,BULLISH,TIME_STOP_STRATEGY: Held 5 days >= 5,2025-09-26,2025-10-01,5,3492.1,4314.86,822.75,23.6
VRT,DIAGONAL,BULLISH,HEDGE_EXPIRING: Cannot roll hedge safely,2025-09-25,2025-10-06,11,3974.2,4450.4,476.2,12.0
IWM,DIAGONAL,BULLISH,HEDGE_EXPIRING: Cannot roll hedge safely,2025-09-25,2025-10-06,11,5277.3,5401.78,124.48,2.4
RDDT,CALL_BACKSPREAD,BULLISH,BP_STOP_LOSS: PnL -50.0% <= -50.0%,2025-10-01,2025-10-08,7,5692.54,3549.22,-2143.33,-50.0
NVDA,DIAGONAL,BULLISH,THETA_KICKER: Roll expiring hedge,2025-10-06,2025-10-15,9,4415.8,4374.37,-41.42,-0.9
RDDT,CALL_BACKSPREAD,BULLISH,BP_STOP_LOSS: PnL -50.3% <= -50.0%,2025-10-02,2025-10-17,15,5422.82,3123.51,-2299.31,-50.3
GOOGL,DIAGONAL,BULLISH,THETA_KICKER: Roll expiring hedge,2025-10-08,2025-10-17,9,5532.04,5641.46,109.42,2.0
APP,CALL_BACKSPREAD,BULLISH,TIME_STOP_STRATEGY: Held 15 days >= 15,2025-10-06,2025-10-21,15,3543.4,2916.35,-627.05,-12.9
NET,DIAGONAL,BULLISH,HEDGE_EXPIRING: Cannot roll hedge safely,2025-10-17,2025-10-27,10,5131.33,5414.55,283.22,5.5
DASH,DIAGONAL,BULLISH,HEDGE_EXPIRING: Cannot roll hedge safely,2025-10-17,2025-10-27,10,6311.1,6170.19,-140.91,-2.2
NVDA,DIAGONAL,BULLISH,THETA_KICKER: Roll expiring hedge,2025-10-21,2025-10-30,9,4356.16,4960.95,604.79,13.9
WDAY,DIAGONAL,BULLISH,THETA_KICKER: Roll expiring hedge,2025-10-27,2025-11-05,9,5727.66,5327.6,-400.06,-7.0
RDDT,DIAGONAL,BULLISH,HEDGE_EXPIRING: Cannot roll hedge safely,2025-10-30,2025-11-10,11,5700.94,6469.03,768.09,13.5
GDX,CREDIT_SPREAD,BULLISH,TIME_STOP_STRATEGY: Held 15 days >= 15,2025-10-27,2025-11-11,15,1425.14,1315.38,109.76,3.2
DASH,DIAGONAL,BULLISH,THETA_KICKER: Roll expiring hedge,2025-11-05,2025-11-14,9,5841.39,6703.6,862.21,14.8
DASH,DIAGONAL,BULLISH,THETA_KICKER: Roll expiring hedge,2025-11-11,2025-11-20,9,6514.99,6231.42,-283.57,-4.4
TQQQ,DIAGONAL,BULLISH,THETA_KICKER: Roll expiring hedge,2025-11-12,2025-11-21,9,3131.15,2738.31,-392.84,-10.8
CIEN,DIAGONAL,BULLISH,HEDGE_EXPIRING: Cannot roll hedge safely,2025-11-14,2025-11-24,10,5360.54,5623.46,262.91,4.9
IWM,DIAGONAL,BULLISH,HEDGE_EXPIRING: Cannot roll hedge safely,2025-11-20,2025-12-01,11,5104.99,5496.96,391.98,7.7
NVDA,DIAGONAL,BULLISH,HEDGE_EXPIRING: Cannot roll hedge safely,2025-11-21,2025-12-01,10,4799.72,4518.01,-281.71,-5.9
ANET,DIAGONAL,BULLISH,HEDGE_EXPIRING: Cannot roll hedge safely,2025-11-21,2025-12-01,10,3100.91,3373.17,272.26,8.8
SHOP,DIAGONAL,BULLISH,THETA_KICKER: Roll expiring hedge,2025-12-01,2025-12-10,9,4261.76,4561.79,300.03,7.0
GOOGL,CREDIT_SPREAD,BULLISH,TIME_STOP_STRATEGY: Held 17 days >= 15,2025-11-28,2025-12-15,17,912.98,561.39,351.59,11.3
GOOGL,CREDIT_SPREAD,BULLISH,TIME_STOP_STRATEGY: Held 15 days >= 15,2025-12-01,2025-12-16,15,907.54,576.57,330.97,9.8
HOOD,CREDIT_SPREAD,BULLISH,TIME_STOP_STRATEGY: Held 15 days >= 15,2025-12-01,2025-12-16,15,966.06,785.44,180.62,7.5
CLS,CREDIT_SPREAD,BULLISH,TIME_STOP_STRATEGY: Held 15 days >= 15,2025-12-02,2025-12-17,15,1226.51,962.13,264.38,10.2
GDX,CREDIT_SPREAD,BULLISH,TIME_STOP_STRATEGY: Held 15 days >= 15,2025-12-02,2025-12-17,15,884.32,648.27,236.06,10.2
HOOD,DIAGONAL,BULLISH,THETA_KICKER: Roll expiring hedge,2025-12-10,2025-12-19,9,4554.17,3742.64,-811.54,-17.8
AVGO,CALL_BACKSPREAD,BULLISH,BP_STOP_LOSS: PnL -55.5% <= -50.0%,2025-12-15,2025-12-26,11,4344.95,2418.04,-1926.91,-55.5
VRT,DIAGONAL,BULLISH,THETA_KICKER: Roll expiring hedge,2025-12-17,2025-12-26,9,4506.29,4704.53,198.24,4.4
AVGO,CREDIT_SPREAD,BULLISH,TIME_STOP_STRATEGY: Held 15 days >= 15,2025-12-16,2025-12-31,15,1238.05,964.11,273.94,7.5
GOOGL,NAKED_LONG,BULLISH,TIME_STOP_STRATEGY: Held 5 days >= 5,2025-12-26,2025-12-31,5,7063.04,7006.66,-56.38,-0.8
